ISO-10303-21;
HEADER;
/* Generated by software containing ST-Developer
 * from STEP Tools, Inc. (www.steptools.com) 
 */

FILE_DESCRIPTION(
/* description */ (''),
/* implementation_level */ '2;1');

FILE_NAME(
/* name */ 'CYD TV.step',
/* time_stamp */ '2026-05-09T14:04:44+01:00',
/* author */ (''),
/* organization */ (''),
/* preprocessor_version */ 'ST-DEVELOPER v20.1',
/* originating_system */ 'Autodesk Translation Framework v15.8.0.0',
/* authorisation */ '');

FILE_SCHEMA (('AUTOMOTIVE_DESIGN { 1 0 10303 214 3 1 1 }'));
ENDSEC;

DATA;
#10=MECHANICAL_DESIGN_GEOMETRIC_PRESENTATION_REPRESENTATION('',(#25,#26,
#27,#28),#9469);
#11=SHAPE_REPRESENTATION_RELATIONSHIP('SRR','None',#9476,#12);
#12=ADVANCED_BREP_SHAPE_REPRESENTATION('',(#29,#30,#31,#32),#9468);
#13=SPHERICAL_SURFACE('',#5831,0.5);
#14=SPHERICAL_SURFACE('',#5844,0.499999999999998);
#15=SPHERICAL_SURFACE('',#5849,0.499999999999999);
#16=SPHERICAL_SURFACE('',#5860,0.499999999999998);
#17=SPHERICAL_SURFACE('',#5902,2.5);
#18=SPHERICAL_SURFACE('',#5907,2.5);
#19=SPHERICAL_SURFACE('',#5912,2.5);
#20=SPHERICAL_SURFACE('',#5914,2.5);
#21=B_SPLINE_SURFACE_WITH_KNOTS('',3,3,((#8820,#8821,#8822,#8823,#8824),
(#8825,#8826,#8827,#8828,#8829),(#8830,#8831,#8832,#8833,#8834),(#8835,
#8836,#8837,#8838,#8839)),.UNSPECIFIED.,.F.,.F.,.F.,(4,4),(4,1,4),(0.,1.),
(-0.523598775598296,4.9960036108132E-16,0.523598775598297),
 .UNSPECIFIED.);
#22=B_SPLINE_SURFACE_WITH_KNOTS('',3,3,((#8854,#8855,#8856,#8857,#8858),
(#8859,#8860,#8861,#8862,#8863),(#8864,#8865,#8866,#8867,#8868),(#8869,
#8870,#8871,#8872,#8873)),.UNSPECIFIED.,.F.,.F.,.F.,(4,4),(4,1,4),(0.,1.),
(-0.523598775598296,-1.22124532708767E-15,0.523598775598294),
 .UNSPECIFIED.);
#23=B_SPLINE_SURFACE_WITH_KNOTS('',3,3,((#8885,#8886,#8887,#8888,#8889),
(#8890,#8891,#8892,#8893,#8894),(#8895,#8896,#8897,#8898,#8899),(#8900,
#8901,#8902,#8903,#8904)),.UNSPECIFIED.,.F.,.F.,.F.,(4,4),(4,1,4),(0.,1.),
(-0.523598775598295,-6.38378239159465E-16,0.523598775598294),
 .UNSPECIFIED.);
#24=B_SPLINE_SURFACE_WITH_KNOTS('',3,3,((#8932,#8933,#8934,#8935,#8936),
(#8937,#8938,#8939,#8940,#8941),(#8942,#8943,#8944,#8945,#8946),(#8947,
#8948,#8949,#8950,#8951)),.UNSPECIFIED.,.F.,.F.,.F.,(4,4),(4,1,4),(0.,1.),
(-0.523598775598298,1.58206781009085E-15,0.523598775598301),
 .UNSPECIFIED.);
#25=STYLED_ITEM('',(#9485),#29);
#26=STYLED_ITEM('',(#9485),#30);
#27=STYLED_ITEM('',(#9485),#31);
#28=STYLED_ITEM('',(#9485),#32);
#29=MANIFOLD_SOLID_BREP('TV Body',#5445);
#30=MANIFOLD_SOLID_BREP('Grill',#5446);
#31=MANIFOLD_SOLID_BREP('Back',#5447);
#32=MANIFOLD_SOLID_BREP('VCR',#5448);
#33=ELLIPSE('',#5623,1.34350288425444,0.949999999999998);
#34=ELLIPSE('',#5631,1.34350288425444,0.949999999999998);
#35=ELLIPSE('',#5636,1.34350288425444,0.949999999999998);
#36=ELLIPSE('',#5647,1.34350288425444,0.949999999999998);
#37=ELLIPSE('',#5678,2.82842712474619,2.);
#38=ELLIPSE('',#5680,2.82842712474619,2.);
#39=ELLIPSE('',#5692,3.53553390593274,2.5);
#40=ELLIPSE('',#5695,2.82842712474619,2.);
#41=ELLIPSE('',#5697,3.53553390593274,2.5);
#42=ELLIPSE('',#5700,2.82842712474619,2.);
#43=ELLIPSE('',#5702,3.53553390593274,2.5);
#44=ELLIPSE('',#5705,3.53553390593274,2.5);
#45=ELLIPSE('',#5827,1.5,0.5);
#46=ELLIPSE('',#5829,1.73205080756888,0.999999999999999);
#47=ELLIPSE('',#5835,1.73205080756888,1.);
#48=ELLIPSE('',#5837,1.5,0.5);
#49=ELLIPSE('',#5840,1.73205080756888,1.);
#50=ELLIPSE('',#5842,1.5,0.5);
#51=ELLIPSE('',#5855,1.73205080756887,0.999999999999999);
#52=ELLIPSE('',#5857,1.49999999999999,0.5);
#53=ELLIPSE('',#5881,4.64354390525168,2.5);
#54=ELLIPSE('',#5882,3.51781181986757,2.5);
#55=ELLIPSE('',#5883,3.51781181986757,2.5);
#56=ELLIPSE('',#5884,4.64354390525168,2.5);
#57=(
BOUNDED_SURFACE()
B_SPLINE_SURFACE(2,2,((#7861,#7862,#7863,#7864,#7865,#7866,#7867,#7868,
#7869),(#7870,#7871,#7872,#7873,#7874,#7875,#7876,#7877,#7878),(#7879,#7880,
#7881,#7882,#7883,#7884,#7885,#7886,#7887)),.UNSPECIFIED.,.F.,.T.,.F.)
B_SPLINE_SURFACE_WITH_KNOTS((3,3),(3,2,2,2,3),(0.,1.5707963267949),(-3.14159265358979,
-1.5707963267949,0.,1.5707963267949,3.14159265358979),.UNSPECIFIED.)
GEOMETRIC_REPRESENTATION_ITEM()
RATIONAL_B_SPLINE_SURFACE(((1.,0.707106781186548,1.,0.707106781186548,1.,
0.707106781186548,1.,0.707106781186548,1.),(0.707106781186543,0.499999999999997,
0.707106781186543,0.499999999999997,0.707106781186543,0.499999999999997,
0.707106781186543,0.499999999999997,0.707106781186543),(1.,0.707106781186548,
1.,0.707106781186548,1.,0.707106781186548,1.,0.707106781186548,1.)))
REPRESENTATION_ITEM('')
SURFACE()
);
#58=(
BOUNDED_SURFACE()
B_SPLINE_SURFACE(2,2,((#7894,#7895,#7896,#7897,#7898,#7899,#7900,#7901,
#7902),(#7903,#7904,#7905,#7906,#7907,#7908,#7909,#7910,#7911),(#7912,#7913,
#7914,#7915,#7916,#7917,#7918,#7919,#7920)),.UNSPECIFIED.,.F.,.T.,.F.)
B_SPLINE_SURFACE_WITH_KNOTS((3,3),(3,2,2,2,3),(0.,1.5707963267949),(-3.14159265358979,
-1.5707963267949,0.,1.5707963267949,3.14159265358979),.UNSPECIFIED.)
GEOMETRIC_REPRESENTATION_ITEM()
RATIONAL_B_SPLINE_SURFACE(((1.,0.707106781186548,1.,0.707106781186548,1.,
0.707106781186548,1.,0.707106781186548,1.),(0.707106781186556,0.500000000000006,
0.707106781186556,0.500000000000006,0.707106781186556,0.500000000000006,
0.707106781186556,0.500000000000006,0.707106781186556),(1.,0.707106781186548,
1.,0.707106781186548,1.,0.707106781186548,1.,0.707106781186548,1.)))
REPRESENTATION_ITEM('')
SURFACE()
);
#59=(
BOUNDED_SURFACE()
B_SPLINE_SURFACE(2,2,((#9217,#9218,#9219,#9220,#9221,#9222,#9223,#9224,
#9225),(#9226,#9227,#9228,#9229,#9230,#9231,#9232,#9233,#9234),(#9235,#9236,
#9237,#9238,#9239,#9240,#9241,#9242,#9243)),.UNSPECIFIED.,.F.,.T.,.F.)
B_SPLINE_SURFACE_WITH_KNOTS((3,3),(3,2,2,2,3),(0.,1.5707963267949),(-3.14159265358979,
-1.5707963267949,0.,1.5707963267949,3.14159265358979),.UNSPECIFIED.)
GEOMETRIC_REPRESENTATION_ITEM()
RATIONAL_B_SPLINE_SURFACE(((1.,0.707106781186548,1.,0.707106781186548,1.,
0.707106781186548,1.,0.707106781186548,1.),(0.707106781186541,0.499999999999996,
0.707106781186541,0.499999999999996,0.707106781186541,0.499999999999996,
0.707106781186541,0.499999999999996,0.707106781186541),(1.,0.707106781186548,
1.,0.707106781186548,1.,0.707106781186548,1.,0.707106781186548,1.)))
REPRESENTATION_ITEM('')
SURFACE()
);
#60=(
BOUNDED_SURFACE()
B_SPLINE_SURFACE(2,2,((#9250,#9251,#9252,#9253,#9254,#9255,#9256,#9257,
#9258),(#9259,#9260,#9261,#9262,#9263,#9264,#9265,#9266,#9267),(#9268,#9269,
#9270,#9271,#9272,#9273,#9274,#9275,#9276)),.UNSPECIFIED.,.F.,.T.,.F.)
B_SPLINE_SURFACE_WITH_KNOTS((3,3),(3,2,2,2,3),(0.,1.5707963267949),(-3.14159265358979,
-1.5707963267949,0.,1.5707963267949,3.14159265358979),.UNSPECIFIED.)
GEOMETRIC_REPRESENTATION_ITEM()
RATIONAL_B_SPLINE_SURFACE(((1.,0.707106781186548,1.,0.707106781186548,1.,
0.707106781186548,1.,0.707106781186548,1.),(0.707106781186541,0.499999999999996,
0.707106781186541,0.499999999999996,0.707106781186541,0.499999999999996,
0.707106781186541,0.499999999999996,0.707106781186541),(1.,0.707106781186548,
1.,0.707106781186548,1.,0.707106781186548,1.,0.707106781186548,1.)))
REPRESENTATION_ITEM('')
SURFACE()
);
#61=(
BOUNDED_SURFACE()
B_SPLINE_SURFACE(2,2,((#9402,#9403,#9404,#9405,#9406,#9407,#9408,#9409,
#9410),(#9411,#9412,#9413,#9414,#9415,#9416,#9417,#9418,#9419),(#9420,#9421,
#9422,#9423,#9424,#9425,#9426,#9427,#9428)),.UNSPECIFIED.,.F.,.T.,.F.)
B_SPLINE_SURFACE_WITH_KNOTS((3,3),(3,2,2,2,3),(0.125327831168066,1.5707963267949),
(-3.14159265358979,-1.5707963267949,0.,1.5707963267949,3.14159265358979),
 .UNSPECIFIED.)
GEOMETRIC_REPRESENTATION_ITEM()
RATIONAL_B_SPLINE_SURFACE(((1.,0.707106781186548,1.,0.707106781186548,1.,
0.707106781186548,1.,0.707106781186548,1.),(0.750000000000001,0.530330085889912,
0.750000000000001,0.530330085889912,0.750000000000001,0.530330085889912,
0.750000000000001,0.530330085889912,0.750000000000001),(1.,0.707106781186548,
1.,0.707106781186548,1.,0.707106781186548,1.,0.707106781186548,1.)))
REPRESENTATION_ITEM('')
SURFACE()
);
#62=B_SPLINE_CURVE_WITH_KNOTS('',3,(#7724,#7725,#7726,#7727,#7728,#7729,
#7730,#7731,#7732,#7733),.UNSPECIFIED.,.F.,.F.,(4,2,2,2,4),(0.568048397906938,
0.568170157086115,0.568731608952083,0.569886888375823,0.57056163443),
 .UNSPECIFIED.);
#63=B_SPLINE_CURVE_WITH_KNOTS('',3,(#7746,#7747,#7748,#7749,#7750,#7751,
#7752,#7753,#7754,#7755),.UNSPECIFIED.,.F.,.F.,(4,2,2,2,4),(0.604701265172067,
0.605376011226246,0.606531290649986,0.607092742515953,0.607214501695129),
 .UNSPECIFIED.);
#64=B_SPLINE_CURVE_WITH_KNOTS('',3,(#9299,#9300,#9301,#9302,#9303,#9304,
#9305,#9306,#9307,#9308,#9309,#9310,#9311,#9312,#9313,#9314,#9315,#9316,
#9317,#9318,#9319,#9320,#9321,#9322,#9323,#9324),.UNSPECIFIED.,.F.,.F.,
(4,2,2,2,2,2,2,2,2,2,2,2,4),(-0.866016092396057,-0.840457988817576,-0.814573905524594,
-0.762199120569919,-0.707244971305822,-0.646278615682599,-0.614049637211172,
-0.592355718463288,-0.572424013429434,-0.546741948765588,-0.499392167507382,
-0.450074549021961,-0.433053229868353),.UNSPECIFIED.);
#65=B_SPLINE_CURVE_WITH_KNOTS('',3,(#9325,#9326,#9327,#9328,#9329,#9330,
#9331,#9332,#9333,#9334,#9335,#9336,#9337,#9338,#9339,#9340,#9341,#9342,
#9343,#9344,#9345,#9346,#9347,#9348),.UNSPECIFIED.,.F.,.F.,(4,2,2,2,2,2,
2,2,2,2,2,4),(-0.433053229868353,-0.402956466196098,-0.360961488152947,
-0.317089865741515,-0.292166112906043,-0.272124461447604,-0.24998876974871,
-0.216143874637177,-0.155885469472791,-0.0981884081425499,-0.0474774254136034,
0.),.UNSPECIFIED.);
#66=B_SPLINE_CURVE_WITH_KNOTS('',3,(#9355,#9356,#9357,#9358,#9359,#9360,
#9361,#9362,#9363,#9364,#9365,#9366,#9367,#9368,#9369,#9370,#9371,#9372,
#9373,#9374,#9375,#9376,#9377,#9378,#9379,#9380,#9381,#9382,#9383,#9384,
#9385,#9386,#9387,#9388,#9389,#9390,#9391,#9392,#9393,#9394,#9395,#9396,
#9397,#9398,#9399,#9400),.UNSPECIFIED.,.T.,.F.,(4,2,2,2,2,2,2,2,2,2,2,2,
2,2,2,2,2,2,2,2,2,2,4),(-0.866016092396413,-0.840457988817933,-0.814573905524942,
-0.762199120570217,-0.707244971306076,-0.646278615682802,-0.614049637211354,
-0.592355718463445,-0.572424013429572,-0.546741948765718,-0.499392167507503,
-0.450074549022069,-0.40295646619619,-0.360961488153023,-0.317089865741579,
-0.2921661129061,-0.272124461447656,-0.249988769748758,-0.216143874637219,
-0.15588546947282,-0.0981884081425673,-0.0474774254136076,0.),
 .UNSPECIFIED.);
#67=FACE_BOUND('',#744,.T.);
#68=FACE_BOUND('',#753,.T.);
#69=FACE_BOUND('',#754,.T.);
#70=FACE_BOUND('',#755,.T.);
#71=FACE_BOUND('',#767,.T.);
#72=FACE_BOUND('',#791,.T.);
#73=FACE_BOUND('',#799,.T.);
#74=FACE_BOUND('',#800,.T.);
#75=FACE_BOUND('',#801,.T.);
#76=FACE_BOUND('',#802,.T.);
#77=FACE_BOUND('',#812,.T.);
#78=FACE_BOUND('',#815,.T.);
#79=FACE_BOUND('',#819,.T.);
#80=FACE_BOUND('',#824,.T.);
#81=FACE_BOUND('',#827,.T.);
#82=FACE_BOUND('',#832,.T.);
#83=FACE_BOUND('',#836,.T.);
#84=FACE_BOUND('',#840,.T.);
#85=FACE_BOUND('',#844,.T.);
#86=FACE_BOUND('',#854,.T.);
#87=FACE_BOUND('',#858,.T.);
#88=FACE_BOUND('',#864,.T.);
#89=FACE_BOUND('',#868,.T.);
#90=FACE_BOUND('',#872,.T.);
#91=FACE_BOUND('',#878,.T.);
#92=FACE_BOUND('',#881,.T.);
#93=FACE_BOUND('',#882,.T.);
#94=FACE_BOUND('',#883,.T.);
#95=FACE_BOUND('',#884,.T.);
#96=FACE_BOUND('',#886,.T.);
#97=FACE_BOUND('',#897,.T.);
#98=FACE_BOUND('',#902,.T.);
#99=FACE_BOUND('',#912,.T.);
#100=FACE_BOUND('',#938,.T.);
#101=FACE_BOUND('',#939,.T.);
#102=FACE_BOUND('',#945,.T.);
#103=FACE_BOUND('',#946,.T.);
#104=FACE_BOUND('',#947,.T.);
#105=FACE_BOUND('',#948,.T.);
#106=FACE_BOUND('',#963,.T.);
#107=FACE_BOUND('',#981,.T.);
#108=FACE_BOUND('',#989,.T.);
#109=FACE_BOUND('',#1022,.T.);
#110=FACE_BOUND('',#1023,.T.);
#111=FACE_BOUND('',#1024,.T.);
#112=FACE_BOUND('',#1025,.T.);
#113=FACE_BOUND('',#1026,.T.);
#114=FACE_BOUND('',#1027,.T.);
#115=FACE_BOUND('',#1028,.T.);
#116=FACE_BOUND('',#1066,.T.);
#117=FACE_BOUND('',#1067,.T.);
#118=FACE_BOUND('',#1068,.T.);
#119=FACE_BOUND('',#1069,.T.);
#120=FACE_BOUND('',#1070,.T.);
#121=FACE_BOUND('',#1071,.T.);
#122=FACE_BOUND('',#1096,.T.);
#123=FACE_BOUND('',#1102,.T.);
#124=FACE_BOUND('',#1103,.T.);
#125=FACE_BOUND('',#1104,.T.);
#126=FACE_BOUND('',#1106,.T.);
#127=FACE_BOUND('',#1108,.T.);
#128=FACE_BOUND('',#1109,.T.);
#129=PLANE('',#5475);
#130=PLANE('',#5476);
#131=PLANE('',#5484);
#132=PLANE('',#5485);
#133=PLANE('',#5486);
#134=PLANE('',#5487);
#135=PLANE('',#5488);
#136=PLANE('',#5508);
#137=PLANE('',#5513);
#138=PLANE('',#5526);
#139=PLANE('',#5528);
#140=PLANE('',#5530);
#141=PLANE('',#5532);
#142=PLANE('',#5534);
#143=PLANE('',#5535);
#144=PLANE('',#5536);
#145=PLANE('',#5537);
#146=PLANE('',#5538);
#147=PLANE('',#5539);
#148=PLANE('',#5540);
#149=PLANE('',#5544);
#150=PLANE('',#5548);
#151=PLANE('',#5552);
#152=PLANE('',#5553);
#153=PLANE('',#5557);
#154=PLANE('',#5561);
#155=PLANE('',#5565);
#156=PLANE('',#5569);
#157=PLANE('',#5573);
#158=PLANE('',#5577);
#159=PLANE('',#5584);
#160=PLANE('',#5585);
#161=PLANE('',#5595);
#162=PLANE('',#5600);
#163=PLANE('',#5603);
#164=PLANE('',#5607);
#165=PLANE('',#5610);
#166=PLANE('',#5612);
#167=PLANE('',#5613);
#168=PLANE('',#5614);
#169=PLANE('',#5615);
#170=PLANE('',#5619);
#171=PLANE('',#5627);
#172=PLANE('',#5637);
#173=PLANE('',#5643);
#174=PLANE('',#5652);
#175=PLANE('',#5657);
#176=PLANE('',#5662);
#177=PLANE('',#5667);
#178=PLANE('',#5668);
#179=PLANE('',#5669);
#180=PLANE('',#5676);
#181=PLANE('',#5681);
#182=PLANE('',#5682);
#183=PLANE('',#5683);
#184=PLANE('',#5684);
#185=PLANE('',#5685);
#186=PLANE('',#5686);
#187=PLANE('',#5687);
#188=PLANE('',#5688);
#189=PLANE('',#5689);
#190=PLANE('',#5693);
#191=PLANE('',#5694);
#192=PLANE('',#5698);
#193=PLANE('',#5699);
#194=PLANE('',#5703);
#195=PLANE('',#5706);
#196=PLANE('',#5707);
#197=PLANE('',#5710);
#198=PLANE('',#5711);
#199=PLANE('',#5719);
#200=PLANE('',#5722);
#201=PLANE('',#5727);
#202=PLANE('',#5728);
#203=PLANE('',#5733);
#204=PLANE('',#5734);
#205=PLANE('',#5735);
#206=PLANE('',#5736);
#207=PLANE('',#5737);
#208=PLANE('',#5738);
#209=PLANE('',#5739);
#210=PLANE('',#5740);
#211=PLANE('',#5741);
#212=PLANE('',#5742);
#213=PLANE('',#5743);
#214=PLANE('',#5744);
#215=PLANE('',#5745);
#216=PLANE('',#5746);
#217=PLANE('',#5747);
#218=PLANE('',#5748);
#219=PLANE('',#5749);
#220=PLANE('',#5775);
#221=PLANE('',#5776);
#222=PLANE('',#5777);
#223=PLANE('',#5778);
#224=PLANE('',#5779);
#225=PLANE('',#5780);
#226=PLANE('',#5781);
#227=PLANE('',#5782);
#228=PLANE('',#5783);
#229=PLANE('',#5784);
#230=PLANE('',#5785);
#231=PLANE('',#5786);
#232=PLANE('',#5787);
#233=PLANE('',#5788);
#234=PLANE('',#5789);
#235=PLANE('',#5790);
#236=PLANE('',#5791);
#237=PLANE('',#5792);
#238=PLANE('',#5793);
#239=PLANE('',#5794);
#240=PLANE('',#5795);
#241=PLANE('',#5796);
#242=PLANE('',#5797);
#243=PLANE('',#5798);
#244=PLANE('',#5799);
#245=PLANE('',#5800);
#246=PLANE('',#5801);
#247=PLANE('',#5802);
#248=PLANE('',#5803);
#249=PLANE('',#5804);
#250=PLANE('',#5805);
#251=PLANE('',#5806);
#252=PLANE('',#5807);
#253=PLANE('',#5808);
#254=PLANE('',#5809);
#255=PLANE('',#5810);
#256=PLANE('',#5811);
#257=PLANE('',#5812);
#258=PLANE('',#5813);
#259=PLANE('',#5814);
#260=PLANE('',#5815);
#261=PLANE('',#5816);
#262=PLANE('',#5817);
#263=PLANE('',#5818);
#264=PLANE('',#5819);
#265=PLANE('',#5820);
#266=PLANE('',#5821);
#267=PLANE('',#5822);
#268=PLANE('',#5823);
#269=PLANE('',#5824);
#270=PLANE('',#5825);
#271=PLANE('',#5826);
#272=PLANE('',#5871);
#273=PLANE('',#5872);
#274=PLANE('',#5873);
#275=PLANE('',#5874);
#276=PLANE('',#5887);
#277=PLANE('',#5888);
#278=PLANE('',#5889);
#279=PLANE('',#5890);
#280=PLANE('',#5891);
#281=PLANE('',#5892);
#282=PLANE('',#5893);
#283=PLANE('',#5894);
#284=PLANE('',#5895);
#285=PLANE('',#5917);
#286=PLANE('',#5919);
#287=PLANE('',#5920);
#288=PLANE('',#5921);
#289=PLANE('',#5924);
#290=PLANE('',#5943);
#291=PLANE('',#5944);
#292=PLANE('',#5949);
#293=PLANE('',#5952);
#294=PLANE('',#5953);
#295=PLANE('',#5957);
#296=PLANE('',#5961);
#297=PLANE('',#5962);
#298=PLANE('',#5963);
#299=PLANE('',#5967);
#300=PLANE('',#5971);
#301=PLANE('',#5972);
#302=PLANE('',#5973);
#303=PLANE('',#5974);
#304=PLANE('',#5977);
#305=PLANE('',#5980);
#306=PLANE('',#5983);
#307=PLANE('',#5984);
#308=PLANE('',#5985);
#309=PLANE('',#5986);
#310=PLANE('',#5987);
#311=PLANE('',#5988);
#312=PLANE('',#5989);
#313=(
BOUNDED_CURVE()
B_SPLINE_CURVE(2,(#7590,#7591,#7592),.UNSPECIFIED.,.F.,.F.)
B_SPLINE_CURVE_WITH_KNOTS((3,3),(0.,0.583095189484533),.UNSPECIFIED.)
CURVE()
GEOMETRIC_REPRESENTATION_ITEM()
RATIONAL_B_SPLINE_CURVE((1.,1.,1.))
REPRESENTATION_ITEM('')
);
#314=(
BOUNDED_CURVE()
B_SPLINE_CURVE(2,(#7596,#7597,#7598),.UNSPECIFIED.,.F.,.F.)
B_SPLINE_CURVE_WITH_KNOTS((3,3),(0.209165006633518,0.418330013267035),
 .UNSPECIFIED.)
CURVE()
GEOMETRIC_REPRESENTATION_ITEM()
RATIONAL_B_SPLINE_CURVE((1.,1.,1.))
REPRESENTATION_ITEM('')
);
#315=(
BOUNDED_CURVE()
B_SPLINE_CURVE(2,(#7603,#7604,#7605),.UNSPECIFIED.,.F.,.F.)
B_SPLINE_CURVE_WITH_KNOTS((3,3),(0.,0.209165006633518),.UNSPECIFIED.)
CURVE()
GEOMETRIC_REPRESENTATION_ITEM()
RATIONAL_B_SPLINE_CURVE((1.,1.,1.))
REPRESENTATION_ITEM('')
);
#316=(
BOUNDED_CURVE()
B_SPLINE_CURVE(2,(#7617,#7618,#7619),.UNSPECIFIED.,.F.,.F.)
B_SPLINE_CURVE_WITH_KNOTS((3,3),(0.00624514415516172,0.20916500663352),
 .UNSPECIFIED.)
CURVE()
GEOMETRIC_REPRESENTATION_ITEM()
RATIONAL_B_SPLINE_CURVE((1.,1.,1.))
REPRESENTATION_ITEM('')
);
#317=(
BOUNDED_CURVE()
B_SPLINE_CURVE(2,(#7621,#7622,#7623),.UNSPECIFIED.,.F.,.F.)
B_SPLINE_CURVE_WITH_KNOTS((3,3),(0.20916500663352,0.41833001326704),
 .UNSPECIFIED.)
CURVE()
GEOMETRIC_REPRESENTATION_ITEM()
RATIONAL_B_SPLINE_CURVE((1.,1.,1.))
REPRESENTATION_ITEM('')
);
#318=(
BOUNDED_CURVE()
B_SPLINE_CURVE(2,(#7634,#7635,#7636),.UNSPECIFIED.,.F.,.F.)
B_SPLINE_CURVE_WITH_KNOTS((3,3),(0.,0.583095189484533),.UNSPECIFIED.)
CURVE()
GEOMETRIC_REPRESENTATION_ITEM()
RATIONAL_B_SPLINE_CURVE((1.,1.,1.))
REPRESENTATION_ITEM('')
);
#319=(
BOUNDED_CURVE()
B_SPLINE_CURVE(2,(#7640,#7641,#7642),.UNSPECIFIED.,.F.,.F.)
B_SPLINE_CURVE_WITH_KNOTS((3,3),(0.359336010738203,0.718672021476405),
 .UNSPECIFIED.)
CURVE()
GEOMETRIC_REPRESENTATION_ITEM()
RATIONAL_B_SPLINE_CURVE((1.,1.10716143882133,1.))
REPRESENTATION_ITEM('')
);
#320=(
BOUNDED_CURVE()
B_SPLINE_CURVE(2,(#7647,#7648,#7649),.UNSPECIFIED.,.F.,.F.)
B_SPLINE_CURVE_WITH_KNOTS((3,3),(0.,0.359336010738203),.UNSPECIFIED.)
CURVE()
GEOMETRIC_REPRESENTATION_ITEM()
RATIONAL_B_SPLINE_CURVE((1.,1.10716143882131,1.))
REPRESENTATION_ITEM('')
);
#321=(
BOUNDED_CURVE()
B_SPLINE_CURVE(2,(#7653,#7654,#7655),.UNSPECIFIED.,.F.,.F.)
B_SPLINE_CURVE_WITH_KNOTS((3,3),(0.,0.418330013267042),.UNSPECIFIED.)
CURVE()
GEOMETRIC_REPRESENTATION_ITEM()
RATIONAL_B_SPLINE_CURVE((1.,1.,1.))
REPRESENTATION_ITEM('')
);
#322=(
BOUNDED_CURVE()
B_SPLINE_CURVE(2,(#7714,#7715,#7716),.UNSPECIFIED.,.F.,.F.)
B_SPLINE_CURVE_WITH_KNOTS((3,3),(0.,0.412084869110301),.UNSPECIFIED.)
CURVE()
GEOMETRIC_REPRESENTATION_ITEM()
RATIONAL_B_SPLINE_CURVE((1.,1.,1.))
REPRESENTATION_ITEM('')
);
#323=(
BOUNDED_CURVE()
B_SPLINE_CURVE(2,(#7721,#7722,#7723),.UNSPECIFIED.,.F.,.F.)
B_SPLINE_CURVE_WITH_KNOTS((3,3),(0.00339905026214826,0.880340843082952),
 .UNSPECIFIED.)
CURVE()
GEOMETRIC_REPRESENTATION_ITEM()
RATIONAL_B_SPLINE_CURVE((1.,1.,1.))
REPRESENTATION_ITEM('')
);
#324=(
BOUNDED_CURVE()
B_SPLINE_CURVE(2,(#7740,#7741,#7742),.UNSPECIFIED.,.F.,.F.)
B_SPLINE_CURVE_WITH_KNOTS((3,3),(0.,0.876941792820804),.UNSPECIFIED.)
CURVE()
GEOMETRIC_REPRESENTATION_ITEM()
RATIONAL_B_SPLINE_CURVE((1.,1.,1.))
REPRESENTATION_ITEM('')
);
#325=(
BOUNDED_CURVE()
B_SPLINE_CURVE(2,(#9431,#9432,#9433),.UNSPECIFIED.,.F.,.F.)
B_SPLINE_CURVE_WITH_KNOTS((3,3),(-1.5707963267949,-1.35898139746051),
 .UNSPECIFIED.)
CURVE()
GEOMETRIC_REPRESENTATION_ITEM()
RATIONAL_B_SPLINE_CURVE((1.,0.963365695970681,0.937467969795063))
REPRESENTATION_ITEM('')
);
#326=(
BOUNDED_CURVE()
B_SPLINE_CURVE(2,(#9435,#9436,#9437),.UNSPECIFIED.,.F.,.F.)
B_SPLINE_CURVE_WITH_KNOTS((3,3),(-1.00478636703475,-0.125327831168066),
 .UNSPECIFIED.)
CURVE()
GEOMETRIC_REPRESENTATION_ITEM()
RATIONAL_B_SPLINE_CURVE((0.880877942787202,0.847893859581266,1.))
REPRESENTATION_ITEM('')
);
#327=CYLINDRICAL_SURFACE('',#5465,3.5);
#328=CYLINDRICAL_SURFACE('',#5469,4.5);
#329=CYLINDRICAL_SURFACE('',#5477,2.5);
#330=CYLINDRICAL_SURFACE('',#5500,2.5);
#331=CYLINDRICAL_SURFACE('',#5504,2.5);
#332=CYLINDRICAL_SURFACE('',#5511,2.5);
#333=CYLINDRICAL_SURFACE('',#5549,0.75);
#334=CYLINDRICAL_SURFACE('',#5554,0.75);
#335=CYLINDRICAL_SURFACE('',#5558,0.75);
#336=CYLINDRICAL_SURFACE('',#5562,0.75);
#337=CYLINDRICAL_SURFACE('',#5566,0.75);
#338=CYLINDRICAL_SURFACE('',#5570,0.75);
#339=CYLINDRICAL_SURFACE('',#5574,0.75);
#340=CYLINDRICAL_SURFACE('',#5578,0.75);
#341=CYLINDRICAL_SURFACE('',#5581,7.);
#342=CYLINDRICAL_SURFACE('',#5593,7.);
#343=CYLINDRICAL_SURFACE('',#5596,7.);
#344=CYLINDRICAL_SURFACE('',#5598,7.);
#345=CYLINDRICAL_SURFACE('',#5601,7.);
#346=CYLINDRICAL_SURFACE('',#5608,7.);
#347=CYLINDRICAL_SURFACE('',#5609,7.);
#348=CYLINDRICAL_SURFACE('',#5611,7.);
#349=CYLINDRICAL_SURFACE('',#5622,0.949999999999998);
#350=CYLINDRICAL_SURFACE('',#5630,0.949999999999998);
#351=CYLINDRICAL_SURFACE('',#5635,0.949999999999998);
#352=CYLINDRICAL_SURFACE('',#5646,0.949999999999998);
#353=CYLINDRICAL_SURFACE('',#5651,1.4);
#354=CYLINDRICAL_SURFACE('',#5656,1.4);
#355=CYLINDRICAL_SURFACE('',#5661,1.4);
#356=CYLINDRICAL_SURFACE('',#5666,1.4);
#357=CYLINDRICAL_SURFACE('',#5677,2.);
#358=CYLINDRICAL_SURFACE('',#5679,2.);
#359=CYLINDRICAL_SURFACE('',#5691,2.5);
#360=CYLINDRICAL_SURFACE('',#5696,2.5);
#361=CYLINDRICAL_SURFACE('',#5701,2.5);
#362=CYLINDRICAL_SURFACE('',#5704,2.5);
#363=CYLINDRICAL_SURFACE('',#5708,2.);
#364=CYLINDRICAL_SURFACE('',#5720,2.);
#365=CYLINDRICAL_SURFACE('',#5721,2.);
#366=CYLINDRICAL_SURFACE('',#5723,2.);
#367=CYLINDRICAL_SURFACE('',#5724,2.);
#368=CYLINDRICAL_SURFACE('',#5725,2.);
#369=CYLINDRICAL_SURFACE('',#5726,2.);
#370=CYLINDRICAL_SURFACE('',#5730,2.);
#371=CYLINDRICAL_SURFACE('',#5731,2.);
#372=CYLINDRICAL_SURFACE('',#5732,2.);
#373=CYLINDRICAL_SURFACE('',#5750,1.875);
#374=CYLINDRICAL_SURFACE('',#5767,2.);
#375=CYLINDRICAL_SURFACE('',#5768,97.0399999999998);
#376=CYLINDRICAL_SURFACE('',#5769,2.);
#377=CYLINDRICAL_SURFACE('',#5770,176.562499999999);
#378=CYLINDRICAL_SURFACE('',#5771,2.);
#379=CYLINDRICAL_SURFACE('',#5772,176.5625);
#380=CYLINDRICAL_SURFACE('',#5773,2.);
#381=CYLINDRICAL_SURFACE('',#5774,97.04);
#382=CYLINDRICAL_SURFACE('',#5839,0.5);
#383=CYLINDRICAL_SURFACE('',#5848,0.5);
#384=CYLINDRICAL_SURFACE('',#5853,0.5);
#385=CYLINDRICAL_SURFACE('',#5854,0.5);
#386=CYLINDRICAL_SURFACE('',#5859,0.5);
#387=CYLINDRICAL_SURFACE('',#5864,0.5);
#388=CYLINDRICAL_SURFACE('',#5865,0.5);
#389=CYLINDRICAL_SURFACE('',#5866,0.5);
#390=CYLINDRICAL_SURFACE('',#5867,0.5);
#391=CYLINDRICAL_SURFACE('',#5868,0.5);
#392=CYLINDRICAL_SURFACE('',#5869,0.5);
#393=CYLINDRICAL_SURFACE('',#5870,0.5);
#394=CYLINDRICAL_SURFACE('',#5896,2.5);
#395=CYLINDRICAL_SURFACE('',#5899,2.5);
#396=CYLINDRICAL_SURFACE('',#5904,2.5);
#397=CYLINDRICAL_SURFACE('',#5909,2.5);
#398=CYLINDRICAL_SURFACE('',#5916,2.5);
#399=CYLINDRICAL_SURFACE('',#5918,2.5);
#400=CYLINDRICAL_SURFACE('',#5922,2.5);
#401=CYLINDRICAL_SURFACE('',#5923,2.5);
#402=CYLINDRICAL_SURFACE('',#5927,1.25);
#403=CYLINDRICAL_SURFACE('',#5931,1.25);
#404=CYLINDRICAL_SURFACE('',#5935,1.25);
#405=CYLINDRICAL_SURFACE('',#5939,1.25);
#406=CYLINDRICAL_SURFACE('',#5941,2.);
#407=CYLINDRICAL_SURFACE('',#5948,2.);
#408=CYLINDRICAL_SURFACE('',#5950,2.);
#409=CYLINDRICAL_SURFACE('',#5951,2.);
#410=CYLINDRICAL_SURFACE('',#5954,2.);
#411=CYLINDRICAL_SURFACE('',#5958,2.);
#412=FACE_OUTER_BOUND('',#730,.T.);
#413=FACE_OUTER_BOUND('',#731,.T.);
#414=FACE_OUTER_BOUND('',#732,.T.);
#415=FACE_OUTER_BOUND('',#733,.T.);
#416=FACE_OUTER_BOUND('',#734,.T.);
#417=FACE_OUTER_BOUND('',#735,.T.);
#418=FACE_OUTER_BOUND('',#736,.T.);
#419=FACE_OUTER_BOUND('',#737,.T.);
#420=FACE_OUTER_BOUND('',#738,.T.);
#421=FACE_OUTER_BOUND('',#739,.T.);
#422=FACE_OUTER_BOUND('',#740,.T.);
#423=FACE_OUTER_BOUND('',#741,.T.);
#424=FACE_OUTER_BOUND('',#742,.T.);
#425=FACE_OUTER_BOUND('',#743,.T.);
#426=FACE_OUTER_BOUND('',#745,.T.);
#427=FACE_OUTER_BOUND('',#746,.T.);
#428=FACE_OUTER_BOUND('',#747,.T.);
#429=FACE_OUTER_BOUND('',#748,.T.);
#430=FACE_OUTER_BOUND('',#749,.T.);
#431=FACE_OUTER_BOUND('',#750,.T.);
#432=FACE_OUTER_BOUND('',#751,.T.);
#433=FACE_OUTER_BOUND('',#752,.T.);
#434=FACE_OUTER_BOUND('',#756,.T.);
#435=FACE_OUTER_BOUND('',#757,.T.);
#436=FACE_OUTER_BOUND('',#758,.T.);
#437=FACE_OUTER_BOUND('',#759,.T.);
#438=FACE_OUTER_BOUND('',#760,.T.);
#439=FACE_OUTER_BOUND('',#761,.T.);
#440=FACE_OUTER_BOUND('',#762,.T.);
#441=FACE_OUTER_BOUND('',#763,.T.);
#442=FACE_OUTER_BOUND('',#764,.T.);
#443=FACE_OUTER_BOUND('',#765,.T.);
#444=FACE_OUTER_BOUND('',#766,.T.);
#445=FACE_OUTER_BOUND('',#768,.T.);
#446=FACE_OUTER_BOUND('',#769,.T.);
#447=FACE_OUTER_BOUND('',#770,.T.);
#448=FACE_OUTER_BOUND('',#771,.T.);
#449=FACE_OUTER_BOUND('',#772,.T.);
#450=FACE_OUTER_BOUND('',#773,.T.);
#451=FACE_OUTER_BOUND('',#774,.T.);
#452=FACE_OUTER_BOUND('',#775,.T.);
#453=FACE_OUTER_BOUND('',#776,.T.);
#454=FACE_OUTER_BOUND('',#777,.T.);
#455=FACE_OUTER_BOUND('',#778,.T.);
#456=FACE_OUTER_BOUND('',#779,.T.);
#457=FACE_OUTER_BOUND('',#780,.T.);
#458=FACE_OUTER_BOUND('',#781,.T.);
#459=FACE_OUTER_BOUND('',#782,.T.);
#460=FACE_OUTER_BOUND('',#783,.T.);
#461=FACE_OUTER_BOUND('',#784,.T.);
#462=FACE_OUTER_BOUND('',#785,.T.);
#463=FACE_OUTER_BOUND('',#786,.T.);
#464=FACE_OUTER_BOUND('',#787,.T.);
#465=FACE_OUTER_BOUND('',#788,.T.);
#466=FACE_OUTER_BOUND('',#789,.T.);
#467=FACE_OUTER_BOUND('',#790,.T.);
#468=FACE_OUTER_BOUND('',#792,.T.);
#469=FACE_OUTER_BOUND('',#793,.T.);
#470=FACE_OUTER_BOUND('',#794,.T.);
#471=FACE_OUTER_BOUND('',#795,.T.);
#472=FACE_OUTER_BOUND('',#796,.T.);
#473=FACE_OUTER_BOUND('',#797,.T.);
#474=FACE_OUTER_BOUND('',#798,.T.);
#475=FACE_OUTER_BOUND('',#803,.T.);
#476=FACE_OUTER_BOUND('',#804,.T.);
#477=FACE_OUTER_BOUND('',#805,.T.);
#478=FACE_OUTER_BOUND('',#806,.T.);
#479=FACE_OUTER_BOUND('',#807,.T.);
#480=FACE_OUTER_BOUND('',#808,.T.);
#481=FACE_OUTER_BOUND('',#809,.T.);
#482=FACE_OUTER_BOUND('',#810,.T.);
#483=FACE_OUTER_BOUND('',#811,.T.);
#484=FACE_OUTER_BOUND('',#813,.T.);
#485=FACE_OUTER_BOUND('',#814,.T.);
#486=FACE_OUTER_BOUND('',#816,.T.);
#487=FACE_OUTER_BOUND('',#817,.T.);
#488=FACE_OUTER_BOUND('',#818,.T.);
#489=FACE_OUTER_BOUND('',#820,.T.);
#490=FACE_OUTER_BOUND('',#821,.T.);
#491=FACE_OUTER_BOUND('',#822,.T.);
#492=FACE_OUTER_BOUND('',#823,.T.);
#493=FACE_OUTER_BOUND('',#825,.T.);
#494=FACE_OUTER_BOUND('',#826,.T.);
#495=FACE_OUTER_BOUND('',#828,.T.);
#496=FACE_OUTER_BOUND('',#829,.T.);
#497=FACE_OUTER_BOUND('',#830,.T.);
#498=FACE_OUTER_BOUND('',#831,.T.);
#499=FACE_OUTER_BOUND('',#833,.T.);
#500=FACE_OUTER_BOUND('',#834,.T.);
#501=FACE_OUTER_BOUND('',#835,.T.);
#502=FACE_OUTER_BOUND('',#837,.T.);
#503=FACE_OUTER_BOUND('',#838,.T.);
#504=FACE_OUTER_BOUND('',#839,.T.);
#505=FACE_OUTER_BOUND('',#841,.T.);
#506=FACE_OUTER_BOUND('',#842,.T.);
#507=FACE_OUTER_BOUND('',#843,.T.);
#508=FACE_OUTER_BOUND('',#845,.T.);
#509=FACE_OUTER_BOUND('',#846,.T.);
#510=FACE_OUTER_BOUND('',#847,.T.);
#511=FACE_OUTER_BOUND('',#848,.T.);
#512=FACE_OUTER_BOUND('',#849,.T.);
#513=FACE_OUTER_BOUND('',#850,.T.);
#514=FACE_OUTER_BOUND('',#851,.T.);
#515=FACE_OUTER_BOUND('',#852,.T.);
#516=FACE_OUTER_BOUND('',#853,.T.);
#517=FACE_OUTER_BOUND('',#855,.T.);
#518=FACE_OUTER_BOUND('',#856,.T.);
#519=FACE_OUTER_BOUND('',#857,.T.);
#520=FACE_OUTER_BOUND('',#859,.T.);
#521=FACE_OUTER_BOUND('',#860,.T.);
#522=FACE_OUTER_BOUND('',#861,.T.);
#523=FACE_OUTER_BOUND('',#862,.T.);
#524=FACE_OUTER_BOUND('',#863,.T.);
#525=FACE_OUTER_BOUND('',#865,.T.);
#526=FACE_OUTER_BOUND('',#866,.T.);
#527=FACE_OUTER_BOUND('',#867,.T.);
#528=FACE_OUTER_BOUND('',#869,.T.);
#529=FACE_OUTER_BOUND('',#870,.T.);
#530=FACE_OUTER_BOUND('',#871,.T.);
#531=FACE_OUTER_BOUND('',#873,.T.);
#532=FACE_OUTER_BOUND('',#874,.T.);
#533=FACE_OUTER_BOUND('',#875,.T.);
#534=FACE_OUTER_BOUND('',#876,.T.);
#535=FACE_OUTER_BOUND('',#877,.T.);
#536=FACE_OUTER_BOUND('',#879,.T.);
#537=FACE_OUTER_BOUND('',#880,.T.);
#538=FACE_OUTER_BOUND('',#885,.T.);
#539=FACE_OUTER_BOUND('',#887,.T.);
#540=FACE_OUTER_BOUND('',#888,.T.);
#541=FACE_OUTER_BOUND('',#889,.T.);
#542=FACE_OUTER_BOUND('',#890,.T.);
#543=FACE_OUTER_BOUND('',#891,.T.);
#544=FACE_OUTER_BOUND('',#892,.T.);
#545=FACE_OUTER_BOUND('',#893,.T.);
#546=FACE_OUTER_BOUND('',#894,.T.);
#547=FACE_OUTER_BOUND('',#895,.T.);
#548=FACE_OUTER_BOUND('',#896,.T.);
#549=FACE_OUTER_BOUND('',#898,.T.);
#550=FACE_OUTER_BOUND('',#899,.T.);
#551=FACE_OUTER_BOUND('',#900,.T.);
#552=FACE_OUTER_BOUND('',#901,.T.);
#553=FACE_OUTER_BOUND('',#903,.T.);
#554=FACE_OUTER_BOUND('',#904,.T.);
#555=FACE_OUTER_BOUND('',#905,.T.);
#556=FACE_OUTER_BOUND('',#906,.T.);
#557=FACE_OUTER_BOUND('',#907,.T.);
#558=FACE_OUTER_BOUND('',#908,.T.);
#559=FACE_OUTER_BOUND('',#909,.T.);
#560=FACE_OUTER_BOUND('',#910,.T.);
#561=FACE_OUTER_BOUND('',#911,.T.);
#562=FACE_OUTER_BOUND('',#913,.T.);
#563=FACE_OUTER_BOUND('',#914,.T.);
#564=FACE_OUTER_BOUND('',#915,.T.);
#565=FACE_OUTER_BOUND('',#916,.T.);
#566=FACE_OUTER_BOUND('',#917,.T.);
#567=FACE_OUTER_BOUND('',#918,.T.);
#568=FACE_OUTER_BOUND('',#919,.T.);
#569=FACE_OUTER_BOUND('',#920,.T.);
#570=FACE_OUTER_BOUND('',#921,.T.);
#571=FACE_OUTER_BOUND('',#922,.T.);
#572=FACE_OUTER_BOUND('',#923,.T.);
#573=FACE_OUTER_BOUND('',#924,.T.);
#574=FACE_OUTER_BOUND('',#925,.T.);
#575=FACE_OUTER_BOUND('',#926,.T.);
#576=FACE_OUTER_BOUND('',#927,.T.);
#577=FACE_OUTER_BOUND('',#928,.T.);
#578=FACE_OUTER_BOUND('',#929,.T.);
#579=FACE_OUTER_BOUND('',#930,.T.);
#580=FACE_OUTER_BOUND('',#931,.T.);
#581=FACE_OUTER_BOUND('',#932,.T.);
#582=FACE_OUTER_BOUND('',#933,.T.);
#583=FACE_OUTER_BOUND('',#934,.T.);
#584=FACE_OUTER_BOUND('',#935,.T.);
#585=FACE_OUTER_BOUND('',#936,.T.);
#586=FACE_OUTER_BOUND('',#937,.T.);
#587=FACE_OUTER_BOUND('',#940,.T.);
#588=FACE_OUTER_BOUND('',#941,.T.);
#589=FACE_OUTER_BOUND('',#942,.T.);
#590=FACE_OUTER_BOUND('',#943,.T.);
#591=FACE_OUTER_BOUND('',#944,.T.);
#592=FACE_OUTER_BOUND('',#949,.T.);
#593=FACE_OUTER_BOUND('',#950,.T.);
#594=FACE_OUTER_BOUND('',#951,.T.);
#595=FACE_OUTER_BOUND('',#952,.T.);
#596=FACE_OUTER_BOUND('',#953,.T.);
#597=FACE_OUTER_BOUND('',#954,.T.);
#598=FACE_OUTER_BOUND('',#955,.T.);
#599=FACE_OUTER_BOUND('',#956,.T.);
#600=FACE_OUTER_BOUND('',#957,.T.);
#601=FACE_OUTER_BOUND('',#958,.T.);
#602=FACE_OUTER_BOUND('',#959,.T.);
#603=FACE_OUTER_BOUND('',#960,.T.);
#604=FACE_OUTER_BOUND('',#961,.T.);
#605=FACE_OUTER_BOUND('',#962,.T.);
#606=FACE_OUTER_BOUND('',#964,.T.);
#607=FACE_OUTER_BOUND('',#965,.T.);
#608=FACE_OUTER_BOUND('',#966,.T.);
#609=FACE_OUTER_BOUND('',#967,.T.);
#610=FACE_OUTER_BOUND('',#968,.T.);
#611=FACE_OUTER_BOUND('',#969,.T.);
#612=FACE_OUTER_BOUND('',#970,.T.);
#613=FACE_OUTER_BOUND('',#971,.T.);
#614=FACE_OUTER_BOUND('',#972,.T.);
#615=FACE_OUTER_BOUND('',#973,.T.);
#616=FACE_OUTER_BOUND('',#974,.T.);
#617=FACE_OUTER_BOUND('',#975,.T.);
#618=FACE_OUTER_BOUND('',#976,.T.);
#619=FACE_OUTER_BOUND('',#977,.T.);
#620=FACE_OUTER_BOUND('',#978,.T.);
#621=FACE_OUTER_BOUND('',#979,.T.);
#622=FACE_OUTER_BOUND('',#980,.T.);
#623=FACE_OUTER_BOUND('',#982,.T.);
#624=FACE_OUTER_BOUND('',#983,.T.);
#625=FACE_OUTER_BOUND('',#984,.T.);
#626=FACE_OUTER_BOUND('',#985,.T.);
#627=FACE_OUTER_BOUND('',#986,.T.);
#628=FACE_OUTER_BOUND('',#987,.T.);
#629=FACE_OUTER_BOUND('',#988,.T.);
#630=FACE_OUTER_BOUND('',#990,.T.);
#631=FACE_OUTER_BOUND('',#991,.T.);
#632=FACE_OUTER_BOUND('',#992,.T.);
#633=FACE_OUTER_BOUND('',#993,.T.);
#634=FACE_OUTER_BOUND('',#994,.T.);
#635=FACE_OUTER_BOUND('',#995,.T.);
#636=FACE_OUTER_BOUND('',#996,.T.);
#637=FACE_OUTER_BOUND('',#997,.T.);
#638=FACE_OUTER_BOUND('',#998,.T.);
#639=FACE_OUTER_BOUND('',#999,.T.);
#640=FACE_OUTER_BOUND('',#1000,.T.);
#641=FACE_OUTER_BOUND('',#1001,.T.);
#642=FACE_OUTER_BOUND('',#1002,.T.);
#643=FACE_OUTER_BOUND('',#1003,.T.);
#644=FACE_OUTER_BOUND('',#1004,.T.);
#645=FACE_OUTER_BOUND('',#1005,.T.);
#646=FACE_OUTER_BOUND('',#1006,.T.);
#647=FACE_OUTER_BOUND('',#1007,.T.);
#648=FACE_OUTER_BOUND('',#1008,.T.);
#649=FACE_OUTER_BOUND('',#1009,.T.);
#650=FACE_OUTER_BOUND('',#1010,.T.);
#651=FACE_OUTER_BOUND('',#1011,.T.);
#652=FACE_OUTER_BOUND('',#1012,.T.);
#653=FACE_OUTER_BOUND('',#1013,.T.);
#654=FACE_OUTER_BOUND('',#1014,.T.);
#655=FACE_OUTER_BOUND('',#1015,.T.);
#656=FACE_OUTER_BOUND('',#1016,.T.);
#657=FACE_OUTER_BOUND('',#1017,.T.);
#658=FACE_OUTER_BOUND('',#1018,.T.);
#659=FACE_OUTER_BOUND('',#1019,.T.);
#660=FACE_OUTER_BOUND('',#1020,.T.);
#661=FACE_OUTER_BOUND('',#1021,.T.);
#662=FACE_OUTER_BOUND('',#1029,.T.);
#663=FACE_OUTER_BOUND('',#1030,.T.);
#664=FACE_OUTER_BOUND('',#1031,.T.);
#665=FACE_OUTER_BOUND('',#1032,.T.);
#666=FACE_OUTER_BOUND('',#1033,.T.);
#667=FACE_OUTER_BOUND('',#1034,.T.);
#668=FACE_OUTER_BOUND('',#1035,.T.);
#669=FACE_OUTER_BOUND('',#1036,.T.);
#670=FACE_OUTER_BOUND('',#1037,.T.);
#671=FACE_OUTER_BOUND('',#1038,.T.);
#672=FACE_OUTER_BOUND('',#1039,.T.);
#673=FACE_OUTER_BOUND('',#1040,.T.);
#674=FACE_OUTER_BOUND('',#1041,.T.);
#675=FACE_OUTER_BOUND('',#1042,.T.);
#676=FACE_OUTER_BOUND('',#1043,.T.);
#677=FACE_OUTER_BOUND('',#1044,.T.);
#678=FACE_OUTER_BOUND('',#1045,.T.);
#679=FACE_OUTER_BOUND('',#1046,.T.);
#680=FACE_OUTER_BOUND('',#1047,.T.);
#681=FACE_OUTER_BOUND('',#1048,.T.);
#682=FACE_OUTER_BOUND('',#1049,.T.);
#683=FACE_OUTER_BOUND('',#1050,.T.);
#684=FACE_OUTER_BOUND('',#1051,.T.);
#685=FACE_OUTER_BOUND('',#1052,.T.);
#686=FACE_OUTER_BOUND('',#1053,.T.);
#687=FACE_OUTER_BOUND('',#1054,.T.);
#688=FACE_OUTER_BOUND('',#1055,.T.);
#689=FACE_OUTER_BOUND('',#1056,.T.);
#690=FACE_OUTER_BOUND('',#1057,.T.);
#691=FACE_OUTER_BOUND('',#1058,.T.);
#692=FACE_OUTER_BOUND('',#1059,.T.);
#693=FACE_OUTER_BOUND('',#1060,.T.);
#694=FACE_OUTER_BOUND('',#1061,.T.);
#695=FACE_OUTER_BOUND('',#1062,.T.);
#696=FACE_OUTER_BOUND('',#1063,.T.);
#697=FACE_OUTER_BOUND('',#1064,.T.);
#698=FACE_OUTER_BOUND('',#1065,.T.);
#699=FACE_OUTER_BOUND('',#1072,.T.);
#700=FACE_OUTER_BOUND('',#1073,.T.);
#701=FACE_OUTER_BOUND('',#1074,.T.);
#702=FACE_OUTER_BOUND('',#1075,.T.);
#703=FACE_OUTER_BOUND('',#1076,.T.);
#704=FACE_OUTER_BOUND('',#1077,.T.);
#705=FACE_OUTER_BOUND('',#1078,.T.);
#706=FACE_OUTER_BOUND('',#1079,.T.);
#707=FACE_OUTER_BOUND('',#1080,.T.);
#708=FACE_OUTER_BOUND('',#1081,.T.);
#709=FACE_OUTER_BOUND('',#1082,.T.);
#710=FACE_OUTER_BOUND('',#1083,.T.);
#711=FACE_OUTER_BOUND('',#1084,.T.);
#712=FACE_OUTER_BOUND('',#1085,.T.);
#713=FACE_OUTER_BOUND('',#1086,.T.);
#714=FACE_OUTER_BOUND('',#1087,.T.);
#715=FACE_OUTER_BOUND('',#1088,.T.);
#716=FACE_OUTER_BOUND('',#1089,.T.);
#717=FACE_OUTER_BOUND('',#1090,.T.);
#718=FACE_OUTER_BOUND('',#1091,.T.);
#719=FACE_OUTER_BOUND('',#1092,.T.);
#720=FACE_OUTER_BOUND('',#1093,.T.);
#721=FACE_OUTER_BOUND('',#1094,.T.);
#722=FACE_OUTER_BOUND('',#1095,.T.);
#723=FACE_OUTER_BOUND('',#1097,.T.);
#724=FACE_OUTER_BOUND('',#1098,.T.);
#725=FACE_OUTER_BOUND('',#1099,.T.);
#726=FACE_OUTER_BOUND('',#1100,.T.);
#727=FACE_OUTER_BOUND('',#1101,.T.);
#728=FACE_OUTER_BOUND('',#1105,.T.);
#729=FACE_OUTER_BOUND('',#1107,.T.);
#730=EDGE_LOOP('',(#3579,#3580,#3581,#3582));
#731=EDGE_LOOP('',(#3583,#3584,#3585,#3586));
#732=EDGE_LOOP('',(#3587,#3588,#3589,#3590));
#733=EDGE_LOOP('',(#3591,#3592,#3593,#3594));
#734=EDGE_LOOP('',(#3595,#3596,#3597,#3598,#3599,#3600,#3601,#3602));
#735=EDGE_LOOP('',(#3603,#3604,#3605,#3606,#3607,#3608,#3609,#3610,#3611));
#736=EDGE_LOOP('',(#3612,#3613,#3614));
#737=EDGE_LOOP('',(#3615,#3616,#3617,#3618));
#738=EDGE_LOOP('',(#3619,#3620,#3621,#3622,#3623,#3624,#3625,#3626,#3627,
#3628));
#739=EDGE_LOOP('',(#3629,#3630,#3631,#3632,#3633));
#740=EDGE_LOOP('',(#3634,#3635,#3636,#3637));
#741=EDGE_LOOP('',(#3638,#3639,#3640));
#742=EDGE_LOOP('',(#3641,#3642,#3643));
#743=EDGE_LOOP('',(#3644,#3645,#3646,#3647,#3648,#3649,#3650,#3651,#3652,
#3653,#3654,#3655));
#744=EDGE_LOOP('',(#3656,#3657,#3658,#3659,#3660,#3661,#3662,#3663));
#745=EDGE_LOOP('',(#3664,#3665,#3666,#3667));
#746=EDGE_LOOP('',(#3668,#3669,#3670,#3671,#3672,#3673,#3674,#3675));
#747=EDGE_LOOP('',(#3676,#3677,#3678,#3679));
#748=EDGE_LOOP('',(#3680,#3681,#3682,#3683,#3684,#3685,#3686,#3687));
#749=EDGE_LOOP('',(#3688,#3689,#3690,#3691,#3692,#3693));
#750=EDGE_LOOP('',(#3694,#3695,#3696,#3697));
#751=EDGE_LOOP('',(#3698,#3699,#3700,#3701));
#752=EDGE_LOOP('',(#3702,#3703,#3704,#3705,#3706,#3707,#3708,#3709));
#753=EDGE_LOOP('',(#3710,#3711,#3712,#3713));
#754=EDGE_LOOP('',(#3714,#3715,#3716,#3717,#3718,#3719,#3720,#3721));
#755=EDGE_LOOP('',(#3722));
#756=EDGE_LOOP('',(#3723));
#757=EDGE_LOOP('',(#3724));
#758=EDGE_LOOP('',(#3725));
#759=EDGE_LOOP('',(#3726));
#760=EDGE_LOOP('',(#3727,#3728,#3729,#3730));
#761=EDGE_LOOP('',(#3731,#3732,#3733,#3734));
#762=EDGE_LOOP('',(#3735,#3736,#3737,#3738));
#763=EDGE_LOOP('',(#3739,#3740,#3741,#3742));
#764=EDGE_LOOP('',(#3743,#3744,#3745,#3746));
#765=EDGE_LOOP('',(#3747,#3748,#3749,#3750));
#766=EDGE_LOOP('',(#3751,#3752,#3753,#3754));
#767=EDGE_LOOP('',(#3755,#3756,#3757,#3758));
#768=EDGE_LOOP('',(#3759,#3760,#3761,#3762));
#769=EDGE_LOOP('',(#3763));
#770=EDGE_LOOP('',(#3764,#3765,#3766,#3767));
#771=EDGE_LOOP('',(#3768));
#772=EDGE_LOOP('',(#3769,#3770,#3771,#3772));
#773=EDGE_LOOP('',(#3773,#3774,#3775,#3776));
#774=EDGE_LOOP('',(#3777,#3778,#3779,#3780));
#775=EDGE_LOOP('',(#3781,#3782,#3783,#3784));
#776=EDGE_LOOP('',(#3785,#3786,#3787,#3788));
#777=EDGE_LOOP('',(#3789,#3790,#3791,#3792));
#778=EDGE_LOOP('',(#3793,#3794,#3795,#3796));
#779=EDGE_LOOP('',(#3797,#3798,#3799,#3800));
#780=EDGE_LOOP('',(#3801,#3802,#3803,#3804));
#781=EDGE_LOOP('',(#3805,#3806,#3807,#3808));
#782=EDGE_LOOP('',(#3809,#3810,#3811,#3812));
#783=EDGE_LOOP('',(#3813,#3814,#3815,#3816));
#784=EDGE_LOOP('',(#3817,#3818,#3819,#3820));
#785=EDGE_LOOP('',(#3821,#3822,#3823,#3824));
#786=EDGE_LOOP('',(#3825,#3826,#3827,#3828));
#787=EDGE_LOOP('',(#3829,#3830,#3831,#3832));
#788=EDGE_LOOP('',(#3833,#3834,#3835,#3836));
#789=EDGE_LOOP('',(#3837,#3838,#3839,#3840));
#790=EDGE_LOOP('',(#3841,#3842,#3843,#3844,#3845,#3846,#3847,#3848));
#791=EDGE_LOOP('',(#3849,#3850,#3851,#3852,#3853,#3854,#3855,#3856));
#792=EDGE_LOOP('',(#3857,#3858,#3859,#3860));
#793=EDGE_LOOP('',(#3861,#3862,#3863,#3864));
#794=EDGE_LOOP('',(#3865,#3866,#3867,#3868));
#795=EDGE_LOOP('',(#3869,#3870,#3871,#3872));
#796=EDGE_LOOP('',(#3873,#3874,#3875,#3876));
#797=EDGE_LOOP('',(#3877,#3878,#3879,#3880));
#798=EDGE_LOOP('',(#3881,#3882,#3883,#3884,#3885,#3886,#3887,#3888));
#799=EDGE_LOOP('',(#3889,#3890,#3891,#3892));
#800=EDGE_LOOP('',(#3893,#3894,#3895,#3896));
#801=EDGE_LOOP('',(#3897,#3898,#3899,#3900));
#802=EDGE_LOOP('',(#3901,#3902,#3903,#3904));
#803=EDGE_LOOP('',(#3905,#3906,#3907,#3908));
#804=EDGE_LOOP('',(#3909,#3910,#3911,#3912));
#805=EDGE_LOOP('',(#3913,#3914,#3915,#3916));
#806=EDGE_LOOP('',(#3917,#3918,#3919,#3920));
#807=EDGE_LOOP('',(#3921,#3922,#3923,#3924));
#808=EDGE_LOOP('',(#3925,#3926,#3927,#3928));
#809=EDGE_LOOP('',(#3929,#3930,#3931,#3932));
#810=EDGE_LOOP('',(#3933,#3934,#3935,#3936));
#811=EDGE_LOOP('',(#3937,#3938,#3939,#3940,#3941,#3942,#3943,#3944,#3945,
#3946,#3947,#3948));
#812=EDGE_LOOP('',(#3949,#3950,#3951,#3952,#3953,#3954,#3955,#3956));
#813=EDGE_LOOP('',(#3957,#3958,#3959,#3960));
#814=EDGE_LOOP('',(#3961,#3962,#3963,#3964,#3965,#3966));
#815=EDGE_LOOP('',(#3967));
#816=EDGE_LOOP('',(#3968,#3969,#3970,#3971));
#817=EDGE_LOOP('',(#3972,#3973,#3974,#3975));
#818=EDGE_LOOP('',(#3976,#3977,#3978,#3979,#3980,#3981));
#819=EDGE_LOOP('',(#3982));
#820=EDGE_LOOP('',(#3983,#3984,#3985,#3986));
#821=EDGE_LOOP('',(#3987,#3988,#3989,#3990));
#822=EDGE_LOOP('',(#3991,#3992,#3993,#3994));
#823=EDGE_LOOP('',(#3995,#3996,#3997,#3998,#3999,#4000));
#824=EDGE_LOOP('',(#4001));
#825=EDGE_LOOP('',(#4002,#4003,#4004,#4005));
#826=EDGE_LOOP('',(#4006,#4007,#4008,#4009,#4010,#4011));
#827=EDGE_LOOP('',(#4012));
#828=EDGE_LOOP('',(#4013,#4014,#4015,#4016));
#829=EDGE_LOOP('',(#4017,#4018,#4019,#4020));
#830=EDGE_LOOP('',(#4021,#4022,#4023,#4024));
#831=EDGE_LOOP('',(#4025));
#832=EDGE_LOOP('',(#4026));
#833=EDGE_LOOP('',(#4027,#4028,#4029,#4030));
#834=EDGE_LOOP('',(#4031,#4032,#4033,#4034));
#835=EDGE_LOOP('',(#4035));
#836=EDGE_LOOP('',(#4036));
#837=EDGE_LOOP('',(#4037,#4038,#4039,#4040));
#838=EDGE_LOOP('',(#4041,#4042,#4043,#4044));
#839=EDGE_LOOP('',(#4045));
#840=EDGE_LOOP('',(#4046));
#841=EDGE_LOOP('',(#4047,#4048,#4049,#4050));
#842=EDGE_LOOP('',(#4051,#4052,#4053,#4054));
#843=EDGE_LOOP('',(#4055));
#844=EDGE_LOOP('',(#4056));
#845=EDGE_LOOP('',(#4057,#4058,#4059,#4060,#4061,#4062,#4063));
#846=EDGE_LOOP('',(#4064,#4065,#4066,#4067,#4068,#4069,#4070,#4071,#4072,
#4073,#4074,#4075));
#847=EDGE_LOOP('',(#4076,#4077,#4078));
#848=EDGE_LOOP('',(#4079,#4080,#4081,#4082));
#849=EDGE_LOOP('',(#4083,#4084,#4085));
#850=EDGE_LOOP('',(#4086,#4087,#4088,#4089));
#851=EDGE_LOOP('',(#4090,#4091,#4092,#4093));
#852=EDGE_LOOP('',(#4094,#4095,#4096,#4097));
#853=EDGE_LOOP('',(#4098,#4099,#4100,#4101,#4102,#4103,#4104,#4105,#4106,
#4107,#4108,#4109));
#854=EDGE_LOOP('',(#4110,#4111,#4112,#4113));
#855=EDGE_LOOP('',(#4114,#4115,#4116,#4117,#4118));
#856=EDGE_LOOP('',(#4119,#4120,#4121,#4122));
#857=EDGE_LOOP('',(#4123,#4124,#4125,#4126,#4127));
#858=EDGE_LOOP('',(#4128,#4129,#4130,#4131));
#859=EDGE_LOOP('',(#4132,#4133,#4134,#4135));
#860=EDGE_LOOP('',(#4136,#4137,#4138,#4139));
#861=EDGE_LOOP('',(#4140,#4141,#4142,#4143));
#862=EDGE_LOOP('',(#4144,#4145,#4146,#4147));
#863=EDGE_LOOP('',(#4148,#4149,#4150,#4151));
#864=EDGE_LOOP('',(#4152));
#865=EDGE_LOOP('',(#4153,#4154,#4155,#4156));
#866=EDGE_LOOP('',(#4157,#4158,#4159,#4160));
#867=EDGE_LOOP('',(#4161,#4162,#4163,#4164,#4165,#4166));
#868=EDGE_LOOP('',(#4167));
#869=EDGE_LOOP('',(#4168,#4169,#4170,#4171));
#870=EDGE_LOOP('',(#4172,#4173,#4174,#4175));
#871=EDGE_LOOP('',(#4176,#4177,#4178,#4179,#4180,#4181));
#872=EDGE_LOOP('',(#4182));
#873=EDGE_LOOP('',(#4183,#4184,#4185,#4186));
#874=EDGE_LOOP('',(#4187,#4188,#4189,#4190));
#875=EDGE_LOOP('',(#4191,#4192,#4193,#4194));
#876=EDGE_LOOP('',(#4195,#4196,#4197,#4198));
#877=EDGE_LOOP('',(#4199,#4200,#4201,#4202,#4203,#4204));
#878=EDGE_LOOP('',(#4205));
#879=EDGE_LOOP('',(#4206,#4207,#4208,#4209));
#880=EDGE_LOOP('',(#4210,#4211,#4212,#4213));
#881=EDGE_LOOP('',(#4214,#4215,#4216,#4217));
#882=EDGE_LOOP('',(#4218,#4219,#4220,#4221));
#883=EDGE_LOOP('',(#4222,#4223,#4224,#4225));
#884=EDGE_LOOP('',(#4226,#4227,#4228,#4229));
#885=EDGE_LOOP('',(#4230,#4231,#4232,#4233,#4234,#4235,#4236,#4237));
#886=EDGE_LOOP('',(#4238,#4239,#4240,#4241,#4242,#4243,#4244,#4245));
#887=EDGE_LOOP('',(#4246,#4247,#4248,#4249,#4250,#4251,#4252,#4253,#4254,
#4255,#4256,#4257));
#888=EDGE_LOOP('',(#4258,#4259,#4260,#4261));
#889=EDGE_LOOP('',(#4262,#4263,#4264,#4265));
#890=EDGE_LOOP('',(#4266,#4267,#4268,#4269,#4270,#4271,#4272,#4273,#4274,
#4275,#4276,#4277));
#891=EDGE_LOOP('',(#4278,#4279,#4280,#4281));
#892=EDGE_LOOP('',(#4282,#4283,#4284,#4285));
#893=EDGE_LOOP('',(#4286,#4287,#4288,#4289));
#894=EDGE_LOOP('',(#4290,#4291,#4292,#4293));
#895=EDGE_LOOP('',(#4294,#4295,#4296,#4297));
#896=EDGE_LOOP('',(#4298));
#897=EDGE_LOOP('',(#4299));
#898=EDGE_LOOP('',(#4300,#4301,#4302,#4303));
#899=EDGE_LOOP('',(#4304,#4305,#4306,#4307));
#900=EDGE_LOOP('',(#4308,#4309,#4310,#4311));
#901=EDGE_LOOP('',(#4312,#4313,#4314,#4315,#4316,#4317));
#902=EDGE_LOOP('',(#4318));
#903=EDGE_LOOP('',(#4319,#4320,#4321,#4322));
#904=EDGE_LOOP('',(#4323,#4324,#4325,#4326));
#905=EDGE_LOOP('',(#4327,#4328,#4329,#4330));
#906=EDGE_LOOP('',(#4331,#4332,#4333,#4334));
#907=EDGE_LOOP('',(#4335,#4336,#4337,#4338));
#908=EDGE_LOOP('',(#4339,#4340,#4341,#4342));
#909=EDGE_LOOP('',(#4343,#4344,#4345,#4346));
#910=EDGE_LOOP('',(#4347,#4348,#4349,#4350));
#911=EDGE_LOOP('',(#4351,#4352,#4353,#4354));
#912=EDGE_LOOP('',(#4355,#4356,#4357,#4358));
#913=EDGE_LOOP('',(#4359,#4360,#4361,#4362));
#914=EDGE_LOOP('',(#4363,#4364,#4365,#4366));
#915=EDGE_LOOP('',(#4367,#4368,#4369,#4370));
#916=EDGE_LOOP('',(#4371,#4372,#4373,#4374));
#917=EDGE_LOOP('',(#4375,#4376,#4377,#4378));
#918=EDGE_LOOP('',(#4379,#4380,#4381,#4382));
#919=EDGE_LOOP('',(#4383,#4384,#4385,#4386));
#920=EDGE_LOOP('',(#4387,#4388,#4389,#4390));
#921=EDGE_LOOP('',(#4391,#4392,#4393,#4394));
#922=EDGE_LOOP('',(#4395,#4396,#4397,#4398));
#923=EDGE_LOOP('',(#4399,#4400,#4401,#4402));
#924=EDGE_LOOP('',(#4403,#4404,#4405,#4406));
#925=EDGE_LOOP('',(#4407,#4408,#4409,#4410));
#926=EDGE_LOOP('',(#4411,#4412,#4413,#4414));
#927=EDGE_LOOP('',(#4415,#4416,#4417,#4418));
#928=EDGE_LOOP('',(#4419,#4420,#4421,#4422));
#929=EDGE_LOOP('',(#4423,#4424,#4425,#4426));
#930=EDGE_LOOP('',(#4427,#4428,#4429,#4430));
#931=EDGE_LOOP('',(#4431,#4432,#4433,#4434));
#932=EDGE_LOOP('',(#4435,#4436,#4437,#4438));
#933=EDGE_LOOP('',(#4439,#4440,#4441,#4442));
#934=EDGE_LOOP('',(#4443,#4444,#4445,#4446));
#935=EDGE_LOOP('',(#4447,#4448,#4449,#4450));
#936=EDGE_LOOP('',(#4451,#4452,#4453,#4454));
#937=EDGE_LOOP('',(#4455,#4456,#4457,#4458));
#938=EDGE_LOOP('',(#4459));
#939=EDGE_LOOP('',(#4460));
#940=EDGE_LOOP('',(#4461,#4462,#4463,#4464));
#941=EDGE_LOOP('',(#4465,#4466,#4467,#4468));
#942=EDGE_LOOP('',(#4469,#4470,#4471,#4472));
#943=EDGE_LOOP('',(#4473,#4474,#4475,#4476));
#944=EDGE_LOOP('',(#4477,#4478,#4479,#4480));
#945=EDGE_LOOP('',(#4481,#4482,#4483,#4484));
#946=EDGE_LOOP('',(#4485,#4486,#4487,#4488));
#947=EDGE_LOOP('',(#4489,#4490,#4491,#4492));
#948=EDGE_LOOP('',(#4493,#4494,#4495,#4496));
#949=EDGE_LOOP('',(#4497,#4498,#4499,#4500));
#950=EDGE_LOOP('',(#4501,#4502,#4503,#4504));
#951=EDGE_LOOP('',(#4505,#4506,#4507,#4508));
#952=EDGE_LOOP('',(#4509,#4510,#4511,#4512));
#953=EDGE_LOOP('',(#4513,#4514,#4515,#4516));
#954=EDGE_LOOP('',(#4517,#4518,#4519,#4520));
#955=EDGE_LOOP('',(#4521,#4522,#4523,#4524));
#956=EDGE_LOOP('',(#4525,#4526,#4527,#4528));
#957=EDGE_LOOP('',(#4529,#4530,#4531,#4532));
#958=EDGE_LOOP('',(#4533,#4534,#4535,#4536));
#959=EDGE_LOOP('',(#4537,#4538,#4539,#4540));
#960=EDGE_LOOP('',(#4541,#4542,#4543,#4544));
#961=EDGE_LOOP('',(#4545,#4546,#4547,#4548));
#962=EDGE_LOOP('',(#4549,#4550,#4551,#4552));
#963=EDGE_LOOP('',(#4553,#4554,#4555,#4556));
#964=EDGE_LOOP('',(#4557,#4558,#4559,#4560));
#965=EDGE_LOOP('',(#4561,#4562,#4563,#4564));
#966=EDGE_LOOP('',(#4565,#4566,#4567,#4568));
#967=EDGE_LOOP('',(#4569,#4570,#4571,#4572));
#968=EDGE_LOOP('',(#4573,#4574,#4575,#4576));
#969=EDGE_LOOP('',(#4577,#4578,#4579,#4580));
#970=EDGE_LOOP('',(#4581,#4582,#4583,#4584));
#971=EDGE_LOOP('',(#4585,#4586,#4587,#4588));
#972=EDGE_LOOP('',(#4589,#4590,#4591,#4592));
#973=EDGE_LOOP('',(#4593,#4594,#4595,#4596));
#974=EDGE_LOOP('',(#4597,#4598,#4599,#4600));
#975=EDGE_LOOP('',(#4601,#4602,#4603,#4604));
#976=EDGE_LOOP('',(#4605,#4606,#4607,#4608));
#977=EDGE_LOOP('',(#4609,#4610,#4611,#4612));
#978=EDGE_LOOP('',(#4613,#4614,#4615,#4616));
#979=EDGE_LOOP('',(#4617,#4618,#4619,#4620));
#980=EDGE_LOOP('',(#4621,#4622,#4623,#4624));
#981=EDGE_LOOP('',(#4625,#4626,#4627,#4628));
#982=EDGE_LOOP('',(#4629,#4630,#4631,#4632));
#983=EDGE_LOOP('',(#4633,#4634,#4635,#4636));
#984=EDGE_LOOP('',(#4637,#4638,#4639,#4640));
#985=EDGE_LOOP('',(#4641,#4642,#4643,#4644));
#986=EDGE_LOOP('',(#4645,#4646,#4647,#4648));
#987=EDGE_LOOP('',(#4649,#4650,#4651,#4652,#4653,#4654));
#988=EDGE_LOOP('',(#4655,#4656,#4657,#4658));
#989=EDGE_LOOP('',(#4659,#4660,#4661,#4662));
#990=EDGE_LOOP('',(#4663,#4664,#4665,#4666));
#991=EDGE_LOOP('',(#4667,#4668,#4669,#4670));
#992=EDGE_LOOP('',(#4671,#4672,#4673,#4674));
#993=EDGE_LOOP('',(#4675,#4676,#4677,#4678));
#994=EDGE_LOOP('',(#4679,#4680,#4681,#4682));
#995=EDGE_LOOP('',(#4683,#4684,#4685,#4686));
#996=EDGE_LOOP('',(#4687,#4688,#4689,#4690));
#997=EDGE_LOOP('',(#4691,#4692,#4693,#4694));
#998=EDGE_LOOP('',(#4695,#4696,#4697,#4698));
#999=EDGE_LOOP('',(#4699,#4700,#4701));
#1000=EDGE_LOOP('',(#4702,#4703,#4704,#4705));
#1001=EDGE_LOOP('',(#4706,#4707,#4708,#4709));
#1002=EDGE_LOOP('',(#4710,#4711,#4712,#4713));
#1003=EDGE_LOOP('',(#4714,#4715,#4716));
#1004=EDGE_LOOP('',(#4717,#4718,#4719,#4720));
#1005=EDGE_LOOP('',(#4721,#4722,#4723));
#1006=EDGE_LOOP('',(#4724,#4725,#4726,#4727));
#1007=EDGE_LOOP('',(#4728,#4729,#4730,#4731));
#1008=EDGE_LOOP('',(#4732,#4733,#4734,#4735));
#1009=EDGE_LOOP('',(#4736,#4737,#4738,#4739));
#1010=EDGE_LOOP('',(#4740,#4741,#4742));
#1011=EDGE_LOOP('',(#4743,#4744,#4745,#4746));
#1012=EDGE_LOOP('',(#4747,#4748,#4749,#4750));
#1013=EDGE_LOOP('',(#4751,#4752,#4753,#4754));
#1014=EDGE_LOOP('',(#4755,#4756,#4757,#4758));
#1015=EDGE_LOOP('',(#4759,#4760,#4761,#4762));
#1016=EDGE_LOOP('',(#4763,#4764,#4765,#4766));
#1017=EDGE_LOOP('',(#4767,#4768,#4769,#4770));
#1018=EDGE_LOOP('',(#4771,#4772,#4773,#4774));
#1019=EDGE_LOOP('',(#4775,#4776,#4777,#4778));
#1020=EDGE_LOOP('',(#4779,#4780,#4781,#4782));
#1021=EDGE_LOOP('',(#4783,#4784,#4785,#4786,#4787,#4788,#4789,#4790));
#1022=EDGE_LOOP('',(#4791,#4792,#4793,#4794));
#1023=EDGE_LOOP('',(#4795));
#1024=EDGE_LOOP('',(#4796));
#1025=EDGE_LOOP('',(#4797,#4798,#4799,#4800,#4801,#4802,#4803,#4804));
#1026=EDGE_LOOP('',(#4805));
#1027=EDGE_LOOP('',(#4806));
#1028=EDGE_LOOP('',(#4807,#4808,#4809,#4810,#4811,#4812,#4813,#4814));
#1029=EDGE_LOOP('',(#4815,#4816,#4817,#4818));
#1030=EDGE_LOOP('',(#4819,#4820,#4821,#4822));
#1031=EDGE_LOOP('',(#4823,#4824,#4825,#4826,#4827,#4828));
#1032=EDGE_LOOP('',(#4829,#4830,#4831,#4832));
#1033=EDGE_LOOP('',(#4833,#4834,#4835,#4836));
#1034=EDGE_LOOP('',(#4837,#4838,#4839,#4840));
#1035=EDGE_LOOP('',(#4841,#4842,#4843,#4844));
#1036=EDGE_LOOP('',(#4845,#4846,#4847,#4848));
#1037=EDGE_LOOP('',(#4849,#4850,#4851,#4852));
#1038=EDGE_LOOP('',(#4853,#4854,#4855,#4856));
#1039=EDGE_LOOP('',(#4857,#4858,#4859,#4860));
#1040=EDGE_LOOP('',(#4861,#4862,#4863));
#1041=EDGE_LOOP('',(#4864,#4865,#4866,#4867));
#1042=EDGE_LOOP('',(#4868,#4869,#4870));
#1043=EDGE_LOOP('',(#4871,#4872,#4873,#4874));
#1044=EDGE_LOOP('',(#4875,#4876,#4877));
#1045=EDGE_LOOP('',(#4878,#4879,#4880));
#1046=EDGE_LOOP('',(#4881,#4882,#4883,#4884));
#1047=EDGE_LOOP('',(#4885,#4886,#4887,#4888));
#1048=EDGE_LOOP('',(#4889,#4890,#4891,#4892));
#1049=EDGE_LOOP('',(#4893,#4894,#4895,#4896));
#1050=EDGE_LOOP('',(#4897,#4898,#4899,#4900));
#1051=EDGE_LOOP('',(#4901,#4902,#4903,#4904));
#1052=EDGE_LOOP('',(#4905,#4906,#4907,#4908));
#1053=EDGE_LOOP('',(#4909,#4910,#4911,#4912));
#1054=EDGE_LOOP('',(#4913,#4914,#4915,#4916));
#1055=EDGE_LOOP('',(#4917,#4918,#4919,#4920));
#1056=EDGE_LOOP('',(#4921,#4922,#4923,#4924));
#1057=EDGE_LOOP('',(#4925,#4926,#4927,#4928));
#1058=EDGE_LOOP('',(#4929,#4930,#4931,#4932));
#1059=EDGE_LOOP('',(#4933,#4934,#4935,#4936));
#1060=EDGE_LOOP('',(#4937,#4938,#4939,#4940));
#1061=EDGE_LOOP('',(#4941,#4942,#4943,#4944));
#1062=EDGE_LOOP('',(#4945,#4946,#4947,#4948));
#1063=EDGE_LOOP('',(#4949,#4950,#4951,#4952));
#1064=EDGE_LOOP('',(#4953,#4954,#4955,#4956));
#1065=EDGE_LOOP('',(#4957,#4958,#4959,#4960,#4961,#4962,#4963,#4964));
#1066=EDGE_LOOP('',(#4965,#4966,#4967,#4968));
#1067=EDGE_LOOP('',(#4969,#4970,#4971,#4972));
#1068=EDGE_LOOP('',(#4973));
#1069=EDGE_LOOP('',(#4974));
#1070=EDGE_LOOP('',(#4975));
#1071=EDGE_LOOP('',(#4976));
#1072=EDGE_LOOP('',(#4977,#4978,#4979,#4980));
#1073=EDGE_LOOP('',(#4981,#4982,#4983,#4984));
#1074=EDGE_LOOP('',(#4985,#4986,#4987,#4988));
#1075=EDGE_LOOP('',(#4989,#4990,#4991,#4992));
#1076=EDGE_LOOP('',(#4993,#4994,#4995,#4996));
#1077=EDGE_LOOP('',(#4997,#4998,#4999,#5000));
#1078=EDGE_LOOP('',(#5001,#5002,#5003,#5004));
#1079=EDGE_LOOP('',(#5005));
#1080=EDGE_LOOP('',(#5006,#5007,#5008,#5009));
#1081=EDGE_LOOP('',(#5010));
#1082=EDGE_LOOP('',(#5011,#5012,#5013,#5014));
#1083=EDGE_LOOP('',(#5015,#5016,#5017,#5018));
#1084=EDGE_LOOP('',(#5019,#5020,#5021,#5022));
#1085=EDGE_LOOP('',(#5023));
#1086=EDGE_LOOP('',(#5024,#5025,#5026,#5027));
#1087=EDGE_LOOP('',(#5028));
#1088=EDGE_LOOP('',(#5029,#5030,#5031,#5032));
#1089=EDGE_LOOP('',(#5033,#5034,#5035,#5036));
#1090=EDGE_LOOP('',(#5037,#5038,#5039,#5040));
#1091=EDGE_LOOP('',(#5041,#5042,#5043,#5044,#5045));
#1092=EDGE_LOOP('',(#5046));
#1093=EDGE_LOOP('',(#5047,#5048,#5049,#5050));
#1094=EDGE_LOOP('',(#5051));
#1095=EDGE_LOOP('',(#5052,#5053,#5054,#5055,#5056,#5057,#5058,#5059));
#1096=EDGE_LOOP('',(#5060));
#1097=EDGE_LOOP('',(#5061));
#1098=EDGE_LOOP('',(#5062,#5063,#5064,#5065));
#1099=EDGE_LOOP('',(#5066,#5067,#5068,#5069));
#1100=EDGE_LOOP('',(#5070,#5071,#5072,#5073));
#1101=EDGE_LOOP('',(#5074,#5075,#5076,#5077));
#1102=EDGE_LOOP('',(#5078));
#1103=EDGE_LOOP('',(#5079));
#1104=EDGE_LOOP('',(#5080,#5081,#5082,#5083));
#1105=EDGE_LOOP('',(#5084,#5085,#5086,#5087));
#1106=EDGE_LOOP('',(#5088));
#1107=EDGE_LOOP('',(#5089,#5090,#5091,#5092));
#1108=EDGE_LOOP('',(#5093));
#1109=EDGE_LOOP('',(#5094));
#1110=LINE('',#7573,#1630);
#1111=LINE('',#7578,#1631);
#1112=LINE('',#7582,#1632);
#1113=LINE('',#7586,#1633);
#1114=LINE('',#7600,#1634);
#1115=LINE('',#7609,#1635);
#1116=LINE('',#7611,#1636);
#1117=LINE('',#7613,#1637);
#1118=LINE('',#7615,#1638);
#1119=LINE('',#7624,#1639);
#1120=LINE('',#7626,#1640);
#1121=LINE('',#7629,#1641);
#1122=LINE('',#7644,#1642);
#1123=LINE('',#7659,#1643);
#1124=LINE('',#7661,#1644);
#1125=LINE('',#7663,#1645);
#1126=LINE('',#7664,#1646);
#1127=LINE('',#7667,#1647);
#1128=LINE('',#7669,#1648);
#1129=LINE('',#7670,#1649);
#1130=LINE('',#7672,#1650);
#1131=LINE('',#7675,#1651);
#1132=LINE('',#7676,#1652);
#1133=LINE('',#7681,#1653);
#1134=LINE('',#7686,#1654);
#1135=LINE('',#7688,#1655);
#1136=LINE('',#7690,#1656);
#1137=LINE('',#7691,#1657);
#1138=LINE('',#7710,#1658);
#1139=LINE('',#7718,#1659);
#1140=LINE('',#7736,#1660);
#1141=LINE('',#7744,#1661);
#1142=LINE('',#7758,#1662);
#1143=LINE('',#7760,#1663);
#1144=LINE('',#7761,#1664);
#1145=LINE('',#7766,#1665);
#1146=LINE('',#7773,#1666);
#1147=LINE('',#7777,#1667);
#1148=LINE('',#7781,#1668);
#1149=LINE('',#7784,#1669);
#1150=LINE('',#7787,#1670);
#1151=LINE('',#7789,#1671);
#1152=LINE('',#7791,#1672);
#1153=LINE('',#7792,#1673);
#1154=LINE('',#7824,#1674);
#1155=LINE('',#7826,#1675);
#1156=LINE('',#7828,#1676);
#1157=LINE('',#7829,#1677);
#1158=LINE('',#7833,#1678);
#1159=LINE('',#7835,#1679);
#1160=LINE('',#7837,#1680);
#1161=LINE('',#7838,#1681);
#1162=LINE('',#7840,#1682);
#1163=LINE('',#7841,#1683);
#1164=LINE('',#7843,#1684);
#1165=LINE('',#7844,#1685);
#1166=LINE('',#7847,#1686);
#1167=LINE('',#7849,#1687);
#1168=LINE('',#7850,#1688);
#1169=LINE('',#7853,#1689);
#1170=LINE('',#7854,#1690);
#1171=LINE('',#7857,#1691);
#1172=LINE('',#7859,#1692);
#1173=LINE('',#7860,#1693);
#1174=LINE('',#7932,#1694);
#1175=LINE('',#7935,#1695);
#1176=LINE('',#7938,#1696);
#1177=LINE('',#7940,#1697);
#1178=LINE('',#7941,#1698);
#1179=LINE('',#7945,#1699);
#1180=LINE('',#7947,#1700);
#1181=LINE('',#7949,#1701);
#1182=LINE('',#7950,#1702);
#1183=LINE('',#7956,#1703);
#1184=LINE('',#7960,#1704);
#1185=LINE('',#7962,#1705);
#1186=LINE('',#7964,#1706);
#1187=LINE('',#7965,#1707);
#1188=LINE('',#7971,#1708);
#1189=LINE('',#7975,#1709);
#1190=LINE('',#7977,#1710);
#1191=LINE('',#7979,#1711);
#1192=LINE('',#7980,#1712);
#1193=LINE('',#7986,#1713);
#1194=LINE('',#7989,#1714);
#1195=LINE('',#7991,#1715);
#1196=LINE('',#7992,#1716);
#1197=LINE('',#7998,#1717);
#1198=LINE('',#8000,#1718);
#1199=LINE('',#8001,#1719);
#1200=LINE('',#8007,#1720);
#1201=LINE('',#8009,#1721);
#1202=LINE('',#8010,#1722);
#1203=LINE('',#8016,#1723);
#1204=LINE('',#8018,#1724);
#1205=LINE('',#8019,#1725);
#1206=LINE('',#8028,#1726);
#1207=LINE('',#8031,#1727);
#1208=LINE('',#8034,#1728);
#1209=LINE('',#8036,#1729);
#1210=LINE('',#8037,#1730);
#1211=LINE('',#8040,#1731);
#1212=LINE('',#8044,#1732);
#1213=LINE('',#8048,#1733);
#1214=LINE('',#8052,#1734);
#1215=LINE('',#8056,#1735);
#1216=LINE('',#8060,#1736);
#1217=LINE('',#8064,#1737);
#1218=LINE('',#8068,#1738);
#1219=LINE('',#8071,#1739);
#1220=LINE('',#8074,#1740);
#1221=LINE('',#8075,#1741);
#1222=LINE('',#8078,#1742);
#1223=LINE('',#8083,#1743);
#1224=LINE('',#8085,#1744);
#1225=LINE('',#8090,#1745);
#1226=LINE('',#8091,#1746);
#1227=LINE('',#8094,#1747);
#1228=LINE('',#8098,#1748);
#1229=LINE('',#8102,#1749);
#1230=LINE('',#8105,#1750);
#1231=LINE('',#8107,#1751);
#1232=LINE('',#8109,#1752);
#1233=LINE('',#8111,#1753);
#1234=LINE('',#8112,#1754);
#1235=LINE('',#8114,#1755);
#1236=LINE('',#8116,#1756);
#1237=LINE('',#8120,#1757);
#1238=LINE('',#8123,#1758);
#1239=LINE('',#8125,#1759);
#1240=LINE('',#8127,#1760);
#1241=LINE('',#8129,#1761);
#1242=LINE('',#8131,#1762);
#1243=LINE('',#8133,#1763);
#1244=LINE('',#8135,#1764);
#1245=LINE('',#8137,#1765);
#1246=LINE('',#8139,#1766);
#1247=LINE('',#8141,#1767);
#1248=LINE('',#8142,#1768);
#1249=LINE('',#8147,#1769);
#1250=LINE('',#8154,#1770);
#1251=LINE('',#8156,#1771);
#1252=LINE('',#8160,#1772);
#1253=LINE('',#8161,#1773);
#1254=LINE('',#8164,#1774);
#1255=LINE('',#8170,#1775);
#1256=LINE('',#8177,#1776);
#1257=LINE('',#8179,#1777);
#1258=LINE('',#8183,#1778);
#1259=LINE('',#8184,#1779);
#1260=LINE('',#8187,#1780);
#1261=LINE('',#8193,#1781);
#1262=LINE('',#8197,#1782);
#1263=LINE('',#8204,#1783);
#1264=LINE('',#8206,#1784);
#1265=LINE('',#8208,#1785);
#1266=LINE('',#8213,#1786);
#1267=LINE('',#8219,#1787);
#1268=LINE('',#8223,#1788);
#1269=LINE('',#8224,#1789);
#1270=LINE('',#8227,#1790);
#1271=LINE('',#8233,#1791);
#1272=LINE('',#8236,#1792);
#1273=LINE('',#8242,#1793);
#1274=LINE('',#8245,#1794);
#1275=LINE('',#8251,#1795);
#1276=LINE('',#8254,#1796);
#1277=LINE('',#8260,#1797);
#1278=LINE('',#8263,#1798);
#1279=LINE('',#8267,#1799);
#1280=LINE('',#8269,#1800);
#1281=LINE('',#8270,#1801);
#1282=LINE('',#8273,#1802);
#1283=LINE('',#8274,#1803);
#1284=LINE('',#8276,#1804);
#1285=LINE('',#8278,#1805);
#1286=LINE('',#8279,#1806);
#1287=LINE('',#8288,#1807);
#1288=LINE('',#8289,#1808);
#1289=LINE('',#8293,#1809);
#1290=LINE('',#8296,#1810);
#1291=LINE('',#8300,#1811);
#1292=LINE('',#8302,#1812);
#1293=LINE('',#8303,#1813);
#1294=LINE('',#8305,#1814);
#1295=LINE('',#8307,#1815);
#1296=LINE('',#8308,#1816);
#1297=LINE('',#8310,#1817);
#1298=LINE('',#8311,#1818);
#1299=LINE('',#8314,#1819);
#1300=LINE('',#8316,#1820);
#1301=LINE('',#8318,#1821);
#1302=LINE('',#8319,#1822);
#1303=LINE('',#8322,#1823);
#1304=LINE('',#8323,#1824);
#1305=LINE('',#8325,#1825);
#1306=LINE('',#8329,#1826);
#1307=LINE('',#8331,#1827);
#1308=LINE('',#8333,#1828);
#1309=LINE('',#8334,#1829);
#1310=LINE('',#8337,#1830);
#1311=LINE('',#8339,#1831);
#1312=LINE('',#8340,#1832);
#1313=LINE('',#8343,#1833);
#1314=LINE('',#8344,#1834);
#1315=LINE('',#8347,#1835);
#1316=LINE('',#8348,#1836);
#1317=LINE('',#8350,#1837);
#1318=LINE('',#8356,#1838);
#1319=LINE('',#8359,#1839);
#1320=LINE('',#8362,#1840);
#1321=LINE('',#8363,#1841);
#1322=LINE('',#8365,#1842);
#1323=LINE('',#8368,#1843);
#1324=LINE('',#8373,#1844);
#1325=LINE('',#8374,#1845);
#1326=LINE('',#8377,#1846);
#1327=LINE('',#8378,#1847);
#1328=LINE('',#8381,#1848);
#1329=LINE('',#8383,#1849);
#1330=LINE('',#8386,#1850);
#1331=LINE('',#8389,#1851);
#1332=LINE('',#8392,#1852);
#1333=LINE('',#8395,#1853);
#1334=LINE('',#8396,#1854);
#1335=LINE('',#8401,#1855);
#1336=LINE('',#8402,#1856);
#1337=LINE('',#8404,#1857);
#1338=LINE('',#8406,#1858);
#1339=LINE('',#8411,#1859);
#1340=LINE('',#8412,#1860);
#1341=LINE('',#8415,#1861);
#1342=LINE('',#8416,#1862);
#1343=LINE('',#8419,#1863);
#1344=LINE('',#8423,#1864);
#1345=LINE('',#8428,#1865);
#1346=LINE('',#8434,#1866);
#1347=LINE('',#8437,#1867);
#1348=LINE('',#8438,#1868);
#1349=LINE('',#8439,#1869);
#1350=LINE('',#8440,#1870);
#1351=LINE('',#8443,#1871);
#1352=LINE('',#8445,#1872);
#1353=LINE('',#8446,#1873);
#1354=LINE('',#8447,#1874);
#1355=LINE('',#8448,#1875);
#1356=LINE('',#8453,#1876);
#1357=LINE('',#8454,#1877);
#1358=LINE('',#8456,#1878);
#1359=LINE('',#8464,#1879);
#1360=LINE('',#8471,#1880);
#1361=LINE('',#8473,#1881);
#1362=LINE('',#8474,#1882);
#1363=LINE('',#8477,#1883);
#1364=LINE('',#8478,#1884);
#1365=LINE('',#8481,#1885);
#1366=LINE('',#8482,#1886);
#1367=LINE('',#8484,#1887);
#1368=LINE('',#8487,#1888);
#1369=LINE('',#8488,#1889);
#1370=LINE('',#8490,#1890);
#1371=LINE('',#8495,#1891);
#1372=LINE('',#8496,#1892);
#1373=LINE('',#8497,#1893);
#1374=LINE('',#8500,#1894);
#1375=LINE('',#8501,#1895);
#1376=LINE('',#8504,#1896);
#1377=LINE('',#8505,#1897);
#1378=LINE('',#8507,#1898);
#1379=LINE('',#8510,#1899);
#1380=LINE('',#8513,#1900);
#1381=LINE('',#8515,#1901);
#1382=LINE('',#8519,#1902);
#1383=LINE('',#8524,#1903);
#1384=LINE('',#8527,#1904);
#1385=LINE('',#8531,#1905);
#1386=LINE('',#8535,#1906);
#1387=LINE('',#8540,#1907);
#1388=LINE('',#8544,#1908);
#1389=LINE('',#8545,#1909);
#1390=LINE('',#8547,#1910);
#1391=LINE('',#8549,#1911);
#1392=LINE('',#8551,#1912);
#1393=LINE('',#8553,#1913);
#1394=LINE('',#8554,#1914);
#1395=LINE('',#8557,#1915);
#1396=LINE('',#8563,#1916);
#1397=LINE('',#8565,#1917);
#1398=LINE('',#8567,#1918);
#1399=LINE('',#8568,#1919);
#1400=LINE('',#8571,#1920);
#1401=LINE('',#8573,#1921);
#1402=LINE('',#8574,#1922);
#1403=LINE('',#8577,#1923);
#1404=LINE('',#8579,#1924);
#1405=LINE('',#8580,#1925);
#1406=LINE('',#8582,#1926);
#1407=LINE('',#8583,#1927);
#1408=LINE('',#8587,#1928);
#1409=LINE('',#8589,#1929);
#1410=LINE('',#8591,#1930);
#1411=LINE('',#8592,#1931);
#1412=LINE('',#8595,#1932);
#1413=LINE('',#8597,#1933);
#1414=LINE('',#8599,#1934);
#1415=LINE('',#8600,#1935);
#1416=LINE('',#8603,#1936);
#1417=LINE('',#8605,#1937);
#1418=LINE('',#8607,#1938);
#1419=LINE('',#8608,#1939);
#1420=LINE('',#8611,#1940);
#1421=LINE('',#8613,#1941);
#1422=LINE('',#8615,#1942);
#1423=LINE('',#8616,#1943);
#1424=LINE('',#8619,#1944);
#1425=LINE('',#8621,#1945);
#1426=LINE('',#8622,#1946);
#1427=LINE('',#8625,#1947);
#1428=LINE('',#8627,#1948);
#1429=LINE('',#8628,#1949);
#1430=LINE('',#8631,#1950);
#1431=LINE('',#8633,#1951);
#1432=LINE('',#8634,#1952);
#1433=LINE('',#8637,#1953);
#1434=LINE('',#8639,#1954);
#1435=LINE('',#8640,#1955);
#1436=LINE('',#8643,#1956);
#1437=LINE('',#8645,#1957);
#1438=LINE('',#8646,#1958);
#1439=LINE('',#8649,#1959);
#1440=LINE('',#8651,#1960);
#1441=LINE('',#8652,#1961);
#1442=LINE('',#8655,#1962);
#1443=LINE('',#8657,#1963);
#1444=LINE('',#8658,#1964);
#1445=LINE('',#8660,#1965);
#1446=LINE('',#8663,#1966);
#1447=LINE('',#8665,#1967);
#1448=LINE('',#8666,#1968);
#1449=LINE('',#8668,#1969);
#1450=LINE('',#8670,#1970);
#1451=LINE('',#8671,#1971);
#1452=LINE('',#8673,#1972);
#1453=LINE('',#8675,#1973);
#1454=LINE('',#8679,#1974);
#1455=LINE('',#8681,#1975);
#1456=LINE('',#8683,#1976);
#1457=LINE('',#8684,#1977);
#1458=LINE('',#8686,#1978);
#1459=LINE('',#8690,#1979);
#1460=LINE('',#8696,#1980);
#1461=LINE('',#8698,#1981);
#1462=LINE('',#8700,#1982);
#1463=LINE('',#8701,#1983);
#1464=LINE('',#8704,#1984);
#1465=LINE('',#8706,#1985);
#1466=LINE('',#8707,#1986);
#1467=LINE('',#8710,#1987);
#1468=LINE('',#8712,#1988);
#1469=LINE('',#8713,#1989);
#1470=LINE('',#8715,#1990);
#1471=LINE('',#8716,#1991);
#1472=LINE('',#8721,#1992);
#1473=LINE('',#8722,#1993);
#1474=LINE('',#8723,#1994);
#1475=LINE('',#8726,#1995);
#1476=LINE('',#8727,#1996);
#1477=LINE('',#8730,#1997);
#1478=LINE('',#8731,#1998);
#1479=LINE('',#8733,#1999);
#1480=LINE('',#8739,#2000);
#1481=LINE('',#8741,#2001);
#1482=LINE('',#8743,#2002);
#1483=LINE('',#8744,#2003);
#1484=LINE('',#8747,#2004);
#1485=LINE('',#8749,#2005);
#1486=LINE('',#8750,#2006);
#1487=LINE('',#8753,#2007);
#1488=LINE('',#8755,#2008);
#1489=LINE('',#8756,#2009);
#1490=LINE('',#8758,#2010);
#1491=LINE('',#8759,#2011);
#1492=LINE('',#8762,#2012);
#1493=LINE('',#8764,#2013);
#1494=LINE('',#8765,#2014);
#1495=LINE('',#8768,#2015);
#1496=LINE('',#8770,#2016);
#1497=LINE('',#8772,#2017);
#1498=LINE('',#8773,#2018);
#1499=LINE('',#8777,#2019);
#1500=LINE('',#8779,#2020);
#1501=LINE('',#8781,#2021);
#1502=LINE('',#8782,#2022);
#1503=LINE('',#8786,#2023);
#1504=LINE('',#8788,#2024);
#1505=LINE('',#8790,#2025);
#1506=LINE('',#8791,#2026);
#1507=LINE('',#8794,#2027);
#1508=LINE('',#8795,#2028);
#1509=LINE('',#8796,#2029);
#1510=LINE('',#8799,#2030);
#1511=LINE('',#8800,#2031);
#1512=LINE('',#8801,#2032);
#1513=LINE('',#8803,#2033);
#1514=LINE('',#8806,#2034);
#1515=LINE('',#8807,#2035);
#1516=LINE('',#8809,#2036);
#1517=LINE('',#8812,#2037);
#1518=LINE('',#8814,#2038);
#1519=LINE('',#8815,#2039);
#1520=LINE('',#8818,#2040);
#1521=LINE('',#8819,#2041);
#1522=LINE('',#8883,#2042);
#1523=LINE('',#8884,#2043);
#1524=LINE('',#8920,#2044);
#1525=LINE('',#8928,#2045);
#1526=LINE('',#8930,#2046);
#1527=LINE('',#8931,#2047);
#1528=LINE('',#8961,#2048);
#1529=LINE('',#8962,#2049);
#1530=LINE('',#8970,#2050);
#1531=LINE('',#8972,#2051);
#1532=LINE('',#8974,#2052);
#1533=LINE('',#8975,#2053);
#1534=LINE('',#8977,#2054);
#1535=LINE('',#8978,#2055);
#1536=LINE('',#8980,#2056);
#1537=LINE('',#8981,#2057);
#1538=LINE('',#8983,#2058);
#1539=LINE('',#8984,#2059);
#1540=LINE('',#8986,#2060);
#1541=LINE('',#8987,#2061);
#1542=LINE('',#8996,#2062);
#1543=LINE('',#9000,#2063);
#1544=LINE('',#9004,#2064);
#1545=LINE('',#9007,#2065);
#1546=LINE('',#9010,#2066);
#1547=LINE('',#9012,#2067);
#1548=LINE('',#9014,#2068);
#1549=LINE('',#9015,#2069);
#1550=LINE('',#9022,#2070);
#1551=LINE('',#9026,#2071);
#1552=LINE('',#9030,#2072);
#1553=LINE('',#9034,#2073);
#1554=LINE('',#9042,#2074);
#1555=LINE('',#9046,#2075);
#1556=LINE('',#9048,#2076);
#1557=LINE('',#9049,#2077);
#1558=LINE('',#9052,#2078);
#1559=LINE('',#9053,#2079);
#1560=LINE('',#9056,#2080);
#1561=LINE('',#9057,#2081);
#1562=LINE('',#9059,#2082);
#1563=LINE('',#9062,#2083);
#1564=LINE('',#9063,#2084);
#1565=LINE('',#9065,#2085);
#1566=LINE('',#9071,#2086);
#1567=LINE('',#9074,#2087);
#1568=LINE('',#9079,#2088);
#1569=LINE('',#9082,#2089);
#1570=LINE('',#9089,#2090);
#1571=LINE('',#9092,#2091);
#1572=LINE('',#9098,#2092);
#1573=LINE('',#9101,#2093);
#1574=LINE('',#9107,#2094);
#1575=LINE('',#9108,#2095);
#1576=LINE('',#9110,#2096);
#1577=LINE('',#9112,#2097);
#1578=LINE('',#9114,#2098);
#1579=LINE('',#9117,#2099);
#1580=LINE('',#9119,#2100);
#1581=LINE('',#9121,#2101);
#1582=LINE('',#9125,#2102);
#1583=LINE('',#9129,#2103);
#1584=LINE('',#9133,#2104);
#1585=LINE('',#9137,#2105);
#1586=LINE('',#9141,#2106);
#1587=LINE('',#9145,#2107);
#1588=LINE('',#9149,#2108);
#1589=LINE('',#9153,#2109);
#1590=LINE('',#9157,#2110);
#1591=LINE('',#9160,#2111);
#1592=LINE('',#9163,#2112);
#1593=LINE('',#9164,#2113);
#1594=LINE('',#9167,#2114);
#1595=LINE('',#9171,#2115);
#1596=LINE('',#9175,#2116);
#1597=LINE('',#9178,#2117);
#1598=LINE('',#9179,#2118);
#1599=LINE('',#9181,#2119);
#1600=LINE('',#9183,#2120);
#1601=LINE('',#9185,#2121);
#1602=LINE('',#9192,#2122);
#1603=LINE('',#9199,#2123);
#1604=LINE('',#9205,#2124);
#1605=LINE('',#9207,#2125);
#1606=LINE('',#9209,#2126);
#1607=LINE('',#9210,#2127);
#1608=LINE('',#9213,#2128);
#1609=LINE('',#9215,#2129);
#1610=LINE('',#9216,#2130);
#1611=LINE('',#9285,#2131);
#1612=LINE('',#9287,#2132);
#1613=LINE('',#9288,#2133);
#1614=LINE('',#9290,#2134);
#1615=LINE('',#9291,#2135);
#1616=LINE('',#9297,#2136);
#1617=LINE('',#9354,#2137);
#1618=LINE('',#9443,#2138);
#1619=LINE('',#9445,#2139);
#1620=LINE('',#9447,#2140);
#1621=LINE('',#9448,#2141);
#1622=LINE('',#9451,#2142);
#1623=LINE('',#9453,#2143);
#1624=LINE('',#9454,#2144);
#1625=LINE('',#9457,#2145);
#1626=LINE('',#9459,#2146);
#1627=LINE('',#9460,#2147);
#1628=LINE('',#9462,#2148);
#1629=LINE('',#9463,#2149);
#1630=VECTOR('',#5996,3.75);
#1631=VECTOR('',#6003,3.5);
#1632=VECTOR('',#6008,4.25);
#1633=VECTOR('',#6013,4.5);
#1634=VECTOR('',#6018,3.5);
#1635=VECTOR('',#6025,10.);
#1636=VECTOR('',#6026,10.);
#1637=VECTOR('',#6027,10.);
#1638=VECTOR('',#6028,10.);
#1639=VECTOR('',#6029,10.);
#1640=VECTOR('',#6032,10.);
#1641=VECTOR('',#6035,2.5);
#1642=VECTOR('',#6042,3.5);
#1643=VECTOR('',#6051,10.);
#1644=VECTOR('',#6052,10.);
#1645=VECTOR('',#6053,10.);
#1646=VECTOR('',#6054,10.);
#1647=VECTOR('',#6057,10.);
#1648=VECTOR('',#6058,10.);
#1649=VECTOR('',#6059,10.);
#1650=VECTOR('',#6062,10.);
#1651=VECTOR('',#6065,10.);
#1652=VECTOR('',#6066,10.);
#1653=VECTOR('',#6071,10.);
#1654=VECTOR('',#6076,10.);
#1655=VECTOR('',#6077,10.);
#1656=VECTOR('',#6078,10.);
#1657=VECTOR('',#6079,10.);
#1658=VECTOR('',#6098,2.5);
#1659=VECTOR('',#6103,3.5);
#1660=VECTOR('',#6108,2.5);
#1661=VECTOR('',#6113,3.5);
#1662=VECTOR('',#6118,10.);
#1663=VECTOR('',#6119,10.);
#1664=VECTOR('',#6120,10.);
#1665=VECTOR('',#6127,2.5);
#1666=VECTOR('',#6134,10.);
#1667=VECTOR('',#6137,10.);
#1668=VECTOR('',#6140,10.);
#1669=VECTOR('',#6143,10.);
#1670=VECTOR('',#6144,10.);
#1671=VECTOR('',#6145,10.);
#1672=VECTOR('',#6146,10.);
#1673=VECTOR('',#6147,10.);
#1674=VECTOR('',#6182,10.);
#1675=VECTOR('',#6183,10.);
#1676=VECTOR('',#6184,10.);
#1677=VECTOR('',#6185,10.);
#1678=VECTOR('',#6188,10.);
#1679=VECTOR('',#6189,10.);
#1680=VECTOR('',#6190,10.);
#1681=VECTOR('',#6191,10.);
#1682=VECTOR('',#6194,10.);
#1683=VECTOR('',#6195,10.);
#1684=VECTOR('',#6198,10.);
#1685=VECTOR('',#6199,10.);
#1686=VECTOR('',#6202,10.);
#1687=VECTOR('',#6203,10.);
#1688=VECTOR('',#6204,10.);
#1689=VECTOR('',#6207,10.);
#1690=VECTOR('',#6208,10.);
#1691=VECTOR('',#6211,10.);
#1692=VECTOR('',#6212,10.);
#1693=VECTOR('',#6213,10.);
#1694=VECTOR('',#6234,10.);
#1695=VECTOR('',#6237,10.);
#1696=VECTOR('',#6240,10.);
#1697=VECTOR('',#6241,10.);
#1698=VECTOR('',#6242,10.);
#1699=VECTOR('',#6245,10.);
#1700=VECTOR('',#6246,10.);
#1701=VECTOR('',#6247,10.);
#1702=VECTOR('',#6248,10.);
#1703=VECTOR('',#6255,10.);
#1704=VECTOR('',#6258,10.);
#1705=VECTOR('',#6259,10.);
#1706=VECTOR('',#6260,10.);
#1707=VECTOR('',#6261,10.);
#1708=VECTOR('',#6268,10.);
#1709=VECTOR('',#6271,10.);
#1710=VECTOR('',#6272,10.);
#1711=VECTOR('',#6273,10.);
#1712=VECTOR('',#6274,10.);
#1713=VECTOR('',#6281,10.);
#1714=VECTOR('',#6284,10.);
#1715=VECTOR('',#6285,10.);
#1716=VECTOR('',#6286,10.);
#1717=VECTOR('',#6295,10.);
#1718=VECTOR('',#6296,10.);
#1719=VECTOR('',#6297,10.);
#1720=VECTOR('',#6306,10.);
#1721=VECTOR('',#6307,10.);
#1722=VECTOR('',#6308,10.);
#1723=VECTOR('',#6317,10.);
#1724=VECTOR('',#6318,10.);
#1725=VECTOR('',#6319,10.);
#1726=VECTOR('',#6330,10.);
#1727=VECTOR('',#6333,10.);
#1728=VECTOR('',#6336,10.);
#1729=VECTOR('',#6337,10.);
#1730=VECTOR('',#6338,10.);
#1731=VECTOR('',#6341,10.);
#1732=VECTOR('',#6344,10.);
#1733=VECTOR('',#6347,10.);
#1734=VECTOR('',#6350,10.);
#1735=VECTOR('',#6353,10.);
#1736=VECTOR('',#6356,10.);
#1737=VECTOR('',#6359,10.);
#1738=VECTOR('',#6364,10.);
#1739=VECTOR('',#6367,10.);
#1740=VECTOR('',#6370,10.);
#1741=VECTOR('',#6371,10.);
#1742=VECTOR('',#6374,10.);
#1743=VECTOR('',#6381,10.);
#1744=VECTOR('',#6384,10.);
#1745=VECTOR('',#6389,10.);
#1746=VECTOR('',#6390,10.);
#1747=VECTOR('',#6393,10.);
#1748=VECTOR('',#6396,10.);
#1749=VECTOR('',#6399,10.);
#1750=VECTOR('',#6402,10.);
#1751=VECTOR('',#6405,10.);
#1752=VECTOR('',#6408,10.);
#1753=VECTOR('',#6411,10.);
#1754=VECTOR('',#6412,10.);
#1755=VECTOR('',#6415,10.);
#1756=VECTOR('',#6418,10.);
#1757=VECTOR('',#6425,10.);
#1758=VECTOR('',#6428,10.);
#1759=VECTOR('',#6429,10.);
#1760=VECTOR('',#6430,10.);
#1761=VECTOR('',#6431,10.);
#1762=VECTOR('',#6432,10.);
#1763=VECTOR('',#6433,10.);
#1764=VECTOR('',#6434,10.);
#1765=VECTOR('',#6435,10.);
#1766=VECTOR('',#6436,10.);
#1767=VECTOR('',#6437,10.);
#1768=VECTOR('',#6438,10.);
#1769=VECTOR('',#6443,1.2);
#1770=VECTOR('',#6450,10.);
#1771=VECTOR('',#6451,10.);
#1772=VECTOR('',#6454,10.);
#1773=VECTOR('',#6455,10.);
#1774=VECTOR('',#6458,0.949999999999998);
#1775=VECTOR('',#6465,1.2);
#1776=VECTOR('',#6472,10.);
#1777=VECTOR('',#6473,10.);
#1778=VECTOR('',#6476,10.);
#1779=VECTOR('',#6477,10.);
#1780=VECTOR('',#6480,0.949999999999998);
#1781=VECTOR('',#6487,1.2);
#1782=VECTOR('',#6492,0.949999999999998);
#1783=VECTOR('',#6499,10.);
#1784=VECTOR('',#6500,10.);
#1785=VECTOR('',#6503,10.);
#1786=VECTOR('',#6508,1.2);
#1787=VECTOR('',#6515,10.);
#1788=VECTOR('',#6518,10.);
#1789=VECTOR('',#6519,10.);
#1790=VECTOR('',#6522,0.949999999999997);
#1791=VECTOR('',#6529,1.65);
#1792=VECTOR('',#6534,1.4);
#1793=VECTOR('',#6541,1.65);
#1794=VECTOR('',#6546,1.4);
#1795=VECTOR('',#6553,1.65);
#1796=VECTOR('',#6558,1.4);
#1797=VECTOR('',#6565,1.65);
#1798=VECTOR('',#6570,1.4);
#1799=VECTOR('',#6575,10.);
#1800=VECTOR('',#6576,10.);
#1801=VECTOR('',#6577,10.);
#1802=VECTOR('',#6580,10.);
#1803=VECTOR('',#6581,10.);
#1804=VECTOR('',#6582,10.);
#1805=VECTOR('',#6583,10.);
#1806=VECTOR('',#6584,10.);
#1807=VECTOR('',#6599,10.);
#1808=VECTOR('',#6600,10.);
#1809=VECTOR('',#6605,10.);
#1810=VECTOR('',#6608,10.);
#1811=VECTOR('',#6613,10.);
#1812=VECTOR('',#6614,10.);
#1813=VECTOR('',#6615,10.);
#1814=VECTOR('',#6616,10.);
#1815=VECTOR('',#6617,10.);
#1816=VECTOR('',#6618,10.);
#1817=VECTOR('',#6619,10.);
#1818=VECTOR('',#6620,10.);
#1819=VECTOR('',#6621,10.);
#1820=VECTOR('',#6622,10.);
#1821=VECTOR('',#6623,10.);
#1822=VECTOR('',#6624,10.);
#1823=VECTOR('',#6627,10.);
#1824=VECTOR('',#6628,10.);
#1825=VECTOR('',#6631,10.);
#1826=VECTOR('',#6634,10.);
#1827=VECTOR('',#6635,10.);
#1828=VECTOR('',#6636,10.);
#1829=VECTOR('',#6637,10.);
#1830=VECTOR('',#6640,10.);
#1831=VECTOR('',#6641,10.);
#1832=VECTOR('',#6642,10.);
#1833=VECTOR('',#6645,10.);
#1834=VECTOR('',#6646,10.);
#1835=VECTOR('',#6649,10.);
#1836=VECTOR('',#6650,10.);
#1837=VECTOR('',#6653,10.);
#1838=VECTOR('',#6660,10.);
#1839=VECTOR('',#6663,10.);
#1840=VECTOR('',#6666,10.);
#1841=VECTOR('',#6667,10.);
#1842=VECTOR('',#6670,10.);
#1843=VECTOR('',#6673,10.);
#1844=VECTOR('',#6678,10.);
#1845=VECTOR('',#6679,10.);
#1846=VECTOR('',#6682,10.);
#1847=VECTOR('',#6683,10.);
#1848=VECTOR('',#6686,10.);
#1849=VECTOR('',#6687,10.);
#1850=VECTOR('',#6690,10.);
#1851=VECTOR('',#6693,10.);
#1852=VECTOR('',#6696,10.);
#1853=VECTOR('',#6699,10.);
#1854=VECTOR('',#6700,10.);
#1855=VECTOR('',#6705,10.);
#1856=VECTOR('',#6706,10.);
#1857=VECTOR('',#6709,10.);
#1858=VECTOR('',#6712,10.);
#1859=VECTOR('',#6717,10.);
#1860=VECTOR('',#6718,10.);
#1861=VECTOR('',#6721,10.);
#1862=VECTOR('',#6722,10.);
#1863=VECTOR('',#6725,10.);
#1864=VECTOR('',#6728,10.);
#1865=VECTOR('',#6733,10.);
#1866=VECTOR('',#6740,10.);
#1867=VECTOR('',#6745,10.);
#1868=VECTOR('',#6746,10.);
#1869=VECTOR('',#6747,10.);
#1870=VECTOR('',#6748,10.);
#1871=VECTOR('',#6753,10.);
#1872=VECTOR('',#6756,10.);
#1873=VECTOR('',#6757,10.);
#1874=VECTOR('',#6758,10.);
#1875=VECTOR('',#6759,10.);
#1876=VECTOR('',#6768,10.);
#1877=VECTOR('',#6769,10.);
#1878=VECTOR('',#6772,10.);
#1879=VECTOR('',#6785,10.);
#1880=VECTOR('',#6796,10.);
#1881=VECTOR('',#6797,10.);
#1882=VECTOR('',#6798,10.);
#1883=VECTOR('',#6801,10.);
#1884=VECTOR('',#6802,10.);
#1885=VECTOR('',#6805,10.);
#1886=VECTOR('',#6806,10.);
#1887=VECTOR('',#6809,10.);
#1888=VECTOR('',#6812,10.);
#1889=VECTOR('',#6813,10.);
#1890=VECTOR('',#6816,10.);
#1891=VECTOR('',#6821,10.);
#1892=VECTOR('',#6822,10.);
#1893=VECTOR('',#6823,10.);
#1894=VECTOR('',#6826,10.);
#1895=VECTOR('',#6827,10.);
#1896=VECTOR('',#6830,10.);
#1897=VECTOR('',#6831,10.);
#1898=VECTOR('',#6834,10.);
#1899=VECTOR('',#6839,1.875);
#1900=VECTOR('',#6842,10.);
#1901=VECTOR('',#6843,10.);
#1902=VECTOR('',#6848,10.);
#1903=VECTOR('',#6855,10.);
#1904=VECTOR('',#6858,10.);
#1905=VECTOR('',#6863,10.);
#1906=VECTOR('',#6868,10.);
#1907=VECTOR('',#6875,10.);
#1908=VECTOR('',#6882,10.);
#1909=VECTOR('',#6883,10.);
#1910=VECTOR('',#6886,10.);
#1911=VECTOR('',#6889,10.);
#1912=VECTOR('',#6892,10.);
#1913=VECTOR('',#6895,10.);
#1914=VECTOR('',#6896,10.);
#1915=VECTOR('',#6901,10.);
#1916=VECTOR('',#6908,10.);
#1917=VECTOR('',#6909,10.);
#1918=VECTOR('',#6910,10.);
#1919=VECTOR('',#6911,10.);
#1920=VECTOR('',#6914,10.);
#1921=VECTOR('',#6915,10.);
#1922=VECTOR('',#6916,10.);
#1923=VECTOR('',#6919,10.);
#1924=VECTOR('',#6920,10.);
#1925=VECTOR('',#6921,10.);
#1926=VECTOR('',#6924,10.);
#1927=VECTOR('',#6925,10.);
#1928=VECTOR('',#6928,10.);
#1929=VECTOR('',#6929,10.);
#1930=VECTOR('',#6930,10.);
#1931=VECTOR('',#6931,10.);
#1932=VECTOR('',#6932,10.);
#1933=VECTOR('',#6933,10.);
#1934=VECTOR('',#6934,10.);
#1935=VECTOR('',#6935,10.);
#1936=VECTOR('',#6936,10.);
#1937=VECTOR('',#6937,10.);
#1938=VECTOR('',#6938,10.);
#1939=VECTOR('',#6939,10.);
#1940=VECTOR('',#6940,10.);
#1941=VECTOR('',#6941,10.);
#1942=VECTOR('',#6942,10.);
#1943=VECTOR('',#6943,10.);
#1944=VECTOR('',#6946,10.);
#1945=VECTOR('',#6947,10.);
#1946=VECTOR('',#6948,10.);
#1947=VECTOR('',#6951,10.);
#1948=VECTOR('',#6952,10.);
#1949=VECTOR('',#6953,10.);
#1950=VECTOR('',#6956,10.);
#1951=VECTOR('',#6957,10.);
#1952=VECTOR('',#6958,10.);
#1953=VECTOR('',#6961,10.);
#1954=VECTOR('',#6962,10.);
#1955=VECTOR('',#6963,10.);
#1956=VECTOR('',#6966,10.);
#1957=VECTOR('',#6967,10.);
#1958=VECTOR('',#6968,10.);
#1959=VECTOR('',#6971,10.);
#1960=VECTOR('',#6972,10.);
#1961=VECTOR('',#6973,10.);
#1962=VECTOR('',#6976,10.);
#1963=VECTOR('',#6977,10.);
#1964=VECTOR('',#6978,10.);
#1965=VECTOR('',#6981,10.);
#1966=VECTOR('',#6984,10.);
#1967=VECTOR('',#6985,10.);
#1968=VECTOR('',#6986,10.);
#1969=VECTOR('',#6989,10.);
#1970=VECTOR('',#6992,10.);
#1971=VECTOR('',#6993,10.);
#1972=VECTOR('',#6996,10.);
#1973=VECTOR('',#6999,10.);
#1974=VECTOR('',#7002,10.);
#1975=VECTOR('',#7003,10.);
#1976=VECTOR('',#7004,10.);
#1977=VECTOR('',#7005,10.);
#1978=VECTOR('',#7008,10.);
#1979=VECTOR('',#7015,10.);
#1980=VECTOR('',#7022,10.);
#1981=VECTOR('',#7023,10.);
#1982=VECTOR('',#7024,10.);
#1983=VECTOR('',#7025,10.);
#1984=VECTOR('',#7028,10.);
#1985=VECTOR('',#7029,10.);
#1986=VECTOR('',#7030,10.);
#1987=VECTOR('',#7033,10.);
#1988=VECTOR('',#7034,10.);
#1989=VECTOR('',#7035,10.);
#1990=VECTOR('',#7038,10.);
#1991=VECTOR('',#7039,10.);
#1992=VECTOR('',#7044,10.);
#1993=VECTOR('',#7045,10.);
#1994=VECTOR('',#7046,10.);
#1995=VECTOR('',#7049,10.);
#1996=VECTOR('',#7050,10.);
#1997=VECTOR('',#7053,10.);
#1998=VECTOR('',#7054,10.);
#1999=VECTOR('',#7057,10.);
#2000=VECTOR('',#7064,10.);
#2001=VECTOR('',#7065,10.);
#2002=VECTOR('',#7066,10.);
#2003=VECTOR('',#7067,10.);
#2004=VECTOR('',#7070,10.);
#2005=VECTOR('',#7071,10.);
#2006=VECTOR('',#7072,10.);
#2007=VECTOR('',#7075,10.);
#2008=VECTOR('',#7076,10.);
#2009=VECTOR('',#7077,10.);
#2010=VECTOR('',#7080,10.);
#2011=VECTOR('',#7081,10.);
#2012=VECTOR('',#7084,10.);
#2013=VECTOR('',#7085,10.);
#2014=VECTOR('',#7086,10.);
#2015=VECTOR('',#7089,10.);
#2016=VECTOR('',#7090,10.);
#2017=VECTOR('',#7091,10.);
#2018=VECTOR('',#7092,10.);
#2019=VECTOR('',#7095,10.);
#2020=VECTOR('',#7096,10.);
#2021=VECTOR('',#7097,10.);
#2022=VECTOR('',#7098,10.);
#2023=VECTOR('',#7101,10.);
#2024=VECTOR('',#7102,10.);
#2025=VECTOR('',#7103,10.);
#2026=VECTOR('',#7104,10.);
#2027=VECTOR('',#7107,10.);
#2028=VECTOR('',#7108,10.);
#2029=VECTOR('',#7109,10.);
#2030=VECTOR('',#7112,10.);
#2031=VECTOR('',#7113,10.);
#2032=VECTOR('',#7114,10.);
#2033=VECTOR('',#7117,10.);
#2034=VECTOR('',#7120,10.);
#2035=VECTOR('',#7121,10.);
#2036=VECTOR('',#7124,10.);
#2037=VECTOR('',#7127,10.);
#2038=VECTOR('',#7128,10.);
#2039=VECTOR('',#7129,10.);
#2040=VECTOR('',#7132,10.);
#2041=VECTOR('',#7133,10.);
#2042=VECTOR('',#7160,10.);
#2043=VECTOR('',#7161,10.);
#2044=VECTOR('',#7180,10.);
#2045=VECTOR('',#7191,10.);
#2046=VECTOR('',#7194,10.);
#2047=VECTOR('',#7195,10.);
#2048=VECTOR('',#7206,10.);
#2049=VECTOR('',#7207,10.);
#2050=VECTOR('',#7218,10.);
#2051=VECTOR('',#7221,10.);
#2052=VECTOR('',#7224,10.);
#2053=VECTOR('',#7225,10.);
#2054=VECTOR('',#7228,10.);
#2055=VECTOR('',#7229,10.);
#2056=VECTOR('',#7232,10.);
#2057=VECTOR('',#7233,10.);
#2058=VECTOR('',#7236,10.);
#2059=VECTOR('',#7237,10.);
#2060=VECTOR('',#7240,10.);
#2061=VECTOR('',#7241,10.);
#2062=VECTOR('',#7252,10.);
#2063=VECTOR('',#7255,10.);
#2064=VECTOR('',#7258,10.);
#2065=VECTOR('',#7261,10.);
#2066=VECTOR('',#7262,10.);
#2067=VECTOR('',#7263,10.);
#2068=VECTOR('',#7264,10.);
#2069=VECTOR('',#7265,10.);
#2070=VECTOR('',#7270,10.);
#2071=VECTOR('',#7273,10.);
#2072=VECTOR('',#7276,10.);
#2073=VECTOR('',#7279,10.);
#2074=VECTOR('',#7290,10.);
#2075=VECTOR('',#7295,10.);
#2076=VECTOR('',#7296,10.);
#2077=VECTOR('',#7297,10.);
#2078=VECTOR('',#7300,10.);
#2079=VECTOR('',#7301,10.);
#2080=VECTOR('',#7304,10.);
#2081=VECTOR('',#7305,10.);
#2082=VECTOR('',#7308,10.);
#2083=VECTOR('',#7311,10.);
#2084=VECTOR('',#7312,10.);
#2085=VECTOR('',#7315,10.);
#2086=VECTOR('',#7320,10.);
#2087=VECTOR('',#7323,10.);
#2088=VECTOR('',#7328,10.);
#2089=VECTOR('',#7331,10.);
#2090=VECTOR('',#7340,10.);
#2091=VECTOR('',#7343,10.);
#2092=VECTOR('',#7352,10.);
#2093=VECTOR('',#7355,10.);
#2094=VECTOR('',#7366,10.);
#2095=VECTOR('',#7367,10.);
#2096=VECTOR('',#7370,10.);
#2097=VECTOR('',#7373,10.);
#2098=VECTOR('',#7376,10.);
#2099=VECTOR('',#7381,10.);
#2100=VECTOR('',#7384,10.);
#2101=VECTOR('',#7387,10.);
#2102=VECTOR('',#7392,1.75);
#2103=VECTOR('',#7397,1.25);
#2104=VECTOR('',#7402,1.75);
#2105=VECTOR('',#7407,1.25);
#2106=VECTOR('',#7412,1.75);
#2107=VECTOR('',#7417,1.25);
#2108=VECTOR('',#7422,1.75);
#2109=VECTOR('',#7427,1.25);
#2110=VECTOR('',#7432,10.);
#2111=VECTOR('',#7435,10.);
#2112=VECTOR('',#7438,10.);
#2113=VECTOR('',#7439,10.);
#2114=VECTOR('',#7442,10.);
#2115=VECTOR('',#7445,10.);
#2116=VECTOR('',#7448,10.);
#2117=VECTOR('',#7453,10.);
#2118=VECTOR('',#7454,10.);
#2119=VECTOR('',#7457,10.);
#2120=VECTOR('',#7460,10.);
#2121=VECTOR('',#7463,10.);
#2122=VECTOR('',#7472,2.);
#2123=VECTOR('',#7481,2.);
#2124=VECTOR('',#7488,10.);
#2125=VECTOR('',#7489,10.);
#2126=VECTOR('',#7490,10.);
#2127=VECTOR('',#7491,10.);
#2128=VECTOR('',#7494,10.);
#2129=VECTOR('',#7495,10.);
#2130=VECTOR('',#7496,10.);
#2131=VECTOR('',#7515,10.);
#2132=VECTOR('',#7516,10.);
#2133=VECTOR('',#7517,10.);
#2134=VECTOR('',#7520,10.);
#2135=VECTOR('',#7521,10.);
#2136=VECTOR('',#7528,0.999999999999999);
#2137=VECTOR('',#7535,1.);
#2138=VECTOR('',#7546,10.);
#2139=VECTOR('',#7547,10.);
#2140=VECTOR('',#7548,10.);
#2141=VECTOR('',#7549,10.);
#2142=VECTOR('',#7552,10.);
#2143=VECTOR('',#7553,10.);
#2144=VECTOR('',#7554,10.);
#2145=VECTOR('',#7557,10.);
#2146=VECTOR('',#7558,10.);
#2147=VECTOR('',#7559,10.);
#2148=VECTOR('',#7562,10.);
#2149=VECTOR('',#7563,10.);
#2150=CIRCLE('',#5463,3.5);
#2151=CIRCLE('',#5464,4.);
#2152=CIRCLE('',#5466,3.5);
#2153=CIRCLE('',#5468,4.5);
#2154=CIRCLE('',#5470,4.5);
#2155=CIRCLE('',#5472,4.5);
#2156=CIRCLE('',#5473,2.5);
#2157=CIRCLE('',#5474,4.5);
#2158=CIRCLE('',#5478,2.5);
#2159=CIRCLE('',#5480,4.5);
#2160=CIRCLE('',#5481,2.5);
#2161=CIRCLE('',#5482,4.5);
#2162=CIRCLE('',#5483,4.5);
#2163=CIRCLE('',#5489,4.5);
#2164=CIRCLE('',#5490,4.5);
#2165=CIRCLE('',#5491,4.5);
#2166=CIRCLE('',#5492,97.04);
#2167=CIRCLE('',#5493,2.);
#2168=CIRCLE('',#5494,176.5625);
#2169=CIRCLE('',#5495,2.);
#2170=CIRCLE('',#5496,97.0399999999998);
#2171=CIRCLE('',#5497,2.);
#2172=CIRCLE('',#5498,176.562499999999);
#2173=CIRCLE('',#5499,2.);
#2174=CIRCLE('',#5501,2.5);
#2175=CIRCLE('',#5503,2.5);
#2176=CIRCLE('',#5505,2.5);
#2177=CIRCLE('',#5507,2.5);
#2178=CIRCLE('',#5510,2.);
#2179=CIRCLE('',#5512,2.5);
#2180=CIRCLE('',#5514,2.);
#2181=CIRCLE('',#5515,2.);
#2182=CIRCLE('',#5516,2.);
#2183=CIRCLE('',#5517,2.);
#2184=CIRCLE('',#5518,179.562499999999);
#2185=CIRCLE('',#5519,5.);
#2186=CIRCLE('',#5520,100.04);
#2187=CIRCLE('',#5521,5.);
#2188=CIRCLE('',#5522,179.5625);
#2189=CIRCLE('',#5523,5.);
#2190=CIRCLE('',#5524,100.04);
#2191=CIRCLE('',#5525,5.);
#2192=CIRCLE('',#5527,1.4);
#2193=CIRCLE('',#5529,1.4);
#2194=CIRCLE('',#5531,1.4);
#2195=CIRCLE('',#5533,1.4);
#2196=CIRCLE('',#5541,0.3);
#2197=CIRCLE('',#5542,1.5);
#2198=CIRCLE('',#5543,1.8);
#2199=CIRCLE('',#5545,0.300000000000001);
#2200=CIRCLE('',#5546,1.5);
#2201=CIRCLE('',#5547,1.8);
#2202=CIRCLE('',#5550,0.75);
#2203=CIRCLE('',#5551,0.75);
#2204=CIRCLE('',#5555,0.75);
#2205=CIRCLE('',#5556,0.75);
#2206=CIRCLE('',#5559,0.75);
#2207=CIRCLE('',#5560,0.75);
#2208=CIRCLE('',#5563,0.75);
#2209=CIRCLE('',#5564,0.75);
#2210=CIRCLE('',#5567,0.75);
#2211=CIRCLE('',#5568,0.75);
#2212=CIRCLE('',#5571,0.75);
#2213=CIRCLE('',#5572,0.75);
#2214=CIRCLE('',#5575,0.75);
#2215=CIRCLE('',#5576,0.75);
#2216=CIRCLE('',#5579,0.75);
#2217=CIRCLE('',#5580,0.75);
#2218=CIRCLE('',#5582,7.);
#2219=CIRCLE('',#5583,7.);
#2220=CIRCLE('',#5586,7.);
#2221=CIRCLE('',#5587,7.);
#2222=CIRCLE('',#5588,7.);
#2223=CIRCLE('',#5589,7.);
#2224=CIRCLE('',#5590,7.);
#2225=CIRCLE('',#5591,7.);
#2226=CIRCLE('',#5592,7.);
#2227=CIRCLE('',#5594,7.);
#2228=CIRCLE('',#5597,7.);
#2229=CIRCLE('',#5599,7.);
#2230=CIRCLE('',#5602,7.);
#2231=CIRCLE('',#5604,7.);
#2232=CIRCLE('',#5605,7.);
#2233=CIRCLE('',#5606,7.);
#2234=CIRCLE('',#5617,1.45);
#2235=CIRCLE('',#5618,0.949999999999998);
#2236=CIRCLE('',#5620,2.5);
#2237=CIRCLE('',#5621,2.);
#2238=CIRCLE('',#5625,1.45);
#2239=CIRCLE('',#5626,0.949999999999998);
#2240=CIRCLE('',#5628,2.5);
#2241=CIRCLE('',#5629,2.);
#2242=CIRCLE('',#5633,1.45);
#2243=CIRCLE('',#5634,0.949999999999998);
#2244=CIRCLE('',#5638,2.5);
#2245=CIRCLE('',#5639,2.);
#2246=CIRCLE('',#5641,1.45);
#2247=CIRCLE('',#5642,0.949999999999998);
#2248=CIRCLE('',#5644,2.5);
#2249=CIRCLE('',#5645,2.);
#2250=CIRCLE('',#5649,1.4);
#2251=CIRCLE('',#5650,1.9);
#2252=CIRCLE('',#5654,1.4);
#2253=CIRCLE('',#5655,1.9);
#2254=CIRCLE('',#5659,1.4);
#2255=CIRCLE('',#5660,1.9);
#2256=CIRCLE('',#5664,1.4);
#2257=CIRCLE('',#5665,1.9);
#2258=CIRCLE('',#5671,2.);
#2259=CIRCLE('',#5673,2.);
#2260=CIRCLE('',#5675,2.);
#2261=CIRCLE('',#5690,1.875);
#2262=CIRCLE('',#5709,2.);
#2263=CIRCLE('',#5712,2.);
#2264=CIRCLE('',#5713,2.);
#2265=CIRCLE('',#5714,2.);
#2266=CIRCLE('',#5715,2.);
#2267=CIRCLE('',#5716,2.);
#2268=CIRCLE('',#5717,2.);
#2269=CIRCLE('',#5718,2.);
#2270=CIRCLE('',#5729,1.875);
#2271=CIRCLE('',#5752,176.562499999999);
#2272=CIRCLE('',#5754,2.);
#2273=CIRCLE('',#5756,2.);
#2274=CIRCLE('',#5758,97.04);
#2275=CIRCLE('',#5760,97.0399999999998);
#2276=CIRCLE('',#5762,2.);
#2277=CIRCLE('',#5764,2.);
#2278=CIRCLE('',#5766,176.5625);
#2279=CIRCLE('',#5828,0.499999999999998);
#2280=CIRCLE('',#5830,0.499999999999999);
#2281=CIRCLE('',#5832,0.499999999999998);
#2282=CIRCLE('',#5833,0.5);
#2283=CIRCLE('',#5834,0.499999999999999);
#2284=CIRCLE('',#5836,0.500000000000001);
#2285=CIRCLE('',#5838,0.499999999999998);
#2286=CIRCLE('',#5841,0.500000000000001);
#2287=CIRCLE('',#5843,0.499999999999998);
#2288=CIRCLE('',#5845,0.499999999999999);
#2289=CIRCLE('',#5846,0.499999999999998);
#2290=CIRCLE('',#5847,0.499999999999999);
#2291=CIRCLE('',#5850,0.499999999999998);
#2292=CIRCLE('',#5851,0.499999999999999);
#2293=CIRCLE('',#5852,0.499999999999999);
#2294=CIRCLE('',#5856,0.499999999999999);
#2295=CIRCLE('',#5858,0.499999999999998);
#2296=CIRCLE('',#5861,0.499999999999999);
#2297=CIRCLE('',#5862,0.499999999999998);
#2298=CIRCLE('',#5863,0.499999999999999);
#2299=CIRCLE('',#5875,2.);
#2300=CIRCLE('',#5876,2.);
#2301=CIRCLE('',#5877,2.);
#2302=CIRCLE('',#5878,2.);
#2303=CIRCLE('',#5879,2.25);
#2304=CIRCLE('',#5880,2.25);
#2305=CIRCLE('',#5885,2.25);
#2306=CIRCLE('',#5886,2.25);
#2307=CIRCLE('',#5897,2.5);
#2308=CIRCLE('',#5898,2.5);
#2309=CIRCLE('',#5900,2.5);
#2310=CIRCLE('',#5901,2.5);
#2311=CIRCLE('',#5903,2.5);
#2312=CIRCLE('',#5905,2.5);
#2313=CIRCLE('',#5906,2.5);
#2314=CIRCLE('',#5908,2.5);
#2315=CIRCLE('',#5910,2.5);
#2316=CIRCLE('',#5911,2.5);
#2317=CIRCLE('',#5913,2.5);
#2318=CIRCLE('',#5915,2.5);
#2319=CIRCLE('',#5926,1.25);
#2320=CIRCLE('',#5928,1.25);
#2321=CIRCLE('',#5930,1.25);
#2322=CIRCLE('',#5932,1.25);
#2323=CIRCLE('',#5934,1.25);
#2324=CIRCLE('',#5936,1.25);
#2325=CIRCLE('',#5938,1.25);
#2326=CIRCLE('',#5940,1.25);
#2327=CIRCLE('',#5942,2.);
#2328=CIRCLE('',#5945,2.);
#2329=CIRCLE('',#5946,2.);
#2330=CIRCLE('',#5947,2.);
#2331=CIRCLE('',#5955,2.);
#2332=CIRCLE('',#5956,2.);
#2333=CIRCLE('',#5959,2.);
#2334=CIRCLE('',#5960,2.);
#2335=CIRCLE('',#5964,1.);
#2336=CIRCLE('',#5965,1.);
#2337=CIRCLE('',#5966,2.);
#2338=CIRCLE('',#5968,1.);
#2339=CIRCLE('',#5969,1.);
#2340=CIRCLE('',#5970,2.);
#2341=CIRCLE('',#5976,0.999999999999999);
#2342=CIRCLE('',#5979,1.);
#2343=CIRCLE('',#5981,1.06274606680623);
#2344=CIRCLE('',#5982,9.);
#2345=VERTEX_POINT('',#7570);
#2346=VERTEX_POINT('',#7572);
#2347=VERTEX_POINT('',#7576);
#2348=VERTEX_POINT('',#7580);
#2349=VERTEX_POINT('',#7584);
#2350=VERTEX_POINT('',#7588);
#2351=VERTEX_POINT('',#7589);
#2352=VERTEX_POINT('',#7593);
#2353=VERTEX_POINT('',#7595);
#2354=VERTEX_POINT('',#7599);
#2355=VERTEX_POINT('',#7602);
#2356=VERTEX_POINT('',#7608);
#2357=VERTEX_POINT('',#7610);
#2358=VERTEX_POINT('',#7612);
#2359=VERTEX_POINT('',#7614);
#2360=VERTEX_POINT('',#7616);
#2361=VERTEX_POINT('',#7620);
#2362=VERTEX_POINT('',#7628);
#2363=VERTEX_POINT('',#7632);
#2364=VERTEX_POINT('',#7633);
#2365=VERTEX_POINT('',#7637);
#2366=VERTEX_POINT('',#7639);
#2367=VERTEX_POINT('',#7643);
#2368=VERTEX_POINT('',#7646);
#2369=VERTEX_POINT('',#7650);
#2370=VERTEX_POINT('',#7652);
#2371=VERTEX_POINT('',#7658);
#2372=VERTEX_POINT('',#7660);
#2373=VERTEX_POINT('',#7662);
#2374=VERTEX_POINT('',#7666);
#2375=VERTEX_POINT('',#7668);
#2376=VERTEX_POINT('',#7674);
#2377=VERTEX_POINT('',#7678);
#2378=VERTEX_POINT('',#7680);
#2379=VERTEX_POINT('',#7682);
#2380=VERTEX_POINT('',#7684);
#2381=VERTEX_POINT('',#7687);
#2382=VERTEX_POINT('',#7689);
#2383=VERTEX_POINT('',#7692);
#2384=VERTEX_POINT('',#7693);
#2385=VERTEX_POINT('',#7695);
#2386=VERTEX_POINT('',#7697);
#2387=VERTEX_POINT('',#7699);
#2388=VERTEX_POINT('',#7701);
#2389=VERTEX_POINT('',#7703);
#2390=VERTEX_POINT('',#7705);
#2391=VERTEX_POINT('',#7709);
#2392=VERTEX_POINT('',#7713);
#2393=VERTEX_POINT('',#7717);
#2394=VERTEX_POINT('',#7720);
#2395=VERTEX_POINT('',#7735);
#2396=VERTEX_POINT('',#7739);
#2397=VERTEX_POINT('',#7743);
#2398=VERTEX_POINT('',#7757);
#2399=VERTEX_POINT('',#7759);
#2400=VERTEX_POINT('',#7765);
#2401=VERTEX_POINT('',#7769);
#2402=VERTEX_POINT('',#7770);
#2403=VERTEX_POINT('',#7772);
#2404=VERTEX_POINT('',#7774);
#2405=VERTEX_POINT('',#7776);
#2406=VERTEX_POINT('',#7778);
#2407=VERTEX_POINT('',#7780);
#2408=VERTEX_POINT('',#7782);
#2409=VERTEX_POINT('',#7785);
#2410=VERTEX_POINT('',#7786);
#2411=VERTEX_POINT('',#7788);
#2412=VERTEX_POINT('',#7790);
#2413=VERTEX_POINT('',#7793);
#2414=VERTEX_POINT('',#7794);
#2415=VERTEX_POINT('',#7796);
#2416=VERTEX_POINT('',#7798);
#2417=VERTEX_POINT('',#7800);
#2418=VERTEX_POINT('',#7802);
#2419=VERTEX_POINT('',#7804);
#2420=VERTEX_POINT('',#7806);
#2421=VERTEX_POINT('',#7810);
#2422=VERTEX_POINT('',#7813);
#2423=VERTEX_POINT('',#7816);
#2424=VERTEX_POINT('',#7819);
#2425=VERTEX_POINT('',#7822);
#2426=VERTEX_POINT('',#7823);
#2427=VERTEX_POINT('',#7825);
#2428=VERTEX_POINT('',#7827);
#2429=VERTEX_POINT('',#7831);
#2430=VERTEX_POINT('',#7832);
#2431=VERTEX_POINT('',#7834);
#2432=VERTEX_POINT('',#7836);
#2433=VERTEX_POINT('',#7846);
#2434=VERTEX_POINT('',#7848);
#2435=VERTEX_POINT('',#7852);
#2436=VERTEX_POINT('',#7856);
#2437=VERTEX_POINT('',#7858);
#2438=VERTEX_POINT('',#7888);
#2439=VERTEX_POINT('',#7890);
#2440=VERTEX_POINT('',#7921);
#2441=VERTEX_POINT('',#7923);
#2442=VERTEX_POINT('',#7928);
#2443=VERTEX_POINT('',#7929);
#2444=VERTEX_POINT('',#7931);
#2445=VERTEX_POINT('',#7933);
#2446=VERTEX_POINT('',#7937);
#2447=VERTEX_POINT('',#7939);
#2448=VERTEX_POINT('',#7943);
#2449=VERTEX_POINT('',#7944);
#2450=VERTEX_POINT('',#7946);
#2451=VERTEX_POINT('',#7948);
#2452=VERTEX_POINT('',#7952);
#2453=VERTEX_POINT('',#7954);
#2454=VERTEX_POINT('',#7958);
#2455=VERTEX_POINT('',#7959);
#2456=VERTEX_POINT('',#7961);
#2457=VERTEX_POINT('',#7963);
#2458=VERTEX_POINT('',#7967);
#2459=VERTEX_POINT('',#7969);
#2460=VERTEX_POINT('',#7973);
#2461=VERTEX_POINT('',#7974);
#2462=VERTEX_POINT('',#7976);
#2463=VERTEX_POINT('',#7978);
#2464=VERTEX_POINT('',#7982);
#2465=VERTEX_POINT('',#7984);
#2466=VERTEX_POINT('',#7988);
#2467=VERTEX_POINT('',#7990);
#2468=VERTEX_POINT('',#7997);
#2469=VERTEX_POINT('',#7999);
#2470=VERTEX_POINT('',#8006);
#2471=VERTEX_POINT('',#8008);
#2472=VERTEX_POINT('',#8015);
#2473=VERTEX_POINT('',#8017);
#2474=VERTEX_POINT('',#8024);
#2475=VERTEX_POINT('',#8025);
#2476=VERTEX_POINT('',#8027);
#2477=VERTEX_POINT('',#8029);
#2478=VERTEX_POINT('',#8033);
#2479=VERTEX_POINT('',#8035);
#2480=VERTEX_POINT('',#8039);
#2481=VERTEX_POINT('',#8041);
#2482=VERTEX_POINT('',#8043);
#2483=VERTEX_POINT('',#8045);
#2484=VERTEX_POINT('',#8047);
#2485=VERTEX_POINT('',#8050);
#2486=VERTEX_POINT('',#8051);
#2487=VERTEX_POINT('',#8053);
#2488=VERTEX_POINT('',#8055);
#2489=VERTEX_POINT('',#8057);
#2490=VERTEX_POINT('',#8059);
#2491=VERTEX_POINT('',#8061);
#2492=VERTEX_POINT('',#8063);
#2493=VERTEX_POINT('',#8067);
#2494=VERTEX_POINT('',#8069);
#2495=VERTEX_POINT('',#8073);
#2496=VERTEX_POINT('',#8077);
#2497=VERTEX_POINT('',#8081);
#2498=VERTEX_POINT('',#8087);
#2499=VERTEX_POINT('',#8088);
#2500=VERTEX_POINT('',#8093);
#2501=VERTEX_POINT('',#8095);
#2502=VERTEX_POINT('',#8097);
#2503=VERTEX_POINT('',#8099);
#2504=VERTEX_POINT('',#8101);
#2505=VERTEX_POINT('',#8103);
#2506=VERTEX_POINT('',#8122);
#2507=VERTEX_POINT('',#8124);
#2508=VERTEX_POINT('',#8126);
#2509=VERTEX_POINT('',#8128);
#2510=VERTEX_POINT('',#8130);
#2511=VERTEX_POINT('',#8132);
#2512=VERTEX_POINT('',#8134);
#2513=VERTEX_POINT('',#8136);
#2514=VERTEX_POINT('',#8138);
#2515=VERTEX_POINT('',#8140);
#2516=VERTEX_POINT('',#8144);
#2517=VERTEX_POINT('',#8146);
#2518=VERTEX_POINT('',#8150);
#2519=VERTEX_POINT('',#8151);
#2520=VERTEX_POINT('',#8153);
#2521=VERTEX_POINT('',#8155);
#2522=VERTEX_POINT('',#8157);
#2523=VERTEX_POINT('',#8159);
#2524=VERTEX_POINT('',#8163);
#2525=VERTEX_POINT('',#8167);
#2526=VERTEX_POINT('',#8169);
#2527=VERTEX_POINT('',#8173);
#2528=VERTEX_POINT('',#8174);
#2529=VERTEX_POINT('',#8176);
#2530=VERTEX_POINT('',#8178);
#2531=VERTEX_POINT('',#8180);
#2532=VERTEX_POINT('',#8182);
#2533=VERTEX_POINT('',#8186);
#2534=VERTEX_POINT('',#8190);
#2535=VERTEX_POINT('',#8192);
#2536=VERTEX_POINT('',#8196);
#2537=VERTEX_POINT('',#8200);
#2538=VERTEX_POINT('',#8201);
#2539=VERTEX_POINT('',#8203);
#2540=VERTEX_POINT('',#8205);
#2541=VERTEX_POINT('',#8210);
#2542=VERTEX_POINT('',#8212);
#2543=VERTEX_POINT('',#8216);
#2544=VERTEX_POINT('',#8217);
#2545=VERTEX_POINT('',#8220);
#2546=VERTEX_POINT('',#8222);
#2547=VERTEX_POINT('',#8226);
#2548=VERTEX_POINT('',#8230);
#2549=VERTEX_POINT('',#8232);
#2550=VERTEX_POINT('',#8239);
#2551=VERTEX_POINT('',#8241);
#2552=VERTEX_POINT('',#8248);
#2553=VERTEX_POINT('',#8250);
#2554=VERTEX_POINT('',#8257);
#2555=VERTEX_POINT('',#8259);
#2556=VERTEX_POINT('',#8266);
#2557=VERTEX_POINT('',#8268);
#2558=VERTEX_POINT('',#8272);
#2559=VERTEX_POINT('',#8275);
#2560=VERTEX_POINT('',#8277);
#2561=VERTEX_POINT('',#8287);
#2562=VERTEX_POINT('',#8291);
#2563=VERTEX_POINT('',#8295);
#2564=VERTEX_POINT('',#8299);
#2565=VERTEX_POINT('',#8301);
#2566=VERTEX_POINT('',#8304);
#2567=VERTEX_POINT('',#8306);
#2568=VERTEX_POINT('',#8309);
#2569=VERTEX_POINT('',#8312);
#2570=VERTEX_POINT('',#8313);
#2571=VERTEX_POINT('',#8315);
#2572=VERTEX_POINT('',#8317);
#2573=VERTEX_POINT('',#8321);
#2574=VERTEX_POINT('',#8327);
#2575=VERTEX_POINT('',#8328);
#2576=VERTEX_POINT('',#8330);
#2577=VERTEX_POINT('',#8332);
#2578=VERTEX_POINT('',#8336);
#2579=VERTEX_POINT('',#8338);
#2580=VERTEX_POINT('',#8342);
#2581=VERTEX_POINT('',#8346);
#2582=VERTEX_POINT('',#8352);
#2583=VERTEX_POINT('',#8355);
#2584=VERTEX_POINT('',#8357);
#2585=VERTEX_POINT('',#8361);
#2586=VERTEX_POINT('',#8366);
#2587=VERTEX_POINT('',#8370);
#2588=VERTEX_POINT('',#8371);
#2589=VERTEX_POINT('',#8376);
#2590=VERTEX_POINT('',#8380);
#2591=VERTEX_POINT('',#8382);
#2592=VERTEX_POINT('',#8384);
#2593=VERTEX_POINT('',#8388);
#2594=VERTEX_POINT('',#8390);
#2595=VERTEX_POINT('',#8394);
#2596=VERTEX_POINT('',#8398);
#2597=VERTEX_POINT('',#8399);
#2598=VERTEX_POINT('',#8408);
#2599=VERTEX_POINT('',#8409);
#2600=VERTEX_POINT('',#8414);
#2601=VERTEX_POINT('',#8418);
#2602=VERTEX_POINT('',#8420);
#2603=VERTEX_POINT('',#8422);
#2604=VERTEX_POINT('',#8426);
#2605=VERTEX_POINT('',#8427);
#2606=VERTEX_POINT('',#8431);
#2607=VERTEX_POINT('',#8433);
#2608=VERTEX_POINT('',#8458);
#2609=VERTEX_POINT('',#8470);
#2610=VERTEX_POINT('',#8472);
#2611=VERTEX_POINT('',#8476);
#2612=VERTEX_POINT('',#8480);
#2613=VERTEX_POINT('',#8486);
#2614=VERTEX_POINT('',#8493);
#2615=VERTEX_POINT('',#8494);
#2616=VERTEX_POINT('',#8499);
#2617=VERTEX_POINT('',#8503);
#2618=VERTEX_POINT('',#8512);
#2619=VERTEX_POINT('',#8514);
#2620=VERTEX_POINT('',#8518);
#2621=VERTEX_POINT('',#8522);
#2622=VERTEX_POINT('',#8526);
#2623=VERTEX_POINT('',#8530);
#2624=VERTEX_POINT('',#8534);
#2625=VERTEX_POINT('',#8538);
#2626=VERTEX_POINT('',#8561);
#2627=VERTEX_POINT('',#8562);
#2628=VERTEX_POINT('',#8564);
#2629=VERTEX_POINT('',#8566);
#2630=VERTEX_POINT('',#8570);
#2631=VERTEX_POINT('',#8572);
#2632=VERTEX_POINT('',#8576);
#2633=VERTEX_POINT('',#8578);
#2634=VERTEX_POINT('',#8585);
#2635=VERTEX_POINT('',#8586);
#2636=VERTEX_POINT('',#8588);
#2637=VERTEX_POINT('',#8590);
#2638=VERTEX_POINT('',#8593);
#2639=VERTEX_POINT('',#8594);
#2640=VERTEX_POINT('',#8596);
#2641=VERTEX_POINT('',#8598);
#2642=VERTEX_POINT('',#8601);
#2643=VERTEX_POINT('',#8602);
#2644=VERTEX_POINT('',#8604);
#2645=VERTEX_POINT('',#8606);
#2646=VERTEX_POINT('',#8609);
#2647=VERTEX_POINT('',#8610);
#2648=VERTEX_POINT('',#8612);
#2649=VERTEX_POINT('',#8614);
#2650=VERTEX_POINT('',#8618);
#2651=VERTEX_POINT('',#8620);
#2652=VERTEX_POINT('',#8624);
#2653=VERTEX_POINT('',#8626);
#2654=VERTEX_POINT('',#8630);
#2655=VERTEX_POINT('',#8632);
#2656=VERTEX_POINT('',#8636);
#2657=VERTEX_POINT('',#8638);
#2658=VERTEX_POINT('',#8642);
#2659=VERTEX_POINT('',#8644);
#2660=VERTEX_POINT('',#8648);
#2661=VERTEX_POINT('',#8650);
#2662=VERTEX_POINT('',#8654);
#2663=VERTEX_POINT('',#8656);
#2664=VERTEX_POINT('',#8662);
#2665=VERTEX_POINT('',#8664);
#2666=VERTEX_POINT('',#8677);
#2667=VERTEX_POINT('',#8678);
#2668=VERTEX_POINT('',#8680);
#2669=VERTEX_POINT('',#8682);
#2670=VERTEX_POINT('',#8694);
#2671=VERTEX_POINT('',#8695);
#2672=VERTEX_POINT('',#8697);
#2673=VERTEX_POINT('',#8699);
#2674=VERTEX_POINT('',#8703);
#2675=VERTEX_POINT('',#8705);
#2676=VERTEX_POINT('',#8709);
#2677=VERTEX_POINT('',#8711);
#2678=VERTEX_POINT('',#8719);
#2679=VERTEX_POINT('',#8720);
#2680=VERTEX_POINT('',#8725);
#2681=VERTEX_POINT('',#8729);
#2682=VERTEX_POINT('',#8737);
#2683=VERTEX_POINT('',#8738);
#2684=VERTEX_POINT('',#8740);
#2685=VERTEX_POINT('',#8742);
#2686=VERTEX_POINT('',#8746);
#2687=VERTEX_POINT('',#8748);
#2688=VERTEX_POINT('',#8752);
#2689=VERTEX_POINT('',#8754);
#2690=VERTEX_POINT('',#8761);
#2691=VERTEX_POINT('',#8763);
#2692=VERTEX_POINT('',#8767);
#2693=VERTEX_POINT('',#8769);
#2694=VERTEX_POINT('',#8771);
#2695=VERTEX_POINT('',#8775);
#2696=VERTEX_POINT('',#8776);
#2697=VERTEX_POINT('',#8778);
#2698=VERTEX_POINT('',#8780);
#2699=VERTEX_POINT('',#8784);
#2700=VERTEX_POINT('',#8785);
#2701=VERTEX_POINT('',#8787);
#2702=VERTEX_POINT('',#8789);
#2703=VERTEX_POINT('',#8793);
#2704=VERTEX_POINT('',#8798);
#2705=VERTEX_POINT('',#8805);
#2706=VERTEX_POINT('',#8811);
#2707=VERTEX_POINT('',#8813);
#2708=VERTEX_POINT('',#8817);
#2709=VERTEX_POINT('',#8840);
#2710=VERTEX_POINT('',#8841);
#2711=VERTEX_POINT('',#8843);
#2712=VERTEX_POINT('',#8845);
#2713=VERTEX_POINT('',#8849);
#2714=VERTEX_POINT('',#8851);
#2715=VERTEX_POINT('',#8874);
#2716=VERTEX_POINT('',#8875);
#2717=VERTEX_POINT('',#8877);
#2718=VERTEX_POINT('',#8879);
#2719=VERTEX_POINT('',#8905);
#2720=VERTEX_POINT('',#8906);
#2721=VERTEX_POINT('',#8908);
#2722=VERTEX_POINT('',#8910);
#2723=VERTEX_POINT('',#8914);
#2724=VERTEX_POINT('',#8915);
#2725=VERTEX_POINT('',#8922);
#2726=VERTEX_POINT('',#8924);
#2727=VERTEX_POINT('',#8952);
#2728=VERTEX_POINT('',#8953);
#2729=VERTEX_POINT('',#8955);
#2730=VERTEX_POINT('',#8957);
#2731=VERTEX_POINT('',#8964);
#2732=VERTEX_POINT('',#8965);
#2733=VERTEX_POINT('',#8992);
#2734=VERTEX_POINT('',#8993);
#2735=VERTEX_POINT('',#8995);
#2736=VERTEX_POINT('',#8997);
#2737=VERTEX_POINT('',#8999);
#2738=VERTEX_POINT('',#9001);
#2739=VERTEX_POINT('',#9003);
#2740=VERTEX_POINT('',#9005);
#2741=VERTEX_POINT('',#9008);
#2742=VERTEX_POINT('',#9009);
#2743=VERTEX_POINT('',#9011);
#2744=VERTEX_POINT('',#9013);
#2745=VERTEX_POINT('',#9016);
#2746=VERTEX_POINT('',#9018);
#2747=VERTEX_POINT('',#9020);
#2748=VERTEX_POINT('',#9021);
#2749=VERTEX_POINT('',#9023);
#2750=VERTEX_POINT('',#9025);
#2751=VERTEX_POINT('',#9027);
#2752=VERTEX_POINT('',#9029);
#2753=VERTEX_POINT('',#9031);
#2754=VERTEX_POINT('',#9033);
#2755=VERTEX_POINT('',#9036);
#2756=VERTEX_POINT('',#9038);
#2757=VERTEX_POINT('',#9045);
#2758=VERTEX_POINT('',#9047);
#2759=VERTEX_POINT('',#9051);
#2760=VERTEX_POINT('',#9055);
#2761=VERTEX_POINT('',#9061);
#2762=VERTEX_POINT('',#9067);
#2763=VERTEX_POINT('',#9068);
#2764=VERTEX_POINT('',#9070);
#2765=VERTEX_POINT('',#9072);
#2766=VERTEX_POINT('',#9076);
#2767=VERTEX_POINT('',#9078);
#2768=VERTEX_POINT('',#9080);
#2769=VERTEX_POINT('',#9086);
#2770=VERTEX_POINT('',#9088);
#2771=VERTEX_POINT('',#9090);
#2772=VERTEX_POINT('',#9096);
#2773=VERTEX_POINT('',#9099);
#2774=VERTEX_POINT('',#9124);
#2775=VERTEX_POINT('',#9128);
#2776=VERTEX_POINT('',#9132);
#2777=VERTEX_POINT('',#9136);
#2778=VERTEX_POINT('',#9140);
#2779=VERTEX_POINT('',#9144);
#2780=VERTEX_POINT('',#9148);
#2781=VERTEX_POINT('',#9152);
#2782=VERTEX_POINT('',#9156);
#2783=VERTEX_POINT('',#9158);
#2784=VERTEX_POINT('',#9162);
#2785=VERTEX_POINT('',#9166);
#2786=VERTEX_POINT('',#9168);
#2787=VERTEX_POINT('',#9170);
#2788=VERTEX_POINT('',#9172);
#2789=VERTEX_POINT('',#9174);
#2790=VERTEX_POINT('',#9189);
#2791=VERTEX_POINT('',#9191);
#2792=VERTEX_POINT('',#9196);
#2793=VERTEX_POINT('',#9198);
#2794=VERTEX_POINT('',#9203);
#2795=VERTEX_POINT('',#9204);
#2796=VERTEX_POINT('',#9206);
#2797=VERTEX_POINT('',#9208);
#2798=VERTEX_POINT('',#9212);
#2799=VERTEX_POINT('',#9214);
#2800=VERTEX_POINT('',#9244);
#2801=VERTEX_POINT('',#9246);
#2802=VERTEX_POINT('',#9277);
#2803=VERTEX_POINT('',#9279);
#2804=VERTEX_POINT('',#9284);
#2805=VERTEX_POINT('',#9286);
#2806=VERTEX_POINT('',#9294);
#2807=VERTEX_POINT('',#9296);
#2808=VERTEX_POINT('',#9298);
#2809=VERTEX_POINT('',#9351);
#2810=VERTEX_POINT('',#9353);
#2811=VERTEX_POINT('',#9429);
#2812=VERTEX_POINT('',#9434);
#2813=VERTEX_POINT('',#9441);
#2814=VERTEX_POINT('',#9442);
#2815=VERTEX_POINT('',#9444);
#2816=VERTEX_POINT('',#9446);
#2817=VERTEX_POINT('',#9450);
#2818=VERTEX_POINT('',#9452);
#2819=VERTEX_POINT('',#9456);
#2820=VERTEX_POINT('',#9458);
#2821=EDGE_CURVE('',#2345,#2345,#2150,.T.);
#2822=EDGE_CURVE('',#2345,#2346,#1110,.T.);
#2823=EDGE_CURVE('',#2346,#2346,#2151,.T.);
#2824=EDGE_CURVE('',#2347,#2347,#2152,.T.);
#2825=EDGE_CURVE('',#2347,#2345,#1111,.T.);
#2826=EDGE_CURVE('',#2348,#2348,#2153,.T.);
#2827=EDGE_CURVE('',#2348,#2346,#1112,.T.);
#2828=EDGE_CURVE('',#2349,#2349,#2154,.T.);
#2829=EDGE_CURVE('',#2349,#2348,#1113,.T.);
#2830=EDGE_CURVE('',#2350,#2351,#313,.T.);
#2831=EDGE_CURVE('',#2350,#2352,#2155,.T.);
#2832=EDGE_CURVE('',#2353,#2352,#314,.T.);
#2833=EDGE_CURVE('',#2353,#2354,#1114,.T.);
#2834=EDGE_CURVE('',#2354,#2354,#2156,.T.);
#2835=EDGE_CURVE('',#2355,#2353,#315,.T.);
#2836=EDGE_CURVE('',#2355,#2351,#2157,.T.);
#2837=EDGE_CURVE('',#2352,#2356,#1115,.T.);
#2838=EDGE_CURVE('',#2356,#2357,#1116,.T.);
#2839=EDGE_CURVE('',#2357,#2358,#1117,.T.);
#2840=EDGE_CURVE('',#2358,#2359,#1118,.T.);
#2841=EDGE_CURVE('',#2359,#2360,#316,.T.);
#2842=EDGE_CURVE('',#2360,#2361,#317,.T.);
#2843=EDGE_CURVE('',#2361,#2355,#1119,.T.);
#2844=EDGE_CURVE('',#2356,#2350,#1120,.T.);
#2845=EDGE_CURVE('',#2354,#2362,#1121,.T.);
#2846=EDGE_CURVE('',#2362,#2362,#2158,.T.);
#2847=EDGE_CURVE('',#2363,#2364,#318,.T.);
#2848=EDGE_CURVE('',#2363,#2365,#2159,.T.);
#2849=EDGE_CURVE('',#2366,#2365,#319,.T.);
#2850=EDGE_CURVE('',#2366,#2367,#1122,.T.);
#2851=EDGE_CURVE('',#2367,#2367,#2160,.T.);
#2852=EDGE_CURVE('',#2368,#2366,#320,.T.);
#2853=EDGE_CURVE('',#2368,#2369,#2161,.T.);
#2854=EDGE_CURVE('',#2370,#2369,#321,.T.);
#2855=EDGE_CURVE('',#2370,#2364,#2162,.T.);
#2856=EDGE_CURVE('',#2371,#2365,#1123,.T.);
#2857=EDGE_CURVE('',#2371,#2372,#1124,.T.);
#2858=EDGE_CURVE('',#2372,#2373,#1125,.T.);
#2859=EDGE_CURVE('',#2366,#2373,#1126,.T.);
#2860=EDGE_CURVE('',#2374,#2366,#1127,.T.);
#2861=EDGE_CURVE('',#2375,#2374,#1128,.T.);
#2862=EDGE_CURVE('',#2368,#2375,#1129,.T.);
#2863=EDGE_CURVE('',#2371,#2363,#1130,.T.);
#2864=EDGE_CURVE('',#2376,#2370,#1131,.T.);
#2865=EDGE_CURVE('',#2364,#2376,#1132,.T.);
#2866=EDGE_CURVE('',#2377,#2361,#2163,.T.);
#2867=EDGE_CURVE('',#2378,#2377,#1133,.T.);
#2868=EDGE_CURVE('',#2379,#2378,#2164,.T.);
#2869=EDGE_CURVE('',#2380,#2379,#2165,.T.);
#2870=EDGE_CURVE('',#2369,#2380,#1134,.T.);
#2871=EDGE_CURVE('',#2375,#2381,#1135,.T.);
#2872=EDGE_CURVE('',#2381,#2382,#1136,.T.);
#2873=EDGE_CURVE('',#2351,#2382,#1137,.T.);
#2874=EDGE_CURVE('',#2383,#2384,#2166,.T.);
#2875=EDGE_CURVE('',#2385,#2384,#2167,.T.);
#2876=EDGE_CURVE('',#2385,#2386,#2168,.T.);
#2877=EDGE_CURVE('',#2387,#2386,#2169,.T.);
#2878=EDGE_CURVE('',#2387,#2388,#2170,.T.);
#2879=EDGE_CURVE('',#2389,#2388,#2171,.T.);
#2880=EDGE_CURVE('',#2389,#2390,#2172,.T.);
#2881=EDGE_CURVE('',#2383,#2390,#2173,.T.);
#2882=EDGE_CURVE('',#2367,#2391,#1138,.T.);
#2883=EDGE_CURVE('',#2391,#2391,#2174,.T.);
#2884=EDGE_CURVE('',#2380,#2392,#322,.T.);
#2885=EDGE_CURVE('',#2379,#2393,#1139,.T.);
#2886=EDGE_CURVE('',#2393,#2393,#2175,.T.);
#2887=EDGE_CURVE('',#2394,#2378,#323,.T.);
#2888=EDGE_CURVE('',#2392,#2394,#62,.T.);
#2889=EDGE_CURVE('',#2393,#2395,#1140,.T.);
#2890=EDGE_CURVE('',#2395,#2395,#2176,.T.);
#2891=EDGE_CURVE('',#2377,#2396,#324,.T.);
#2892=EDGE_CURVE('',#2360,#2397,#1141,.T.);
#2893=EDGE_CURVE('',#2397,#2397,#2177,.T.);
#2894=EDGE_CURVE('',#2396,#2359,#63,.T.);
#2895=EDGE_CURVE('',#2396,#2398,#1142,.T.);
#2896=EDGE_CURVE('',#2398,#2399,#1143,.T.);
#2897=EDGE_CURVE('',#2399,#2394,#1144,.T.);
#2898=EDGE_CURVE('',#2358,#2398,#2178,.T.);
#2899=EDGE_CURVE('',#2397,#2400,#1145,.T.);
#2900=EDGE_CURVE('',#2400,#2400,#2179,.T.);
#2901=EDGE_CURVE('',#2401,#2402,#2180,.T.);
#2902=EDGE_CURVE('',#2401,#2403,#1146,.T.);
#2903=EDGE_CURVE('',#2404,#2403,#2181,.T.);
#2904=EDGE_CURVE('',#2404,#2405,#1147,.T.);
#2905=EDGE_CURVE('',#2406,#2405,#2182,.T.);
#2906=EDGE_CURVE('',#2406,#2407,#1148,.T.);
#2907=EDGE_CURVE('',#2408,#2407,#2183,.T.);
#2908=EDGE_CURVE('',#2408,#2402,#1149,.T.);
#2909=EDGE_CURVE('',#2409,#2410,#1150,.T.);
#2910=EDGE_CURVE('',#2410,#2411,#1151,.T.);
#2911=EDGE_CURVE('',#2411,#2412,#1152,.T.);
#2912=EDGE_CURVE('',#2412,#2409,#1153,.T.);
#2913=EDGE_CURVE('',#2413,#2414,#2184,.T.);
#2914=EDGE_CURVE('',#2415,#2413,#2185,.T.);
#2915=EDGE_CURVE('',#2416,#2415,#2186,.T.);
#2916=EDGE_CURVE('',#2417,#2416,#2187,.T.);
#2917=EDGE_CURVE('',#2418,#2417,#2188,.T.);
#2918=EDGE_CURVE('',#2419,#2418,#2189,.T.);
#2919=EDGE_CURVE('',#2420,#2419,#2190,.T.);
#2920=EDGE_CURVE('',#2414,#2420,#2191,.T.);
#2921=EDGE_CURVE('',#2421,#2421,#2192,.T.);
#2922=EDGE_CURVE('',#2422,#2422,#2193,.T.);
#2923=EDGE_CURVE('',#2423,#2423,#2194,.T.);
#2924=EDGE_CURVE('',#2424,#2424,#2195,.T.);
#2925=EDGE_CURVE('',#2425,#2426,#1154,.T.);
#2926=EDGE_CURVE('',#2426,#2427,#1155,.T.);
#2927=EDGE_CURVE('',#2427,#2428,#1156,.T.);
#2928=EDGE_CURVE('',#2428,#2425,#1157,.T.);
#2929=EDGE_CURVE('',#2429,#2430,#1158,.T.);
#2930=EDGE_CURVE('',#2430,#2431,#1159,.T.);
#2931=EDGE_CURVE('',#2431,#2432,#1160,.T.);
#2932=EDGE_CURVE('',#2429,#2432,#1161,.T.);
#2933=EDGE_CURVE('',#2426,#2431,#1162,.T.);
#2934=EDGE_CURVE('',#2430,#2427,#1163,.T.);
#2935=EDGE_CURVE('',#2432,#2425,#1164,.T.);
#2936=EDGE_CURVE('',#2428,#2429,#1165,.T.);
#2937=EDGE_CURVE('',#2433,#2430,#1166,.T.);
#2938=EDGE_CURVE('',#2434,#2433,#1167,.T.);
#2939=EDGE_CURVE('',#2427,#2434,#1168,.T.);
#2940=EDGE_CURVE('',#2435,#2429,#1169,.T.);
#2941=EDGE_CURVE('',#2433,#2435,#1170,.T.);
#2942=EDGE_CURVE('',#2405,#2436,#1171,.T.);
#2943=EDGE_CURVE('',#2437,#2404,#1172,.T.);
#2944=EDGE_CURVE('',#2436,#2437,#1173,.T.);
#2945=EDGE_CURVE('',#2438,#2438,#2196,.T.);
#2946=EDGE_CURVE('',#2438,#2439,#2197,.T.);
#2947=EDGE_CURVE('',#2439,#2439,#2198,.T.);
#2948=EDGE_CURVE('',#2440,#2440,#2199,.T.);
#2949=EDGE_CURVE('',#2440,#2441,#2200,.T.);
#2950=EDGE_CURVE('',#2441,#2441,#2201,.T.);
#2951=EDGE_CURVE('',#2442,#2443,#2202,.T.);
#2952=EDGE_CURVE('',#2443,#2444,#1174,.T.);
#2953=EDGE_CURVE('',#2444,#2445,#2203,.T.);
#2954=EDGE_CURVE('',#2445,#2442,#1175,.T.);
#2955=EDGE_CURVE('',#2446,#2443,#1176,.T.);
#2956=EDGE_CURVE('',#2447,#2446,#1177,.T.);
#2957=EDGE_CURVE('',#2444,#2447,#1178,.T.);
#2958=EDGE_CURVE('',#2448,#2449,#1179,.T.);
#2959=EDGE_CURVE('',#2450,#2448,#1180,.T.);
#2960=EDGE_CURVE('',#2451,#2450,#1181,.T.);
#2961=EDGE_CURVE('',#2449,#2451,#1182,.T.);
#2962=EDGE_CURVE('',#2452,#2448,#2204,.T.);
#2963=EDGE_CURVE('',#2449,#2453,#2205,.T.);
#2964=EDGE_CURVE('',#2453,#2452,#1183,.T.);
#2965=EDGE_CURVE('',#2454,#2455,#1184,.T.);
#2966=EDGE_CURVE('',#2456,#2454,#1185,.T.);
#2967=EDGE_CURVE('',#2457,#2456,#1186,.T.);
#2968=EDGE_CURVE('',#2455,#2457,#1187,.T.);
#2969=EDGE_CURVE('',#2458,#2454,#2206,.T.);
#2970=EDGE_CURVE('',#2455,#2459,#2207,.T.);
#2971=EDGE_CURVE('',#2459,#2458,#1188,.T.);
#2972=EDGE_CURVE('',#2460,#2461,#1189,.T.);
#2973=EDGE_CURVE('',#2462,#2460,#1190,.T.);
#2974=EDGE_CURVE('',#2463,#2462,#1191,.T.);
#2975=EDGE_CURVE('',#2461,#2463,#1192,.T.);
#2976=EDGE_CURVE('',#2464,#2460,#2208,.T.);
#2977=EDGE_CURVE('',#2461,#2465,#2209,.T.);
#2978=EDGE_CURVE('',#2465,#2464,#1193,.T.);
#2979=EDGE_CURVE('',#2466,#2465,#1194,.T.);
#2980=EDGE_CURVE('',#2467,#2466,#1195,.T.);
#2981=EDGE_CURVE('',#2464,#2467,#1196,.T.);
#2982=EDGE_CURVE('',#2462,#2467,#2210,.T.);
#2983=EDGE_CURVE('',#2466,#2463,#2211,.T.);
#2984=EDGE_CURVE('',#2468,#2459,#1197,.T.);
#2985=EDGE_CURVE('',#2469,#2468,#1198,.T.);
#2986=EDGE_CURVE('',#2458,#2469,#1199,.T.);
#2987=EDGE_CURVE('',#2456,#2469,#2212,.T.);
#2988=EDGE_CURVE('',#2468,#2457,#2213,.T.);
#2989=EDGE_CURVE('',#2470,#2453,#1200,.T.);
#2990=EDGE_CURVE('',#2471,#2470,#1201,.T.);
#2991=EDGE_CURVE('',#2452,#2471,#1202,.T.);
#2992=EDGE_CURVE('',#2450,#2471,#2214,.T.);
#2993=EDGE_CURVE('',#2470,#2451,#2215,.T.);
#2994=EDGE_CURVE('',#2472,#2445,#1203,.T.);
#2995=EDGE_CURVE('',#2473,#2472,#1204,.T.);
#2996=EDGE_CURVE('',#2442,#2473,#1205,.T.);
#2997=EDGE_CURVE('',#2446,#2473,#2216,.T.);
#2998=EDGE_CURVE('',#2472,#2447,#2217,.T.);
#2999=EDGE_CURVE('',#2474,#2475,#2218,.T.);
#3000=EDGE_CURVE('',#2475,#2476,#1206,.T.);
#3001=EDGE_CURVE('',#2476,#2477,#2219,.F.);
#3002=EDGE_CURVE('',#2477,#2474,#1207,.T.);
#3003=EDGE_CURVE('',#2478,#2475,#1208,.T.);
#3004=EDGE_CURVE('',#2479,#2478,#1209,.T.);
#3005=EDGE_CURVE('',#2476,#2479,#1210,.T.);
#3006=EDGE_CURVE('',#2474,#2480,#1211,.T.);
#3007=EDGE_CURVE('',#2481,#2480,#2220,.T.);
#3008=EDGE_CURVE('',#2481,#2482,#1212,.T.);
#3009=EDGE_CURVE('',#2483,#2482,#2221,.T.);
#3010=EDGE_CURVE('',#2483,#2484,#1213,.T.);
#3011=EDGE_CURVE('',#2478,#2484,#2222,.T.);
#3012=EDGE_CURVE('',#2485,#2486,#1214,.T.);
#3013=EDGE_CURVE('',#2487,#2486,#2223,.T.);
#3014=EDGE_CURVE('',#2487,#2488,#1215,.T.);
#3015=EDGE_CURVE('',#2489,#2488,#2224,.T.);
#3016=EDGE_CURVE('',#2489,#2490,#1216,.T.);
#3017=EDGE_CURVE('',#2491,#2490,#2225,.T.);
#3018=EDGE_CURVE('',#2491,#2492,#1217,.T.);
#3019=EDGE_CURVE('',#2485,#2492,#2226,.T.);
#3020=EDGE_CURVE('',#2480,#2493,#1218,.T.);
#3021=EDGE_CURVE('',#2493,#2494,#2227,.F.);
#3022=EDGE_CURVE('',#2494,#2481,#1219,.T.);
#3023=EDGE_CURVE('',#2495,#2494,#1220,.T.);
#3024=EDGE_CURVE('',#2482,#2495,#1221,.T.);
#3025=EDGE_CURVE('',#2484,#2496,#1222,.T.);
#3026=EDGE_CURVE('',#2496,#2479,#2228,.F.);
#3027=EDGE_CURVE('',#2495,#2497,#2229,.F.);
#3028=EDGE_CURVE('',#2497,#2483,#1223,.T.);
#3029=EDGE_CURVE('',#2496,#2497,#1224,.T.);
#3030=EDGE_CURVE('',#2498,#2499,#2230,.T.);
#3031=EDGE_CURVE('',#2498,#2489,#1225,.T.);
#3032=EDGE_CURVE('',#2488,#2499,#1226,.T.);
#3033=EDGE_CURVE('',#2499,#2500,#1227,.T.);
#3034=EDGE_CURVE('',#2500,#2501,#2231,.T.);
#3035=EDGE_CURVE('',#2501,#2502,#1228,.T.);
#3036=EDGE_CURVE('',#2502,#2503,#2232,.T.);
#3037=EDGE_CURVE('',#2503,#2504,#1229,.T.);
#3038=EDGE_CURVE('',#2504,#2505,#2233,.T.);
#3039=EDGE_CURVE('',#2505,#2498,#1230,.T.);
#3040=EDGE_CURVE('',#2500,#2487,#1231,.T.);
#3041=EDGE_CURVE('',#2486,#2501,#1232,.T.);
#3042=EDGE_CURVE('',#2504,#2491,#1233,.T.);
#3043=EDGE_CURVE('',#2490,#2505,#1234,.T.);
#3044=EDGE_CURVE('',#2492,#2503,#1235,.T.);
#3045=EDGE_CURVE('',#2502,#2485,#1236,.T.);
#3046=EDGE_CURVE('',#2493,#2477,#1237,.T.);
#3047=EDGE_CURVE('',#2506,#2398,#1238,.T.);
#3048=EDGE_CURVE('',#2506,#2507,#1239,.T.);
#3049=EDGE_CURVE('',#2507,#2508,#1240,.T.);
#3050=EDGE_CURVE('',#2508,#2509,#1241,.T.);
#3051=EDGE_CURVE('',#2510,#2509,#1242,.T.);
#3052=EDGE_CURVE('',#2511,#2510,#1243,.T.);
#3053=EDGE_CURVE('',#2512,#2511,#1244,.T.);
#3054=EDGE_CURVE('',#2512,#2513,#1245,.T.);
#3055=EDGE_CURVE('',#2513,#2514,#1246,.T.);
#3056=EDGE_CURVE('',#2514,#2515,#1247,.T.);
#3057=EDGE_CURVE('',#2399,#2515,#1248,.T.);
#3058=EDGE_CURVE('',#2516,#2516,#2234,.T.);
#3059=EDGE_CURVE('',#2516,#2517,#1249,.T.);
#3060=EDGE_CURVE('',#2517,#2517,#2235,.T.);
#3061=EDGE_CURVE('',#2518,#2519,#2236,.T.);
#3062=EDGE_CURVE('',#2520,#2518,#1250,.T.);
#3063=EDGE_CURVE('',#2521,#2520,#1251,.T.);
#3064=EDGE_CURVE('',#2521,#2522,#2237,.T.);
#3065=EDGE_CURVE('',#2523,#2522,#1252,.T.);
#3066=EDGE_CURVE('',#2523,#2519,#1253,.T.);
#3067=EDGE_CURVE('',#2517,#2524,#1254,.T.);
#3068=EDGE_CURVE('',#2524,#2524,#33,.T.);
#3069=EDGE_CURVE('',#2525,#2525,#2238,.T.);
#3070=EDGE_CURVE('',#2525,#2526,#1255,.T.);
#3071=EDGE_CURVE('',#2526,#2526,#2239,.T.);
#3072=EDGE_CURVE('',#2527,#2528,#2240,.T.);
#3073=EDGE_CURVE('',#2529,#2527,#1256,.T.);
#3074=EDGE_CURVE('',#2530,#2529,#1257,.T.);
#3075=EDGE_CURVE('',#2530,#2531,#2241,.T.);
#3076=EDGE_CURVE('',#2532,#2531,#1258,.T.);
#3077=EDGE_CURVE('',#2528,#2532,#1259,.T.);
#3078=EDGE_CURVE('',#2526,#2533,#1260,.T.);
#3079=EDGE_CURVE('',#2533,#2533,#34,.T.);
#3080=EDGE_CURVE('',#2534,#2534,#2242,.T.);
#3081=EDGE_CURVE('',#2534,#2535,#1261,.T.);
#3082=EDGE_CURVE('',#2535,#2535,#2243,.T.);
#3083=EDGE_CURVE('',#2535,#2536,#1262,.T.);
#3084=EDGE_CURVE('',#2536,#2536,#35,.T.);
#3085=EDGE_CURVE('',#2537,#2538,#2244,.T.);
#3086=EDGE_CURVE('',#2539,#2537,#1263,.T.);
#3087=EDGE_CURVE('',#2540,#2539,#1264,.T.);
#3088=EDGE_CURVE('',#2540,#2509,#2245,.T.);
#3089=EDGE_CURVE('',#2508,#2538,#1265,.T.);
#3090=EDGE_CURVE('',#2541,#2541,#2246,.T.);
#3091=EDGE_CURVE('',#2541,#2542,#1266,.T.);
#3092=EDGE_CURVE('',#2542,#2542,#2247,.T.);
#3093=EDGE_CURVE('',#2543,#2544,#2248,.T.);
#3094=EDGE_CURVE('',#2513,#2543,#1267,.T.);
#3095=EDGE_CURVE('',#2512,#2545,#2249,.T.);
#3096=EDGE_CURVE('',#2546,#2545,#1268,.T.);
#3097=EDGE_CURVE('',#2544,#2546,#1269,.T.);
#3098=EDGE_CURVE('',#2542,#2547,#1270,.T.);
#3099=EDGE_CURVE('',#2547,#2547,#36,.T.);
#3100=EDGE_CURVE('',#2548,#2548,#2250,.T.);
#3101=EDGE_CURVE('',#2548,#2549,#1271,.T.);
#3102=EDGE_CURVE('',#2549,#2549,#2251,.T.);
#3103=EDGE_CURVE('',#2424,#2548,#1272,.T.);
#3104=EDGE_CURVE('',#2550,#2550,#2252,.T.);
#3105=EDGE_CURVE('',#2550,#2551,#1273,.T.);
#3106=EDGE_CURVE('',#2551,#2551,#2253,.T.);
#3107=EDGE_CURVE('',#2422,#2550,#1274,.T.);
#3108=EDGE_CURVE('',#2552,#2552,#2254,.T.);
#3109=EDGE_CURVE('',#2552,#2553,#1275,.T.);
#3110=EDGE_CURVE('',#2553,#2553,#2255,.T.);
#3111=EDGE_CURVE('',#2421,#2552,#1276,.T.);
#3112=EDGE_CURVE('',#2554,#2554,#2256,.T.);
#3113=EDGE_CURVE('',#2554,#2555,#1277,.T.);
#3114=EDGE_CURVE('',#2555,#2555,#2257,.T.);
#3115=EDGE_CURVE('',#2423,#2554,#1278,.T.);
#3116=EDGE_CURVE('',#2392,#2556,#1279,.T.);
#3117=EDGE_CURVE('',#2556,#2557,#1280,.T.);
#3118=EDGE_CURVE('',#2557,#2376,#1281,.T.);
#3119=EDGE_CURVE('',#2558,#2382,#1282,.T.);
#3120=EDGE_CURVE('',#2372,#2558,#1283,.T.);
#3121=EDGE_CURVE('',#2376,#2559,#1284,.T.);
#3122=EDGE_CURVE('',#2559,#2560,#1285,.T.);
#3123=EDGE_CURVE('',#2560,#2356,#1286,.T.);
#3124=EDGE_CURVE('',#2557,#2559,#2258,.T.);
#3125=EDGE_CURVE('',#2399,#2556,#2259,.T.);
#3126=EDGE_CURVE('',#2560,#2357,#2260,.T.);
#3127=EDGE_CURVE('',#2558,#2561,#1287,.T.);
#3128=EDGE_CURVE('',#2373,#2561,#1288,.T.);
#3129=EDGE_CURVE('',#2562,#2515,#37,.T.);
#3130=EDGE_CURVE('',#2562,#2556,#1289,.T.);
#3131=EDGE_CURVE('',#2358,#2563,#1290,.T.);
#3132=EDGE_CURVE('',#2506,#2563,#38,.T.);
#3133=EDGE_CURVE('',#2564,#2357,#1291,.T.);
#3134=EDGE_CURVE('',#2565,#2564,#1292,.T.);
#3135=EDGE_CURVE('',#2565,#2532,#1293,.T.);
#3136=EDGE_CURVE('',#2566,#2531,#1294,.T.);
#3137=EDGE_CURVE('',#2567,#2566,#1295,.T.);
#3138=EDGE_CURVE('',#2540,#2567,#1296,.T.);
#3139=EDGE_CURVE('',#2539,#2568,#1297,.T.);
#3140=EDGE_CURVE('',#2563,#2568,#1298,.T.);
#3141=EDGE_CURVE('',#2569,#2570,#1299,.T.);
#3142=EDGE_CURVE('',#2571,#2569,#1300,.T.);
#3143=EDGE_CURVE('',#2572,#2571,#1301,.T.);
#3144=EDGE_CURVE('',#2570,#2572,#1302,.T.);
#3145=EDGE_CURVE('',#2381,#2573,#1303,.T.);
#3146=EDGE_CURVE('',#2561,#2573,#1304,.T.);
#3147=EDGE_CURVE('',#2573,#2374,#1305,.T.);
#3148=EDGE_CURVE('',#2574,#2575,#1306,.T.);
#3149=EDGE_CURVE('',#2575,#2576,#1307,.T.);
#3150=EDGE_CURVE('',#2576,#2577,#1308,.T.);
#3151=EDGE_CURVE('',#2577,#2574,#1309,.T.);
#3152=EDGE_CURVE('',#2578,#2577,#1310,.T.);
#3153=EDGE_CURVE('',#2578,#2579,#1311,.T.);
#3154=EDGE_CURVE('',#2579,#2574,#1312,.T.);
#3155=EDGE_CURVE('',#2579,#2580,#1313,.T.);
#3156=EDGE_CURVE('',#2580,#2575,#1314,.T.);
#3157=EDGE_CURVE('',#2580,#2581,#1315,.T.);
#3158=EDGE_CURVE('',#2581,#2576,#1316,.T.);
#3159=EDGE_CURVE('',#2581,#2578,#1317,.T.);
#3160=EDGE_CURVE('',#2582,#2582,#2261,.T.);
#3161=EDGE_CURVE('',#2528,#2583,#1318,.T.);
#3162=EDGE_CURVE('',#2583,#2584,#39,.T.);
#3163=EDGE_CURVE('',#2584,#2527,#1319,.T.);
#3164=EDGE_CURVE('',#2585,#2584,#1320,.T.);
#3165=EDGE_CURVE('',#2529,#2585,#1321,.T.);
#3166=EDGE_CURVE('',#2583,#2565,#1322,.T.);
#3167=EDGE_CURVE('',#2564,#2586,#40,.T.);
#3168=EDGE_CURVE('',#2585,#2586,#1323,.T.);
#3169=EDGE_CURVE('',#2587,#2588,#41,.T.);
#3170=EDGE_CURVE('',#2588,#2518,#1324,.T.);
#3171=EDGE_CURVE('',#2519,#2587,#1325,.T.);
#3172=EDGE_CURVE('',#2589,#2588,#1326,.T.);
#3173=EDGE_CURVE('',#2520,#2589,#1327,.T.);
#3174=EDGE_CURVE('',#2590,#2587,#1328,.T.);
#3175=EDGE_CURVE('',#2591,#2590,#1329,.T.);
#3176=EDGE_CURVE('',#2591,#2592,#42,.T.);
#3177=EDGE_CURVE('',#2592,#2589,#1330,.T.);
#3178=EDGE_CURVE('',#2544,#2593,#1331,.T.);
#3179=EDGE_CURVE('',#2593,#2594,#43,.T.);
#3180=EDGE_CURVE('',#2594,#2543,#1332,.T.);
#3181=EDGE_CURVE('',#2595,#2546,#1333,.T.);
#3182=EDGE_CURVE('',#2593,#2595,#1334,.T.);
#3183=EDGE_CURVE('',#2596,#2597,#44,.T.);
#3184=EDGE_CURVE('',#2597,#2537,#1335,.T.);
#3185=EDGE_CURVE('',#2538,#2596,#1336,.T.);
#3186=EDGE_CURVE('',#2568,#2597,#1337,.T.);
#3187=EDGE_CURVE('',#2507,#2596,#1338,.T.);
#3188=EDGE_CURVE('',#2598,#2599,#2262,.T.);
#3189=EDGE_CURVE('',#2599,#2401,#1339,.T.);
#3190=EDGE_CURVE('',#2402,#2598,#1340,.T.);
#3191=EDGE_CURVE('',#2600,#2599,#1341,.T.);
#3192=EDGE_CURVE('',#2403,#2600,#1342,.T.);
#3193=EDGE_CURVE('',#2598,#2601,#1343,.T.);
#3194=EDGE_CURVE('',#2602,#2601,#2263,.T.);
#3195=EDGE_CURVE('',#2602,#2603,#1344,.T.);
#3196=EDGE_CURVE('',#2436,#2603,#2264,.T.);
#3197=EDGE_CURVE('',#2600,#2437,#2265,.T.);
#3198=EDGE_CURVE('',#2604,#2605,#1345,.T.);
#3199=EDGE_CURVE('',#2511,#2605,#2266,.T.);
#3200=EDGE_CURVE('',#2567,#2510,#2267,.T.);
#3201=EDGE_CURVE('',#2606,#2566,#2268,.T.);
#3202=EDGE_CURVE('',#2606,#2607,#1346,.T.);
#3203=EDGE_CURVE('',#2604,#2607,#2269,.T.);
#3204=EDGE_CURVE('',#2595,#2562,#1347,.T.);
#3205=EDGE_CURVE('',#2605,#2545,#1348,.T.);
#3206=EDGE_CURVE('',#2521,#2604,#1349,.T.);
#3207=EDGE_CURVE('',#2557,#2592,#1350,.T.);
#3208=EDGE_CURVE('',#2607,#2522,#1351,.T.);
#3209=EDGE_CURVE('',#2591,#2559,#1352,.T.);
#3210=EDGE_CURVE('',#2590,#2523,#1353,.T.);
#3211=EDGE_CURVE('',#2530,#2606,#1354,.T.);
#3212=EDGE_CURVE('',#2560,#2586,#1355,.T.);
#3213=EDGE_CURVE('',#2407,#2602,#1356,.T.);
#3214=EDGE_CURVE('',#2601,#2408,#1357,.T.);
#3215=EDGE_CURVE('',#2603,#2406,#1358,.T.);
#3216=EDGE_CURVE('',#2608,#2608,#2270,.T.);
#3217=EDGE_CURVE('',#2514,#2594,#1359,.T.);
#3218=EDGE_CURVE('',#2570,#2609,#1360,.T.);
#3219=EDGE_CURVE('',#2610,#2609,#1361,.T.);
#3220=EDGE_CURVE('',#2610,#2569,#1362,.T.);
#3221=EDGE_CURVE('',#2611,#2610,#1363,.T.);
#3222=EDGE_CURVE('',#2611,#2571,#1364,.T.);
#3223=EDGE_CURVE('',#2612,#2611,#1365,.T.);
#3224=EDGE_CURVE('',#2612,#2572,#1366,.T.);
#3225=EDGE_CURVE('',#2609,#2612,#1367,.T.);
#3226=EDGE_CURVE('',#2435,#2613,#1368,.T.);
#3227=EDGE_CURVE('',#2613,#2434,#1369,.T.);
#3228=EDGE_CURVE('',#2613,#2428,#1370,.T.);
#3229=EDGE_CURVE('',#2614,#2615,#1371,.T.);
#3230=EDGE_CURVE('',#2410,#2614,#1372,.T.);
#3231=EDGE_CURVE('',#2409,#2615,#1373,.T.);
#3232=EDGE_CURVE('',#2615,#2616,#1374,.T.);
#3233=EDGE_CURVE('',#2412,#2616,#1375,.T.);
#3234=EDGE_CURVE('',#2616,#2617,#1376,.T.);
#3235=EDGE_CURVE('',#2411,#2617,#1377,.T.);
#3236=EDGE_CURVE('',#2617,#2614,#1378,.T.);
#3237=EDGE_CURVE('',#2608,#2582,#1379,.T.);
#3238=EDGE_CURVE('',#2618,#2413,#1380,.T.);
#3239=EDGE_CURVE('',#2414,#2619,#1381,.T.);
#3240=EDGE_CURVE('',#2619,#2618,#2271,.T.);
#3241=EDGE_CURVE('',#2420,#2620,#1382,.T.);
#3242=EDGE_CURVE('',#2620,#2619,#2272,.T.);
#3243=EDGE_CURVE('',#2618,#2621,#2273,.T.);
#3244=EDGE_CURVE('',#2621,#2415,#1383,.T.);
#3245=EDGE_CURVE('',#2419,#2622,#1384,.T.);
#3246=EDGE_CURVE('',#2622,#2620,#2274,.T.);
#3247=EDGE_CURVE('',#2623,#2416,#1385,.T.);
#3248=EDGE_CURVE('',#2621,#2623,#2275,.T.);
#3249=EDGE_CURVE('',#2418,#2624,#1386,.T.);
#3250=EDGE_CURVE('',#2624,#2622,#2276,.T.);
#3251=EDGE_CURVE('',#2623,#2625,#2277,.T.);
#3252=EDGE_CURVE('',#2625,#2417,#1387,.T.);
#3253=EDGE_CURVE('',#2625,#2624,#2278,.T.);
#3254=EDGE_CURVE('',#2623,#2387,#1388,.T.);
#3255=EDGE_CURVE('',#2386,#2625,#1389,.T.);
#3256=EDGE_CURVE('',#2388,#2621,#1390,.T.);
#3257=EDGE_CURVE('',#2618,#2389,#1391,.T.);
#3258=EDGE_CURVE('',#2390,#2619,#1392,.T.);
#3259=EDGE_CURVE('',#2624,#2385,#1393,.T.);
#3260=EDGE_CURVE('',#2384,#2622,#1394,.T.);
#3261=EDGE_CURVE('',#2620,#2383,#1395,.T.);
#3262=EDGE_CURVE('',#2626,#2627,#1396,.T.);
#3263=EDGE_CURVE('',#2627,#2628,#1397,.T.);
#3264=EDGE_CURVE('',#2629,#2628,#1398,.T.);
#3265=EDGE_CURVE('',#2626,#2629,#1399,.T.);
#3266=EDGE_CURVE('',#2628,#2630,#1400,.T.);
#3267=EDGE_CURVE('',#2627,#2631,#1401,.T.);
#3268=EDGE_CURVE('',#2631,#2630,#1402,.T.);
#3269=EDGE_CURVE('',#2630,#2632,#1403,.T.);
#3270=EDGE_CURVE('',#2631,#2633,#1404,.T.);
#3271=EDGE_CURVE('',#2633,#2632,#1405,.T.);
#3272=EDGE_CURVE('',#2632,#2629,#1406,.T.);
#3273=EDGE_CURVE('',#2633,#2626,#1407,.T.);
#3274=EDGE_CURVE('',#2634,#2635,#1408,.T.);
#3275=EDGE_CURVE('',#2636,#2634,#1409,.T.);
#3276=EDGE_CURVE('',#2637,#2636,#1410,.T.);
#3277=EDGE_CURVE('',#2635,#2637,#1411,.T.);
#3278=EDGE_CURVE('',#2638,#2639,#1412,.T.);
#3279=EDGE_CURVE('',#2640,#2638,#1413,.T.);
#3280=EDGE_CURVE('',#2641,#2640,#1414,.T.);
#3281=EDGE_CURVE('',#2639,#2641,#1415,.T.);
#3282=EDGE_CURVE('',#2642,#2643,#1416,.T.);
#3283=EDGE_CURVE('',#2644,#2642,#1417,.T.);
#3284=EDGE_CURVE('',#2645,#2644,#1418,.T.);
#3285=EDGE_CURVE('',#2643,#2645,#1419,.T.);
#3286=EDGE_CURVE('',#2646,#2647,#1420,.T.);
#3287=EDGE_CURVE('',#2648,#2646,#1421,.T.);
#3288=EDGE_CURVE('',#2649,#2648,#1422,.T.);
#3289=EDGE_CURVE('',#2647,#2649,#1423,.T.);
#3290=EDGE_CURVE('',#2650,#2647,#1424,.T.);
#3291=EDGE_CURVE('',#2651,#2649,#1425,.T.);
#3292=EDGE_CURVE('',#2650,#2651,#1426,.T.);
#3293=EDGE_CURVE('',#2652,#2635,#1427,.T.);
#3294=EDGE_CURVE('',#2653,#2652,#1428,.T.);
#3295=EDGE_CURVE('',#2653,#2634,#1429,.T.);
#3296=EDGE_CURVE('',#2654,#2639,#1430,.T.);
#3297=EDGE_CURVE('',#2655,#2654,#1431,.T.);
#3298=EDGE_CURVE('',#2655,#2638,#1432,.T.);
#3299=EDGE_CURVE('',#2656,#2641,#1433,.T.);
#3300=EDGE_CURVE('',#2657,#2640,#1434,.T.);
#3301=EDGE_CURVE('',#2656,#2657,#1435,.T.);
#3302=EDGE_CURVE('',#2658,#2637,#1436,.T.);
#3303=EDGE_CURVE('',#2659,#2636,#1437,.T.);
#3304=EDGE_CURVE('',#2658,#2659,#1438,.T.);
#3305=EDGE_CURVE('',#2660,#2645,#1439,.T.);
#3306=EDGE_CURVE('',#2661,#2644,#1440,.T.);
#3307=EDGE_CURVE('',#2660,#2661,#1441,.T.);
#3308=EDGE_CURVE('',#2662,#2643,#1442,.T.);
#3309=EDGE_CURVE('',#2663,#2662,#1443,.T.);
#3310=EDGE_CURVE('',#2663,#2642,#1444,.T.);
#3311=EDGE_CURVE('',#2659,#2653,#1445,.T.);
#3312=EDGE_CURVE('',#2664,#2646,#1446,.T.);
#3313=EDGE_CURVE('',#2665,#2664,#1447,.T.);
#3314=EDGE_CURVE('',#2665,#2648,#1448,.T.);
#3315=EDGE_CURVE('',#2651,#2665,#1449,.T.);
#3316=EDGE_CURVE('',#2654,#2656,#1450,.T.);
#3317=EDGE_CURVE('',#2657,#2655,#1451,.T.);
#3318=EDGE_CURVE('',#2652,#2658,#1452,.T.);
#3319=EDGE_CURVE('',#2664,#2650,#1453,.T.);
#3320=EDGE_CURVE('',#2666,#2667,#1454,.T.);
#3321=EDGE_CURVE('',#2667,#2668,#1455,.T.);
#3322=EDGE_CURVE('',#2668,#2669,#1456,.T.);
#3323=EDGE_CURVE('',#2669,#2666,#1457,.T.);
#3324=EDGE_CURVE('',#2662,#2660,#1458,.T.);
#3325=EDGE_CURVE('',#2661,#2663,#1459,.T.);
#3326=EDGE_CURVE('',#2670,#2671,#1460,.T.);
#3327=EDGE_CURVE('',#2672,#2671,#1461,.T.);
#3328=EDGE_CURVE('',#2673,#2672,#1462,.T.);
#3329=EDGE_CURVE('',#2673,#2670,#1463,.T.);
#3330=EDGE_CURVE('',#2671,#2674,#1464,.T.);
#3331=EDGE_CURVE('',#2675,#2674,#1465,.T.);
#3332=EDGE_CURVE('',#2672,#2675,#1466,.T.);
#3333=EDGE_CURVE('',#2674,#2676,#1467,.T.);
#3334=EDGE_CURVE('',#2677,#2676,#1468,.T.);
#3335=EDGE_CURVE('',#2675,#2677,#1469,.T.);
#3336=EDGE_CURVE('',#2676,#2670,#1470,.T.);
#3337=EDGE_CURVE('',#2677,#2673,#1471,.T.);
#3338=EDGE_CURVE('',#2678,#2679,#1472,.T.);
#3339=EDGE_CURVE('',#2679,#2666,#1473,.T.);
#3340=EDGE_CURVE('',#2678,#2669,#1474,.T.);
#3341=EDGE_CURVE('',#2680,#2678,#1475,.T.);
#3342=EDGE_CURVE('',#2680,#2668,#1476,.T.);
#3343=EDGE_CURVE('',#2681,#2680,#1477,.T.);
#3344=EDGE_CURVE('',#2681,#2667,#1478,.T.);
#3345=EDGE_CURVE('',#2679,#2681,#1479,.T.);
#3346=EDGE_CURVE('',#2682,#2683,#1480,.T.);
#3347=EDGE_CURVE('',#2683,#2684,#1481,.T.);
#3348=EDGE_CURVE('',#2684,#2685,#1482,.T.);
#3349=EDGE_CURVE('',#2682,#2685,#1483,.T.);
#3350=EDGE_CURVE('',#2683,#2686,#1484,.T.);
#3351=EDGE_CURVE('',#2686,#2687,#1485,.T.);
#3352=EDGE_CURVE('',#2687,#2684,#1486,.T.);
#3353=EDGE_CURVE('',#2686,#2688,#1487,.T.);
#3354=EDGE_CURVE('',#2688,#2689,#1488,.T.);
#3355=EDGE_CURVE('',#2689,#2687,#1489,.T.);
#3356=EDGE_CURVE('',#2685,#2689,#1490,.T.);
#3357=EDGE_CURVE('',#2688,#2682,#1491,.T.);
#3358=EDGE_CURVE('',#2690,#2685,#1492,.T.);
#3359=EDGE_CURVE('',#2691,#2690,#1493,.T.);
#3360=EDGE_CURVE('',#2691,#2689,#1494,.T.);
#3361=EDGE_CURVE('',#2692,#2684,#1495,.T.);
#3362=EDGE_CURVE('',#2693,#2692,#1496,.T.);
#3363=EDGE_CURVE('',#2694,#2693,#1497,.T.);
#3364=EDGE_CURVE('',#2690,#2694,#1498,.T.);
#3365=EDGE_CURVE('',#2695,#2696,#1499,.T.);
#3366=EDGE_CURVE('',#2697,#2695,#1500,.T.);
#3367=EDGE_CURVE('',#2698,#2697,#1501,.T.);
#3368=EDGE_CURVE('',#2696,#2698,#1502,.T.);
#3369=EDGE_CURVE('',#2699,#2700,#1503,.T.);
#3370=EDGE_CURVE('',#2700,#2701,#1504,.T.);
#3371=EDGE_CURVE('',#2701,#2702,#1505,.T.);
#3372=EDGE_CURVE('',#2699,#2702,#1506,.T.);
#3373=EDGE_CURVE('',#2703,#2701,#1507,.T.);
#3374=EDGE_CURVE('',#2700,#2694,#1508,.T.);
#3375=EDGE_CURVE('',#2694,#2703,#1509,.T.);
#3376=EDGE_CURVE('',#2702,#2704,#1510,.T.);
#3377=EDGE_CURVE('',#2704,#2693,#1511,.T.);
#3378=EDGE_CURVE('',#2693,#2699,#1512,.T.);
#3379=EDGE_CURVE('',#2704,#2703,#1513,.T.);
#3380=EDGE_CURVE('',#2692,#2705,#1514,.T.);
#3381=EDGE_CURVE('',#2705,#2699,#1515,.T.);
#3382=EDGE_CURVE('',#2700,#2691,#1516,.T.);
#3383=EDGE_CURVE('',#2702,#2706,#1517,.T.);
#3384=EDGE_CURVE('',#2707,#2706,#1518,.T.);
#3385=EDGE_CURVE('',#2704,#2707,#1519,.T.);
#3386=EDGE_CURVE('',#2701,#2708,#1520,.T.);
#3387=EDGE_CURVE('',#2706,#2708,#1521,.T.);
#3388=EDGE_CURVE('',#2709,#2710,#45,.F.);
#3389=EDGE_CURVE('',#2711,#2709,#2279,.T.);
#3390=EDGE_CURVE('',#2711,#2712,#46,.T.);
#3391=EDGE_CURVE('',#2710,#2712,#2280,.T.);
#3392=EDGE_CURVE('',#2695,#2713,#2281,.F.);
#3393=EDGE_CURVE('',#2714,#2695,#2282,.F.);
#3394=EDGE_CURVE('',#2713,#2714,#2283,.F.);
#3395=EDGE_CURVE('',#2715,#2716,#47,.T.);
#3396=EDGE_CURVE('',#2717,#2716,#2284,.T.);
#3397=EDGE_CURVE('',#2718,#2717,#48,.F.);
#3398=EDGE_CURVE('',#2715,#2718,#2285,.T.);
#3399=EDGE_CURVE('',#2709,#2717,#1522,.T.);
#3400=EDGE_CURVE('',#2716,#2711,#1523,.T.);
#3401=EDGE_CURVE('',#2719,#2720,#49,.T.);
#3402=EDGE_CURVE('',#2721,#2720,#2286,.T.);
#3403=EDGE_CURVE('',#2722,#2721,#50,.F.);
#3404=EDGE_CURVE('',#2719,#2722,#2287,.T.);
#3405=EDGE_CURVE('',#2723,#2724,#2288,.F.);
#3406=EDGE_CURVE('',#2696,#2723,#2289,.F.);
#3407=EDGE_CURVE('',#2724,#2696,#2290,.F.);
#3408=EDGE_CURVE('',#2723,#2714,#1524,.T.);
#3409=EDGE_CURVE('',#2697,#2725,#2291,.F.);
#3410=EDGE_CURVE('',#2726,#2697,#2292,.F.);
#3411=EDGE_CURVE('',#2725,#2726,#2293,.F.);
#3412=EDGE_CURVE('',#2713,#2726,#1525,.T.);
#3413=EDGE_CURVE('',#2721,#2725,#1526,.T.);
#3414=EDGE_CURVE('',#2726,#2722,#1527,.T.);
#3415=EDGE_CURVE('',#2727,#2728,#51,.T.);
#3416=EDGE_CURVE('',#2729,#2728,#2294,.T.);
#3417=EDGE_CURVE('',#2730,#2729,#52,.F.);
#3418=EDGE_CURVE('',#2727,#2730,#2295,.T.);
#3419=EDGE_CURVE('',#2718,#2729,#1528,.T.);
#3420=EDGE_CURVE('',#2728,#2715,#1529,.T.);
#3421=EDGE_CURVE('',#2731,#2732,#2296,.F.);
#3422=EDGE_CURVE('',#2698,#2731,#2297,.F.);
#3423=EDGE_CURVE('',#2732,#2698,#2298,.F.);
#3424=EDGE_CURVE('',#2731,#2724,#1530,.T.);
#3425=EDGE_CURVE('',#2725,#2732,#1531,.T.);
#3426=EDGE_CURVE('',#2729,#2731,#1532,.T.);
#3427=EDGE_CURVE('',#2732,#2730,#1533,.T.);
#3428=EDGE_CURVE('',#2730,#2721,#1534,.T.);
#3429=EDGE_CURVE('',#2720,#2727,#1535,.T.);
#3430=EDGE_CURVE('',#2717,#2723,#1536,.T.);
#3431=EDGE_CURVE('',#2724,#2718,#1537,.T.);
#3432=EDGE_CURVE('',#2722,#2710,#1538,.T.);
#3433=EDGE_CURVE('',#2712,#2719,#1539,.T.);
#3434=EDGE_CURVE('',#2714,#2709,#1540,.T.);
#3435=EDGE_CURVE('',#2710,#2713,#1541,.T.);
#3436=EDGE_CURVE('',#2733,#2734,#2299,.T.);
#3437=EDGE_CURVE('',#2733,#2735,#1542,.T.);
#3438=EDGE_CURVE('',#2736,#2735,#2300,.T.);
#3439=EDGE_CURVE('',#2736,#2737,#1543,.T.);
#3440=EDGE_CURVE('',#2738,#2737,#2301,.T.);
#3441=EDGE_CURVE('',#2738,#2739,#1544,.T.);
#3442=EDGE_CURVE('',#2740,#2739,#2302,.T.);
#3443=EDGE_CURVE('',#2740,#2734,#1545,.T.);
#3444=EDGE_CURVE('',#2741,#2742,#1546,.T.);
#3445=EDGE_CURVE('',#2742,#2743,#1547,.T.);
#3446=EDGE_CURVE('',#2743,#2744,#1548,.T.);
#3447=EDGE_CURVE('',#2744,#2741,#1549,.T.);
#3448=EDGE_CURVE('',#2745,#2745,#2303,.T.);
#3449=EDGE_CURVE('',#2746,#2746,#2304,.T.);
#3450=EDGE_CURVE('',#2747,#2748,#1550,.T.);
#3451=EDGE_CURVE('',#2749,#2748,#53,.F.);
#3452=EDGE_CURVE('',#2749,#2750,#1551,.T.);
#3453=EDGE_CURVE('',#2751,#2750,#54,.F.);
#3454=EDGE_CURVE('',#2751,#2752,#1552,.T.);
#3455=EDGE_CURVE('',#2753,#2752,#55,.F.);
#3456=EDGE_CURVE('',#2753,#2754,#1553,.T.);
#3457=EDGE_CURVE('',#2747,#2754,#56,.F.);
#3458=EDGE_CURVE('',#2755,#2755,#2305,.T.);
#3459=EDGE_CURVE('',#2756,#2756,#2306,.T.);
#3460=EDGE_CURVE('',#2705,#2687,#1554,.T.);
#3461=EDGE_CURVE('',#2741,#2757,#1555,.T.);
#3462=EDGE_CURVE('',#2758,#2757,#1556,.T.);
#3463=EDGE_CURVE('',#2742,#2758,#1557,.T.);
#3464=EDGE_CURVE('',#2744,#2759,#1558,.T.);
#3465=EDGE_CURVE('',#2757,#2759,#1559,.T.);
#3466=EDGE_CURVE('',#2743,#2760,#1560,.T.);
#3467=EDGE_CURVE('',#2759,#2760,#1561,.T.);
#3468=EDGE_CURVE('',#2760,#2758,#1562,.T.);
#3469=EDGE_CURVE('',#2703,#2761,#1563,.T.);
#3470=EDGE_CURVE('',#2708,#2761,#1564,.T.);
#3471=EDGE_CURVE('',#2761,#2707,#1565,.T.);
#3472=EDGE_CURVE('',#2762,#2763,#2307,.T.);
#3473=EDGE_CURVE('',#2763,#2764,#1566,.T.);
#3474=EDGE_CURVE('',#2764,#2765,#2308,.T.);
#3475=EDGE_CURVE('',#2765,#2762,#1567,.T.);
#3476=EDGE_CURVE('',#2766,#2764,#2309,.T.);
#3477=EDGE_CURVE('',#2764,#2767,#1568,.T.);
#3478=EDGE_CURVE('',#2767,#2768,#2310,.T.);
#3479=EDGE_CURVE('',#2768,#2766,#1569,.T.);
#3480=EDGE_CURVE('',#2766,#2765,#2311,.T.);
#3481=EDGE_CURVE('',#2769,#2767,#2312,.T.);
#3482=EDGE_CURVE('',#2767,#2770,#1570,.T.);
#3483=EDGE_CURVE('',#2770,#2771,#2313,.T.);
#3484=EDGE_CURVE('',#2771,#2769,#1571,.T.);
#3485=EDGE_CURVE('',#2769,#2768,#2314,.T.);
#3486=EDGE_CURVE('',#2772,#2770,#2315,.T.);
#3487=EDGE_CURVE('',#2770,#2763,#1572,.T.);
#3488=EDGE_CURVE('',#2763,#2773,#2316,.T.);
#3489=EDGE_CURVE('',#2773,#2772,#1573,.T.);
#3490=EDGE_CURVE('',#2772,#2771,#2317,.T.);
#3491=EDGE_CURVE('',#2762,#2773,#2318,.T.);
#3492=EDGE_CURVE('',#2769,#2747,#1574,.T.);
#3493=EDGE_CURVE('',#2754,#2768,#1575,.T.);
#3494=EDGE_CURVE('',#2748,#2771,#1576,.T.);
#3495=EDGE_CURVE('',#2772,#2749,#1577,.T.);
#3496=EDGE_CURVE('',#2750,#2773,#1578,.T.);
#3497=EDGE_CURVE('',#2766,#2753,#1579,.T.);
#3498=EDGE_CURVE('',#2752,#2765,#1580,.T.);
#3499=EDGE_CURVE('',#2762,#2751,#1581,.T.);
#3500=EDGE_CURVE('',#2756,#2774,#1582,.T.);
#3501=EDGE_CURVE('',#2774,#2774,#2319,.T.);
#3502=EDGE_CURVE('',#2774,#2775,#1583,.T.);
#3503=EDGE_CURVE('',#2775,#2775,#2320,.T.);
#3504=EDGE_CURVE('',#2745,#2776,#1584,.T.);
#3505=EDGE_CURVE('',#2776,#2776,#2321,.T.);
#3506=EDGE_CURVE('',#2776,#2777,#1585,.T.);
#3507=EDGE_CURVE('',#2777,#2777,#2322,.T.);
#3508=EDGE_CURVE('',#2755,#2778,#1586,.T.);
#3509=EDGE_CURVE('',#2778,#2778,#2323,.T.);
#3510=EDGE_CURVE('',#2778,#2779,#1587,.T.);
#3511=EDGE_CURVE('',#2779,#2779,#2324,.T.);
#3512=EDGE_CURVE('',#2746,#2780,#1588,.T.);
#3513=EDGE_CURVE('',#2780,#2780,#2325,.T.);
#3514=EDGE_CURVE('',#2780,#2781,#1589,.T.);
#3515=EDGE_CURVE('',#2781,#2781,#2326,.T.);
#3516=EDGE_CURVE('',#2734,#2782,#1590,.T.);
#3517=EDGE_CURVE('',#2782,#2783,#2327,.T.);
#3518=EDGE_CURVE('',#2783,#2733,#1591,.T.);
#3519=EDGE_CURVE('',#2784,#2783,#1592,.T.);
#3520=EDGE_CURVE('',#2735,#2784,#1593,.T.);
#3521=EDGE_CURVE('',#2782,#2785,#1594,.T.);
#3522=EDGE_CURVE('',#2786,#2785,#2328,.T.);
#3523=EDGE_CURVE('',#2786,#2787,#1595,.T.);
#3524=EDGE_CURVE('',#2788,#2787,#2329,.T.);
#3525=EDGE_CURVE('',#2788,#2789,#1596,.T.);
#3526=EDGE_CURVE('',#2784,#2789,#2330,.T.);
#3527=EDGE_CURVE('',#2739,#2786,#1597,.T.);
#3528=EDGE_CURVE('',#2785,#2740,#1598,.T.);
#3529=EDGE_CURVE('',#2787,#2738,#1599,.T.);
#3530=EDGE_CURVE('',#2737,#2788,#1600,.T.);
#3531=EDGE_CURVE('',#2789,#2736,#1601,.T.);
#3532=EDGE_CURVE('',#2790,#2790,#2331,.T.);
#3533=EDGE_CURVE('',#2790,#2791,#1602,.T.);
#3534=EDGE_CURVE('',#2791,#2791,#2332,.T.);
#3535=EDGE_CURVE('',#2792,#2792,#2333,.T.);
#3536=EDGE_CURVE('',#2792,#2793,#1603,.T.);
#3537=EDGE_CURVE('',#2793,#2793,#2334,.T.);
#3538=EDGE_CURVE('',#2794,#2795,#1604,.T.);
#3539=EDGE_CURVE('',#2796,#2794,#1605,.T.);
#3540=EDGE_CURVE('',#2797,#2796,#1606,.T.);
#3541=EDGE_CURVE('',#2797,#2795,#1607,.T.);
#3542=EDGE_CURVE('',#2798,#2796,#1608,.T.);
#3543=EDGE_CURVE('',#2798,#2799,#1609,.T.);
#3544=EDGE_CURVE('',#2799,#2797,#1610,.T.);
#3545=EDGE_CURVE('',#2800,#2800,#2335,.T.);
#3546=EDGE_CURVE('',#2800,#2801,#2336,.T.);
#3547=EDGE_CURVE('',#2801,#2801,#2337,.T.);
#3548=EDGE_CURVE('',#2802,#2802,#2338,.T.);
#3549=EDGE_CURVE('',#2802,#2803,#2339,.T.);
#3550=EDGE_CURVE('',#2803,#2803,#2340,.T.);
#3551=EDGE_CURVE('',#2804,#2798,#1611,.T.);
#3552=EDGE_CURVE('',#2804,#2805,#1612,.T.);
#3553=EDGE_CURVE('',#2805,#2799,#1613,.T.);
#3554=EDGE_CURVE('',#2795,#2805,#1614,.T.);
#3555=EDGE_CURVE('',#2794,#2804,#1615,.T.);
#3556=EDGE_CURVE('',#2806,#2806,#2341,.T.);
#3557=EDGE_CURVE('',#2806,#2807,#1616,.T.);
#3558=EDGE_CURVE('',#2808,#2807,#64,.T.);
#3559=EDGE_CURVE('',#2807,#2808,#65,.T.);
#3560=EDGE_CURVE('',#2809,#2809,#2342,.T.);
#3561=EDGE_CURVE('',#2809,#2810,#1617,.T.);
#3562=EDGE_CURVE('',#2810,#2810,#66,.T.);
#3563=EDGE_CURVE('',#2811,#2811,#2343,.T.);
#3564=EDGE_CURVE('',#2811,#2807,#325,.T.);
#3565=EDGE_CURVE('',#2808,#2812,#326,.T.);
#3566=EDGE_CURVE('',#2812,#2812,#2344,.T.);
#3567=EDGE_CURVE('',#2813,#2814,#1618,.T.);
#3568=EDGE_CURVE('',#2813,#2815,#1619,.T.);
#3569=EDGE_CURVE('',#2816,#2815,#1620,.T.);
#3570=EDGE_CURVE('',#2814,#2816,#1621,.T.);
#3571=EDGE_CURVE('',#2814,#2817,#1622,.T.);
#3572=EDGE_CURVE('',#2818,#2816,#1623,.T.);
#3573=EDGE_CURVE('',#2817,#2818,#1624,.T.);
#3574=EDGE_CURVE('',#2817,#2819,#1625,.T.);
#3575=EDGE_CURVE('',#2820,#2818,#1626,.T.);
#3576=EDGE_CURVE('',#2819,#2820,#1627,.T.);
#3577=EDGE_CURVE('',#2819,#2813,#1628,.T.);
#3578=EDGE_CURVE('',#2815,#2820,#1629,.T.);
#3579=ORIENTED_EDGE('',*,*,#2821,.T.);
#3580=ORIENTED_EDGE('',*,*,#2822,.T.);
#3581=ORIENTED_EDGE('',*,*,#2823,.F.);
#3582=ORIENTED_EDGE('',*,*,#2822,.F.);
#3583=ORIENTED_EDGE('',*,*,#2824,.F.);
#3584=ORIENTED_EDGE('',*,*,#2825,.T.);
#3585=ORIENTED_EDGE('',*,*,#2821,.F.);
#3586=ORIENTED_EDGE('',*,*,#2825,.F.);
#3587=ORIENTED_EDGE('',*,*,#2826,.T.);
#3588=ORIENTED_EDGE('',*,*,#2827,.T.);
#3589=ORIENTED_EDGE('',*,*,#2823,.T.);
#3590=ORIENTED_EDGE('',*,*,#2827,.F.);
#3591=ORIENTED_EDGE('',*,*,#2828,.F.);
#3592=ORIENTED_EDGE('',*,*,#2829,.T.);
#3593=ORIENTED_EDGE('',*,*,#2826,.F.);
#3594=ORIENTED_EDGE('',*,*,#2829,.F.);
#3595=ORIENTED_EDGE('',*,*,#2830,.F.);
#3596=ORIENTED_EDGE('',*,*,#2831,.T.);
#3597=ORIENTED_EDGE('',*,*,#2832,.F.);
#3598=ORIENTED_EDGE('',*,*,#2833,.T.);
#3599=ORIENTED_EDGE('',*,*,#2834,.T.);
#3600=ORIENTED_EDGE('',*,*,#2833,.F.);
#3601=ORIENTED_EDGE('',*,*,#2835,.F.);
#3602=ORIENTED_EDGE('',*,*,#2836,.T.);
#3603=ORIENTED_EDGE('',*,*,#2835,.T.);
#3604=ORIENTED_EDGE('',*,*,#2832,.T.);
#3605=ORIENTED_EDGE('',*,*,#2837,.T.);
#3606=ORIENTED_EDGE('',*,*,#2838,.T.);
#3607=ORIENTED_EDGE('',*,*,#2839,.T.);
#3608=ORIENTED_EDGE('',*,*,#2840,.T.);
#3609=ORIENTED_EDGE('',*,*,#2841,.T.);
#3610=ORIENTED_EDGE('',*,*,#2842,.T.);
#3611=ORIENTED_EDGE('',*,*,#2843,.T.);
#3612=ORIENTED_EDGE('',*,*,#2831,.F.);
#3613=ORIENTED_EDGE('',*,*,#2844,.F.);
#3614=ORIENTED_EDGE('',*,*,#2837,.F.);
#3615=ORIENTED_EDGE('',*,*,#2834,.F.);
#3616=ORIENTED_EDGE('',*,*,#2845,.T.);
#3617=ORIENTED_EDGE('',*,*,#2846,.T.);
#3618=ORIENTED_EDGE('',*,*,#2845,.F.);
#3619=ORIENTED_EDGE('',*,*,#2847,.F.);
#3620=ORIENTED_EDGE('',*,*,#2848,.T.);
#3621=ORIENTED_EDGE('',*,*,#2849,.F.);
#3622=ORIENTED_EDGE('',*,*,#2850,.T.);
#3623=ORIENTED_EDGE('',*,*,#2851,.T.);
#3624=ORIENTED_EDGE('',*,*,#2850,.F.);
#3625=ORIENTED_EDGE('',*,*,#2852,.F.);
#3626=ORIENTED_EDGE('',*,*,#2853,.T.);
#3627=ORIENTED_EDGE('',*,*,#2854,.F.);
#3628=ORIENTED_EDGE('',*,*,#2855,.T.);
#3629=ORIENTED_EDGE('',*,*,#2849,.T.);
#3630=ORIENTED_EDGE('',*,*,#2856,.F.);
#3631=ORIENTED_EDGE('',*,*,#2857,.T.);
#3632=ORIENTED_EDGE('',*,*,#2858,.T.);
#3633=ORIENTED_EDGE('',*,*,#2859,.F.);
#3634=ORIENTED_EDGE('',*,*,#2852,.T.);
#3635=ORIENTED_EDGE('',*,*,#2860,.F.);
#3636=ORIENTED_EDGE('',*,*,#2861,.F.);
#3637=ORIENTED_EDGE('',*,*,#2862,.F.);
#3638=ORIENTED_EDGE('',*,*,#2848,.F.);
#3639=ORIENTED_EDGE('',*,*,#2863,.F.);
#3640=ORIENTED_EDGE('',*,*,#2856,.T.);
#3641=ORIENTED_EDGE('',*,*,#2855,.F.);
#3642=ORIENTED_EDGE('',*,*,#2864,.F.);
#3643=ORIENTED_EDGE('',*,*,#2865,.F.);
#3644=ORIENTED_EDGE('',*,*,#2836,.F.);
#3645=ORIENTED_EDGE('',*,*,#2843,.F.);
#3646=ORIENTED_EDGE('',*,*,#2866,.F.);
#3647=ORIENTED_EDGE('',*,*,#2867,.F.);
#3648=ORIENTED_EDGE('',*,*,#2868,.F.);
#3649=ORIENTED_EDGE('',*,*,#2869,.F.);
#3650=ORIENTED_EDGE('',*,*,#2870,.F.);
#3651=ORIENTED_EDGE('',*,*,#2853,.F.);
#3652=ORIENTED_EDGE('',*,*,#2862,.T.);
#3653=ORIENTED_EDGE('',*,*,#2871,.T.);
#3654=ORIENTED_EDGE('',*,*,#2872,.T.);
#3655=ORIENTED_EDGE('',*,*,#2873,.F.);
#3656=ORIENTED_EDGE('',*,*,#2874,.T.);
#3657=ORIENTED_EDGE('',*,*,#2875,.F.);
#3658=ORIENTED_EDGE('',*,*,#2876,.T.);
#3659=ORIENTED_EDGE('',*,*,#2877,.F.);
#3660=ORIENTED_EDGE('',*,*,#2878,.T.);
#3661=ORIENTED_EDGE('',*,*,#2879,.F.);
#3662=ORIENTED_EDGE('',*,*,#2880,.T.);
#3663=ORIENTED_EDGE('',*,*,#2881,.F.);
#3664=ORIENTED_EDGE('',*,*,#2851,.F.);
#3665=ORIENTED_EDGE('',*,*,#2882,.T.);
#3666=ORIENTED_EDGE('',*,*,#2883,.T.);
#3667=ORIENTED_EDGE('',*,*,#2882,.F.);
#3668=ORIENTED_EDGE('',*,*,#2884,.F.);
#3669=ORIENTED_EDGE('',*,*,#2869,.T.);
#3670=ORIENTED_EDGE('',*,*,#2885,.T.);
#3671=ORIENTED_EDGE('',*,*,#2886,.T.);
#3672=ORIENTED_EDGE('',*,*,#2885,.F.);
#3673=ORIENTED_EDGE('',*,*,#2868,.T.);
#3674=ORIENTED_EDGE('',*,*,#2887,.F.);
#3675=ORIENTED_EDGE('',*,*,#2888,.F.);
#3676=ORIENTED_EDGE('',*,*,#2886,.F.);
#3677=ORIENTED_EDGE('',*,*,#2889,.T.);
#3678=ORIENTED_EDGE('',*,*,#2890,.T.);
#3679=ORIENTED_EDGE('',*,*,#2889,.F.);
#3680=ORIENTED_EDGE('',*,*,#2891,.F.);
#3681=ORIENTED_EDGE('',*,*,#2866,.T.);
#3682=ORIENTED_EDGE('',*,*,#2842,.F.);
#3683=ORIENTED_EDGE('',*,*,#2892,.T.);
#3684=ORIENTED_EDGE('',*,*,#2893,.T.);
#3685=ORIENTED_EDGE('',*,*,#2892,.F.);
#3686=ORIENTED_EDGE('',*,*,#2841,.F.);
#3687=ORIENTED_EDGE('',*,*,#2894,.F.);
#3688=ORIENTED_EDGE('',*,*,#2887,.T.);
#3689=ORIENTED_EDGE('',*,*,#2867,.T.);
#3690=ORIENTED_EDGE('',*,*,#2891,.T.);
#3691=ORIENTED_EDGE('',*,*,#2895,.T.);
#3692=ORIENTED_EDGE('',*,*,#2896,.T.);
#3693=ORIENTED_EDGE('',*,*,#2897,.T.);
#3694=ORIENTED_EDGE('',*,*,#2894,.T.);
#3695=ORIENTED_EDGE('',*,*,#2840,.F.);
#3696=ORIENTED_EDGE('',*,*,#2898,.T.);
#3697=ORIENTED_EDGE('',*,*,#2895,.F.);
#3698=ORIENTED_EDGE('',*,*,#2893,.F.);
#3699=ORIENTED_EDGE('',*,*,#2899,.T.);
#3700=ORIENTED_EDGE('',*,*,#2900,.T.);
#3701=ORIENTED_EDGE('',*,*,#2899,.F.);
#3702=ORIENTED_EDGE('',*,*,#2901,.F.);
#3703=ORIENTED_EDGE('',*,*,#2902,.T.);
#3704=ORIENTED_EDGE('',*,*,#2903,.F.);
#3705=ORIENTED_EDGE('',*,*,#2904,.T.);
#3706=ORIENTED_EDGE('',*,*,#2905,.F.);
#3707=ORIENTED_EDGE('',*,*,#2906,.T.);
#3708=ORIENTED_EDGE('',*,*,#2907,.F.);
#3709=ORIENTED_EDGE('',*,*,#2908,.T.);
#3710=ORIENTED_EDGE('',*,*,#2909,.T.);
#3711=ORIENTED_EDGE('',*,*,#2910,.T.);
#3712=ORIENTED_EDGE('',*,*,#2911,.T.);
#3713=ORIENTED_EDGE('',*,*,#2912,.T.);
#3714=ORIENTED_EDGE('',*,*,#2913,.F.);
#3715=ORIENTED_EDGE('',*,*,#2914,.F.);
#3716=ORIENTED_EDGE('',*,*,#2915,.F.);
#3717=ORIENTED_EDGE('',*,*,#2916,.F.);
#3718=ORIENTED_EDGE('',*,*,#2917,.F.);
#3719=ORIENTED_EDGE('',*,*,#2918,.F.);
#3720=ORIENTED_EDGE('',*,*,#2919,.F.);
#3721=ORIENTED_EDGE('',*,*,#2920,.F.);
#3722=ORIENTED_EDGE('',*,*,#2828,.T.);
#3723=ORIENTED_EDGE('',*,*,#2921,.F.);
#3724=ORIENTED_EDGE('',*,*,#2922,.F.);
#3725=ORIENTED_EDGE('',*,*,#2923,.F.);
#3726=ORIENTED_EDGE('',*,*,#2924,.F.);
#3727=ORIENTED_EDGE('',*,*,#2925,.T.);
#3728=ORIENTED_EDGE('',*,*,#2926,.T.);
#3729=ORIENTED_EDGE('',*,*,#2927,.T.);
#3730=ORIENTED_EDGE('',*,*,#2928,.T.);
#3731=ORIENTED_EDGE('',*,*,#2929,.T.);
#3732=ORIENTED_EDGE('',*,*,#2930,.T.);
#3733=ORIENTED_EDGE('',*,*,#2931,.T.);
#3734=ORIENTED_EDGE('',*,*,#2932,.F.);
#3735=ORIENTED_EDGE('',*,*,#2933,.T.);
#3736=ORIENTED_EDGE('',*,*,#2930,.F.);
#3737=ORIENTED_EDGE('',*,*,#2934,.T.);
#3738=ORIENTED_EDGE('',*,*,#2926,.F.);
#3739=ORIENTED_EDGE('',*,*,#2935,.T.);
#3740=ORIENTED_EDGE('',*,*,#2928,.F.);
#3741=ORIENTED_EDGE('',*,*,#2936,.T.);
#3742=ORIENTED_EDGE('',*,*,#2932,.T.);
#3743=ORIENTED_EDGE('',*,*,#2934,.F.);
#3744=ORIENTED_EDGE('',*,*,#2937,.F.);
#3745=ORIENTED_EDGE('',*,*,#2938,.F.);
#3746=ORIENTED_EDGE('',*,*,#2939,.F.);
#3747=ORIENTED_EDGE('',*,*,#2929,.F.);
#3748=ORIENTED_EDGE('',*,*,#2940,.F.);
#3749=ORIENTED_EDGE('',*,*,#2941,.F.);
#3750=ORIENTED_EDGE('',*,*,#2937,.T.);
#3751=ORIENTED_EDGE('',*,*,#2942,.F.);
#3752=ORIENTED_EDGE('',*,*,#2904,.F.);
#3753=ORIENTED_EDGE('',*,*,#2943,.F.);
#3754=ORIENTED_EDGE('',*,*,#2944,.F.);
#3755=ORIENTED_EDGE('',*,*,#2931,.F.);
#3756=ORIENTED_EDGE('',*,*,#2933,.F.);
#3757=ORIENTED_EDGE('',*,*,#2925,.F.);
#3758=ORIENTED_EDGE('',*,*,#2935,.F.);
#3759=ORIENTED_EDGE('',*,*,#2945,.T.);
#3760=ORIENTED_EDGE('',*,*,#2946,.T.);
#3761=ORIENTED_EDGE('',*,*,#2947,.F.);
#3762=ORIENTED_EDGE('',*,*,#2946,.F.);
#3763=ORIENTED_EDGE('',*,*,#2945,.F.);
#3764=ORIENTED_EDGE('',*,*,#2948,.T.);
#3765=ORIENTED_EDGE('',*,*,#2949,.T.);
#3766=ORIENTED_EDGE('',*,*,#2950,.F.);
#3767=ORIENTED_EDGE('',*,*,#2949,.F.);
#3768=ORIENTED_EDGE('',*,*,#2948,.F.);
#3769=ORIENTED_EDGE('',*,*,#2951,.T.);
#3770=ORIENTED_EDGE('',*,*,#2952,.T.);
#3771=ORIENTED_EDGE('',*,*,#2953,.T.);
#3772=ORIENTED_EDGE('',*,*,#2954,.T.);
#3773=ORIENTED_EDGE('',*,*,#2952,.F.);
#3774=ORIENTED_EDGE('',*,*,#2955,.F.);
#3775=ORIENTED_EDGE('',*,*,#2956,.F.);
#3776=ORIENTED_EDGE('',*,*,#2957,.F.);
#3777=ORIENTED_EDGE('',*,*,#2958,.F.);
#3778=ORIENTED_EDGE('',*,*,#2959,.F.);
#3779=ORIENTED_EDGE('',*,*,#2960,.F.);
#3780=ORIENTED_EDGE('',*,*,#2961,.F.);
#3781=ORIENTED_EDGE('',*,*,#2962,.T.);
#3782=ORIENTED_EDGE('',*,*,#2958,.T.);
#3783=ORIENTED_EDGE('',*,*,#2963,.T.);
#3784=ORIENTED_EDGE('',*,*,#2964,.T.);
#3785=ORIENTED_EDGE('',*,*,#2965,.F.);
#3786=ORIENTED_EDGE('',*,*,#2966,.F.);
#3787=ORIENTED_EDGE('',*,*,#2967,.F.);
#3788=ORIENTED_EDGE('',*,*,#2968,.F.);
#3789=ORIENTED_EDGE('',*,*,#2969,.T.);
#3790=ORIENTED_EDGE('',*,*,#2965,.T.);
#3791=ORIENTED_EDGE('',*,*,#2970,.T.);
#3792=ORIENTED_EDGE('',*,*,#2971,.T.);
#3793=ORIENTED_EDGE('',*,*,#2972,.F.);
#3794=ORIENTED_EDGE('',*,*,#2973,.F.);
#3795=ORIENTED_EDGE('',*,*,#2974,.F.);
#3796=ORIENTED_EDGE('',*,*,#2975,.F.);
#3797=ORIENTED_EDGE('',*,*,#2976,.T.);
#3798=ORIENTED_EDGE('',*,*,#2972,.T.);
#3799=ORIENTED_EDGE('',*,*,#2977,.T.);
#3800=ORIENTED_EDGE('',*,*,#2978,.T.);
#3801=ORIENTED_EDGE('',*,*,#2978,.F.);
#3802=ORIENTED_EDGE('',*,*,#2979,.F.);
#3803=ORIENTED_EDGE('',*,*,#2980,.F.);
#3804=ORIENTED_EDGE('',*,*,#2981,.F.);
#3805=ORIENTED_EDGE('',*,*,#2982,.T.);
#3806=ORIENTED_EDGE('',*,*,#2980,.T.);
#3807=ORIENTED_EDGE('',*,*,#2983,.T.);
#3808=ORIENTED_EDGE('',*,*,#2974,.T.);
#3809=ORIENTED_EDGE('',*,*,#2971,.F.);
#3810=ORIENTED_EDGE('',*,*,#2984,.F.);
#3811=ORIENTED_EDGE('',*,*,#2985,.F.);
#3812=ORIENTED_EDGE('',*,*,#2986,.F.);
#3813=ORIENTED_EDGE('',*,*,#2987,.T.);
#3814=ORIENTED_EDGE('',*,*,#2985,.T.);
#3815=ORIENTED_EDGE('',*,*,#2988,.T.);
#3816=ORIENTED_EDGE('',*,*,#2967,.T.);
#3817=ORIENTED_EDGE('',*,*,#2964,.F.);
#3818=ORIENTED_EDGE('',*,*,#2989,.F.);
#3819=ORIENTED_EDGE('',*,*,#2990,.F.);
#3820=ORIENTED_EDGE('',*,*,#2991,.F.);
#3821=ORIENTED_EDGE('',*,*,#2992,.T.);
#3822=ORIENTED_EDGE('',*,*,#2990,.T.);
#3823=ORIENTED_EDGE('',*,*,#2993,.T.);
#3824=ORIENTED_EDGE('',*,*,#2960,.T.);
#3825=ORIENTED_EDGE('',*,*,#2954,.F.);
#3826=ORIENTED_EDGE('',*,*,#2994,.F.);
#3827=ORIENTED_EDGE('',*,*,#2995,.F.);
#3828=ORIENTED_EDGE('',*,*,#2996,.F.);
#3829=ORIENTED_EDGE('',*,*,#2997,.T.);
#3830=ORIENTED_EDGE('',*,*,#2995,.T.);
#3831=ORIENTED_EDGE('',*,*,#2998,.T.);
#3832=ORIENTED_EDGE('',*,*,#2956,.T.);
#3833=ORIENTED_EDGE('',*,*,#2999,.T.);
#3834=ORIENTED_EDGE('',*,*,#3000,.T.);
#3835=ORIENTED_EDGE('',*,*,#3001,.T.);
#3836=ORIENTED_EDGE('',*,*,#3002,.T.);
#3837=ORIENTED_EDGE('',*,*,#3000,.F.);
#3838=ORIENTED_EDGE('',*,*,#3003,.F.);
#3839=ORIENTED_EDGE('',*,*,#3004,.F.);
#3840=ORIENTED_EDGE('',*,*,#3005,.F.);
#3841=ORIENTED_EDGE('',*,*,#2999,.F.);
#3842=ORIENTED_EDGE('',*,*,#3006,.T.);
#3843=ORIENTED_EDGE('',*,*,#3007,.F.);
#3844=ORIENTED_EDGE('',*,*,#3008,.T.);
#3845=ORIENTED_EDGE('',*,*,#3009,.F.);
#3846=ORIENTED_EDGE('',*,*,#3010,.T.);
#3847=ORIENTED_EDGE('',*,*,#3011,.F.);
#3848=ORIENTED_EDGE('',*,*,#3003,.T.);
#3849=ORIENTED_EDGE('',*,*,#3012,.T.);
#3850=ORIENTED_EDGE('',*,*,#3013,.F.);
#3851=ORIENTED_EDGE('',*,*,#3014,.T.);
#3852=ORIENTED_EDGE('',*,*,#3015,.F.);
#3853=ORIENTED_EDGE('',*,*,#3016,.T.);
#3854=ORIENTED_EDGE('',*,*,#3017,.F.);
#3855=ORIENTED_EDGE('',*,*,#3018,.T.);
#3856=ORIENTED_EDGE('',*,*,#3019,.F.);
#3857=ORIENTED_EDGE('',*,*,#3007,.T.);
#3858=ORIENTED_EDGE('',*,*,#3020,.T.);
#3859=ORIENTED_EDGE('',*,*,#3021,.T.);
#3860=ORIENTED_EDGE('',*,*,#3022,.T.);
#3861=ORIENTED_EDGE('',*,*,#3022,.F.);
#3862=ORIENTED_EDGE('',*,*,#3023,.F.);
#3863=ORIENTED_EDGE('',*,*,#3024,.F.);
#3864=ORIENTED_EDGE('',*,*,#3008,.F.);
#3865=ORIENTED_EDGE('',*,*,#3011,.T.);
#3866=ORIENTED_EDGE('',*,*,#3025,.T.);
#3867=ORIENTED_EDGE('',*,*,#3026,.T.);
#3868=ORIENTED_EDGE('',*,*,#3004,.T.);
#3869=ORIENTED_EDGE('',*,*,#3009,.T.);
#3870=ORIENTED_EDGE('',*,*,#3024,.T.);
#3871=ORIENTED_EDGE('',*,*,#3027,.T.);
#3872=ORIENTED_EDGE('',*,*,#3028,.T.);
#3873=ORIENTED_EDGE('',*,*,#3025,.F.);
#3874=ORIENTED_EDGE('',*,*,#3010,.F.);
#3875=ORIENTED_EDGE('',*,*,#3028,.F.);
#3876=ORIENTED_EDGE('',*,*,#3029,.F.);
#3877=ORIENTED_EDGE('',*,*,#3030,.F.);
#3878=ORIENTED_EDGE('',*,*,#3031,.T.);
#3879=ORIENTED_EDGE('',*,*,#3015,.T.);
#3880=ORIENTED_EDGE('',*,*,#3032,.T.);
#3881=ORIENTED_EDGE('',*,*,#3030,.T.);
#3882=ORIENTED_EDGE('',*,*,#3033,.T.);
#3883=ORIENTED_EDGE('',*,*,#3034,.T.);
#3884=ORIENTED_EDGE('',*,*,#3035,.T.);
#3885=ORIENTED_EDGE('',*,*,#3036,.T.);
#3886=ORIENTED_EDGE('',*,*,#3037,.T.);
#3887=ORIENTED_EDGE('',*,*,#3038,.T.);
#3888=ORIENTED_EDGE('',*,*,#3039,.T.);
#3889=ORIENTED_EDGE('',*,*,#2992,.F.);
#3890=ORIENTED_EDGE('',*,*,#2959,.T.);
#3891=ORIENTED_EDGE('',*,*,#2962,.F.);
#3892=ORIENTED_EDGE('',*,*,#2991,.T.);
#3893=ORIENTED_EDGE('',*,*,#2966,.T.);
#3894=ORIENTED_EDGE('',*,*,#2969,.F.);
#3895=ORIENTED_EDGE('',*,*,#2986,.T.);
#3896=ORIENTED_EDGE('',*,*,#2987,.F.);
#3897=ORIENTED_EDGE('',*,*,#2955,.T.);
#3898=ORIENTED_EDGE('',*,*,#2951,.F.);
#3899=ORIENTED_EDGE('',*,*,#2996,.T.);
#3900=ORIENTED_EDGE('',*,*,#2997,.F.);
#3901=ORIENTED_EDGE('',*,*,#2973,.T.);
#3902=ORIENTED_EDGE('',*,*,#2976,.F.);
#3903=ORIENTED_EDGE('',*,*,#2981,.T.);
#3904=ORIENTED_EDGE('',*,*,#2982,.F.);
#3905=ORIENTED_EDGE('',*,*,#3032,.F.);
#3906=ORIENTED_EDGE('',*,*,#3014,.F.);
#3907=ORIENTED_EDGE('',*,*,#3040,.F.);
#3908=ORIENTED_EDGE('',*,*,#3033,.F.);
#3909=ORIENTED_EDGE('',*,*,#3034,.F.);
#3910=ORIENTED_EDGE('',*,*,#3040,.T.);
#3911=ORIENTED_EDGE('',*,*,#3013,.T.);
#3912=ORIENTED_EDGE('',*,*,#3041,.T.);
#3913=ORIENTED_EDGE('',*,*,#3038,.F.);
#3914=ORIENTED_EDGE('',*,*,#3042,.T.);
#3915=ORIENTED_EDGE('',*,*,#3017,.T.);
#3916=ORIENTED_EDGE('',*,*,#3043,.T.);
#3917=ORIENTED_EDGE('',*,*,#3042,.F.);
#3918=ORIENTED_EDGE('',*,*,#3037,.F.);
#3919=ORIENTED_EDGE('',*,*,#3044,.F.);
#3920=ORIENTED_EDGE('',*,*,#3018,.F.);
#3921=ORIENTED_EDGE('',*,*,#3036,.F.);
#3922=ORIENTED_EDGE('',*,*,#3045,.T.);
#3923=ORIENTED_EDGE('',*,*,#3019,.T.);
#3924=ORIENTED_EDGE('',*,*,#3044,.T.);
#3925=ORIENTED_EDGE('',*,*,#3031,.F.);
#3926=ORIENTED_EDGE('',*,*,#3039,.F.);
#3927=ORIENTED_EDGE('',*,*,#3043,.F.);
#3928=ORIENTED_EDGE('',*,*,#3016,.F.);
#3929=ORIENTED_EDGE('',*,*,#3041,.F.);
#3930=ORIENTED_EDGE('',*,*,#3012,.F.);
#3931=ORIENTED_EDGE('',*,*,#3045,.F.);
#3932=ORIENTED_EDGE('',*,*,#3035,.F.);
#3933=ORIENTED_EDGE('',*,*,#3002,.F.);
#3934=ORIENTED_EDGE('',*,*,#3046,.F.);
#3935=ORIENTED_EDGE('',*,*,#3020,.F.);
#3936=ORIENTED_EDGE('',*,*,#3006,.F.);
#3937=ORIENTED_EDGE('',*,*,#2896,.F.);
#3938=ORIENTED_EDGE('',*,*,#3047,.F.);
#3939=ORIENTED_EDGE('',*,*,#3048,.T.);
#3940=ORIENTED_EDGE('',*,*,#3049,.T.);
#3941=ORIENTED_EDGE('',*,*,#3050,.T.);
#3942=ORIENTED_EDGE('',*,*,#3051,.F.);
#3943=ORIENTED_EDGE('',*,*,#3052,.F.);
#3944=ORIENTED_EDGE('',*,*,#3053,.F.);
#3945=ORIENTED_EDGE('',*,*,#3054,.T.);
#3946=ORIENTED_EDGE('',*,*,#3055,.T.);
#3947=ORIENTED_EDGE('',*,*,#3056,.T.);
#3948=ORIENTED_EDGE('',*,*,#3057,.F.);
#3949=ORIENTED_EDGE('',*,*,#3023,.T.);
#3950=ORIENTED_EDGE('',*,*,#3021,.F.);
#3951=ORIENTED_EDGE('',*,*,#3046,.T.);
#3952=ORIENTED_EDGE('',*,*,#3001,.F.);
#3953=ORIENTED_EDGE('',*,*,#3005,.T.);
#3954=ORIENTED_EDGE('',*,*,#3026,.F.);
#3955=ORIENTED_EDGE('',*,*,#3029,.T.);
#3956=ORIENTED_EDGE('',*,*,#3027,.F.);
#3957=ORIENTED_EDGE('',*,*,#3058,.T.);
#3958=ORIENTED_EDGE('',*,*,#3059,.T.);
#3959=ORIENTED_EDGE('',*,*,#3060,.T.);
#3960=ORIENTED_EDGE('',*,*,#3059,.F.);
#3961=ORIENTED_EDGE('',*,*,#3061,.F.);
#3962=ORIENTED_EDGE('',*,*,#3062,.F.);
#3963=ORIENTED_EDGE('',*,*,#3063,.F.);
#3964=ORIENTED_EDGE('',*,*,#3064,.T.);
#3965=ORIENTED_EDGE('',*,*,#3065,.F.);
#3966=ORIENTED_EDGE('',*,*,#3066,.T.);
#3967=ORIENTED_EDGE('',*,*,#3058,.F.);
#3968=ORIENTED_EDGE('',*,*,#3060,.F.);
#3969=ORIENTED_EDGE('',*,*,#3067,.T.);
#3970=ORIENTED_EDGE('',*,*,#3068,.F.);
#3971=ORIENTED_EDGE('',*,*,#3067,.F.);
#3972=ORIENTED_EDGE('',*,*,#3069,.T.);
#3973=ORIENTED_EDGE('',*,*,#3070,.T.);
#3974=ORIENTED_EDGE('',*,*,#3071,.T.);
#3975=ORIENTED_EDGE('',*,*,#3070,.F.);
#3976=ORIENTED_EDGE('',*,*,#3072,.F.);
#3977=ORIENTED_EDGE('',*,*,#3073,.F.);
#3978=ORIENTED_EDGE('',*,*,#3074,.F.);
#3979=ORIENTED_EDGE('',*,*,#3075,.T.);
#3980=ORIENTED_EDGE('',*,*,#3076,.F.);
#3981=ORIENTED_EDGE('',*,*,#3077,.F.);
#3982=ORIENTED_EDGE('',*,*,#3069,.F.);
#3983=ORIENTED_EDGE('',*,*,#3071,.F.);
#3984=ORIENTED_EDGE('',*,*,#3078,.T.);
#3985=ORIENTED_EDGE('',*,*,#3079,.F.);
#3986=ORIENTED_EDGE('',*,*,#3078,.F.);
#3987=ORIENTED_EDGE('',*,*,#3080,.T.);
#3988=ORIENTED_EDGE('',*,*,#3081,.T.);
#3989=ORIENTED_EDGE('',*,*,#3082,.T.);
#3990=ORIENTED_EDGE('',*,*,#3081,.F.);
#3991=ORIENTED_EDGE('',*,*,#3082,.F.);
#3992=ORIENTED_EDGE('',*,*,#3083,.T.);
#3993=ORIENTED_EDGE('',*,*,#3084,.F.);
#3994=ORIENTED_EDGE('',*,*,#3083,.F.);
#3995=ORIENTED_EDGE('',*,*,#3085,.F.);
#3996=ORIENTED_EDGE('',*,*,#3086,.F.);
#3997=ORIENTED_EDGE('',*,*,#3087,.F.);
#3998=ORIENTED_EDGE('',*,*,#3088,.T.);
#3999=ORIENTED_EDGE('',*,*,#3050,.F.);
#4000=ORIENTED_EDGE('',*,*,#3089,.T.);
#4001=ORIENTED_EDGE('',*,*,#3080,.F.);
#4002=ORIENTED_EDGE('',*,*,#3090,.T.);
#4003=ORIENTED_EDGE('',*,*,#3091,.T.);
#4004=ORIENTED_EDGE('',*,*,#3092,.T.);
#4005=ORIENTED_EDGE('',*,*,#3091,.F.);
#4006=ORIENTED_EDGE('',*,*,#3093,.F.);
#4007=ORIENTED_EDGE('',*,*,#3094,.F.);
#4008=ORIENTED_EDGE('',*,*,#3054,.F.);
#4009=ORIENTED_EDGE('',*,*,#3095,.T.);
#4010=ORIENTED_EDGE('',*,*,#3096,.F.);
#4011=ORIENTED_EDGE('',*,*,#3097,.F.);
#4012=ORIENTED_EDGE('',*,*,#3090,.F.);
#4013=ORIENTED_EDGE('',*,*,#3092,.F.);
#4014=ORIENTED_EDGE('',*,*,#3098,.T.);
#4015=ORIENTED_EDGE('',*,*,#3099,.F.);
#4016=ORIENTED_EDGE('',*,*,#3098,.F.);
#4017=ORIENTED_EDGE('',*,*,#3100,.T.);
#4018=ORIENTED_EDGE('',*,*,#3101,.T.);
#4019=ORIENTED_EDGE('',*,*,#3102,.T.);
#4020=ORIENTED_EDGE('',*,*,#3101,.F.);
#4021=ORIENTED_EDGE('',*,*,#2924,.T.);
#4022=ORIENTED_EDGE('',*,*,#3103,.T.);
#4023=ORIENTED_EDGE('',*,*,#3100,.F.);
#4024=ORIENTED_EDGE('',*,*,#3103,.F.);
#4025=ORIENTED_EDGE('',*,*,#2890,.F.);
#4026=ORIENTED_EDGE('',*,*,#3102,.F.);
#4027=ORIENTED_EDGE('',*,*,#3104,.T.);
#4028=ORIENTED_EDGE('',*,*,#3105,.T.);
#4029=ORIENTED_EDGE('',*,*,#3106,.T.);
#4030=ORIENTED_EDGE('',*,*,#3105,.F.);
#4031=ORIENTED_EDGE('',*,*,#2922,.T.);
#4032=ORIENTED_EDGE('',*,*,#3107,.T.);
#4033=ORIENTED_EDGE('',*,*,#3104,.F.);
#4034=ORIENTED_EDGE('',*,*,#3107,.F.);
#4035=ORIENTED_EDGE('',*,*,#2900,.F.);
#4036=ORIENTED_EDGE('',*,*,#3106,.F.);
#4037=ORIENTED_EDGE('',*,*,#3108,.T.);
#4038=ORIENTED_EDGE('',*,*,#3109,.T.);
#4039=ORIENTED_EDGE('',*,*,#3110,.T.);
#4040=ORIENTED_EDGE('',*,*,#3109,.F.);
#4041=ORIENTED_EDGE('',*,*,#2921,.T.);
#4042=ORIENTED_EDGE('',*,*,#3111,.T.);
#4043=ORIENTED_EDGE('',*,*,#3108,.F.);
#4044=ORIENTED_EDGE('',*,*,#3111,.F.);
#4045=ORIENTED_EDGE('',*,*,#2883,.F.);
#4046=ORIENTED_EDGE('',*,*,#3110,.F.);
#4047=ORIENTED_EDGE('',*,*,#3112,.T.);
#4048=ORIENTED_EDGE('',*,*,#3113,.T.);
#4049=ORIENTED_EDGE('',*,*,#3114,.T.);
#4050=ORIENTED_EDGE('',*,*,#3113,.F.);
#4051=ORIENTED_EDGE('',*,*,#2923,.T.);
#4052=ORIENTED_EDGE('',*,*,#3115,.T.);
#4053=ORIENTED_EDGE('',*,*,#3112,.F.);
#4054=ORIENTED_EDGE('',*,*,#3115,.F.);
#4055=ORIENTED_EDGE('',*,*,#2846,.F.);
#4056=ORIENTED_EDGE('',*,*,#3114,.F.);
#4057=ORIENTED_EDGE('',*,*,#2854,.T.);
#4058=ORIENTED_EDGE('',*,*,#2870,.T.);
#4059=ORIENTED_EDGE('',*,*,#2884,.T.);
#4060=ORIENTED_EDGE('',*,*,#3116,.T.);
#4061=ORIENTED_EDGE('',*,*,#3117,.T.);
#4062=ORIENTED_EDGE('',*,*,#3118,.T.);
#4063=ORIENTED_EDGE('',*,*,#2864,.T.);
#4064=ORIENTED_EDGE('',*,*,#2830,.T.);
#4065=ORIENTED_EDGE('',*,*,#2873,.T.);
#4066=ORIENTED_EDGE('',*,*,#3119,.F.);
#4067=ORIENTED_EDGE('',*,*,#3120,.F.);
#4068=ORIENTED_EDGE('',*,*,#2857,.F.);
#4069=ORIENTED_EDGE('',*,*,#2863,.T.);
#4070=ORIENTED_EDGE('',*,*,#2847,.T.);
#4071=ORIENTED_EDGE('',*,*,#2865,.T.);
#4072=ORIENTED_EDGE('',*,*,#3121,.T.);
#4073=ORIENTED_EDGE('',*,*,#3122,.T.);
#4074=ORIENTED_EDGE('',*,*,#3123,.T.);
#4075=ORIENTED_EDGE('',*,*,#2844,.T.);
#4076=ORIENTED_EDGE('',*,*,#3121,.F.);
#4077=ORIENTED_EDGE('',*,*,#3118,.F.);
#4078=ORIENTED_EDGE('',*,*,#3124,.T.);
#4079=ORIENTED_EDGE('',*,*,#2888,.T.);
#4080=ORIENTED_EDGE('',*,*,#2897,.F.);
#4081=ORIENTED_EDGE('',*,*,#3125,.T.);
#4082=ORIENTED_EDGE('',*,*,#3116,.F.);
#4083=ORIENTED_EDGE('',*,*,#2838,.F.);
#4084=ORIENTED_EDGE('',*,*,#3123,.F.);
#4085=ORIENTED_EDGE('',*,*,#3126,.T.);
#4086=ORIENTED_EDGE('',*,*,#3120,.T.);
#4087=ORIENTED_EDGE('',*,*,#3127,.T.);
#4088=ORIENTED_EDGE('',*,*,#3128,.F.);
#4089=ORIENTED_EDGE('',*,*,#2858,.F.);
#4090=ORIENTED_EDGE('',*,*,#3125,.F.);
#4091=ORIENTED_EDGE('',*,*,#3057,.T.);
#4092=ORIENTED_EDGE('',*,*,#3129,.F.);
#4093=ORIENTED_EDGE('',*,*,#3130,.T.);
#4094=ORIENTED_EDGE('',*,*,#2898,.F.);
#4095=ORIENTED_EDGE('',*,*,#3131,.T.);
#4096=ORIENTED_EDGE('',*,*,#3132,.F.);
#4097=ORIENTED_EDGE('',*,*,#3047,.T.);
#4098=ORIENTED_EDGE('',*,*,#2839,.F.);
#4099=ORIENTED_EDGE('',*,*,#3133,.F.);
#4100=ORIENTED_EDGE('',*,*,#3134,.F.);
#4101=ORIENTED_EDGE('',*,*,#3135,.T.);
#4102=ORIENTED_EDGE('',*,*,#3076,.T.);
#4103=ORIENTED_EDGE('',*,*,#3136,.F.);
#4104=ORIENTED_EDGE('',*,*,#3137,.F.);
#4105=ORIENTED_EDGE('',*,*,#3138,.F.);
#4106=ORIENTED_EDGE('',*,*,#3087,.T.);
#4107=ORIENTED_EDGE('',*,*,#3139,.T.);
#4108=ORIENTED_EDGE('',*,*,#3140,.F.);
#4109=ORIENTED_EDGE('',*,*,#3131,.F.);
#4110=ORIENTED_EDGE('',*,*,#3141,.F.);
#4111=ORIENTED_EDGE('',*,*,#3142,.F.);
#4112=ORIENTED_EDGE('',*,*,#3143,.F.);
#4113=ORIENTED_EDGE('',*,*,#3144,.F.);
#4114=ORIENTED_EDGE('',*,*,#3119,.T.);
#4115=ORIENTED_EDGE('',*,*,#2872,.F.);
#4116=ORIENTED_EDGE('',*,*,#3145,.T.);
#4117=ORIENTED_EDGE('',*,*,#3146,.F.);
#4118=ORIENTED_EDGE('',*,*,#3127,.F.);
#4119=ORIENTED_EDGE('',*,*,#2871,.F.);
#4120=ORIENTED_EDGE('',*,*,#2861,.T.);
#4121=ORIENTED_EDGE('',*,*,#3147,.F.);
#4122=ORIENTED_EDGE('',*,*,#3145,.F.);
#4123=ORIENTED_EDGE('',*,*,#2860,.T.);
#4124=ORIENTED_EDGE('',*,*,#2859,.T.);
#4125=ORIENTED_EDGE('',*,*,#3128,.T.);
#4126=ORIENTED_EDGE('',*,*,#3146,.T.);
#4127=ORIENTED_EDGE('',*,*,#3147,.T.);
#4128=ORIENTED_EDGE('',*,*,#3148,.T.);
#4129=ORIENTED_EDGE('',*,*,#3149,.T.);
#4130=ORIENTED_EDGE('',*,*,#3150,.T.);
#4131=ORIENTED_EDGE('',*,*,#3151,.T.);
#4132=ORIENTED_EDGE('',*,*,#3152,.F.);
#4133=ORIENTED_EDGE('',*,*,#3153,.T.);
#4134=ORIENTED_EDGE('',*,*,#3154,.T.);
#4135=ORIENTED_EDGE('',*,*,#3151,.F.);
#4136=ORIENTED_EDGE('',*,*,#3154,.F.);
#4137=ORIENTED_EDGE('',*,*,#3155,.T.);
#4138=ORIENTED_EDGE('',*,*,#3156,.T.);
#4139=ORIENTED_EDGE('',*,*,#3148,.F.);
#4140=ORIENTED_EDGE('',*,*,#3156,.F.);
#4141=ORIENTED_EDGE('',*,*,#3157,.T.);
#4142=ORIENTED_EDGE('',*,*,#3158,.T.);
#4143=ORIENTED_EDGE('',*,*,#3149,.F.);
#4144=ORIENTED_EDGE('',*,*,#3158,.F.);
#4145=ORIENTED_EDGE('',*,*,#3159,.T.);
#4146=ORIENTED_EDGE('',*,*,#3152,.T.);
#4147=ORIENTED_EDGE('',*,*,#3150,.F.);
#4148=ORIENTED_EDGE('',*,*,#3155,.F.);
#4149=ORIENTED_EDGE('',*,*,#3153,.F.);
#4150=ORIENTED_EDGE('',*,*,#3159,.F.);
#4151=ORIENTED_EDGE('',*,*,#3157,.F.);
#4152=ORIENTED_EDGE('',*,*,#3160,.F.);
#4153=ORIENTED_EDGE('',*,*,#3072,.T.);
#4154=ORIENTED_EDGE('',*,*,#3161,.T.);
#4155=ORIENTED_EDGE('',*,*,#3162,.T.);
#4156=ORIENTED_EDGE('',*,*,#3163,.T.);
#4157=ORIENTED_EDGE('',*,*,#3163,.F.);
#4158=ORIENTED_EDGE('',*,*,#3164,.F.);
#4159=ORIENTED_EDGE('',*,*,#3165,.F.);
#4160=ORIENTED_EDGE('',*,*,#3073,.T.);
#4161=ORIENTED_EDGE('',*,*,#3162,.F.);
#4162=ORIENTED_EDGE('',*,*,#3166,.T.);
#4163=ORIENTED_EDGE('',*,*,#3134,.T.);
#4164=ORIENTED_EDGE('',*,*,#3167,.T.);
#4165=ORIENTED_EDGE('',*,*,#3168,.F.);
#4166=ORIENTED_EDGE('',*,*,#3164,.T.);
#4167=ORIENTED_EDGE('',*,*,#3079,.T.);
#4168=ORIENTED_EDGE('',*,*,#3169,.T.);
#4169=ORIENTED_EDGE('',*,*,#3170,.T.);
#4170=ORIENTED_EDGE('',*,*,#3061,.T.);
#4171=ORIENTED_EDGE('',*,*,#3171,.T.);
#4172=ORIENTED_EDGE('',*,*,#3170,.F.);
#4173=ORIENTED_EDGE('',*,*,#3172,.F.);
#4174=ORIENTED_EDGE('',*,*,#3173,.F.);
#4175=ORIENTED_EDGE('',*,*,#3062,.T.);
#4176=ORIENTED_EDGE('',*,*,#3169,.F.);
#4177=ORIENTED_EDGE('',*,*,#3174,.F.);
#4178=ORIENTED_EDGE('',*,*,#3175,.F.);
#4179=ORIENTED_EDGE('',*,*,#3176,.T.);
#4180=ORIENTED_EDGE('',*,*,#3177,.T.);
#4181=ORIENTED_EDGE('',*,*,#3172,.T.);
#4182=ORIENTED_EDGE('',*,*,#3068,.T.);
#4183=ORIENTED_EDGE('',*,*,#3093,.T.);
#4184=ORIENTED_EDGE('',*,*,#3178,.T.);
#4185=ORIENTED_EDGE('',*,*,#3179,.T.);
#4186=ORIENTED_EDGE('',*,*,#3180,.T.);
#4187=ORIENTED_EDGE('',*,*,#3178,.F.);
#4188=ORIENTED_EDGE('',*,*,#3097,.T.);
#4189=ORIENTED_EDGE('',*,*,#3181,.F.);
#4190=ORIENTED_EDGE('',*,*,#3182,.F.);
#4191=ORIENTED_EDGE('',*,*,#3183,.T.);
#4192=ORIENTED_EDGE('',*,*,#3184,.T.);
#4193=ORIENTED_EDGE('',*,*,#3085,.T.);
#4194=ORIENTED_EDGE('',*,*,#3185,.T.);
#4195=ORIENTED_EDGE('',*,*,#3184,.F.);
#4196=ORIENTED_EDGE('',*,*,#3186,.F.);
#4197=ORIENTED_EDGE('',*,*,#3139,.F.);
#4198=ORIENTED_EDGE('',*,*,#3086,.T.);
#4199=ORIENTED_EDGE('',*,*,#3183,.F.);
#4200=ORIENTED_EDGE('',*,*,#3187,.F.);
#4201=ORIENTED_EDGE('',*,*,#3048,.F.);
#4202=ORIENTED_EDGE('',*,*,#3132,.T.);
#4203=ORIENTED_EDGE('',*,*,#3140,.T.);
#4204=ORIENTED_EDGE('',*,*,#3186,.T.);
#4205=ORIENTED_EDGE('',*,*,#3084,.T.);
#4206=ORIENTED_EDGE('',*,*,#3188,.T.);
#4207=ORIENTED_EDGE('',*,*,#3189,.T.);
#4208=ORIENTED_EDGE('',*,*,#2901,.T.);
#4209=ORIENTED_EDGE('',*,*,#3190,.T.);
#4210=ORIENTED_EDGE('',*,*,#3189,.F.);
#4211=ORIENTED_EDGE('',*,*,#3191,.F.);
#4212=ORIENTED_EDGE('',*,*,#3192,.F.);
#4213=ORIENTED_EDGE('',*,*,#2902,.F.);
#4214=ORIENTED_EDGE('',*,*,#2989,.T.);
#4215=ORIENTED_EDGE('',*,*,#2963,.F.);
#4216=ORIENTED_EDGE('',*,*,#2961,.T.);
#4217=ORIENTED_EDGE('',*,*,#2993,.F.);
#4218=ORIENTED_EDGE('',*,*,#2968,.T.);
#4219=ORIENTED_EDGE('',*,*,#2988,.F.);
#4220=ORIENTED_EDGE('',*,*,#2984,.T.);
#4221=ORIENTED_EDGE('',*,*,#2970,.F.);
#4222=ORIENTED_EDGE('',*,*,#2957,.T.);
#4223=ORIENTED_EDGE('',*,*,#2998,.F.);
#4224=ORIENTED_EDGE('',*,*,#2994,.T.);
#4225=ORIENTED_EDGE('',*,*,#2953,.F.);
#4226=ORIENTED_EDGE('',*,*,#2975,.T.);
#4227=ORIENTED_EDGE('',*,*,#2983,.F.);
#4228=ORIENTED_EDGE('',*,*,#2979,.T.);
#4229=ORIENTED_EDGE('',*,*,#2977,.F.);
#4230=ORIENTED_EDGE('',*,*,#3188,.F.);
#4231=ORIENTED_EDGE('',*,*,#3193,.T.);
#4232=ORIENTED_EDGE('',*,*,#3194,.F.);
#4233=ORIENTED_EDGE('',*,*,#3195,.T.);
#4234=ORIENTED_EDGE('',*,*,#3196,.F.);
#4235=ORIENTED_EDGE('',*,*,#2944,.T.);
#4236=ORIENTED_EDGE('',*,*,#3197,.F.);
#4237=ORIENTED_EDGE('',*,*,#3191,.T.);
#4238=ORIENTED_EDGE('',*,*,#3198,.T.);
#4239=ORIENTED_EDGE('',*,*,#3199,.F.);
#4240=ORIENTED_EDGE('',*,*,#3052,.T.);
#4241=ORIENTED_EDGE('',*,*,#3200,.F.);
#4242=ORIENTED_EDGE('',*,*,#3137,.T.);
#4243=ORIENTED_EDGE('',*,*,#3201,.F.);
#4244=ORIENTED_EDGE('',*,*,#3202,.T.);
#4245=ORIENTED_EDGE('',*,*,#3203,.F.);
#4246=ORIENTED_EDGE('',*,*,#3117,.F.);
#4247=ORIENTED_EDGE('',*,*,#3130,.F.);
#4248=ORIENTED_EDGE('',*,*,#3204,.F.);
#4249=ORIENTED_EDGE('',*,*,#3181,.T.);
#4250=ORIENTED_EDGE('',*,*,#3096,.T.);
#4251=ORIENTED_EDGE('',*,*,#3205,.F.);
#4252=ORIENTED_EDGE('',*,*,#3198,.F.);
#4253=ORIENTED_EDGE('',*,*,#3206,.F.);
#4254=ORIENTED_EDGE('',*,*,#3063,.T.);
#4255=ORIENTED_EDGE('',*,*,#3173,.T.);
#4256=ORIENTED_EDGE('',*,*,#3177,.F.);
#4257=ORIENTED_EDGE('',*,*,#3207,.F.);
#4258=ORIENTED_EDGE('',*,*,#3095,.F.);
#4259=ORIENTED_EDGE('',*,*,#3053,.T.);
#4260=ORIENTED_EDGE('',*,*,#3199,.T.);
#4261=ORIENTED_EDGE('',*,*,#3205,.T.);
#4262=ORIENTED_EDGE('',*,*,#3064,.F.);
#4263=ORIENTED_EDGE('',*,*,#3206,.T.);
#4264=ORIENTED_EDGE('',*,*,#3203,.T.);
#4265=ORIENTED_EDGE('',*,*,#3208,.T.);
#4266=ORIENTED_EDGE('',*,*,#3122,.F.);
#4267=ORIENTED_EDGE('',*,*,#3209,.F.);
#4268=ORIENTED_EDGE('',*,*,#3175,.T.);
#4269=ORIENTED_EDGE('',*,*,#3210,.T.);
#4270=ORIENTED_EDGE('',*,*,#3065,.T.);
#4271=ORIENTED_EDGE('',*,*,#3208,.F.);
#4272=ORIENTED_EDGE('',*,*,#3202,.F.);
#4273=ORIENTED_EDGE('',*,*,#3211,.F.);
#4274=ORIENTED_EDGE('',*,*,#3074,.T.);
#4275=ORIENTED_EDGE('',*,*,#3165,.T.);
#4276=ORIENTED_EDGE('',*,*,#3168,.T.);
#4277=ORIENTED_EDGE('',*,*,#3212,.F.);
#4278=ORIENTED_EDGE('',*,*,#3124,.F.);
#4279=ORIENTED_EDGE('',*,*,#3207,.T.);
#4280=ORIENTED_EDGE('',*,*,#3176,.F.);
#4281=ORIENTED_EDGE('',*,*,#3209,.T.);
#4282=ORIENTED_EDGE('',*,*,#3075,.F.);
#4283=ORIENTED_EDGE('',*,*,#3211,.T.);
#4284=ORIENTED_EDGE('',*,*,#3201,.T.);
#4285=ORIENTED_EDGE('',*,*,#3136,.T.);
#4286=ORIENTED_EDGE('',*,*,#3126,.F.);
#4287=ORIENTED_EDGE('',*,*,#3212,.T.);
#4288=ORIENTED_EDGE('',*,*,#3167,.F.);
#4289=ORIENTED_EDGE('',*,*,#3133,.T.);
#4290=ORIENTED_EDGE('',*,*,#2907,.T.);
#4291=ORIENTED_EDGE('',*,*,#3213,.T.);
#4292=ORIENTED_EDGE('',*,*,#3194,.T.);
#4293=ORIENTED_EDGE('',*,*,#3214,.T.);
#4294=ORIENTED_EDGE('',*,*,#3213,.F.);
#4295=ORIENTED_EDGE('',*,*,#2906,.F.);
#4296=ORIENTED_EDGE('',*,*,#3215,.F.);
#4297=ORIENTED_EDGE('',*,*,#3195,.F.);
#4298=ORIENTED_EDGE('',*,*,#2824,.T.);
#4299=ORIENTED_EDGE('',*,*,#3216,.T.);
#4300=ORIENTED_EDGE('',*,*,#2905,.T.);
#4301=ORIENTED_EDGE('',*,*,#2942,.T.);
#4302=ORIENTED_EDGE('',*,*,#3196,.T.);
#4303=ORIENTED_EDGE('',*,*,#3215,.T.);
#4304=ORIENTED_EDGE('',*,*,#2903,.T.);
#4305=ORIENTED_EDGE('',*,*,#3192,.T.);
#4306=ORIENTED_EDGE('',*,*,#3197,.T.);
#4307=ORIENTED_EDGE('',*,*,#2943,.T.);
#4308=ORIENTED_EDGE('',*,*,#3088,.F.);
#4309=ORIENTED_EDGE('',*,*,#3138,.T.);
#4310=ORIENTED_EDGE('',*,*,#3200,.T.);
#4311=ORIENTED_EDGE('',*,*,#3051,.T.);
#4312=ORIENTED_EDGE('',*,*,#3179,.F.);
#4313=ORIENTED_EDGE('',*,*,#3182,.T.);
#4314=ORIENTED_EDGE('',*,*,#3204,.T.);
#4315=ORIENTED_EDGE('',*,*,#3129,.T.);
#4316=ORIENTED_EDGE('',*,*,#3056,.F.);
#4317=ORIENTED_EDGE('',*,*,#3217,.T.);
#4318=ORIENTED_EDGE('',*,*,#3099,.T.);
#4319=ORIENTED_EDGE('',*,*,#3171,.F.);
#4320=ORIENTED_EDGE('',*,*,#3066,.F.);
#4321=ORIENTED_EDGE('',*,*,#3210,.F.);
#4322=ORIENTED_EDGE('',*,*,#3174,.T.);
#4323=ORIENTED_EDGE('',*,*,#3161,.F.);
#4324=ORIENTED_EDGE('',*,*,#3077,.T.);
#4325=ORIENTED_EDGE('',*,*,#3135,.F.);
#4326=ORIENTED_EDGE('',*,*,#3166,.F.);
#4327=ORIENTED_EDGE('',*,*,#3185,.F.);
#4328=ORIENTED_EDGE('',*,*,#3089,.F.);
#4329=ORIENTED_EDGE('',*,*,#3049,.F.);
#4330=ORIENTED_EDGE('',*,*,#3187,.T.);
#4331=ORIENTED_EDGE('',*,*,#3180,.F.);
#4332=ORIENTED_EDGE('',*,*,#3217,.F.);
#4333=ORIENTED_EDGE('',*,*,#3055,.F.);
#4334=ORIENTED_EDGE('',*,*,#3094,.T.);
#4335=ORIENTED_EDGE('',*,*,#3141,.T.);
#4336=ORIENTED_EDGE('',*,*,#3218,.T.);
#4337=ORIENTED_EDGE('',*,*,#3219,.F.);
#4338=ORIENTED_EDGE('',*,*,#3220,.T.);
#4339=ORIENTED_EDGE('',*,*,#3221,.F.);
#4340=ORIENTED_EDGE('',*,*,#3222,.T.);
#4341=ORIENTED_EDGE('',*,*,#3142,.T.);
#4342=ORIENTED_EDGE('',*,*,#3220,.F.);
#4343=ORIENTED_EDGE('',*,*,#3143,.T.);
#4344=ORIENTED_EDGE('',*,*,#3222,.F.);
#4345=ORIENTED_EDGE('',*,*,#3223,.F.);
#4346=ORIENTED_EDGE('',*,*,#3224,.T.);
#4347=ORIENTED_EDGE('',*,*,#3144,.T.);
#4348=ORIENTED_EDGE('',*,*,#3224,.F.);
#4349=ORIENTED_EDGE('',*,*,#3225,.F.);
#4350=ORIENTED_EDGE('',*,*,#3218,.F.);
#4351=ORIENTED_EDGE('',*,*,#3225,.T.);
#4352=ORIENTED_EDGE('',*,*,#3223,.T.);
#4353=ORIENTED_EDGE('',*,*,#3221,.T.);
#4354=ORIENTED_EDGE('',*,*,#3219,.T.);
#4355=ORIENTED_EDGE('',*,*,#2938,.T.);
#4356=ORIENTED_EDGE('',*,*,#2941,.T.);
#4357=ORIENTED_EDGE('',*,*,#3226,.T.);
#4358=ORIENTED_EDGE('',*,*,#3227,.T.);
#4359=ORIENTED_EDGE('',*,*,#2927,.F.);
#4360=ORIENTED_EDGE('',*,*,#2939,.T.);
#4361=ORIENTED_EDGE('',*,*,#3227,.F.);
#4362=ORIENTED_EDGE('',*,*,#3228,.T.);
#4363=ORIENTED_EDGE('',*,*,#2936,.F.);
#4364=ORIENTED_EDGE('',*,*,#3228,.F.);
#4365=ORIENTED_EDGE('',*,*,#3226,.F.);
#4366=ORIENTED_EDGE('',*,*,#2940,.T.);
#4367=ORIENTED_EDGE('',*,*,#3229,.F.);
#4368=ORIENTED_EDGE('',*,*,#3230,.F.);
#4369=ORIENTED_EDGE('',*,*,#2909,.F.);
#4370=ORIENTED_EDGE('',*,*,#3231,.T.);
#4371=ORIENTED_EDGE('',*,*,#3232,.F.);
#4372=ORIENTED_EDGE('',*,*,#3231,.F.);
#4373=ORIENTED_EDGE('',*,*,#2912,.F.);
#4374=ORIENTED_EDGE('',*,*,#3233,.T.);
#4375=ORIENTED_EDGE('',*,*,#3234,.F.);
#4376=ORIENTED_EDGE('',*,*,#3233,.F.);
#4377=ORIENTED_EDGE('',*,*,#2911,.F.);
#4378=ORIENTED_EDGE('',*,*,#3235,.T.);
#4379=ORIENTED_EDGE('',*,*,#3236,.F.);
#4380=ORIENTED_EDGE('',*,*,#3235,.F.);
#4381=ORIENTED_EDGE('',*,*,#2910,.F.);
#4382=ORIENTED_EDGE('',*,*,#3230,.T.);
#4383=ORIENTED_EDGE('',*,*,#3229,.T.);
#4384=ORIENTED_EDGE('',*,*,#3232,.T.);
#4385=ORIENTED_EDGE('',*,*,#3234,.T.);
#4386=ORIENTED_EDGE('',*,*,#3236,.T.);
#4387=ORIENTED_EDGE('',*,*,#3216,.F.);
#4388=ORIENTED_EDGE('',*,*,#3237,.T.);
#4389=ORIENTED_EDGE('',*,*,#3160,.T.);
#4390=ORIENTED_EDGE('',*,*,#3237,.F.);
#4391=ORIENTED_EDGE('',*,*,#3238,.T.);
#4392=ORIENTED_EDGE('',*,*,#2913,.T.);
#4393=ORIENTED_EDGE('',*,*,#3239,.T.);
#4394=ORIENTED_EDGE('',*,*,#3240,.T.);
#4395=ORIENTED_EDGE('',*,*,#3241,.T.);
#4396=ORIENTED_EDGE('',*,*,#3242,.T.);
#4397=ORIENTED_EDGE('',*,*,#3239,.F.);
#4398=ORIENTED_EDGE('',*,*,#2920,.T.);
#4399=ORIENTED_EDGE('',*,*,#3238,.F.);
#4400=ORIENTED_EDGE('',*,*,#3243,.T.);
#4401=ORIENTED_EDGE('',*,*,#3244,.T.);
#4402=ORIENTED_EDGE('',*,*,#2914,.T.);
#4403=ORIENTED_EDGE('',*,*,#3241,.F.);
#4404=ORIENTED_EDGE('',*,*,#2919,.T.);
#4405=ORIENTED_EDGE('',*,*,#3245,.T.);
#4406=ORIENTED_EDGE('',*,*,#3246,.T.);
#4407=ORIENTED_EDGE('',*,*,#3247,.T.);
#4408=ORIENTED_EDGE('',*,*,#2915,.T.);
#4409=ORIENTED_EDGE('',*,*,#3244,.F.);
#4410=ORIENTED_EDGE('',*,*,#3248,.T.);
#4411=ORIENTED_EDGE('',*,*,#3249,.T.);
#4412=ORIENTED_EDGE('',*,*,#3250,.T.);
#4413=ORIENTED_EDGE('',*,*,#3245,.F.);
#4414=ORIENTED_EDGE('',*,*,#2918,.T.);
#4415=ORIENTED_EDGE('',*,*,#3247,.F.);
#4416=ORIENTED_EDGE('',*,*,#3251,.T.);
#4417=ORIENTED_EDGE('',*,*,#3252,.T.);
#4418=ORIENTED_EDGE('',*,*,#2916,.T.);
#4419=ORIENTED_EDGE('',*,*,#3249,.F.);
#4420=ORIENTED_EDGE('',*,*,#2917,.T.);
#4421=ORIENTED_EDGE('',*,*,#3252,.F.);
#4422=ORIENTED_EDGE('',*,*,#3253,.T.);
#4423=ORIENTED_EDGE('',*,*,#3251,.F.);
#4424=ORIENTED_EDGE('',*,*,#3254,.T.);
#4425=ORIENTED_EDGE('',*,*,#2877,.T.);
#4426=ORIENTED_EDGE('',*,*,#3255,.T.);
#4427=ORIENTED_EDGE('',*,*,#3248,.F.);
#4428=ORIENTED_EDGE('',*,*,#3256,.F.);
#4429=ORIENTED_EDGE('',*,*,#2878,.F.);
#4430=ORIENTED_EDGE('',*,*,#3254,.F.);
#4431=ORIENTED_EDGE('',*,*,#3243,.F.);
#4432=ORIENTED_EDGE('',*,*,#3257,.T.);
#4433=ORIENTED_EDGE('',*,*,#2879,.T.);
#4434=ORIENTED_EDGE('',*,*,#3256,.T.);
#4435=ORIENTED_EDGE('',*,*,#3240,.F.);
#4436=ORIENTED_EDGE('',*,*,#3258,.F.);
#4437=ORIENTED_EDGE('',*,*,#2880,.F.);
#4438=ORIENTED_EDGE('',*,*,#3257,.F.);
#4439=ORIENTED_EDGE('',*,*,#3250,.F.);
#4440=ORIENTED_EDGE('',*,*,#3259,.T.);
#4441=ORIENTED_EDGE('',*,*,#2875,.T.);
#4442=ORIENTED_EDGE('',*,*,#3260,.T.);
#4443=ORIENTED_EDGE('',*,*,#3253,.F.);
#4444=ORIENTED_EDGE('',*,*,#3255,.F.);
#4445=ORIENTED_EDGE('',*,*,#2876,.F.);
#4446=ORIENTED_EDGE('',*,*,#3259,.F.);
#4447=ORIENTED_EDGE('',*,*,#3242,.F.);
#4448=ORIENTED_EDGE('',*,*,#3261,.T.);
#4449=ORIENTED_EDGE('',*,*,#2881,.T.);
#4450=ORIENTED_EDGE('',*,*,#3258,.T.);
#4451=ORIENTED_EDGE('',*,*,#3246,.F.);
#4452=ORIENTED_EDGE('',*,*,#3260,.F.);
#4453=ORIENTED_EDGE('',*,*,#2874,.F.);
#4454=ORIENTED_EDGE('',*,*,#3261,.F.);
#4455=ORIENTED_EDGE('',*,*,#3190,.F.);
#4456=ORIENTED_EDGE('',*,*,#2908,.F.);
#4457=ORIENTED_EDGE('',*,*,#3214,.F.);
#4458=ORIENTED_EDGE('',*,*,#3193,.F.);
#4459=ORIENTED_EDGE('',*,*,#2947,.T.);
#4460=ORIENTED_EDGE('',*,*,#2950,.T.);
#4461=ORIENTED_EDGE('',*,*,#3262,.T.);
#4462=ORIENTED_EDGE('',*,*,#3263,.T.);
#4463=ORIENTED_EDGE('',*,*,#3264,.F.);
#4464=ORIENTED_EDGE('',*,*,#3265,.F.);
#4465=ORIENTED_EDGE('',*,*,#3266,.F.);
#4466=ORIENTED_EDGE('',*,*,#3263,.F.);
#4467=ORIENTED_EDGE('',*,*,#3267,.T.);
#4468=ORIENTED_EDGE('',*,*,#3268,.T.);
#4469=ORIENTED_EDGE('',*,*,#3269,.F.);
#4470=ORIENTED_EDGE('',*,*,#3268,.F.);
#4471=ORIENTED_EDGE('',*,*,#3270,.T.);
#4472=ORIENTED_EDGE('',*,*,#3271,.T.);
#4473=ORIENTED_EDGE('',*,*,#3272,.F.);
#4474=ORIENTED_EDGE('',*,*,#3271,.F.);
#4475=ORIENTED_EDGE('',*,*,#3273,.T.);
#4476=ORIENTED_EDGE('',*,*,#3265,.T.);
#4477=ORIENTED_EDGE('',*,*,#3262,.F.);
#4478=ORIENTED_EDGE('',*,*,#3273,.F.);
#4479=ORIENTED_EDGE('',*,*,#3270,.F.);
#4480=ORIENTED_EDGE('',*,*,#3267,.F.);
#4481=ORIENTED_EDGE('',*,*,#3274,.F.);
#4482=ORIENTED_EDGE('',*,*,#3275,.F.);
#4483=ORIENTED_EDGE('',*,*,#3276,.F.);
#4484=ORIENTED_EDGE('',*,*,#3277,.F.);
#4485=ORIENTED_EDGE('',*,*,#3278,.F.);
#4486=ORIENTED_EDGE('',*,*,#3279,.F.);
#4487=ORIENTED_EDGE('',*,*,#3280,.F.);
#4488=ORIENTED_EDGE('',*,*,#3281,.F.);
#4489=ORIENTED_EDGE('',*,*,#3282,.F.);
#4490=ORIENTED_EDGE('',*,*,#3283,.F.);
#4491=ORIENTED_EDGE('',*,*,#3284,.F.);
#4492=ORIENTED_EDGE('',*,*,#3285,.F.);
#4493=ORIENTED_EDGE('',*,*,#3286,.F.);
#4494=ORIENTED_EDGE('',*,*,#3287,.F.);
#4495=ORIENTED_EDGE('',*,*,#3288,.F.);
#4496=ORIENTED_EDGE('',*,*,#3289,.F.);
#4497=ORIENTED_EDGE('',*,*,#3290,.T.);
#4498=ORIENTED_EDGE('',*,*,#3289,.T.);
#4499=ORIENTED_EDGE('',*,*,#3291,.F.);
#4500=ORIENTED_EDGE('',*,*,#3292,.F.);
#4501=ORIENTED_EDGE('',*,*,#3293,.F.);
#4502=ORIENTED_EDGE('',*,*,#3294,.F.);
#4503=ORIENTED_EDGE('',*,*,#3295,.T.);
#4504=ORIENTED_EDGE('',*,*,#3274,.T.);
#4505=ORIENTED_EDGE('',*,*,#3296,.F.);
#4506=ORIENTED_EDGE('',*,*,#3297,.F.);
#4507=ORIENTED_EDGE('',*,*,#3298,.T.);
#4508=ORIENTED_EDGE('',*,*,#3278,.T.);
#4509=ORIENTED_EDGE('',*,*,#3299,.T.);
#4510=ORIENTED_EDGE('',*,*,#3280,.T.);
#4511=ORIENTED_EDGE('',*,*,#3300,.F.);
#4512=ORIENTED_EDGE('',*,*,#3301,.F.);
#4513=ORIENTED_EDGE('',*,*,#3302,.T.);
#4514=ORIENTED_EDGE('',*,*,#3276,.T.);
#4515=ORIENTED_EDGE('',*,*,#3303,.F.);
#4516=ORIENTED_EDGE('',*,*,#3304,.F.);
#4517=ORIENTED_EDGE('',*,*,#3305,.T.);
#4518=ORIENTED_EDGE('',*,*,#3284,.T.);
#4519=ORIENTED_EDGE('',*,*,#3306,.F.);
#4520=ORIENTED_EDGE('',*,*,#3307,.F.);
#4521=ORIENTED_EDGE('',*,*,#3308,.F.);
#4522=ORIENTED_EDGE('',*,*,#3309,.F.);
#4523=ORIENTED_EDGE('',*,*,#3310,.T.);
#4524=ORIENTED_EDGE('',*,*,#3282,.T.);
#4525=ORIENTED_EDGE('',*,*,#3311,.F.);
#4526=ORIENTED_EDGE('',*,*,#3303,.T.);
#4527=ORIENTED_EDGE('',*,*,#3275,.T.);
#4528=ORIENTED_EDGE('',*,*,#3295,.F.);
#4529=ORIENTED_EDGE('',*,*,#3312,.F.);
#4530=ORIENTED_EDGE('',*,*,#3313,.F.);
#4531=ORIENTED_EDGE('',*,*,#3314,.T.);
#4532=ORIENTED_EDGE('',*,*,#3287,.T.);
#4533=ORIENTED_EDGE('',*,*,#3315,.F.);
#4534=ORIENTED_EDGE('',*,*,#3291,.T.);
#4535=ORIENTED_EDGE('',*,*,#3288,.T.);
#4536=ORIENTED_EDGE('',*,*,#3314,.F.);
#4537=ORIENTED_EDGE('',*,*,#3297,.T.);
#4538=ORIENTED_EDGE('',*,*,#3316,.T.);
#4539=ORIENTED_EDGE('',*,*,#3301,.T.);
#4540=ORIENTED_EDGE('',*,*,#3317,.T.);
#4541=ORIENTED_EDGE('',*,*,#3294,.T.);
#4542=ORIENTED_EDGE('',*,*,#3318,.T.);
#4543=ORIENTED_EDGE('',*,*,#3304,.T.);
#4544=ORIENTED_EDGE('',*,*,#3311,.T.);
#4545=ORIENTED_EDGE('',*,*,#3292,.T.);
#4546=ORIENTED_EDGE('',*,*,#3315,.T.);
#4547=ORIENTED_EDGE('',*,*,#3313,.T.);
#4548=ORIENTED_EDGE('',*,*,#3319,.T.);
#4549=ORIENTED_EDGE('',*,*,#3320,.T.);
#4550=ORIENTED_EDGE('',*,*,#3321,.T.);
#4551=ORIENTED_EDGE('',*,*,#3322,.T.);
#4552=ORIENTED_EDGE('',*,*,#3323,.T.);
#4553=ORIENTED_EDGE('',*,*,#3269,.T.);
#4554=ORIENTED_EDGE('',*,*,#3272,.T.);
#4555=ORIENTED_EDGE('',*,*,#3264,.T.);
#4556=ORIENTED_EDGE('',*,*,#3266,.T.);
#4557=ORIENTED_EDGE('',*,*,#3324,.F.);
#4558=ORIENTED_EDGE('',*,*,#3308,.T.);
#4559=ORIENTED_EDGE('',*,*,#3285,.T.);
#4560=ORIENTED_EDGE('',*,*,#3305,.F.);
#4561=ORIENTED_EDGE('',*,*,#3319,.F.);
#4562=ORIENTED_EDGE('',*,*,#3312,.T.);
#4563=ORIENTED_EDGE('',*,*,#3286,.T.);
#4564=ORIENTED_EDGE('',*,*,#3290,.F.);
#4565=ORIENTED_EDGE('',*,*,#3316,.F.);
#4566=ORIENTED_EDGE('',*,*,#3296,.T.);
#4567=ORIENTED_EDGE('',*,*,#3281,.T.);
#4568=ORIENTED_EDGE('',*,*,#3299,.F.);
#4569=ORIENTED_EDGE('',*,*,#3325,.F.);
#4570=ORIENTED_EDGE('',*,*,#3306,.T.);
#4571=ORIENTED_EDGE('',*,*,#3283,.T.);
#4572=ORIENTED_EDGE('',*,*,#3310,.F.);
#4573=ORIENTED_EDGE('',*,*,#3318,.F.);
#4574=ORIENTED_EDGE('',*,*,#3293,.T.);
#4575=ORIENTED_EDGE('',*,*,#3277,.T.);
#4576=ORIENTED_EDGE('',*,*,#3302,.F.);
#4577=ORIENTED_EDGE('',*,*,#3317,.F.);
#4578=ORIENTED_EDGE('',*,*,#3300,.T.);
#4579=ORIENTED_EDGE('',*,*,#3279,.T.);
#4580=ORIENTED_EDGE('',*,*,#3298,.F.);
#4581=ORIENTED_EDGE('',*,*,#3326,.T.);
#4582=ORIENTED_EDGE('',*,*,#3327,.F.);
#4583=ORIENTED_EDGE('',*,*,#3328,.F.);
#4584=ORIENTED_EDGE('',*,*,#3329,.T.);
#4585=ORIENTED_EDGE('',*,*,#3330,.T.);
#4586=ORIENTED_EDGE('',*,*,#3331,.F.);
#4587=ORIENTED_EDGE('',*,*,#3332,.F.);
#4588=ORIENTED_EDGE('',*,*,#3327,.T.);
#4589=ORIENTED_EDGE('',*,*,#3333,.T.);
#4590=ORIENTED_EDGE('',*,*,#3334,.F.);
#4591=ORIENTED_EDGE('',*,*,#3335,.F.);
#4592=ORIENTED_EDGE('',*,*,#3331,.T.);
#4593=ORIENTED_EDGE('',*,*,#3336,.T.);
#4594=ORIENTED_EDGE('',*,*,#3329,.F.);
#4595=ORIENTED_EDGE('',*,*,#3337,.F.);
#4596=ORIENTED_EDGE('',*,*,#3334,.T.);
#4597=ORIENTED_EDGE('',*,*,#3326,.F.);
#4598=ORIENTED_EDGE('',*,*,#3336,.F.);
#4599=ORIENTED_EDGE('',*,*,#3333,.F.);
#4600=ORIENTED_EDGE('',*,*,#3330,.F.);
#4601=ORIENTED_EDGE('',*,*,#3338,.T.);
#4602=ORIENTED_EDGE('',*,*,#3339,.T.);
#4603=ORIENTED_EDGE('',*,*,#3323,.F.);
#4604=ORIENTED_EDGE('',*,*,#3340,.F.);
#4605=ORIENTED_EDGE('',*,*,#3341,.T.);
#4606=ORIENTED_EDGE('',*,*,#3340,.T.);
#4607=ORIENTED_EDGE('',*,*,#3322,.F.);
#4608=ORIENTED_EDGE('',*,*,#3342,.F.);
#4609=ORIENTED_EDGE('',*,*,#3343,.T.);
#4610=ORIENTED_EDGE('',*,*,#3342,.T.);
#4611=ORIENTED_EDGE('',*,*,#3321,.F.);
#4612=ORIENTED_EDGE('',*,*,#3344,.F.);
#4613=ORIENTED_EDGE('',*,*,#3345,.T.);
#4614=ORIENTED_EDGE('',*,*,#3344,.T.);
#4615=ORIENTED_EDGE('',*,*,#3320,.F.);
#4616=ORIENTED_EDGE('',*,*,#3339,.F.);
#4617=ORIENTED_EDGE('',*,*,#3309,.T.);
#4618=ORIENTED_EDGE('',*,*,#3324,.T.);
#4619=ORIENTED_EDGE('',*,*,#3307,.T.);
#4620=ORIENTED_EDGE('',*,*,#3325,.T.);
#4621=ORIENTED_EDGE('',*,*,#3345,.F.);
#4622=ORIENTED_EDGE('',*,*,#3338,.F.);
#4623=ORIENTED_EDGE('',*,*,#3341,.F.);
#4624=ORIENTED_EDGE('',*,*,#3343,.F.);
#4625=ORIENTED_EDGE('',*,*,#3328,.T.);
#4626=ORIENTED_EDGE('',*,*,#3332,.T.);
#4627=ORIENTED_EDGE('',*,*,#3335,.T.);
#4628=ORIENTED_EDGE('',*,*,#3337,.T.);
#4629=ORIENTED_EDGE('',*,*,#3346,.T.);
#4630=ORIENTED_EDGE('',*,*,#3347,.T.);
#4631=ORIENTED_EDGE('',*,*,#3348,.T.);
#4632=ORIENTED_EDGE('',*,*,#3349,.F.);
#4633=ORIENTED_EDGE('',*,*,#3350,.T.);
#4634=ORIENTED_EDGE('',*,*,#3351,.T.);
#4635=ORIENTED_EDGE('',*,*,#3352,.T.);
#4636=ORIENTED_EDGE('',*,*,#3347,.F.);
#4637=ORIENTED_EDGE('',*,*,#3353,.T.);
#4638=ORIENTED_EDGE('',*,*,#3354,.T.);
#4639=ORIENTED_EDGE('',*,*,#3355,.T.);
#4640=ORIENTED_EDGE('',*,*,#3351,.F.);
#4641=ORIENTED_EDGE('',*,*,#3356,.T.);
#4642=ORIENTED_EDGE('',*,*,#3354,.F.);
#4643=ORIENTED_EDGE('',*,*,#3357,.T.);
#4644=ORIENTED_EDGE('',*,*,#3349,.T.);
#4645=ORIENTED_EDGE('',*,*,#3356,.F.);
#4646=ORIENTED_EDGE('',*,*,#3358,.F.);
#4647=ORIENTED_EDGE('',*,*,#3359,.F.);
#4648=ORIENTED_EDGE('',*,*,#3360,.T.);
#4649=ORIENTED_EDGE('',*,*,#3348,.F.);
#4650=ORIENTED_EDGE('',*,*,#3361,.F.);
#4651=ORIENTED_EDGE('',*,*,#3362,.F.);
#4652=ORIENTED_EDGE('',*,*,#3363,.F.);
#4653=ORIENTED_EDGE('',*,*,#3364,.F.);
#4654=ORIENTED_EDGE('',*,*,#3358,.T.);
#4655=ORIENTED_EDGE('',*,*,#3365,.F.);
#4656=ORIENTED_EDGE('',*,*,#3366,.F.);
#4657=ORIENTED_EDGE('',*,*,#3367,.F.);
#4658=ORIENTED_EDGE('',*,*,#3368,.F.);
#4659=ORIENTED_EDGE('',*,*,#3346,.F.);
#4660=ORIENTED_EDGE('',*,*,#3357,.F.);
#4661=ORIENTED_EDGE('',*,*,#3353,.F.);
#4662=ORIENTED_EDGE('',*,*,#3350,.F.);
#4663=ORIENTED_EDGE('',*,*,#3369,.T.);
#4664=ORIENTED_EDGE('',*,*,#3370,.T.);
#4665=ORIENTED_EDGE('',*,*,#3371,.T.);
#4666=ORIENTED_EDGE('',*,*,#3372,.F.);
#4667=ORIENTED_EDGE('',*,*,#3373,.T.);
#4668=ORIENTED_EDGE('',*,*,#3370,.F.);
#4669=ORIENTED_EDGE('',*,*,#3374,.T.);
#4670=ORIENTED_EDGE('',*,*,#3375,.T.);
#4671=ORIENTED_EDGE('',*,*,#3376,.T.);
#4672=ORIENTED_EDGE('',*,*,#3377,.T.);
#4673=ORIENTED_EDGE('',*,*,#3378,.T.);
#4674=ORIENTED_EDGE('',*,*,#3372,.T.);
#4675=ORIENTED_EDGE('',*,*,#3363,.T.);
#4676=ORIENTED_EDGE('',*,*,#3377,.F.);
#4677=ORIENTED_EDGE('',*,*,#3379,.T.);
#4678=ORIENTED_EDGE('',*,*,#3375,.F.);
#4679=ORIENTED_EDGE('',*,*,#3378,.F.);
#4680=ORIENTED_EDGE('',*,*,#3362,.T.);
#4681=ORIENTED_EDGE('',*,*,#3380,.T.);
#4682=ORIENTED_EDGE('',*,*,#3381,.T.);
#4683=ORIENTED_EDGE('',*,*,#3374,.F.);
#4684=ORIENTED_EDGE('',*,*,#3382,.T.);
#4685=ORIENTED_EDGE('',*,*,#3359,.T.);
#4686=ORIENTED_EDGE('',*,*,#3364,.T.);
#4687=ORIENTED_EDGE('',*,*,#3376,.F.);
#4688=ORIENTED_EDGE('',*,*,#3383,.T.);
#4689=ORIENTED_EDGE('',*,*,#3384,.F.);
#4690=ORIENTED_EDGE('',*,*,#3385,.F.);
#4691=ORIENTED_EDGE('',*,*,#3371,.F.);
#4692=ORIENTED_EDGE('',*,*,#3386,.T.);
#4693=ORIENTED_EDGE('',*,*,#3387,.F.);
#4694=ORIENTED_EDGE('',*,*,#3383,.F.);
#4695=ORIENTED_EDGE('',*,*,#3388,.F.);
#4696=ORIENTED_EDGE('',*,*,#3389,.F.);
#4697=ORIENTED_EDGE('',*,*,#3390,.T.);
#4698=ORIENTED_EDGE('',*,*,#3391,.F.);
#4699=ORIENTED_EDGE('',*,*,#3392,.F.);
#4700=ORIENTED_EDGE('',*,*,#3393,.F.);
#4701=ORIENTED_EDGE('',*,*,#3394,.F.);
#4702=ORIENTED_EDGE('',*,*,#3395,.T.);
#4703=ORIENTED_EDGE('',*,*,#3396,.F.);
#4704=ORIENTED_EDGE('',*,*,#3397,.F.);
#4705=ORIENTED_EDGE('',*,*,#3398,.F.);
#4706=ORIENTED_EDGE('',*,*,#3389,.T.);
#4707=ORIENTED_EDGE('',*,*,#3399,.T.);
#4708=ORIENTED_EDGE('',*,*,#3396,.T.);
#4709=ORIENTED_EDGE('',*,*,#3400,.T.);
#4710=ORIENTED_EDGE('',*,*,#3401,.T.);
#4711=ORIENTED_EDGE('',*,*,#3402,.F.);
#4712=ORIENTED_EDGE('',*,*,#3403,.F.);
#4713=ORIENTED_EDGE('',*,*,#3404,.F.);
#4714=ORIENTED_EDGE('',*,*,#3405,.F.);
#4715=ORIENTED_EDGE('',*,*,#3406,.F.);
#4716=ORIENTED_EDGE('',*,*,#3407,.F.);
#4717=ORIENTED_EDGE('',*,*,#3393,.T.);
#4718=ORIENTED_EDGE('',*,*,#3365,.T.);
#4719=ORIENTED_EDGE('',*,*,#3406,.T.);
#4720=ORIENTED_EDGE('',*,*,#3408,.T.);
#4721=ORIENTED_EDGE('',*,*,#3409,.F.);
#4722=ORIENTED_EDGE('',*,*,#3410,.F.);
#4723=ORIENTED_EDGE('',*,*,#3411,.F.);
#4724=ORIENTED_EDGE('',*,*,#3410,.T.);
#4725=ORIENTED_EDGE('',*,*,#3366,.T.);
#4726=ORIENTED_EDGE('',*,*,#3392,.T.);
#4727=ORIENTED_EDGE('',*,*,#3412,.T.);
#4728=ORIENTED_EDGE('',*,*,#3403,.T.);
#4729=ORIENTED_EDGE('',*,*,#3413,.T.);
#4730=ORIENTED_EDGE('',*,*,#3411,.T.);
#4731=ORIENTED_EDGE('',*,*,#3414,.T.);
#4732=ORIENTED_EDGE('',*,*,#3415,.T.);
#4733=ORIENTED_EDGE('',*,*,#3416,.F.);
#4734=ORIENTED_EDGE('',*,*,#3417,.F.);
#4735=ORIENTED_EDGE('',*,*,#3418,.F.);
#4736=ORIENTED_EDGE('',*,*,#3398,.T.);
#4737=ORIENTED_EDGE('',*,*,#3419,.T.);
#4738=ORIENTED_EDGE('',*,*,#3416,.T.);
#4739=ORIENTED_EDGE('',*,*,#3420,.T.);
#4740=ORIENTED_EDGE('',*,*,#3421,.F.);
#4741=ORIENTED_EDGE('',*,*,#3422,.F.);
#4742=ORIENTED_EDGE('',*,*,#3423,.F.);
#4743=ORIENTED_EDGE('',*,*,#3407,.T.);
#4744=ORIENTED_EDGE('',*,*,#3368,.T.);
#4745=ORIENTED_EDGE('',*,*,#3422,.T.);
#4746=ORIENTED_EDGE('',*,*,#3424,.T.);
#4747=ORIENTED_EDGE('',*,*,#3423,.T.);
#4748=ORIENTED_EDGE('',*,*,#3367,.T.);
#4749=ORIENTED_EDGE('',*,*,#3409,.T.);
#4750=ORIENTED_EDGE('',*,*,#3425,.T.);
#4751=ORIENTED_EDGE('',*,*,#3417,.T.);
#4752=ORIENTED_EDGE('',*,*,#3426,.T.);
#4753=ORIENTED_EDGE('',*,*,#3421,.T.);
#4754=ORIENTED_EDGE('',*,*,#3427,.T.);
#4755=ORIENTED_EDGE('',*,*,#3418,.T.);
#4756=ORIENTED_EDGE('',*,*,#3428,.T.);
#4757=ORIENTED_EDGE('',*,*,#3402,.T.);
#4758=ORIENTED_EDGE('',*,*,#3429,.T.);
#4759=ORIENTED_EDGE('',*,*,#3397,.T.);
#4760=ORIENTED_EDGE('',*,*,#3430,.T.);
#4761=ORIENTED_EDGE('',*,*,#3405,.T.);
#4762=ORIENTED_EDGE('',*,*,#3431,.T.);
#4763=ORIENTED_EDGE('',*,*,#3404,.T.);
#4764=ORIENTED_EDGE('',*,*,#3432,.T.);
#4765=ORIENTED_EDGE('',*,*,#3391,.T.);
#4766=ORIENTED_EDGE('',*,*,#3433,.T.);
#4767=ORIENTED_EDGE('',*,*,#3394,.T.);
#4768=ORIENTED_EDGE('',*,*,#3434,.T.);
#4769=ORIENTED_EDGE('',*,*,#3388,.T.);
#4770=ORIENTED_EDGE('',*,*,#3435,.T.);
#4771=ORIENTED_EDGE('',*,*,#3408,.F.);
#4772=ORIENTED_EDGE('',*,*,#3430,.F.);
#4773=ORIENTED_EDGE('',*,*,#3399,.F.);
#4774=ORIENTED_EDGE('',*,*,#3434,.F.);
#4775=ORIENTED_EDGE('',*,*,#3412,.F.);
#4776=ORIENTED_EDGE('',*,*,#3435,.F.);
#4777=ORIENTED_EDGE('',*,*,#3432,.F.);
#4778=ORIENTED_EDGE('',*,*,#3414,.F.);
#4779=ORIENTED_EDGE('',*,*,#3413,.F.);
#4780=ORIENTED_EDGE('',*,*,#3428,.F.);
#4781=ORIENTED_EDGE('',*,*,#3427,.F.);
#4782=ORIENTED_EDGE('',*,*,#3425,.F.);
#4783=ORIENTED_EDGE('',*,*,#3436,.F.);
#4784=ORIENTED_EDGE('',*,*,#3437,.T.);
#4785=ORIENTED_EDGE('',*,*,#3438,.F.);
#4786=ORIENTED_EDGE('',*,*,#3439,.T.);
#4787=ORIENTED_EDGE('',*,*,#3440,.F.);
#4788=ORIENTED_EDGE('',*,*,#3441,.T.);
#4789=ORIENTED_EDGE('',*,*,#3442,.F.);
#4790=ORIENTED_EDGE('',*,*,#3443,.T.);
#4791=ORIENTED_EDGE('',*,*,#3444,.T.);
#4792=ORIENTED_EDGE('',*,*,#3445,.T.);
#4793=ORIENTED_EDGE('',*,*,#3446,.T.);
#4794=ORIENTED_EDGE('',*,*,#3447,.T.);
#4795=ORIENTED_EDGE('',*,*,#3448,.F.);
#4796=ORIENTED_EDGE('',*,*,#3449,.F.);
#4797=ORIENTED_EDGE('',*,*,#3450,.T.);
#4798=ORIENTED_EDGE('',*,*,#3451,.F.);
#4799=ORIENTED_EDGE('',*,*,#3452,.T.);
#4800=ORIENTED_EDGE('',*,*,#3453,.F.);
#4801=ORIENTED_EDGE('',*,*,#3454,.T.);
#4802=ORIENTED_EDGE('',*,*,#3455,.F.);
#4803=ORIENTED_EDGE('',*,*,#3456,.T.);
#4804=ORIENTED_EDGE('',*,*,#3457,.F.);
#4805=ORIENTED_EDGE('',*,*,#3458,.F.);
#4806=ORIENTED_EDGE('',*,*,#3459,.F.);
#4807=ORIENTED_EDGE('',*,*,#3415,.F.);
#4808=ORIENTED_EDGE('',*,*,#3429,.F.);
#4809=ORIENTED_EDGE('',*,*,#3401,.F.);
#4810=ORIENTED_EDGE('',*,*,#3433,.F.);
#4811=ORIENTED_EDGE('',*,*,#3390,.F.);
#4812=ORIENTED_EDGE('',*,*,#3400,.F.);
#4813=ORIENTED_EDGE('',*,*,#3395,.F.);
#4814=ORIENTED_EDGE('',*,*,#3420,.F.);
#4815=ORIENTED_EDGE('',*,*,#3424,.F.);
#4816=ORIENTED_EDGE('',*,*,#3426,.F.);
#4817=ORIENTED_EDGE('',*,*,#3419,.F.);
#4818=ORIENTED_EDGE('',*,*,#3431,.F.);
#4819=ORIENTED_EDGE('',*,*,#3352,.F.);
#4820=ORIENTED_EDGE('',*,*,#3460,.F.);
#4821=ORIENTED_EDGE('',*,*,#3380,.F.);
#4822=ORIENTED_EDGE('',*,*,#3361,.T.);
#4823=ORIENTED_EDGE('',*,*,#3355,.F.);
#4824=ORIENTED_EDGE('',*,*,#3360,.F.);
#4825=ORIENTED_EDGE('',*,*,#3382,.F.);
#4826=ORIENTED_EDGE('',*,*,#3369,.F.);
#4827=ORIENTED_EDGE('',*,*,#3381,.F.);
#4828=ORIENTED_EDGE('',*,*,#3460,.T.);
#4829=ORIENTED_EDGE('',*,*,#3444,.F.);
#4830=ORIENTED_EDGE('',*,*,#3461,.T.);
#4831=ORIENTED_EDGE('',*,*,#3462,.F.);
#4832=ORIENTED_EDGE('',*,*,#3463,.F.);
#4833=ORIENTED_EDGE('',*,*,#3447,.F.);
#4834=ORIENTED_EDGE('',*,*,#3464,.T.);
#4835=ORIENTED_EDGE('',*,*,#3465,.F.);
#4836=ORIENTED_EDGE('',*,*,#3461,.F.);
#4837=ORIENTED_EDGE('',*,*,#3446,.F.);
#4838=ORIENTED_EDGE('',*,*,#3466,.T.);
#4839=ORIENTED_EDGE('',*,*,#3467,.F.);
#4840=ORIENTED_EDGE('',*,*,#3464,.F.);
#4841=ORIENTED_EDGE('',*,*,#3445,.F.);
#4842=ORIENTED_EDGE('',*,*,#3463,.T.);
#4843=ORIENTED_EDGE('',*,*,#3468,.F.);
#4844=ORIENTED_EDGE('',*,*,#3466,.F.);
#4845=ORIENTED_EDGE('',*,*,#3373,.F.);
#4846=ORIENTED_EDGE('',*,*,#3469,.T.);
#4847=ORIENTED_EDGE('',*,*,#3470,.F.);
#4848=ORIENTED_EDGE('',*,*,#3386,.F.);
#4849=ORIENTED_EDGE('',*,*,#3379,.F.);
#4850=ORIENTED_EDGE('',*,*,#3385,.T.);
#4851=ORIENTED_EDGE('',*,*,#3471,.F.);
#4852=ORIENTED_EDGE('',*,*,#3469,.F.);
#4853=ORIENTED_EDGE('',*,*,#3472,.T.);
#4854=ORIENTED_EDGE('',*,*,#3473,.T.);
#4855=ORIENTED_EDGE('',*,*,#3474,.T.);
#4856=ORIENTED_EDGE('',*,*,#3475,.T.);
#4857=ORIENTED_EDGE('',*,*,#3476,.T.);
#4858=ORIENTED_EDGE('',*,*,#3477,.T.);
#4859=ORIENTED_EDGE('',*,*,#3478,.T.);
#4860=ORIENTED_EDGE('',*,*,#3479,.T.);
#4861=ORIENTED_EDGE('',*,*,#3476,.F.);
#4862=ORIENTED_EDGE('',*,*,#3480,.T.);
#4863=ORIENTED_EDGE('',*,*,#3474,.F.);
#4864=ORIENTED_EDGE('',*,*,#3481,.T.);
#4865=ORIENTED_EDGE('',*,*,#3482,.T.);
#4866=ORIENTED_EDGE('',*,*,#3483,.T.);
#4867=ORIENTED_EDGE('',*,*,#3484,.T.);
#4868=ORIENTED_EDGE('',*,*,#3481,.F.);
#4869=ORIENTED_EDGE('',*,*,#3485,.T.);
#4870=ORIENTED_EDGE('',*,*,#3478,.F.);
#4871=ORIENTED_EDGE('',*,*,#3486,.T.);
#4872=ORIENTED_EDGE('',*,*,#3487,.T.);
#4873=ORIENTED_EDGE('',*,*,#3488,.T.);
#4874=ORIENTED_EDGE('',*,*,#3489,.T.);
#4875=ORIENTED_EDGE('',*,*,#3486,.F.);
#4876=ORIENTED_EDGE('',*,*,#3490,.T.);
#4877=ORIENTED_EDGE('',*,*,#3483,.F.);
#4878=ORIENTED_EDGE('',*,*,#3472,.F.);
#4879=ORIENTED_EDGE('',*,*,#3491,.T.);
#4880=ORIENTED_EDGE('',*,*,#3488,.F.);
#4881=ORIENTED_EDGE('',*,*,#3485,.F.);
#4882=ORIENTED_EDGE('',*,*,#3492,.T.);
#4883=ORIENTED_EDGE('',*,*,#3457,.T.);
#4884=ORIENTED_EDGE('',*,*,#3493,.T.);
#4885=ORIENTED_EDGE('',*,*,#3484,.F.);
#4886=ORIENTED_EDGE('',*,*,#3494,.F.);
#4887=ORIENTED_EDGE('',*,*,#3450,.F.);
#4888=ORIENTED_EDGE('',*,*,#3492,.F.);
#4889=ORIENTED_EDGE('',*,*,#3490,.F.);
#4890=ORIENTED_EDGE('',*,*,#3495,.T.);
#4891=ORIENTED_EDGE('',*,*,#3451,.T.);
#4892=ORIENTED_EDGE('',*,*,#3494,.T.);
#4893=ORIENTED_EDGE('',*,*,#3489,.F.);
#4894=ORIENTED_EDGE('',*,*,#3496,.F.);
#4895=ORIENTED_EDGE('',*,*,#3452,.F.);
#4896=ORIENTED_EDGE('',*,*,#3495,.F.);
#4897=ORIENTED_EDGE('',*,*,#3473,.F.);
#4898=ORIENTED_EDGE('',*,*,#3487,.F.);
#4899=ORIENTED_EDGE('',*,*,#3482,.F.);
#4900=ORIENTED_EDGE('',*,*,#3477,.F.);
#4901=ORIENTED_EDGE('',*,*,#3479,.F.);
#4902=ORIENTED_EDGE('',*,*,#3493,.F.);
#4903=ORIENTED_EDGE('',*,*,#3456,.F.);
#4904=ORIENTED_EDGE('',*,*,#3497,.F.);
#4905=ORIENTED_EDGE('',*,*,#3480,.F.);
#4906=ORIENTED_EDGE('',*,*,#3497,.T.);
#4907=ORIENTED_EDGE('',*,*,#3455,.T.);
#4908=ORIENTED_EDGE('',*,*,#3498,.T.);
#4909=ORIENTED_EDGE('',*,*,#3491,.F.);
#4910=ORIENTED_EDGE('',*,*,#3499,.T.);
#4911=ORIENTED_EDGE('',*,*,#3453,.T.);
#4912=ORIENTED_EDGE('',*,*,#3496,.T.);
#4913=ORIENTED_EDGE('',*,*,#3475,.F.);
#4914=ORIENTED_EDGE('',*,*,#3498,.F.);
#4915=ORIENTED_EDGE('',*,*,#3454,.F.);
#4916=ORIENTED_EDGE('',*,*,#3499,.F.);
#4917=ORIENTED_EDGE('',*,*,#3459,.T.);
#4918=ORIENTED_EDGE('',*,*,#3500,.T.);
#4919=ORIENTED_EDGE('',*,*,#3501,.T.);
#4920=ORIENTED_EDGE('',*,*,#3500,.F.);
#4921=ORIENTED_EDGE('',*,*,#3501,.F.);
#4922=ORIENTED_EDGE('',*,*,#3502,.T.);
#4923=ORIENTED_EDGE('',*,*,#3503,.F.);
#4924=ORIENTED_EDGE('',*,*,#3502,.F.);
#4925=ORIENTED_EDGE('',*,*,#3448,.T.);
#4926=ORIENTED_EDGE('',*,*,#3504,.T.);
#4927=ORIENTED_EDGE('',*,*,#3505,.T.);
#4928=ORIENTED_EDGE('',*,*,#3504,.F.);
#4929=ORIENTED_EDGE('',*,*,#3505,.F.);
#4930=ORIENTED_EDGE('',*,*,#3506,.T.);
#4931=ORIENTED_EDGE('',*,*,#3507,.F.);
#4932=ORIENTED_EDGE('',*,*,#3506,.F.);
#4933=ORIENTED_EDGE('',*,*,#3458,.T.);
#4934=ORIENTED_EDGE('',*,*,#3508,.T.);
#4935=ORIENTED_EDGE('',*,*,#3509,.T.);
#4936=ORIENTED_EDGE('',*,*,#3508,.F.);
#4937=ORIENTED_EDGE('',*,*,#3509,.F.);
#4938=ORIENTED_EDGE('',*,*,#3510,.T.);
#4939=ORIENTED_EDGE('',*,*,#3511,.F.);
#4940=ORIENTED_EDGE('',*,*,#3510,.F.);
#4941=ORIENTED_EDGE('',*,*,#3449,.T.);
#4942=ORIENTED_EDGE('',*,*,#3512,.T.);
#4943=ORIENTED_EDGE('',*,*,#3513,.T.);
#4944=ORIENTED_EDGE('',*,*,#3512,.F.);
#4945=ORIENTED_EDGE('',*,*,#3513,.F.);
#4946=ORIENTED_EDGE('',*,*,#3514,.T.);
#4947=ORIENTED_EDGE('',*,*,#3515,.F.);
#4948=ORIENTED_EDGE('',*,*,#3514,.F.);
#4949=ORIENTED_EDGE('',*,*,#3436,.T.);
#4950=ORIENTED_EDGE('',*,*,#3516,.T.);
#4951=ORIENTED_EDGE('',*,*,#3517,.T.);
#4952=ORIENTED_EDGE('',*,*,#3518,.T.);
#4953=ORIENTED_EDGE('',*,*,#3518,.F.);
#4954=ORIENTED_EDGE('',*,*,#3519,.F.);
#4955=ORIENTED_EDGE('',*,*,#3520,.F.);
#4956=ORIENTED_EDGE('',*,*,#3437,.F.);
#4957=ORIENTED_EDGE('',*,*,#3517,.F.);
#4958=ORIENTED_EDGE('',*,*,#3521,.T.);
#4959=ORIENTED_EDGE('',*,*,#3522,.F.);
#4960=ORIENTED_EDGE('',*,*,#3523,.T.);
#4961=ORIENTED_EDGE('',*,*,#3524,.F.);
#4962=ORIENTED_EDGE('',*,*,#3525,.T.);
#4963=ORIENTED_EDGE('',*,*,#3526,.F.);
#4964=ORIENTED_EDGE('',*,*,#3519,.T.);
#4965=ORIENTED_EDGE('',*,*,#3462,.T.);
#4966=ORIENTED_EDGE('',*,*,#3465,.T.);
#4967=ORIENTED_EDGE('',*,*,#3467,.T.);
#4968=ORIENTED_EDGE('',*,*,#3468,.T.);
#4969=ORIENTED_EDGE('',*,*,#3384,.T.);
#4970=ORIENTED_EDGE('',*,*,#3387,.T.);
#4971=ORIENTED_EDGE('',*,*,#3470,.T.);
#4972=ORIENTED_EDGE('',*,*,#3471,.T.);
#4973=ORIENTED_EDGE('',*,*,#3515,.T.);
#4974=ORIENTED_EDGE('',*,*,#3503,.T.);
#4975=ORIENTED_EDGE('',*,*,#3511,.T.);
#4976=ORIENTED_EDGE('',*,*,#3507,.T.);
#4977=ORIENTED_EDGE('',*,*,#3442,.T.);
#4978=ORIENTED_EDGE('',*,*,#3527,.T.);
#4979=ORIENTED_EDGE('',*,*,#3522,.T.);
#4980=ORIENTED_EDGE('',*,*,#3528,.T.);
#4981=ORIENTED_EDGE('',*,*,#3527,.F.);
#4982=ORIENTED_EDGE('',*,*,#3441,.F.);
#4983=ORIENTED_EDGE('',*,*,#3529,.F.);
#4984=ORIENTED_EDGE('',*,*,#3523,.F.);
#4985=ORIENTED_EDGE('',*,*,#3440,.T.);
#4986=ORIENTED_EDGE('',*,*,#3530,.T.);
#4987=ORIENTED_EDGE('',*,*,#3524,.T.);
#4988=ORIENTED_EDGE('',*,*,#3529,.T.);
#4989=ORIENTED_EDGE('',*,*,#3438,.T.);
#4990=ORIENTED_EDGE('',*,*,#3520,.T.);
#4991=ORIENTED_EDGE('',*,*,#3526,.T.);
#4992=ORIENTED_EDGE('',*,*,#3531,.T.);
#4993=ORIENTED_EDGE('',*,*,#3530,.F.);
#4994=ORIENTED_EDGE('',*,*,#3439,.F.);
#4995=ORIENTED_EDGE('',*,*,#3531,.F.);
#4996=ORIENTED_EDGE('',*,*,#3525,.F.);
#4997=ORIENTED_EDGE('',*,*,#3516,.F.);
#4998=ORIENTED_EDGE('',*,*,#3443,.F.);
#4999=ORIENTED_EDGE('',*,*,#3528,.F.);
#5000=ORIENTED_EDGE('',*,*,#3521,.F.);
#5001=ORIENTED_EDGE('',*,*,#3532,.F.);
#5002=ORIENTED_EDGE('',*,*,#3533,.T.);
#5003=ORIENTED_EDGE('',*,*,#3534,.T.);
#5004=ORIENTED_EDGE('',*,*,#3533,.F.);
#5005=ORIENTED_EDGE('',*,*,#3534,.F.);
#5006=ORIENTED_EDGE('',*,*,#3535,.F.);
#5007=ORIENTED_EDGE('',*,*,#3536,.T.);
#5008=ORIENTED_EDGE('',*,*,#3537,.T.);
#5009=ORIENTED_EDGE('',*,*,#3536,.F.);
#5010=ORIENTED_EDGE('',*,*,#3537,.F.);
#5011=ORIENTED_EDGE('',*,*,#3538,.F.);
#5012=ORIENTED_EDGE('',*,*,#3539,.F.);
#5013=ORIENTED_EDGE('',*,*,#3540,.F.);
#5014=ORIENTED_EDGE('',*,*,#3541,.T.);
#5015=ORIENTED_EDGE('',*,*,#3540,.T.);
#5016=ORIENTED_EDGE('',*,*,#3542,.F.);
#5017=ORIENTED_EDGE('',*,*,#3543,.T.);
#5018=ORIENTED_EDGE('',*,*,#3544,.T.);
#5019=ORIENTED_EDGE('',*,*,#3545,.T.);
#5020=ORIENTED_EDGE('',*,*,#3546,.T.);
#5021=ORIENTED_EDGE('',*,*,#3547,.F.);
#5022=ORIENTED_EDGE('',*,*,#3546,.F.);
#5023=ORIENTED_EDGE('',*,*,#3545,.F.);
#5024=ORIENTED_EDGE('',*,*,#3548,.T.);
#5025=ORIENTED_EDGE('',*,*,#3549,.T.);
#5026=ORIENTED_EDGE('',*,*,#3550,.F.);
#5027=ORIENTED_EDGE('',*,*,#3549,.F.);
#5028=ORIENTED_EDGE('',*,*,#3548,.F.);
#5029=ORIENTED_EDGE('',*,*,#3551,.F.);
#5030=ORIENTED_EDGE('',*,*,#3552,.T.);
#5031=ORIENTED_EDGE('',*,*,#3553,.T.);
#5032=ORIENTED_EDGE('',*,*,#3543,.F.);
#5033=ORIENTED_EDGE('',*,*,#3538,.T.);
#5034=ORIENTED_EDGE('',*,*,#3554,.T.);
#5035=ORIENTED_EDGE('',*,*,#3552,.F.);
#5036=ORIENTED_EDGE('',*,*,#3555,.F.);
#5037=ORIENTED_EDGE('',*,*,#3541,.F.);
#5038=ORIENTED_EDGE('',*,*,#3544,.F.);
#5039=ORIENTED_EDGE('',*,*,#3553,.F.);
#5040=ORIENTED_EDGE('',*,*,#3554,.F.);
#5041=ORIENTED_EDGE('',*,*,#3556,.F.);
#5042=ORIENTED_EDGE('',*,*,#3557,.T.);
#5043=ORIENTED_EDGE('',*,*,#3558,.F.);
#5044=ORIENTED_EDGE('',*,*,#3559,.F.);
#5045=ORIENTED_EDGE('',*,*,#3557,.F.);
#5046=ORIENTED_EDGE('',*,*,#3556,.T.);
#5047=ORIENTED_EDGE('',*,*,#3560,.F.);
#5048=ORIENTED_EDGE('',*,*,#3561,.T.);
#5049=ORIENTED_EDGE('',*,*,#3562,.F.);
#5050=ORIENTED_EDGE('',*,*,#3561,.F.);
#5051=ORIENTED_EDGE('',*,*,#3560,.T.);
#5052=ORIENTED_EDGE('',*,*,#3563,.T.);
#5053=ORIENTED_EDGE('',*,*,#3564,.T.);
#5054=ORIENTED_EDGE('',*,*,#3559,.T.);
#5055=ORIENTED_EDGE('',*,*,#3565,.T.);
#5056=ORIENTED_EDGE('',*,*,#3566,.F.);
#5057=ORIENTED_EDGE('',*,*,#3565,.F.);
#5058=ORIENTED_EDGE('',*,*,#3558,.T.);
#5059=ORIENTED_EDGE('',*,*,#3564,.F.);
#5060=ORIENTED_EDGE('',*,*,#3562,.T.);
#5061=ORIENTED_EDGE('',*,*,#3563,.F.);
#5062=ORIENTED_EDGE('',*,*,#3567,.F.);
#5063=ORIENTED_EDGE('',*,*,#3568,.T.);
#5064=ORIENTED_EDGE('',*,*,#3569,.F.);
#5065=ORIENTED_EDGE('',*,*,#3570,.F.);
#5066=ORIENTED_EDGE('',*,*,#3571,.F.);
#5067=ORIENTED_EDGE('',*,*,#3570,.T.);
#5068=ORIENTED_EDGE('',*,*,#3572,.F.);
#5069=ORIENTED_EDGE('',*,*,#3573,.F.);
#5070=ORIENTED_EDGE('',*,*,#3574,.F.);
#5071=ORIENTED_EDGE('',*,*,#3573,.T.);
#5072=ORIENTED_EDGE('',*,*,#3575,.F.);
#5073=ORIENTED_EDGE('',*,*,#3576,.F.);
#5074=ORIENTED_EDGE('',*,*,#3577,.F.);
#5075=ORIENTED_EDGE('',*,*,#3576,.T.);
#5076=ORIENTED_EDGE('',*,*,#3578,.F.);
#5077=ORIENTED_EDGE('',*,*,#3568,.F.);
#5078=ORIENTED_EDGE('',*,*,#3550,.T.);
#5079=ORIENTED_EDGE('',*,*,#3547,.T.);
#5080=ORIENTED_EDGE('',*,*,#3542,.T.);
#5081=ORIENTED_EDGE('',*,*,#3539,.T.);
#5082=ORIENTED_EDGE('',*,*,#3555,.T.);
#5083=ORIENTED_EDGE('',*,*,#3551,.T.);
#5084=ORIENTED_EDGE('',*,*,#3578,.T.);
#5085=ORIENTED_EDGE('',*,*,#3575,.T.);
#5086=ORIENTED_EDGE('',*,*,#3572,.T.);
#5087=ORIENTED_EDGE('',*,*,#3569,.T.);
#5088=ORIENTED_EDGE('',*,*,#3566,.T.);
#5089=ORIENTED_EDGE('',*,*,#3577,.T.);
#5090=ORIENTED_EDGE('',*,*,#3567,.T.);
#5091=ORIENTED_EDGE('',*,*,#3571,.T.);
#5092=ORIENTED_EDGE('',*,*,#3574,.T.);
#5093=ORIENTED_EDGE('',*,*,#3532,.T.);
#5094=ORIENTED_EDGE('',*,*,#3535,.T.);
#5095=CONICAL_SURFACE('',#5462,3.75,0.785398163397448);
#5096=CONICAL_SURFACE('',#5467,4.25,0.785398163397448);
#5097=CONICAL_SURFACE('',#5471,3.5,0.785398163397448);
#5098=CONICAL_SURFACE('',#5479,3.5,0.785398163397449);
#5099=CONICAL_SURFACE('',#5502,3.5,0.785398163397449);
#5100=CONICAL_SURFACE('',#5506,3.5,0.785398163397449);
#5101=CONICAL_SURFACE('',#5509,2.,0.785398163397448);
#5102=CONICAL_SURFACE('',#5616,1.2,0.785398163397448);
#5103=CONICAL_SURFACE('',#5624,1.2,0.785398163397448);
#5104=CONICAL_SURFACE('',#5632,1.2,0.785398163397448);
#5105=CONICAL_SURFACE('',#5640,1.2,0.785398163397448);
#5106=CONICAL_SURFACE('',#5648,1.65,0.785398163397447);
#5107=CONICAL_SURFACE('',#5653,1.65,0.785398163397449);
#5108=CONICAL_SURFACE('',#5658,1.65,0.785398163397447);
#5109=CONICAL_SURFACE('',#5663,1.65,0.785398163397449);
#5110=CONICAL_SURFACE('',#5670,2.,0.785398163397449);
#5111=CONICAL_SURFACE('',#5672,2.,0.785398163397449);
#5112=CONICAL_SURFACE('',#5674,2.,0.785398163397449);
#5113=CONICAL_SURFACE('',#5751,178.062499999999,0.64350110879329);
#5114=CONICAL_SURFACE('',#5753,3.5,0.643501108793285);
#5115=CONICAL_SURFACE('',#5755,3.5,0.643501108793285);
#5116=CONICAL_SURFACE('',#5757,98.5400000000001,0.643501108793286);
#5117=CONICAL_SURFACE('',#5759,98.5399999999998,0.643501108793283);
#5118=CONICAL_SURFACE('',#5761,3.5,0.643501108793284);
#5119=CONICAL_SURFACE('',#5763,3.5,0.643501108793284);
#5120=CONICAL_SURFACE('',#5765,178.0625,0.643501108793278);
#5121=CONICAL_SURFACE('',#5925,1.75,0.785398163397448);
#5122=CONICAL_SURFACE('',#5929,1.75,0.785398163397448);
#5123=CONICAL_SURFACE('',#5933,1.75,0.785398163397448);
#5124=CONICAL_SURFACE('',#5937,1.75,0.785398163397448);
#5125=CONICAL_SURFACE('',#5975,0.999999999999999,0.0349065850398866);
#5126=CONICAL_SURFACE('',#5978,1.,0.0349065850398866);
#5127=ADVANCED_FACE('',(#412),#5095,.T.);
#5128=ADVANCED_FACE('',(#413),#327,.T.);
#5129=ADVANCED_FACE('',(#414),#5096,.F.);
#5130=ADVANCED_FACE('',(#415),#328,.F.);
#5131=ADVANCED_FACE('',(#416),#5097,.T.);
#5132=ADVANCED_FACE('',(#417),#129,.T.);
#5133=ADVANCED_FACE('',(#418),#130,.F.);
#5134=ADVANCED_FACE('',(#419),#329,.T.);
#5135=ADVANCED_FACE('',(#420),#5098,.T.);
#5136=ADVANCED_FACE('',(#421),#131,.T.);
#5137=ADVANCED_FACE('',(#422),#132,.T.);
#5138=ADVANCED_FACE('',(#423),#133,.F.);
#5139=ADVANCED_FACE('',(#424),#134,.F.);
#5140=ADVANCED_FACE('',(#425,#67),#135,.F.);
#5141=ADVANCED_FACE('',(#426),#330,.T.);
#5142=ADVANCED_FACE('',(#427),#5099,.T.);
#5143=ADVANCED_FACE('',(#428),#331,.T.);
#5144=ADVANCED_FACE('',(#429),#5100,.T.);
#5145=ADVANCED_FACE('',(#430),#136,.T.);
#5146=ADVANCED_FACE('',(#431),#5101,.F.);
#5147=ADVANCED_FACE('',(#432),#332,.T.);
#5148=ADVANCED_FACE('',(#433,#68,#69,#70),#137,.T.);
#5149=ADVANCED_FACE('',(#434),#138,.F.);
#5150=ADVANCED_FACE('',(#435),#139,.F.);
#5151=ADVANCED_FACE('',(#436),#140,.F.);
#5152=ADVANCED_FACE('',(#437),#141,.F.);
#5153=ADVANCED_FACE('',(#438),#142,.T.);
#5154=ADVANCED_FACE('',(#439),#143,.T.);
#5155=ADVANCED_FACE('',(#440),#144,.T.);
#5156=ADVANCED_FACE('',(#441),#145,.T.);
#5157=ADVANCED_FACE('',(#442),#146,.F.);
#5158=ADVANCED_FACE('',(#443),#147,.F.);
#5159=ADVANCED_FACE('',(#444,#71),#148,.T.);
#5160=ADVANCED_FACE('',(#445),#57,.F.);
#5161=ADVANCED_FACE('',(#446),#149,.T.);
#5162=ADVANCED_FACE('',(#447),#58,.F.);
#5163=ADVANCED_FACE('',(#448),#150,.T.);
#5164=ADVANCED_FACE('',(#449),#333,.F.);
#5165=ADVANCED_FACE('',(#450),#151,.F.);
#5166=ADVANCED_FACE('',(#451),#152,.F.);
#5167=ADVANCED_FACE('',(#452),#334,.F.);
#5168=ADVANCED_FACE('',(#453),#153,.F.);
#5169=ADVANCED_FACE('',(#454),#335,.F.);
#5170=ADVANCED_FACE('',(#455),#154,.F.);
#5171=ADVANCED_FACE('',(#456),#336,.F.);
#5172=ADVANCED_FACE('',(#457),#155,.F.);
#5173=ADVANCED_FACE('',(#458),#337,.F.);
#5174=ADVANCED_FACE('',(#459),#156,.F.);
#5175=ADVANCED_FACE('',(#460),#338,.F.);
#5176=ADVANCED_FACE('',(#461),#157,.F.);
#5177=ADVANCED_FACE('',(#462),#339,.F.);
#5178=ADVANCED_FACE('',(#463),#158,.F.);
#5179=ADVANCED_FACE('',(#464),#340,.F.);
#5180=ADVANCED_FACE('',(#465),#341,.T.);
#5181=ADVANCED_FACE('',(#466),#159,.T.);
#5182=ADVANCED_FACE('',(#467,#72),#160,.T.);
#5183=ADVANCED_FACE('',(#468),#342,.T.);
#5184=ADVANCED_FACE('',(#469),#161,.T.);
#5185=ADVANCED_FACE('',(#470),#343,.T.);
#5186=ADVANCED_FACE('',(#471),#344,.T.);
#5187=ADVANCED_FACE('',(#472),#162,.T.);
#5188=ADVANCED_FACE('',(#473),#345,.F.);
#5189=ADVANCED_FACE('',(#474,#73,#74,#75,#76),#163,.T.);
#5190=ADVANCED_FACE('',(#475),#164,.T.);
#5191=ADVANCED_FACE('',(#476),#346,.F.);
#5192=ADVANCED_FACE('',(#477),#347,.F.);
#5193=ADVANCED_FACE('',(#478),#165,.T.);
#5194=ADVANCED_FACE('',(#479),#348,.F.);
#5195=ADVANCED_FACE('',(#480),#166,.T.);
#5196=ADVANCED_FACE('',(#481),#167,.T.);
#5197=ADVANCED_FACE('',(#482),#168,.T.);
#5198=ADVANCED_FACE('',(#483,#77),#169,.T.);
#5199=ADVANCED_FACE('',(#484),#5102,.F.);
#5200=ADVANCED_FACE('',(#485,#78),#170,.T.);
#5201=ADVANCED_FACE('',(#486),#349,.F.);
#5202=ADVANCED_FACE('',(#487),#5103,.F.);
#5203=ADVANCED_FACE('',(#488,#79),#171,.T.);
#5204=ADVANCED_FACE('',(#489),#350,.F.);
#5205=ADVANCED_FACE('',(#490),#5104,.F.);
#5206=ADVANCED_FACE('',(#491),#351,.F.);
#5207=ADVANCED_FACE('',(#492,#80),#172,.T.);
#5208=ADVANCED_FACE('',(#493),#5105,.F.);
#5209=ADVANCED_FACE('',(#494,#81),#173,.T.);
#5210=ADVANCED_FACE('',(#495),#352,.F.);
#5211=ADVANCED_FACE('',(#496),#5106,.F.);
#5212=ADVANCED_FACE('',(#497),#353,.F.);
#5213=ADVANCED_FACE('',(#498,#82),#174,.F.);
#5214=ADVANCED_FACE('',(#499),#5107,.F.);
#5215=ADVANCED_FACE('',(#500),#354,.F.);
#5216=ADVANCED_FACE('',(#501,#83),#175,.F.);
#5217=ADVANCED_FACE('',(#502),#5108,.F.);
#5218=ADVANCED_FACE('',(#503),#355,.F.);
#5219=ADVANCED_FACE('',(#504,#84),#176,.F.);
#5220=ADVANCED_FACE('',(#505),#5109,.F.);
#5221=ADVANCED_FACE('',(#506),#356,.F.);
#5222=ADVANCED_FACE('',(#507,#85),#177,.F.);
#5223=ADVANCED_FACE('',(#508),#178,.T.);
#5224=ADVANCED_FACE('',(#509),#179,.T.);
#5225=ADVANCED_FACE('',(#510),#5110,.F.);
#5226=ADVANCED_FACE('',(#511),#5111,.F.);
#5227=ADVANCED_FACE('',(#512),#5112,.F.);
#5228=ADVANCED_FACE('',(#513),#180,.T.);
#5229=ADVANCED_FACE('',(#514),#357,.F.);
#5230=ADVANCED_FACE('',(#515),#358,.F.);
#5231=ADVANCED_FACE('',(#516,#86),#181,.T.);
#5232=ADVANCED_FACE('',(#517),#182,.T.);
#5233=ADVANCED_FACE('',(#518),#183,.T.);
#5234=ADVANCED_FACE('',(#519,#87),#184,.T.);
#5235=ADVANCED_FACE('',(#520),#185,.F.);
#5236=ADVANCED_FACE('',(#521),#186,.F.);
#5237=ADVANCED_FACE('',(#522),#187,.F.);
#5238=ADVANCED_FACE('',(#523),#188,.F.);
#5239=ADVANCED_FACE('',(#524,#88),#189,.F.);
#5240=ADVANCED_FACE('',(#525),#359,.T.);
#5241=ADVANCED_FACE('',(#526),#190,.T.);
#5242=ADVANCED_FACE('',(#527,#89),#191,.T.);
#5243=ADVANCED_FACE('',(#528),#360,.T.);
#5244=ADVANCED_FACE('',(#529),#192,.T.);
#5245=ADVANCED_FACE('',(#530,#90),#193,.T.);
#5246=ADVANCED_FACE('',(#531),#361,.T.);
#5247=ADVANCED_FACE('',(#532),#194,.T.);
#5248=ADVANCED_FACE('',(#533),#362,.T.);
#5249=ADVANCED_FACE('',(#534),#195,.T.);
#5250=ADVANCED_FACE('',(#535,#91),#196,.T.);
#5251=ADVANCED_FACE('',(#536),#363,.T.);
#5252=ADVANCED_FACE('',(#537,#92,#93,#94,#95),#197,.T.);
#5253=ADVANCED_FACE('',(#538,#96),#198,.T.);
#5254=ADVANCED_FACE('',(#539),#199,.T.);
#5255=ADVANCED_FACE('',(#540),#364,.F.);
#5256=ADVANCED_FACE('',(#541),#365,.F.);
#5257=ADVANCED_FACE('',(#542),#200,.T.);
#5258=ADVANCED_FACE('',(#543),#366,.F.);
#5259=ADVANCED_FACE('',(#544),#367,.F.);
#5260=ADVANCED_FACE('',(#545),#368,.F.);
#5261=ADVANCED_FACE('',(#546),#369,.T.);
#5262=ADVANCED_FACE('',(#547),#201,.T.);
#5263=ADVANCED_FACE('',(#548,#97),#202,.T.);
#5264=ADVANCED_FACE('',(#549),#370,.T.);
#5265=ADVANCED_FACE('',(#550),#371,.T.);
#5266=ADVANCED_FACE('',(#551),#372,.F.);
#5267=ADVANCED_FACE('',(#552,#98),#203,.T.);
#5268=ADVANCED_FACE('',(#553),#204,.T.);
#5269=ADVANCED_FACE('',(#554),#205,.T.);
#5270=ADVANCED_FACE('',(#555),#206,.T.);
#5271=ADVANCED_FACE('',(#556),#207,.T.);
#5272=ADVANCED_FACE('',(#557),#208,.T.);
#5273=ADVANCED_FACE('',(#558),#209,.T.);
#5274=ADVANCED_FACE('',(#559),#210,.T.);
#5275=ADVANCED_FACE('',(#560),#211,.T.);
#5276=ADVANCED_FACE('',(#561,#99),#212,.T.);
#5277=ADVANCED_FACE('',(#562),#213,.F.);
#5278=ADVANCED_FACE('',(#563),#214,.F.);
#5279=ADVANCED_FACE('',(#564),#215,.F.);
#5280=ADVANCED_FACE('',(#565),#216,.F.);
#5281=ADVANCED_FACE('',(#566),#217,.F.);
#5282=ADVANCED_FACE('',(#567),#218,.F.);
#5283=ADVANCED_FACE('',(#568),#219,.T.);
#5284=ADVANCED_FACE('',(#569),#373,.F.);
#5285=ADVANCED_FACE('',(#570),#5113,.F.);
#5286=ADVANCED_FACE('',(#571),#5114,.F.);
#5287=ADVANCED_FACE('',(#572),#5115,.F.);
#5288=ADVANCED_FACE('',(#573),#5116,.F.);
#5289=ADVANCED_FACE('',(#574),#5117,.F.);
#5290=ADVANCED_FACE('',(#575),#5118,.F.);
#5291=ADVANCED_FACE('',(#576),#5119,.F.);
#5292=ADVANCED_FACE('',(#577),#5120,.F.);
#5293=ADVANCED_FACE('',(#578),#374,.F.);
#5294=ADVANCED_FACE('',(#579),#375,.F.);
#5295=ADVANCED_FACE('',(#580),#376,.F.);
#5296=ADVANCED_FACE('',(#581),#377,.F.);
#5297=ADVANCED_FACE('',(#582),#378,.F.);
#5298=ADVANCED_FACE('',(#583),#379,.F.);
#5299=ADVANCED_FACE('',(#584),#380,.F.);
#5300=ADVANCED_FACE('',(#585),#381,.F.);
#5301=ADVANCED_FACE('',(#586,#100,#101),#220,.T.);
#5302=ADVANCED_FACE('',(#587),#221,.T.);
#5303=ADVANCED_FACE('',(#588),#222,.T.);
#5304=ADVANCED_FACE('',(#589),#223,.T.);
#5305=ADVANCED_FACE('',(#590),#224,.T.);
#5306=ADVANCED_FACE('',(#591,#102,#103,#104,#105),#225,.F.);
#5307=ADVANCED_FACE('',(#592),#226,.F.);
#5308=ADVANCED_FACE('',(#593),#227,.F.);
#5309=ADVANCED_FACE('',(#594),#228,.F.);
#5310=ADVANCED_FACE('',(#595),#229,.F.);
#5311=ADVANCED_FACE('',(#596),#230,.F.);
#5312=ADVANCED_FACE('',(#597),#231,.F.);
#5313=ADVANCED_FACE('',(#598),#232,.F.);
#5314=ADVANCED_FACE('',(#599),#233,.F.);
#5315=ADVANCED_FACE('',(#600),#234,.F.);
#5316=ADVANCED_FACE('',(#601),#235,.F.);
#5317=ADVANCED_FACE('',(#602),#236,.T.);
#5318=ADVANCED_FACE('',(#603),#237,.T.);
#5319=ADVANCED_FACE('',(#604),#238,.T.);
#5320=ADVANCED_FACE('',(#605,#106),#239,.T.);
#5321=ADVANCED_FACE('',(#606),#240,.F.);
#5322=ADVANCED_FACE('',(#607),#241,.F.);
#5323=ADVANCED_FACE('',(#608),#242,.F.);
#5324=ADVANCED_FACE('',(#609),#243,.F.);
#5325=ADVANCED_FACE('',(#610),#244,.F.);
#5326=ADVANCED_FACE('',(#611),#245,.F.);
#5327=ADVANCED_FACE('',(#612),#246,.T.);
#5328=ADVANCED_FACE('',(#613),#247,.T.);
#5329=ADVANCED_FACE('',(#614),#248,.T.);
#5330=ADVANCED_FACE('',(#615),#249,.T.);
#5331=ADVANCED_FACE('',(#616),#250,.F.);
#5332=ADVANCED_FACE('',(#617),#251,.T.);
#5333=ADVANCED_FACE('',(#618),#252,.T.);
#5334=ADVANCED_FACE('',(#619),#253,.T.);
#5335=ADVANCED_FACE('',(#620),#254,.T.);
#5336=ADVANCED_FACE('',(#621),#255,.T.);
#5337=ADVANCED_FACE('',(#622,#107),#256,.F.);
#5338=ADVANCED_FACE('',(#623),#257,.T.);
#5339=ADVANCED_FACE('',(#624),#258,.T.);
#5340=ADVANCED_FACE('',(#625),#259,.T.);
#5341=ADVANCED_FACE('',(#626),#260,.T.);
#5342=ADVANCED_FACE('',(#627),#261,.T.);
#5343=ADVANCED_FACE('',(#628),#262,.T.);
#5344=ADVANCED_FACE('',(#629,#108),#263,.T.);
#5345=ADVANCED_FACE('',(#630),#264,.T.);
#5346=ADVANCED_FACE('',(#631),#265,.T.);
#5347=ADVANCED_FACE('',(#632),#266,.T.);
#5348=ADVANCED_FACE('',(#633),#267,.T.);
#5349=ADVANCED_FACE('',(#634),#268,.T.);
#5350=ADVANCED_FACE('',(#635),#269,.T.);
#5351=ADVANCED_FACE('',(#636),#270,.F.);
#5352=ADVANCED_FACE('',(#637),#271,.F.);
#5353=ADVANCED_FACE('',(#638),#21,.T.);
#5354=ADVANCED_FACE('',(#639),#13,.T.);
#5355=ADVANCED_FACE('',(#640),#22,.T.);
#5356=ADVANCED_FACE('',(#641),#382,.F.);
#5357=ADVANCED_FACE('',(#642),#23,.T.);
#5358=ADVANCED_FACE('',(#643),#14,.T.);
#5359=ADVANCED_FACE('',(#644),#383,.T.);
#5360=ADVANCED_FACE('',(#645),#15,.T.);
#5361=ADVANCED_FACE('',(#646),#384,.T.);
#5362=ADVANCED_FACE('',(#647),#385,.T.);
#5363=ADVANCED_FACE('',(#648),#24,.T.);
#5364=ADVANCED_FACE('',(#649),#386,.F.);
#5365=ADVANCED_FACE('',(#650),#16,.T.);
#5366=ADVANCED_FACE('',(#651),#387,.T.);
#5367=ADVANCED_FACE('',(#652),#388,.T.);
#5368=ADVANCED_FACE('',(#653),#389,.T.);
#5369=ADVANCED_FACE('',(#654),#390,.F.);
#5370=ADVANCED_FACE('',(#655),#391,.T.);
#5371=ADVANCED_FACE('',(#656),#392,.F.);
#5372=ADVANCED_FACE('',(#657),#393,.T.);
#5373=ADVANCED_FACE('',(#658),#272,.T.);
#5374=ADVANCED_FACE('',(#659),#273,.T.);
#5375=ADVANCED_FACE('',(#660),#274,.T.);
#5376=ADVANCED_FACE('',(#661,#109,#110,#111,#112,#113,#114,#115),#275,.T.);
#5377=ADVANCED_FACE('',(#662),#276,.T.);
#5378=ADVANCED_FACE('',(#663),#277,.T.);
#5379=ADVANCED_FACE('',(#664),#278,.T.);
#5380=ADVANCED_FACE('',(#665),#279,.F.);
#5381=ADVANCED_FACE('',(#666),#280,.F.);
#5382=ADVANCED_FACE('',(#667),#281,.F.);
#5383=ADVANCED_FACE('',(#668),#282,.F.);
#5384=ADVANCED_FACE('',(#669),#283,.F.);
#5385=ADVANCED_FACE('',(#670),#284,.F.);
#5386=ADVANCED_FACE('',(#671),#394,.T.);
#5387=ADVANCED_FACE('',(#672),#395,.T.);
#5388=ADVANCED_FACE('',(#673),#17,.T.);
#5389=ADVANCED_FACE('',(#674),#396,.T.);
#5390=ADVANCED_FACE('',(#675),#18,.T.);
#5391=ADVANCED_FACE('',(#676),#397,.T.);
#5392=ADVANCED_FACE('',(#677),#19,.T.);
#5393=ADVANCED_FACE('',(#678),#20,.T.);
#5394=ADVANCED_FACE('',(#679),#398,.T.);
#5395=ADVANCED_FACE('',(#680),#285,.T.);
#5396=ADVANCED_FACE('',(#681),#399,.T.);
#5397=ADVANCED_FACE('',(#682),#286,.T.);
#5398=ADVANCED_FACE('',(#683),#287,.T.);
#5399=ADVANCED_FACE('',(#684),#288,.T.);
#5400=ADVANCED_FACE('',(#685),#400,.T.);
#5401=ADVANCED_FACE('',(#686),#401,.T.);
#5402=ADVANCED_FACE('',(#687),#289,.T.);
#5403=ADVANCED_FACE('',(#688),#5121,.F.);
#5404=ADVANCED_FACE('',(#689),#402,.F.);
#5405=ADVANCED_FACE('',(#690),#5122,.F.);
#5406=ADVANCED_FACE('',(#691),#403,.F.);
#5407=ADVANCED_FACE('',(#692),#5123,.F.);
#5408=ADVANCED_FACE('',(#693),#404,.F.);
#5409=ADVANCED_FACE('',(#694),#5124,.F.);
#5410=ADVANCED_FACE('',(#695),#405,.F.);
#5411=ADVANCED_FACE('',(#696),#406,.T.);
#5412=ADVANCED_FACE('',(#697),#290,.T.);
#5413=ADVANCED_FACE('',(#698,#116,#117,#118,#119,#120,#121),#291,.T.);
#5414=ADVANCED_FACE('',(#699),#407,.T.);
#5415=ADVANCED_FACE('',(#700),#292,.T.);
#5416=ADVANCED_FACE('',(#701),#408,.T.);
#5417=ADVANCED_FACE('',(#702),#409,.T.);
#5418=ADVANCED_FACE('',(#703),#293,.T.);
#5419=ADVANCED_FACE('',(#704),#294,.T.);
#5420=ADVANCED_FACE('',(#705),#410,.F.);
#5421=ADVANCED_FACE('',(#706),#295,.F.);
#5422=ADVANCED_FACE('',(#707),#411,.F.);
#5423=ADVANCED_FACE('',(#708),#296,.F.);
#5424=ADVANCED_FACE('',(#709),#297,.T.);
#5425=ADVANCED_FACE('',(#710),#298,.F.);
#5426=ADVANCED_FACE('',(#711),#59,.F.);
#5427=ADVANCED_FACE('',(#712),#299,.T.);
#5428=ADVANCED_FACE('',(#713),#60,.F.);
#5429=ADVANCED_FACE('',(#714),#300,.T.);
#5430=ADVANCED_FACE('',(#715),#301,.F.);
#5431=ADVANCED_FACE('',(#716),#302,.F.);
#5432=ADVANCED_FACE('',(#717),#303,.F.);
#5433=ADVANCED_FACE('',(#718),#5125,.F.);
#5434=ADVANCED_FACE('',(#719),#304,.T.);
#5435=ADVANCED_FACE('',(#720),#5126,.F.);
#5436=ADVANCED_FACE('',(#721),#305,.T.);
#5437=ADVANCED_FACE('',(#722,#122),#61,.T.);
#5438=ADVANCED_FACE('',(#723),#306,.T.);
#5439=ADVANCED_FACE('',(#724),#307,.T.);
#5440=ADVANCED_FACE('',(#725),#308,.T.);
#5441=ADVANCED_FACE('',(#726),#309,.T.);
#5442=ADVANCED_FACE('',(#727,#123,#124,#125),#310,.T.);
#5443=ADVANCED_FACE('',(#728,#126),#311,.T.);
#5444=ADVANCED_FACE('',(#729,#127,#128),#312,.F.);
#5445=CLOSED_SHELL('',(#5127,#5128,#5129,#5130,#5131,#5132,#5133,#5134,
#5135,#5136,#5137,#5138,#5139,#5140,#5141,#5142,#5143,#5144,#5145,#5146,
#5147,#5148,#5149,#5150,#5151,#5152,#5153,#5154,#5155,#5156,#5157,#5158,
#5159,#5160,#5161,#5162,#5163,#5164,#5165,#5166,#5167,#5168,#5169,#5170,
#5171,#5172,#5173,#5174,#5175,#5176,#5177,#5178,#5179,#5180,#5181,#5182,
#5183,#5184,#5185,#5186,#5187,#5188,#5189,#5190,#5191,#5192,#5193,#5194,
#5195,#5196,#5197,#5198,#5199,#5200,#5201,#5202,#5203,#5204,#5205,#5206,
#5207,#5208,#5209,#5210,#5211,#5212,#5213,#5214,#5215,#5216,#5217,#5218,
#5219,#5220,#5221,#5222,#5223,#5224,#5225,#5226,#5227,#5228,#5229,#5230,
#5231,#5232,#5233,#5234,#5235,#5236,#5237,#5238,#5239,#5240,#5241,#5242,
#5243,#5244,#5245,#5246,#5247,#5248,#5249,#5250,#5251,#5252,#5253,#5254,
#5255,#5256,#5257,#5258,#5259,#5260,#5261,#5262,#5263,#5264,#5265,#5266,
#5267,#5268,#5269,#5270,#5271,#5272,#5273,#5274,#5275,#5276,#5277,#5278,
#5279,#5280,#5281,#5282,#5283,#5284,#5285,#5286,#5287,#5288,#5289,#5290,
#5291,#5292,#5293,#5294,#5295,#5296,#5297,#5298,#5299,#5300,#5301));
#5446=CLOSED_SHELL('',(#5302,#5303,#5304,#5305,#5306,#5307,#5308,#5309,
#5310,#5311,#5312,#5313,#5314,#5315,#5316,#5317,#5318,#5319,#5320,#5321,
#5322,#5323,#5324,#5325,#5326,#5327,#5328,#5329,#5330,#5331,#5332,#5333,
#5334,#5335,#5336,#5337));
#5447=CLOSED_SHELL('',(#5338,#5339,#5340,#5341,#5342,#5343,#5344,#5345,
#5346,#5347,#5348,#5349,#5350,#5351,#5352,#5353,#5354,#5355,#5356,#5357,
#5358,#5359,#5360,#5361,#5362,#5363,#5364,#5365,#5366,#5367,#5368,#5369,
#5370,#5371,#5372,#5373,#5374,#5375,#5376,#5377,#5378,#5379,#5380,#5381,
#5382,#5383,#5384,#5385,#5386,#5387,#5388,#5389,#5390,#5391,#5392,#5393,
#5394,#5395,#5396,#5397,#5398,#5399,#5400,#5401,#5402,#5403,#5404,#5405,
#5406,#5407,#5408,#5409,#5410,#5411,#5412,#5413,#5414,#5415,#5416,#5417,
#5418,#5419));
#5448=CLOSED_SHELL('',(#5420,#5421,#5422,#5423,#5424,#5425,#5426,#5427,
#5428,#5429,#5430,#5431,#5432,#5433,#5434,#5435,#5436,#5437,#5438,#5439,
#5440,#5441,#5442,#5443,#5444));
#5449=DERIVED_UNIT_ELEMENT(#5451,1.);
#5450=DERIVED_UNIT_ELEMENT(#9471,-3.);
#5451=(
MASS_UNIT()
NAMED_UNIT(*)
SI_UNIT(.KILO.,.GRAM.)
);
#5452=DERIVED_UNIT((#5449,#5450));
#5453=MEASURE_REPRESENTATION_ITEM('density measure',
POSITIVE_RATIO_MEASURE(7850.),#5452);
#5454=PROPERTY_DEFINITION_REPRESENTATION(#5459,#5456);
#5455=PROPERTY_DEFINITION_REPRESENTATION(#5460,#5457);
#5456=REPRESENTATION('material name',(#5458),#9468);
#5457=REPRESENTATION('density',(#5453),#9468);
#5458=DESCRIPTIVE_REPRESENTATION_ITEM('Steel','Steel');
#5459=PROPERTY_DEFINITION('material property','material name',#9478);
#5460=PROPERTY_DEFINITION('material property','density of part',#9478);
#5461=AXIS2_PLACEMENT_3D('',#7568,#5990,#5991);
#5462=AXIS2_PLACEMENT_3D('',#7569,#5992,#5993);
#5463=AXIS2_PLACEMENT_3D('',#7571,#5994,#5995);
#5464=AXIS2_PLACEMENT_3D('',#7574,#5997,#5998);
#5465=AXIS2_PLACEMENT_3D('',#7575,#5999,#6000);
#5466=AXIS2_PLACEMENT_3D('',#7577,#6001,#6002);
#5467=AXIS2_PLACEMENT_3D('',#7579,#6004,#6005);
#5468=AXIS2_PLACEMENT_3D('',#7581,#6006,#6007);
#5469=AXIS2_PLACEMENT_3D('',#7583,#6009,#6010);
#5470=AXIS2_PLACEMENT_3D('',#7585,#6011,#6012);
#5471=AXIS2_PLACEMENT_3D('',#7587,#6014,#6015);
#5472=AXIS2_PLACEMENT_3D('',#7594,#6016,#6017);
#5473=AXIS2_PLACEMENT_3D('',#7601,#6019,#6020);
#5474=AXIS2_PLACEMENT_3D('',#7606,#6021,#6022);
#5475=AXIS2_PLACEMENT_3D('',#7607,#6023,#6024);
#5476=AXIS2_PLACEMENT_3D('',#7625,#6030,#6031);
#5477=AXIS2_PLACEMENT_3D('',#7627,#6033,#6034);
#5478=AXIS2_PLACEMENT_3D('',#7630,#6036,#6037);
#5479=AXIS2_PLACEMENT_3D('',#7631,#6038,#6039);
#5480=AXIS2_PLACEMENT_3D('',#7638,#6040,#6041);
#5481=AXIS2_PLACEMENT_3D('',#7645,#6043,#6044);
#5482=AXIS2_PLACEMENT_3D('',#7651,#6045,#6046);
#5483=AXIS2_PLACEMENT_3D('',#7656,#6047,#6048);
#5484=AXIS2_PLACEMENT_3D('',#7657,#6049,#6050);
#5485=AXIS2_PLACEMENT_3D('',#7665,#6055,#6056);
#5486=AXIS2_PLACEMENT_3D('',#7671,#6060,#6061);
#5487=AXIS2_PLACEMENT_3D('',#7673,#6063,#6064);
#5488=AXIS2_PLACEMENT_3D('',#7677,#6067,#6068);
#5489=AXIS2_PLACEMENT_3D('',#7679,#6069,#6070);
#5490=AXIS2_PLACEMENT_3D('',#7683,#6072,#6073);
#5491=AXIS2_PLACEMENT_3D('',#7685,#6074,#6075);
#5492=AXIS2_PLACEMENT_3D('',#7694,#6080,#6081);
#5493=AXIS2_PLACEMENT_3D('',#7696,#6082,#6083);
#5494=AXIS2_PLACEMENT_3D('',#7698,#6084,#6085);
#5495=AXIS2_PLACEMENT_3D('',#7700,#6086,#6087);
#5496=AXIS2_PLACEMENT_3D('',#7702,#6088,#6089);
#5497=AXIS2_PLACEMENT_3D('',#7704,#6090,#6091);
#5498=AXIS2_PLACEMENT_3D('',#7706,#6092,#6093);
#5499=AXIS2_PLACEMENT_3D('',#7707,#6094,#6095);
#5500=AXIS2_PLACEMENT_3D('',#7708,#6096,#6097);
#5501=AXIS2_PLACEMENT_3D('',#7711,#6099,#6100);
#5502=AXIS2_PLACEMENT_3D('',#7712,#6101,#6102);
#5503=AXIS2_PLACEMENT_3D('',#7719,#6104,#6105);
#5504=AXIS2_PLACEMENT_3D('',#7734,#6106,#6107);
#5505=AXIS2_PLACEMENT_3D('',#7737,#6109,#6110);
#5506=AXIS2_PLACEMENT_3D('',#7738,#6111,#6112);
#5507=AXIS2_PLACEMENT_3D('',#7745,#6114,#6115);
#5508=AXIS2_PLACEMENT_3D('',#7756,#6116,#6117);
#5509=AXIS2_PLACEMENT_3D('',#7762,#6121,#6122);
#5510=AXIS2_PLACEMENT_3D('',#7763,#6123,#6124);
#5511=AXIS2_PLACEMENT_3D('',#7764,#6125,#6126);
#5512=AXIS2_PLACEMENT_3D('',#7767,#6128,#6129);
#5513=AXIS2_PLACEMENT_3D('',#7768,#6130,#6131);
#5514=AXIS2_PLACEMENT_3D('',#7771,#6132,#6133);
#5515=AXIS2_PLACEMENT_3D('',#7775,#6135,#6136);
#5516=AXIS2_PLACEMENT_3D('',#7779,#6138,#6139);
#5517=AXIS2_PLACEMENT_3D('',#7783,#6141,#6142);
#5518=AXIS2_PLACEMENT_3D('',#7795,#6148,#6149);
#5519=AXIS2_PLACEMENT_3D('',#7797,#6150,#6151);
#5520=AXIS2_PLACEMENT_3D('',#7799,#6152,#6153);
#5521=AXIS2_PLACEMENT_3D('',#7801,#6154,#6155);
#5522=AXIS2_PLACEMENT_3D('',#7803,#6156,#6157);
#5523=AXIS2_PLACEMENT_3D('',#7805,#6158,#6159);
#5524=AXIS2_PLACEMENT_3D('',#7807,#6160,#6161);
#5525=AXIS2_PLACEMENT_3D('',#7808,#6162,#6163);
#5526=AXIS2_PLACEMENT_3D('',#7809,#6164,#6165);
#5527=AXIS2_PLACEMENT_3D('',#7811,#6166,#6167);
#5528=AXIS2_PLACEMENT_3D('',#7812,#6168,#6169);
#5529=AXIS2_PLACEMENT_3D('',#7814,#6170,#6171);
#5530=AXIS2_PLACEMENT_3D('',#7815,#6172,#6173);
#5531=AXIS2_PLACEMENT_3D('',#7817,#6174,#6175);
#5532=AXIS2_PLACEMENT_3D('',#7818,#6176,#6177);
#5533=AXIS2_PLACEMENT_3D('',#7820,#6178,#6179);
#5534=AXIS2_PLACEMENT_3D('',#7821,#6180,#6181);
#5535=AXIS2_PLACEMENT_3D('',#7830,#6186,#6187);
#5536=AXIS2_PLACEMENT_3D('',#7839,#6192,#6193);
#5537=AXIS2_PLACEMENT_3D('',#7842,#6196,#6197);
#5538=AXIS2_PLACEMENT_3D('',#7845,#6200,#6201);
#5539=AXIS2_PLACEMENT_3D('',#7851,#6205,#6206);
#5540=AXIS2_PLACEMENT_3D('',#7855,#6209,#6210);
#5541=AXIS2_PLACEMENT_3D('',#7889,#6214,#6215);
#5542=AXIS2_PLACEMENT_3D('',#7891,#6216,#6217);
#5543=AXIS2_PLACEMENT_3D('',#7892,#6218,#6219);
#5544=AXIS2_PLACEMENT_3D('',#7893,#6220,#6221);
#5545=AXIS2_PLACEMENT_3D('',#7922,#6222,#6223);
#5546=AXIS2_PLACEMENT_3D('',#7924,#6224,#6225);
#5547=AXIS2_PLACEMENT_3D('',#7925,#6226,#6227);
#5548=AXIS2_PLACEMENT_3D('',#7926,#6228,#6229);
#5549=AXIS2_PLACEMENT_3D('',#7927,#6230,#6231);
#5550=AXIS2_PLACEMENT_3D('',#7930,#6232,#6233);
#5551=AXIS2_PLACEMENT_3D('',#7934,#6235,#6236);
#5552=AXIS2_PLACEMENT_3D('',#7936,#6238,#6239);
#5553=AXIS2_PLACEMENT_3D('',#7942,#6243,#6244);
#5554=AXIS2_PLACEMENT_3D('',#7951,#6249,#6250);
#5555=AXIS2_PLACEMENT_3D('',#7953,#6251,#6252);
#5556=AXIS2_PLACEMENT_3D('',#7955,#6253,#6254);
#5557=AXIS2_PLACEMENT_3D('',#7957,#6256,#6257);
#5558=AXIS2_PLACEMENT_3D('',#7966,#6262,#6263);
#5559=AXIS2_PLACEMENT_3D('',#7968,#6264,#6265);
#5560=AXIS2_PLACEMENT_3D('',#7970,#6266,#6267);
#5561=AXIS2_PLACEMENT_3D('',#7972,#6269,#6270);
#5562=AXIS2_PLACEMENT_3D('',#7981,#6275,#6276);
#5563=AXIS2_PLACEMENT_3D('',#7983,#6277,#6278);
#5564=AXIS2_PLACEMENT_3D('',#7985,#6279,#6280);
#5565=AXIS2_PLACEMENT_3D('',#7987,#6282,#6283);
#5566=AXIS2_PLACEMENT_3D('',#7993,#6287,#6288);
#5567=AXIS2_PLACEMENT_3D('',#7994,#6289,#6290);
#5568=AXIS2_PLACEMENT_3D('',#7995,#6291,#6292);
#5569=AXIS2_PLACEMENT_3D('',#7996,#6293,#6294);
#5570=AXIS2_PLACEMENT_3D('',#8002,#6298,#6299);
#5571=AXIS2_PLACEMENT_3D('',#8003,#6300,#6301);
#5572=AXIS2_PLACEMENT_3D('',#8004,#6302,#6303);
#5573=AXIS2_PLACEMENT_3D('',#8005,#6304,#6305);
#5574=AXIS2_PLACEMENT_3D('',#8011,#6309,#6310);
#5575=AXIS2_PLACEMENT_3D('',#8012,#6311,#6312);
#5576=AXIS2_PLACEMENT_3D('',#8013,#6313,#6314);
#5577=AXIS2_PLACEMENT_3D('',#8014,#6315,#6316);
#5578=AXIS2_PLACEMENT_3D('',#8020,#6320,#6321);
#5579=AXIS2_PLACEMENT_3D('',#8021,#6322,#6323);
#5580=AXIS2_PLACEMENT_3D('',#8022,#6324,#6325);
#5581=AXIS2_PLACEMENT_3D('',#8023,#6326,#6327);
#5582=AXIS2_PLACEMENT_3D('',#8026,#6328,#6329);
#5583=AXIS2_PLACEMENT_3D('',#8030,#6331,#6332);
#5584=AXIS2_PLACEMENT_3D('',#8032,#6334,#6335);
#5585=AXIS2_PLACEMENT_3D('',#8038,#6339,#6340);
#5586=AXIS2_PLACEMENT_3D('',#8042,#6342,#6343);
#5587=AXIS2_PLACEMENT_3D('',#8046,#6345,#6346);
#5588=AXIS2_PLACEMENT_3D('',#8049,#6348,#6349);
#5589=AXIS2_PLACEMENT_3D('',#8054,#6351,#6352);
#5590=AXIS2_PLACEMENT_3D('',#8058,#6354,#6355);
#5591=AXIS2_PLACEMENT_3D('',#8062,#6357,#6358);
#5592=AXIS2_PLACEMENT_3D('',#8065,#6360,#6361);
#5593=AXIS2_PLACEMENT_3D('',#8066,#6362,#6363);
#5594=AXIS2_PLACEMENT_3D('',#8070,#6365,#6366);
#5595=AXIS2_PLACEMENT_3D('',#8072,#6368,#6369);
#5596=AXIS2_PLACEMENT_3D('',#8076,#6372,#6373);
#5597=AXIS2_PLACEMENT_3D('',#8079,#6375,#6376);
#5598=AXIS2_PLACEMENT_3D('',#8080,#6377,#6378);
#5599=AXIS2_PLACEMENT_3D('',#8082,#6379,#6380);
#5600=AXIS2_PLACEMENT_3D('',#8084,#6382,#6383);
#5601=AXIS2_PLACEMENT_3D('',#8086,#6385,#6386);
#5602=AXIS2_PLACEMENT_3D('',#8089,#6387,#6388);
#5603=AXIS2_PLACEMENT_3D('',#8092,#6391,#6392);
#5604=AXIS2_PLACEMENT_3D('',#8096,#6394,#6395);
#5605=AXIS2_PLACEMENT_3D('',#8100,#6397,#6398);
#5606=AXIS2_PLACEMENT_3D('',#8104,#6400,#6401);
#5607=AXIS2_PLACEMENT_3D('',#8106,#6403,#6404);
#5608=AXIS2_PLACEMENT_3D('',#8108,#6406,#6407);
#5609=AXIS2_PLACEMENT_3D('',#8110,#6409,#6410);
#5610=AXIS2_PLACEMENT_3D('',#8113,#6413,#6414);
#5611=AXIS2_PLACEMENT_3D('',#8115,#6416,#6417);
#5612=AXIS2_PLACEMENT_3D('',#8117,#6419,#6420);
#5613=AXIS2_PLACEMENT_3D('',#8118,#6421,#6422);
#5614=AXIS2_PLACEMENT_3D('',#8119,#6423,#6424);
#5615=AXIS2_PLACEMENT_3D('',#8121,#6426,#6427);
#5616=AXIS2_PLACEMENT_3D('',#8143,#6439,#6440);
#5617=AXIS2_PLACEMENT_3D('',#8145,#6441,#6442);
#5618=AXIS2_PLACEMENT_3D('',#8148,#6444,#6445);
#5619=AXIS2_PLACEMENT_3D('',#8149,#6446,#6447);
#5620=AXIS2_PLACEMENT_3D('',#8152,#6448,#6449);
#5621=AXIS2_PLACEMENT_3D('',#8158,#6452,#6453);
#5622=AXIS2_PLACEMENT_3D('',#8162,#6456,#6457);
#5623=AXIS2_PLACEMENT_3D('',#8165,#6459,#6460);
#5624=AXIS2_PLACEMENT_3D('',#8166,#6461,#6462);
#5625=AXIS2_PLACEMENT_3D('',#8168,#6463,#6464);
#5626=AXIS2_PLACEMENT_3D('',#8171,#6466,#6467);
#5627=AXIS2_PLACEMENT_3D('',#8172,#6468,#6469);
#5628=AXIS2_PLACEMENT_3D('',#8175,#6470,#6471);
#5629=AXIS2_PLACEMENT_3D('',#8181,#6474,#6475);
#5630=AXIS2_PLACEMENT_3D('',#8185,#6478,#6479);
#5631=AXIS2_PLACEMENT_3D('',#8188,#6481,#6482);
#5632=AXIS2_PLACEMENT_3D('',#8189,#6483,#6484);
#5633=AXIS2_PLACEMENT_3D('',#8191,#6485,#6486);
#5634=AXIS2_PLACEMENT_3D('',#8194,#6488,#6489);
#5635=AXIS2_PLACEMENT_3D('',#8195,#6490,#6491);
#5636=AXIS2_PLACEMENT_3D('',#8198,#6493,#6494);
#5637=AXIS2_PLACEMENT_3D('',#8199,#6495,#6496);
#5638=AXIS2_PLACEMENT_3D('',#8202,#6497,#6498);
#5639=AXIS2_PLACEMENT_3D('',#8207,#6501,#6502);
#5640=AXIS2_PLACEMENT_3D('',#8209,#6504,#6505);
#5641=AXIS2_PLACEMENT_3D('',#8211,#6506,#6507);
#5642=AXIS2_PLACEMENT_3D('',#8214,#6509,#6510);
#5643=AXIS2_PLACEMENT_3D('',#8215,#6511,#6512);
#5644=AXIS2_PLACEMENT_3D('',#8218,#6513,#6514);
#5645=AXIS2_PLACEMENT_3D('',#8221,#6516,#6517);
#5646=AXIS2_PLACEMENT_3D('',#8225,#6520,#6521);
#5647=AXIS2_PLACEMENT_3D('',#8228,#6523,#6524);
#5648=AXIS2_PLACEMENT_3D('',#8229,#6525,#6526);
#5649=AXIS2_PLACEMENT_3D('',#8231,#6527,#6528);
#5650=AXIS2_PLACEMENT_3D('',#8234,#6530,#6531);
#5651=AXIS2_PLACEMENT_3D('',#8235,#6532,#6533);
#5652=AXIS2_PLACEMENT_3D('',#8237,#6535,#6536);
#5653=AXIS2_PLACEMENT_3D('',#8238,#6537,#6538);
#5654=AXIS2_PLACEMENT_3D('',#8240,#6539,#6540);
#5655=AXIS2_PLACEMENT_3D('',#8243,#6542,#6543);
#5656=AXIS2_PLACEMENT_3D('',#8244,#6544,#6545);
#5657=AXIS2_PLACEMENT_3D('',#8246,#6547,#6548);
#5658=AXIS2_PLACEMENT_3D('',#8247,#6549,#6550);
#5659=AXIS2_PLACEMENT_3D('',#8249,#6551,#6552);
#5660=AXIS2_PLACEMENT_3D('',#8252,#6554,#6555);
#5661=AXIS2_PLACEMENT_3D('',#8253,#6556,#6557);
#5662=AXIS2_PLACEMENT_3D('',#8255,#6559,#6560);
#5663=AXIS2_PLACEMENT_3D('',#8256,#6561,#6562);
#5664=AXIS2_PLACEMENT_3D('',#8258,#6563,#6564);
#5665=AXIS2_PLACEMENT_3D('',#8261,#6566,#6567);
#5666=AXIS2_PLACEMENT_3D('',#8262,#6568,#6569);
#5667=AXIS2_PLACEMENT_3D('',#8264,#6571,#6572);
#5668=AXIS2_PLACEMENT_3D('',#8265,#6573,#6574);
#5669=AXIS2_PLACEMENT_3D('',#8271,#6578,#6579);
#5670=AXIS2_PLACEMENT_3D('',#8280,#6585,#6586);
#5671=AXIS2_PLACEMENT_3D('',#8281,#6587,#6588);
#5672=AXIS2_PLACEMENT_3D('',#8282,#6589,#6590);
#5673=AXIS2_PLACEMENT_3D('',#8283,#6591,#6592);
#5674=AXIS2_PLACEMENT_3D('',#8284,#6593,#6594);
#5675=AXIS2_PLACEMENT_3D('',#8285,#6595,#6596);
#5676=AXIS2_PLACEMENT_3D('',#8286,#6597,#6598);
#5677=AXIS2_PLACEMENT_3D('',#8290,#6601,#6602);
#5678=AXIS2_PLACEMENT_3D('',#8292,#6603,#6604);
#5679=AXIS2_PLACEMENT_3D('',#8294,#6606,#6607);
#5680=AXIS2_PLACEMENT_3D('',#8297,#6609,#6610);
#5681=AXIS2_PLACEMENT_3D('',#8298,#6611,#6612);
#5682=AXIS2_PLACEMENT_3D('',#8320,#6625,#6626);
#5683=AXIS2_PLACEMENT_3D('',#8324,#6629,#6630);
#5684=AXIS2_PLACEMENT_3D('',#8326,#6632,#6633);
#5685=AXIS2_PLACEMENT_3D('',#8335,#6638,#6639);
#5686=AXIS2_PLACEMENT_3D('',#8341,#6643,#6644);
#5687=AXIS2_PLACEMENT_3D('',#8345,#6647,#6648);
#5688=AXIS2_PLACEMENT_3D('',#8349,#6651,#6652);
#5689=AXIS2_PLACEMENT_3D('',#8351,#6654,#6655);
#5690=AXIS2_PLACEMENT_3D('',#8353,#6656,#6657);
#5691=AXIS2_PLACEMENT_3D('',#8354,#6658,#6659);
#5692=AXIS2_PLACEMENT_3D('',#8358,#6661,#6662);
#5693=AXIS2_PLACEMENT_3D('',#8360,#6664,#6665);
#5694=AXIS2_PLACEMENT_3D('',#8364,#6668,#6669);
#5695=AXIS2_PLACEMENT_3D('',#8367,#6671,#6672);
#5696=AXIS2_PLACEMENT_3D('',#8369,#6674,#6675);
#5697=AXIS2_PLACEMENT_3D('',#8372,#6676,#6677);
#5698=AXIS2_PLACEMENT_3D('',#8375,#6680,#6681);
#5699=AXIS2_PLACEMENT_3D('',#8379,#6684,#6685);
#5700=AXIS2_PLACEMENT_3D('',#8385,#6688,#6689);
#5701=AXIS2_PLACEMENT_3D('',#8387,#6691,#6692);
#5702=AXIS2_PLACEMENT_3D('',#8391,#6694,#6695);
#5703=AXIS2_PLACEMENT_3D('',#8393,#6697,#6698);
#5704=AXIS2_PLACEMENT_3D('',#8397,#6701,#6702);
#5705=AXIS2_PLACEMENT_3D('',#8400,#6703,#6704);
#5706=AXIS2_PLACEMENT_3D('',#8403,#6707,#6708);
#5707=AXIS2_PLACEMENT_3D('',#8405,#6710,#6711);
#5708=AXIS2_PLACEMENT_3D('',#8407,#6713,#6714);
#5709=AXIS2_PLACEMENT_3D('',#8410,#6715,#6716);
#5710=AXIS2_PLACEMENT_3D('',#8413,#6719,#6720);
#5711=AXIS2_PLACEMENT_3D('',#8417,#6723,#6724);
#5712=AXIS2_PLACEMENT_3D('',#8421,#6726,#6727);
#5713=AXIS2_PLACEMENT_3D('',#8424,#6729,#6730);
#5714=AXIS2_PLACEMENT_3D('',#8425,#6731,#6732);
#5715=AXIS2_PLACEMENT_3D('',#8429,#6734,#6735);
#5716=AXIS2_PLACEMENT_3D('',#8430,#6736,#6737);
#5717=AXIS2_PLACEMENT_3D('',#8432,#6738,#6739);
#5718=AXIS2_PLACEMENT_3D('',#8435,#6741,#6742);
#5719=AXIS2_PLACEMENT_3D('',#8436,#6743,#6744);
#5720=AXIS2_PLACEMENT_3D('',#8441,#6749,#6750);
#5721=AXIS2_PLACEMENT_3D('',#8442,#6751,#6752);
#5722=AXIS2_PLACEMENT_3D('',#8444,#6754,#6755);
#5723=AXIS2_PLACEMENT_3D('',#8449,#6760,#6761);
#5724=AXIS2_PLACEMENT_3D('',#8450,#6762,#6763);
#5725=AXIS2_PLACEMENT_3D('',#8451,#6764,#6765);
#5726=AXIS2_PLACEMENT_3D('',#8452,#6766,#6767);
#5727=AXIS2_PLACEMENT_3D('',#8455,#6770,#6771);
#5728=AXIS2_PLACEMENT_3D('',#8457,#6773,#6774);
#5729=AXIS2_PLACEMENT_3D('',#8459,#6775,#6776);
#5730=AXIS2_PLACEMENT_3D('',#8460,#6777,#6778);
#5731=AXIS2_PLACEMENT_3D('',#8461,#6779,#6780);
#5732=AXIS2_PLACEMENT_3D('',#8462,#6781,#6782);
#5733=AXIS2_PLACEMENT_3D('',#8463,#6783,#6784);
#5734=AXIS2_PLACEMENT_3D('',#8465,#6786,#6787);
#5735=AXIS2_PLACEMENT_3D('',#8466,#6788,#6789);
#5736=AXIS2_PLACEMENT_3D('',#8467,#6790,#6791);
#5737=AXIS2_PLACEMENT_3D('',#8468,#6792,#6793);
#5738=AXIS2_PLACEMENT_3D('',#8469,#6794,#6795);
#5739=AXIS2_PLACEMENT_3D('',#8475,#6799,#6800);
#5740=AXIS2_PLACEMENT_3D('',#8479,#6803,#6804);
#5741=AXIS2_PLACEMENT_3D('',#8483,#6807,#6808);
#5742=AXIS2_PLACEMENT_3D('',#8485,#6810,#6811);
#5743=AXIS2_PLACEMENT_3D('',#8489,#6814,#6815);
#5744=AXIS2_PLACEMENT_3D('',#8491,#6817,#6818);
#5745=AXIS2_PLACEMENT_3D('',#8492,#6819,#6820);
#5746=AXIS2_PLACEMENT_3D('',#8498,#6824,#6825);
#5747=AXIS2_PLACEMENT_3D('',#8502,#6828,#6829);
#5748=AXIS2_PLACEMENT_3D('',#8506,#6832,#6833);
#5749=AXIS2_PLACEMENT_3D('',#8508,#6835,#6836);
#5750=AXIS2_PLACEMENT_3D('',#8509,#6837,#6838);
#5751=AXIS2_PLACEMENT_3D('',#8511,#6840,#6841);
#5752=AXIS2_PLACEMENT_3D('',#8516,#6844,#6845);
#5753=AXIS2_PLACEMENT_3D('',#8517,#6846,#6847);
#5754=AXIS2_PLACEMENT_3D('',#8520,#6849,#6850);
#5755=AXIS2_PLACEMENT_3D('',#8521,#6851,#6852);
#5756=AXIS2_PLACEMENT_3D('',#8523,#6853,#6854);
#5757=AXIS2_PLACEMENT_3D('',#8525,#6856,#6857);
#5758=AXIS2_PLACEMENT_3D('',#8528,#6859,#6860);
#5759=AXIS2_PLACEMENT_3D('',#8529,#6861,#6862);
#5760=AXIS2_PLACEMENT_3D('',#8532,#6864,#6865);
#5761=AXIS2_PLACEMENT_3D('',#8533,#6866,#6867);
#5762=AXIS2_PLACEMENT_3D('',#8536,#6869,#6870);
#5763=AXIS2_PLACEMENT_3D('',#8537,#6871,#6872);
#5764=AXIS2_PLACEMENT_3D('',#8539,#6873,#6874);
#5765=AXIS2_PLACEMENT_3D('',#8541,#6876,#6877);
#5766=AXIS2_PLACEMENT_3D('',#8542,#6878,#6879);
#5767=AXIS2_PLACEMENT_3D('',#8543,#6880,#6881);
#5768=AXIS2_PLACEMENT_3D('',#8546,#6884,#6885);
#5769=AXIS2_PLACEMENT_3D('',#8548,#6887,#6888);
#5770=AXIS2_PLACEMENT_3D('',#8550,#6890,#6891);
#5771=AXIS2_PLACEMENT_3D('',#8552,#6893,#6894);
#5772=AXIS2_PLACEMENT_3D('',#8555,#6897,#6898);
#5773=AXIS2_PLACEMENT_3D('',#8556,#6899,#6900);
#5774=AXIS2_PLACEMENT_3D('',#8558,#6902,#6903);
#5775=AXIS2_PLACEMENT_3D('',#8559,#6904,#6905);
#5776=AXIS2_PLACEMENT_3D('',#8560,#6906,#6907);
#5777=AXIS2_PLACEMENT_3D('',#8569,#6912,#6913);
#5778=AXIS2_PLACEMENT_3D('',#8575,#6917,#6918);
#5779=AXIS2_PLACEMENT_3D('',#8581,#6922,#6923);
#5780=AXIS2_PLACEMENT_3D('',#8584,#6926,#6927);
#5781=AXIS2_PLACEMENT_3D('',#8617,#6944,#6945);
#5782=AXIS2_PLACEMENT_3D('',#8623,#6949,#6950);
#5783=AXIS2_PLACEMENT_3D('',#8629,#6954,#6955);
#5784=AXIS2_PLACEMENT_3D('',#8635,#6959,#6960);
#5785=AXIS2_PLACEMENT_3D('',#8641,#6964,#6965);
#5786=AXIS2_PLACEMENT_3D('',#8647,#6969,#6970);
#5787=AXIS2_PLACEMENT_3D('',#8653,#6974,#6975);
#5788=AXIS2_PLACEMENT_3D('',#8659,#6979,#6980);
#5789=AXIS2_PLACEMENT_3D('',#8661,#6982,#6983);
#5790=AXIS2_PLACEMENT_3D('',#8667,#6987,#6988);
#5791=AXIS2_PLACEMENT_3D('',#8669,#6990,#6991);
#5792=AXIS2_PLACEMENT_3D('',#8672,#6994,#6995);
#5793=AXIS2_PLACEMENT_3D('',#8674,#6997,#6998);
#5794=AXIS2_PLACEMENT_3D('',#8676,#7000,#7001);
#5795=AXIS2_PLACEMENT_3D('',#8685,#7006,#7007);
#5796=AXIS2_PLACEMENT_3D('',#8687,#7009,#7010);
#5797=AXIS2_PLACEMENT_3D('',#8688,#7011,#7012);
#5798=AXIS2_PLACEMENT_3D('',#8689,#7013,#7014);
#5799=AXIS2_PLACEMENT_3D('',#8691,#7016,#7017);
#5800=AXIS2_PLACEMENT_3D('',#8692,#7018,#7019);
#5801=AXIS2_PLACEMENT_3D('',#8693,#7020,#7021);
#5802=AXIS2_PLACEMENT_3D('',#8702,#7026,#7027);
#5803=AXIS2_PLACEMENT_3D('',#8708,#7031,#7032);
#5804=AXIS2_PLACEMENT_3D('',#8714,#7036,#7037);
#5805=AXIS2_PLACEMENT_3D('',#8717,#7040,#7041);
#5806=AXIS2_PLACEMENT_3D('',#8718,#7042,#7043);
#5807=AXIS2_PLACEMENT_3D('',#8724,#7047,#7048);
#5808=AXIS2_PLACEMENT_3D('',#8728,#7051,#7052);
#5809=AXIS2_PLACEMENT_3D('',#8732,#7055,#7056);
#5810=AXIS2_PLACEMENT_3D('',#8734,#7058,#7059);
#5811=AXIS2_PLACEMENT_3D('',#8735,#7060,#7061);
#5812=AXIS2_PLACEMENT_3D('',#8736,#7062,#7063);
#5813=AXIS2_PLACEMENT_3D('',#8745,#7068,#7069);
#5814=AXIS2_PLACEMENT_3D('',#8751,#7073,#7074);
#5815=AXIS2_PLACEMENT_3D('',#8757,#7078,#7079);
#5816=AXIS2_PLACEMENT_3D('',#8760,#7082,#7083);
#5817=AXIS2_PLACEMENT_3D('',#8766,#7087,#7088);
#5818=AXIS2_PLACEMENT_3D('',#8774,#7093,#7094);
#5819=AXIS2_PLACEMENT_3D('',#8783,#7099,#7100);
#5820=AXIS2_PLACEMENT_3D('',#8792,#7105,#7106);
#5821=AXIS2_PLACEMENT_3D('',#8797,#7110,#7111);
#5822=AXIS2_PLACEMENT_3D('',#8802,#7115,#7116);
#5823=AXIS2_PLACEMENT_3D('',#8804,#7118,#7119);
#5824=AXIS2_PLACEMENT_3D('',#8808,#7122,#7123);
#5825=AXIS2_PLACEMENT_3D('',#8810,#7125,#7126);
#5826=AXIS2_PLACEMENT_3D('',#8816,#7130,#7131);
#5827=AXIS2_PLACEMENT_3D('',#8842,#7134,#7135);
#5828=AXIS2_PLACEMENT_3D('',#8844,#7136,#7137);
#5829=AXIS2_PLACEMENT_3D('',#8846,#7138,#7139);
#5830=AXIS2_PLACEMENT_3D('',#8847,#7140,#7141);
#5831=AXIS2_PLACEMENT_3D('',#8848,#7142,#7143);
#5832=AXIS2_PLACEMENT_3D('',#8850,#7144,#7145);
#5833=AXIS2_PLACEMENT_3D('',#8852,#7146,#7147);
#5834=AXIS2_PLACEMENT_3D('',#8853,#7148,#7149);
#5835=AXIS2_PLACEMENT_3D('',#8876,#7150,#7151);
#5836=AXIS2_PLACEMENT_3D('',#8878,#7152,#7153);
#5837=AXIS2_PLACEMENT_3D('',#8880,#7154,#7155);
#5838=AXIS2_PLACEMENT_3D('',#8881,#7156,#7157);
#5839=AXIS2_PLACEMENT_3D('',#8882,#7158,#7159);
#5840=AXIS2_PLACEMENT_3D('',#8907,#7162,#7163);
#5841=AXIS2_PLACEMENT_3D('',#8909,#7164,#7165);
#5842=AXIS2_PLACEMENT_3D('',#8911,#7166,#7167);
#5843=AXIS2_PLACEMENT_3D('',#8912,#7168,#7169);
#5844=AXIS2_PLACEMENT_3D('',#8913,#7170,#7171);
#5845=AXIS2_PLACEMENT_3D('',#8916,#7172,#7173);
#5846=AXIS2_PLACEMENT_3D('',#8917,#7174,#7175);
#5847=AXIS2_PLACEMENT_3D('',#8918,#7176,#7177);
#5848=AXIS2_PLACEMENT_3D('',#8919,#7178,#7179);
#5849=AXIS2_PLACEMENT_3D('',#8921,#7181,#7182);
#5850=AXIS2_PLACEMENT_3D('',#8923,#7183,#7184);
#5851=AXIS2_PLACEMENT_3D('',#8925,#7185,#7186);
#5852=AXIS2_PLACEMENT_3D('',#8926,#7187,#7188);
#5853=AXIS2_PLACEMENT_3D('',#8927,#7189,#7190);
#5854=AXIS2_PLACEMENT_3D('',#8929,#7192,#7193);
#5855=AXIS2_PLACEMENT_3D('',#8954,#7196,#7197);
#5856=AXIS2_PLACEMENT_3D('',#8956,#7198,#7199);
#5857=AXIS2_PLACEMENT_3D('',#8958,#7200,#7201);
#5858=AXIS2_PLACEMENT_3D('',#8959,#7202,#7203);
#5859=AXIS2_PLACEMENT_3D('',#8960,#7204,#7205);
#5860=AXIS2_PLACEMENT_3D('',#8963,#7208,#7209);
#5861=AXIS2_PLACEMENT_3D('',#8966,#7210,#7211);
#5862=AXIS2_PLACEMENT_3D('',#8967,#7212,#7213);
#5863=AXIS2_PLACEMENT_3D('',#8968,#7214,#7215);
#5864=AXIS2_PLACEMENT_3D('',#8969,#7216,#7217);
#5865=AXIS2_PLACEMENT_3D('',#8971,#7219,#7220);
#5866=AXIS2_PLACEMENT_3D('',#8973,#7222,#7223);
#5867=AXIS2_PLACEMENT_3D('',#8976,#7226,#7227);
#5868=AXIS2_PLACEMENT_3D('',#8979,#7230,#7231);
#5869=AXIS2_PLACEMENT_3D('',#8982,#7234,#7235);
#5870=AXIS2_PLACEMENT_3D('',#8985,#7238,#7239);
#5871=AXIS2_PLACEMENT_3D('',#8988,#7242,#7243);
#5872=AXIS2_PLACEMENT_3D('',#8989,#7244,#7245);
#5873=AXIS2_PLACEMENT_3D('',#8990,#7246,#7247);
#5874=AXIS2_PLACEMENT_3D('',#8991,#7248,#7249);
#5875=AXIS2_PLACEMENT_3D('',#8994,#7250,#7251);
#5876=AXIS2_PLACEMENT_3D('',#8998,#7253,#7254);
#5877=AXIS2_PLACEMENT_3D('',#9002,#7256,#7257);
#5878=AXIS2_PLACEMENT_3D('',#9006,#7259,#7260);
#5879=AXIS2_PLACEMENT_3D('',#9017,#7266,#7267);
#5880=AXIS2_PLACEMENT_3D('',#9019,#7268,#7269);
#5881=AXIS2_PLACEMENT_3D('',#9024,#7271,#7272);
#5882=AXIS2_PLACEMENT_3D('',#9028,#7274,#7275);
#5883=AXIS2_PLACEMENT_3D('',#9032,#7277,#7278);
#5884=AXIS2_PLACEMENT_3D('',#9035,#7280,#7281);
#5885=AXIS2_PLACEMENT_3D('',#9037,#7282,#7283);
#5886=AXIS2_PLACEMENT_3D('',#9039,#7284,#7285);
#5887=AXIS2_PLACEMENT_3D('',#9040,#7286,#7287);
#5888=AXIS2_PLACEMENT_3D('',#9041,#7288,#7289);
#5889=AXIS2_PLACEMENT_3D('',#9043,#7291,#7292);
#5890=AXIS2_PLACEMENT_3D('',#9044,#7293,#7294);
#5891=AXIS2_PLACEMENT_3D('',#9050,#7298,#7299);
#5892=AXIS2_PLACEMENT_3D('',#9054,#7302,#7303);
#5893=AXIS2_PLACEMENT_3D('',#9058,#7306,#7307);
#5894=AXIS2_PLACEMENT_3D('',#9060,#7309,#7310);
#5895=AXIS2_PLACEMENT_3D('',#9064,#7313,#7314);
#5896=AXIS2_PLACEMENT_3D('',#9066,#7316,#7317);
#5897=AXIS2_PLACEMENT_3D('',#9069,#7318,#7319);
#5898=AXIS2_PLACEMENT_3D('',#9073,#7321,#7322);
#5899=AXIS2_PLACEMENT_3D('',#9075,#7324,#7325);
#5900=AXIS2_PLACEMENT_3D('',#9077,#7326,#7327);
#5901=AXIS2_PLACEMENT_3D('',#9081,#7329,#7330);
#5902=AXIS2_PLACEMENT_3D('',#9083,#7332,#7333);
#5903=AXIS2_PLACEMENT_3D('',#9084,#7334,#7335);
#5904=AXIS2_PLACEMENT_3D('',#9085,#7336,#7337);
#5905=AXIS2_PLACEMENT_3D('',#9087,#7338,#7339);
#5906=AXIS2_PLACEMENT_3D('',#9091,#7341,#7342);
#5907=AXIS2_PLACEMENT_3D('',#9093,#7344,#7345);
#5908=AXIS2_PLACEMENT_3D('',#9094,#7346,#7347);
#5909=AXIS2_PLACEMENT_3D('',#9095,#7348,#7349);
#5910=AXIS2_PLACEMENT_3D('',#9097,#7350,#7351);
#5911=AXIS2_PLACEMENT_3D('',#9100,#7353,#7354);
#5912=AXIS2_PLACEMENT_3D('',#9102,#7356,#7357);
#5913=AXIS2_PLACEMENT_3D('',#9103,#7358,#7359);
#5914=AXIS2_PLACEMENT_3D('',#9104,#7360,#7361);
#5915=AXIS2_PLACEMENT_3D('',#9105,#7362,#7363);
#5916=AXIS2_PLACEMENT_3D('',#9106,#7364,#7365);
#5917=AXIS2_PLACEMENT_3D('',#9109,#7368,#7369);
#5918=AXIS2_PLACEMENT_3D('',#9111,#7371,#7372);
#5919=AXIS2_PLACEMENT_3D('',#9113,#7374,#7375);
#5920=AXIS2_PLACEMENT_3D('',#9115,#7377,#7378);
#5921=AXIS2_PLACEMENT_3D('',#9116,#7379,#7380);
#5922=AXIS2_PLACEMENT_3D('',#9118,#7382,#7383);
#5923=AXIS2_PLACEMENT_3D('',#9120,#7385,#7386);
#5924=AXIS2_PLACEMENT_3D('',#9122,#7388,#7389);
#5925=AXIS2_PLACEMENT_3D('',#9123,#7390,#7391);
#5926=AXIS2_PLACEMENT_3D('',#9126,#7393,#7394);
#5927=AXIS2_PLACEMENT_3D('',#9127,#7395,#7396);
#5928=AXIS2_PLACEMENT_3D('',#9130,#7398,#7399);
#5929=AXIS2_PLACEMENT_3D('',#9131,#7400,#7401);
#5930=AXIS2_PLACEMENT_3D('',#9134,#7403,#7404);
#5931=AXIS2_PLACEMENT_3D('',#9135,#7405,#7406);
#5932=AXIS2_PLACEMENT_3D('',#9138,#7408,#7409);
#5933=AXIS2_PLACEMENT_3D('',#9139,#7410,#7411);
#5934=AXIS2_PLACEMENT_3D('',#9142,#7413,#7414);
#5935=AXIS2_PLACEMENT_3D('',#9143,#7415,#7416);
#5936=AXIS2_PLACEMENT_3D('',#9146,#7418,#7419);
#5937=AXIS2_PLACEMENT_3D('',#9147,#7420,#7421);
#5938=AXIS2_PLACEMENT_3D('',#9150,#7423,#7424);
#5939=AXIS2_PLACEMENT_3D('',#9151,#7425,#7426);
#5940=AXIS2_PLACEMENT_3D('',#9154,#7428,#7429);
#5941=AXIS2_PLACEMENT_3D('',#9155,#7430,#7431);
#5942=AXIS2_PLACEMENT_3D('',#9159,#7433,#7434);
#5943=AXIS2_PLACEMENT_3D('',#9161,#7436,#7437);
#5944=AXIS2_PLACEMENT_3D('',#9165,#7440,#7441);
#5945=AXIS2_PLACEMENT_3D('',#9169,#7443,#7444);
#5946=AXIS2_PLACEMENT_3D('',#9173,#7446,#7447);
#5947=AXIS2_PLACEMENT_3D('',#9176,#7449,#7450);
#5948=AXIS2_PLACEMENT_3D('',#9177,#7451,#7452);
#5949=AXIS2_PLACEMENT_3D('',#9180,#7455,#7456);
#5950=AXIS2_PLACEMENT_3D('',#9182,#7458,#7459);
#5951=AXIS2_PLACEMENT_3D('',#9184,#7461,#7462);
#5952=AXIS2_PLACEMENT_3D('',#9186,#7464,#7465);
#5953=AXIS2_PLACEMENT_3D('',#9187,#7466,#7467);
#5954=AXIS2_PLACEMENT_3D('',#9188,#7468,#7469);
#5955=AXIS2_PLACEMENT_3D('',#9190,#7470,#7471);
#5956=AXIS2_PLACEMENT_3D('',#9193,#7473,#7474);
#5957=AXIS2_PLACEMENT_3D('',#9194,#7475,#7476);
#5958=AXIS2_PLACEMENT_3D('',#9195,#7477,#7478);
#5959=AXIS2_PLACEMENT_3D('',#9197,#7479,#7480);
#5960=AXIS2_PLACEMENT_3D('',#9200,#7482,#7483);
#5961=AXIS2_PLACEMENT_3D('',#9201,#7484,#7485);
#5962=AXIS2_PLACEMENT_3D('',#9202,#7486,#7487);
#5963=AXIS2_PLACEMENT_3D('',#9211,#7492,#7493);
#5964=AXIS2_PLACEMENT_3D('',#9245,#7497,#7498);
#5965=AXIS2_PLACEMENT_3D('',#9247,#7499,#7500);
#5966=AXIS2_PLACEMENT_3D('',#9248,#7501,#7502);
#5967=AXIS2_PLACEMENT_3D('',#9249,#7503,#7504);
#5968=AXIS2_PLACEMENT_3D('',#9278,#7505,#7506);
#5969=AXIS2_PLACEMENT_3D('',#9280,#7507,#7508);
#5970=AXIS2_PLACEMENT_3D('',#9281,#7509,#7510);
#5971=AXIS2_PLACEMENT_3D('',#9282,#7511,#7512);
#5972=AXIS2_PLACEMENT_3D('',#9283,#7513,#7514);
#5973=AXIS2_PLACEMENT_3D('',#9289,#7518,#7519);
#5974=AXIS2_PLACEMENT_3D('',#9292,#7522,#7523);
#5975=AXIS2_PLACEMENT_3D('',#9293,#7524,#7525);
#5976=AXIS2_PLACEMENT_3D('',#9295,#7526,#7527);
#5977=AXIS2_PLACEMENT_3D('',#9349,#7529,#7530);
#5978=AXIS2_PLACEMENT_3D('',#9350,#7531,#7532);
#5979=AXIS2_PLACEMENT_3D('',#9352,#7533,#7534);
#5980=AXIS2_PLACEMENT_3D('',#9401,#7536,#7537);
#5981=AXIS2_PLACEMENT_3D('',#9430,#7538,#7539);
#5982=AXIS2_PLACEMENT_3D('',#9438,#7540,#7541);
#5983=AXIS2_PLACEMENT_3D('',#9439,#7542,#7543);
#5984=AXIS2_PLACEMENT_3D('',#9440,#7544,#7545);
#5985=AXIS2_PLACEMENT_3D('',#9449,#7550,#7551);
#5986=AXIS2_PLACEMENT_3D('',#9455,#7555,#7556);
#5987=AXIS2_PLACEMENT_3D('',#9461,#7560,#7561);
#5988=AXIS2_PLACEMENT_3D('',#9464,#7564,#7565);
#5989=AXIS2_PLACEMENT_3D('',#9465,#7566,#7567);
#5990=DIRECTION('axis',(0.,0.,1.));
#5991=DIRECTION('refdir',(1.,0.,0.));
#5992=DIRECTION('center_axis',(0.,0.,-1.));
#5993=DIRECTION('ref_axis',(-1.,0.,0.));
#5994=DIRECTION('center_axis',(0.,0.,-1.));
#5995=DIRECTION('ref_axis',(-1.,0.,0.));
#5996=DIRECTION('',(0.707106781186547,8.65956056235493E-17,-0.707106781186547));
#5997=DIRECTION('center_axis',(0.,0.,-1.));
#5998=DIRECTION('ref_axis',(-1.,0.,0.));
#5999=DIRECTION('center_axis',(0.,0.,-1.));
#6000=DIRECTION('ref_axis',(-1.,0.,0.));
#6001=DIRECTION('center_axis',(0.,0.,1.));
#6002=DIRECTION('ref_axis',(-1.,0.,0.));
#6003=DIRECTION('',(0.,0.,-1.));
#6004=DIRECTION('center_axis',(0.,0.,1.));
#6005=DIRECTION('ref_axis',(-1.,0.,0.));
#6006=DIRECTION('center_axis',(0.,0.,1.));
#6007=DIRECTION('ref_axis',(-1.,0.,0.));
#6008=DIRECTION('',(-0.707106781186548,-8.65956056235494E-17,-0.707106781186548));
#6009=DIRECTION('center_axis',(0.,0.,-1.));
#6010=DIRECTION('ref_axis',(-1.,0.,0.));
#6011=DIRECTION('center_axis',(0.,0.,-1.));
#6012=DIRECTION('ref_axis',(-1.,0.,0.));
#6013=DIRECTION('',(0.,0.,-1.));
#6014=DIRECTION('center_axis',(0.,0.,1.));
#6015=DIRECTION('ref_axis',(1.,0.,0.));
#6016=DIRECTION('center_axis',(0.,0.,-1.));
#6017=DIRECTION('ref_axis',(1.,0.,0.));
#6018=DIRECTION('',(0.707106781186547,8.65956056235493E-17,-0.707106781186548));
#6019=DIRECTION('center_axis',(0.,0.,1.));
#6020=DIRECTION('ref_axis',(1.,0.,0.));
#6021=DIRECTION('center_axis',(0.,0.,-1.));
#6022=DIRECTION('ref_axis',(1.,0.,0.));
#6023=DIRECTION('center_axis',(0.707106781186547,0.,-0.707106781186548));
#6024=DIRECTION('ref_axis',(-0.707106781186548,0.,-0.707106781186547));
#6025=DIRECTION('',(0.,-1.,0.));
#6026=DIRECTION('',(-0.707106781186548,0.,-0.707106781186547));
#6027=DIRECTION('',(0.,1.,0.));
#6028=DIRECTION('',(0.707106781186548,0.,0.707106781186547));
#6029=DIRECTION('',(0.,-1.,0.));
#6030=DIRECTION('center_axis',(0.,0.,1.));
#6031=DIRECTION('ref_axis',(1.,0.,0.));
#6032=DIRECTION('',(1.,1.64477485129653E-16,0.));
#6033=DIRECTION('center_axis',(0.,0.,1.));
#6034=DIRECTION('ref_axis',(1.,0.,0.));
#6035=DIRECTION('',(0.,0.,-1.));
#6036=DIRECTION('center_axis',(0.,0.,1.));
#6037=DIRECTION('ref_axis',(1.,0.,0.));
#6038=DIRECTION('center_axis',(0.,0.,1.));
#6039=DIRECTION('ref_axis',(1.,0.,0.));
#6040=DIRECTION('center_axis',(0.,0.,-1.));
#6041=DIRECTION('ref_axis',(1.,0.,0.));
#6042=DIRECTION('',(0.707106781186548,8.65956056235494E-17,-0.707106781186547));
#6043=DIRECTION('center_axis',(0.,0.,1.));
#6044=DIRECTION('ref_axis',(1.,0.,0.));
#6045=DIRECTION('center_axis',(0.,0.,-1.));
#6046=DIRECTION('ref_axis',(1.,0.,0.));
#6047=DIRECTION('center_axis',(0.,0.,-1.));
#6048=DIRECTION('ref_axis',(1.,0.,0.));
#6049=DIRECTION('center_axis',(1.,0.,0.));
#6050=DIRECTION('ref_axis',(0.,-1.,0.));
#6051=DIRECTION('',(0.,1.,0.));
#6052=DIRECTION('',(0.,-0.707106781186546,-0.707106781186549));
#6053=DIRECTION('',(0.,0.,-1.));
#6054=DIRECTION('',(0.,-1.,0.));
#6055=DIRECTION('center_axis',(1.,0.,0.));
#6056=DIRECTION('ref_axis',(0.,-1.,0.));
#6057=DIRECTION('',(0.,-1.,0.));
#6058=DIRECTION('',(0.,0.,-1.));
#6059=DIRECTION('',(0.,1.,0.));
#6060=DIRECTION('center_axis',(0.,0.,1.));
#6061=DIRECTION('ref_axis',(1.,0.,0.));
#6062=DIRECTION('',(1.,1.64477485129653E-16,0.));
#6063=DIRECTION('center_axis',(0.,0.,1.));
#6064=DIRECTION('ref_axis',(1.,0.,0.));
#6065=DIRECTION('',(0.,1.,0.));
#6066=DIRECTION('',(1.,1.64477485129653E-16,0.));
#6067=DIRECTION('center_axis',(0.,0.,1.));
#6068=DIRECTION('ref_axis',(1.,0.,0.));
#6069=DIRECTION('center_axis',(0.,0.,-1.));
#6070=DIRECTION('ref_axis',(1.,0.,0.));
#6071=DIRECTION('',(-1.,0.,0.));
#6072=DIRECTION('center_axis',(0.,0.,-1.));
#6073=DIRECTION('ref_axis',(1.,0.,0.));
#6074=DIRECTION('center_axis',(0.,0.,-1.));
#6075=DIRECTION('ref_axis',(1.,0.,0.));
#6076=DIRECTION('',(0.,1.,0.));
#6077=DIRECTION('',(-1.,1.08314441426845E-15,0.));
#6078=DIRECTION('',(-1.89550272496978E-15,-1.,0.));
#6079=DIRECTION('',(1.,1.64477485129653E-16,0.));
#6080=DIRECTION('center_axis',(0.,0.,1.));
#6081=DIRECTION('ref_axis',(0.201978565539983,0.979389942291838,0.));
#6082=DIRECTION('center_axis',(0.,0.,-1.));
#6083=DIRECTION('ref_axis',(-0.723205836728636,0.690632548987979,0.));
#6084=DIRECTION('center_axis',(0.,0.,1.));
#6085=DIRECTION('ref_axis',(-0.988672566371681,0.150088495575221,0.));
#6086=DIRECTION('center_axis',(0.,0.,-1.));
#6087=DIRECTION('ref_axis',(-0.723205836728638,-0.690632548987977,0.));
#6088=DIRECTION('center_axis',(0.,0.,1.));
#6089=DIRECTION('ref_axis',(-0.201978565539983,-0.979389942291839,0.));
#6090=DIRECTION('center_axis',(0.,0.,-1.));
#6091=DIRECTION('ref_axis',(0.72320583672864,-0.690632548987975,0.));
#6092=DIRECTION('center_axis',(0.,0.,1.));
#6093=DIRECTION('ref_axis',(0.988672566371682,-0.150088495575221,0.));
#6094=DIRECTION('center_axis',(0.,0.,-1.));
#6095=DIRECTION('ref_axis',(0.723205836728636,0.690632548987979,0.));
#6096=DIRECTION('center_axis',(0.,0.,1.));
#6097=DIRECTION('ref_axis',(1.,0.,0.));
#6098=DIRECTION('',(0.,0.,-1.));
#6099=DIRECTION('center_axis',(0.,0.,1.));
#6100=DIRECTION('ref_axis',(1.,0.,0.));
#6101=DIRECTION('center_axis',(0.,0.,1.));
#6102=DIRECTION('ref_axis',(1.,0.,0.));
#6103=DIRECTION('',(0.707106781186548,8.65956056235494E-17,-0.707106781186547));
#6104=DIRECTION('center_axis',(0.,0.,1.));
#6105=DIRECTION('ref_axis',(1.,0.,0.));
#6106=DIRECTION('center_axis',(0.,0.,1.));
#6107=DIRECTION('ref_axis',(1.,0.,0.));
#6108=DIRECTION('',(0.,0.,-1.));
#6109=DIRECTION('center_axis',(0.,0.,1.));
#6110=DIRECTION('ref_axis',(1.,0.,0.));
#6111=DIRECTION('center_axis',(0.,0.,1.));
#6112=DIRECTION('ref_axis',(1.,0.,0.));
#6113=DIRECTION('',(0.707106781186548,8.65956056235494E-17,-0.707106781186547));
#6114=DIRECTION('center_axis',(0.,0.,1.));
#6115=DIRECTION('ref_axis',(1.,0.,0.));
#6116=DIRECTION('center_axis',(0.,-0.707106781186547,-0.707106781186548));
#6117=DIRECTION('ref_axis',(-1.,0.,0.));
#6118=DIRECTION('',(0.,0.707106781186548,-0.707106781186547));
#6119=DIRECTION('',(1.,0.,0.));
#6120=DIRECTION('',(0.,-0.707106781186548,0.707106781186547));
#6121=DIRECTION('center_axis',(0.,0.,-1.));
#6122=DIRECTION('ref_axis',(-0.707106781186549,0.707106781186546,0.));
#6123=DIRECTION('center_axis',(0.,0.,-1.));
#6124=DIRECTION('ref_axis',(-0.707106781186549,0.707106781186546,0.));
#6125=DIRECTION('center_axis',(0.,0.,1.));
#6126=DIRECTION('ref_axis',(1.,0.,0.));
#6127=DIRECTION('',(0.,0.,-1.));
#6128=DIRECTION('center_axis',(0.,0.,1.));
#6129=DIRECTION('ref_axis',(1.,0.,0.));
#6130=DIRECTION('center_axis',(0.,0.,1.));
#6131=DIRECTION('ref_axis',(1.,0.,0.));
#6132=DIRECTION('center_axis',(0.,0.,-1.));
#6133=DIRECTION('ref_axis',(0.707106781186546,0.707106781186549,0.));
#6134=DIRECTION('',(-1.,0.,0.));
#6135=DIRECTION('center_axis',(0.,0.,-1.));
#6136=DIRECTION('ref_axis',(-0.707106781186549,0.707106781186546,0.));
#6137=DIRECTION('',(-9.70686797486475E-17,-1.,0.));
#6138=DIRECTION('center_axis',(0.,0.,-1.));
#6139=DIRECTION('ref_axis',(-0.707106781186549,-0.707106781186546,0.));
#6140=DIRECTION('',(1.,0.,0.));
#6141=DIRECTION('center_axis',(0.,0.,-1.));
#6142=DIRECTION('ref_axis',(0.707106781186549,-0.707106781186546,0.));
#6143=DIRECTION('',(9.70686797486475E-17,1.,0.));
#6144=DIRECTION('',(0.,1.,0.));
#6145=DIRECTION('',(1.,0.,0.));
#6146=DIRECTION('',(4.22942104619107E-16,-1.,0.));
#6147=DIRECTION('',(-1.,0.,0.));
#6148=DIRECTION('center_axis',(0.,0.,1.));
#6149=DIRECTION('ref_axis',(0.988672566371682,-0.150088495575221,0.));
#6150=DIRECTION('center_axis',(0.,0.,1.));
#6151=DIRECTION('ref_axis',(0.72320583672864,-0.690632548987975,0.));
#6152=DIRECTION('center_axis',(0.,0.,1.));
#6153=DIRECTION('ref_axis',(-0.201978565539983,-0.979389942291838,0.));
#6154=DIRECTION('center_axis',(0.,0.,1.));
#6155=DIRECTION('ref_axis',(-0.723205836728638,-0.690632548987977,0.));
#6156=DIRECTION('center_axis',(0.,0.,1.));
#6157=DIRECTION('ref_axis',(-0.988672566371682,0.150088495575221,0.));
#6158=DIRECTION('center_axis',(0.,0.,1.));
#6159=DIRECTION('ref_axis',(-0.723205836728636,0.690632548987979,0.));
#6160=DIRECTION('center_axis',(0.,0.,1.));
#6161=DIRECTION('ref_axis',(0.201978565539983,0.979389942291839,0.));
#6162=DIRECTION('center_axis',(0.,0.,1.));
#6163=DIRECTION('ref_axis',(0.723205836728636,0.690632548987979,0.));
#6164=DIRECTION('center_axis',(0.,0.,1.));
#6165=DIRECTION('ref_axis',(1.,0.,0.));
#6166=DIRECTION('center_axis',(0.,0.,1.));
#6167=DIRECTION('ref_axis',(1.,0.,0.));
#6168=DIRECTION('center_axis',(0.,0.,1.));
#6169=DIRECTION('ref_axis',(1.,0.,0.));
#6170=DIRECTION('center_axis',(0.,0.,1.));
#6171=DIRECTION('ref_axis',(1.,0.,0.));
#6172=DIRECTION('center_axis',(0.,0.,1.));
#6173=DIRECTION('ref_axis',(1.,0.,0.));
#6174=DIRECTION('center_axis',(0.,0.,1.));
#6175=DIRECTION('ref_axis',(1.,0.,0.));
#6176=DIRECTION('center_axis',(0.,0.,1.));
#6177=DIRECTION('ref_axis',(1.,0.,0.));
#6178=DIRECTION('center_axis',(0.,0.,1.));
#6179=DIRECTION('ref_axis',(1.,0.,0.));
#6180=DIRECTION('center_axis',(-0.707106781186548,0.707106781186548,0.));
#6181=DIRECTION('ref_axis',(0.,0.,1.));
#6182=DIRECTION('',(0.,0.,1.));
#6183=DIRECTION('',(0.577350269189626,0.577350269189625,-0.577350269189626));
#6184=DIRECTION('',(0.,0.,-1.));
#6185=DIRECTION('',(-0.577350269189626,-0.577350269189626,-0.577350269189626));
#6186=DIRECTION('center_axis',(-0.707106781186548,-0.707106781186547,0.));
#6187=DIRECTION('ref_axis',(0.,0.,1.));
#6188=DIRECTION('',(0.,0.,1.));
#6189=DIRECTION('',(-0.577350269189626,0.577350269189626,0.577350269189626));
#6190=DIRECTION('',(0.,0.,-1.));
#6191=DIRECTION('',(-0.577350269189626,0.577350269189626,-0.577350269189626));
#6192=DIRECTION('center_axis',(-0.707106781186547,6.8637921691094E-17,-0.707106781186548));
#6193=DIRECTION('ref_axis',(-0.707106781186548,0.,0.707106781186547));
#6194=DIRECTION('',(9.70686797486475E-17,1.,0.));
#6195=DIRECTION('',(-9.70686797486475E-17,-1.,0.));
#6196=DIRECTION('center_axis',(-0.707106781186548,6.8637921691094E-17,0.707106781186547));
#6197=DIRECTION('ref_axis',(0.707106781186547,0.,0.707106781186548));
#6198=DIRECTION('',(-9.70686797486475E-17,-1.,0.));
#6199=DIRECTION('',(9.70686797486475E-17,1.,0.));
#6200=DIRECTION('center_axis',(0.,0.,1.));
#6201=DIRECTION('ref_axis',(0.,1.,0.));
#6202=DIRECTION('',(-1.,0.,0.));
#6203=DIRECTION('',(0.,1.,0.));
#6204=DIRECTION('',(1.,0.,0.));
#6205=DIRECTION('center_axis',(0.,1.,0.));
#6206=DIRECTION('ref_axis',(0.,0.,-1.));
#6207=DIRECTION('',(-1.,0.,0.));
#6208=DIRECTION('',(0.,0.,-1.));
#6209=DIRECTION('center_axis',(-1.,9.70686797486475E-17,0.));
#6210=DIRECTION('ref_axis',(-9.70686797486475E-17,-1.,0.));
#6211=DIRECTION('',(0.,0.,-1.));
#6212=DIRECTION('',(0.,0.,1.));
#6213=DIRECTION('',(9.70686797486475E-17,1.,0.));
#6214=DIRECTION('center_axis',(-1.,0.,0.));
#6215=DIRECTION('ref_axis',(0.,1.,0.));
#6216=DIRECTION('center_axis',(0.,-1.,0.));
#6217=DIRECTION('ref_axis',(0.,0.,1.));
#6218=DIRECTION('center_axis',(-1.,9.70686797486475E-17,0.));
#6219=DIRECTION('ref_axis',(0.,1.,0.));
#6220=DIRECTION('center_axis',(1.,0.,0.));
#6221=DIRECTION('ref_axis',(0.,1.,0.));
#6222=DIRECTION('center_axis',(-1.,0.,0.));
#6223=DIRECTION('ref_axis',(0.,1.,0.));
#6224=DIRECTION('center_axis',(0.,-1.,0.));
#6225=DIRECTION('ref_axis',(0.,0.,1.));
#6226=DIRECTION('center_axis',(-1.,9.70686797486475E-17,0.));
#6227=DIRECTION('ref_axis',(0.,1.,0.));
#6228=DIRECTION('center_axis',(1.,0.,0.));
#6229=DIRECTION('ref_axis',(0.,1.,0.));
#6230=DIRECTION('center_axis',(0.,1.,0.));
#6231=DIRECTION('ref_axis',(-0.70710678118655,0.,-0.707106781186545));
#6232=DIRECTION('center_axis',(0.,-1.,0.));
#6233=DIRECTION('ref_axis',(-0.707106781186548,0.,0.707106781186548));
#6234=DIRECTION('',(0.,1.,0.));
#6235=DIRECTION('center_axis',(0.,1.,0.));
#6236=DIRECTION('ref_axis',(-0.70710678118655,0.,-0.707106781186545));
#6237=DIRECTION('',(0.,-1.,0.));
#6238=DIRECTION('center_axis',(0.,0.,-1.));
#6239=DIRECTION('ref_axis',(-1.,0.,0.));
#6240=DIRECTION('',(-1.,0.,0.));
#6241=DIRECTION('',(0.,-1.,0.));
#6242=DIRECTION('',(1.,0.,0.));
#6243=DIRECTION('center_axis',(0.,0.,-1.));
#6244=DIRECTION('ref_axis',(-1.,0.,0.));
#6245=DIRECTION('',(0.,1.,0.));
#6246=DIRECTION('',(-1.,0.,0.));
#6247=DIRECTION('',(0.,-1.,0.));
#6248=DIRECTION('',(1.,0.,0.));
#6249=DIRECTION('center_axis',(0.,1.,0.));
#6250=DIRECTION('ref_axis',(-0.707106781186548,0.,0.707106781186548));
#6251=DIRECTION('center_axis',(0.,-1.,0.));
#6252=DIRECTION('ref_axis',(-0.707106781186548,0.,0.707106781186548));
#6253=DIRECTION('center_axis',(0.,1.,0.));
#6254=DIRECTION('ref_axis',(-0.70710678118655,0.,-0.707106781186545));
#6255=DIRECTION('',(0.,-1.,0.));
#6256=DIRECTION('center_axis',(0.,0.,-1.));
#6257=DIRECTION('ref_axis',(-1.,0.,0.));
#6258=DIRECTION('',(0.,1.,0.));
#6259=DIRECTION('',(-1.,0.,0.));
#6260=DIRECTION('',(0.,-1.,0.));
#6261=DIRECTION('',(1.,0.,0.));
#6262=DIRECTION('center_axis',(0.,1.,0.));
#6263=DIRECTION('ref_axis',(-0.70710678118655,0.,0.707106781186545));
#6264=DIRECTION('center_axis',(0.,-1.,0.));
#6265=DIRECTION('ref_axis',(-0.70710678118655,0.,0.707106781186545));
#6266=DIRECTION('center_axis',(0.,1.,0.));
#6267=DIRECTION('ref_axis',(-0.707106781186548,0.,-0.707106781186548));
#6268=DIRECTION('',(0.,-1.,0.));
#6269=DIRECTION('center_axis',(0.,0.,-1.));
#6270=DIRECTION('ref_axis',(-1.,0.,0.));
#6271=DIRECTION('',(0.,1.,0.));
#6272=DIRECTION('',(-1.,0.,0.));
#6273=DIRECTION('',(0.,-1.,0.));
#6274=DIRECTION('',(1.,0.,0.));
#6275=DIRECTION('center_axis',(0.,1.,0.));
#6276=DIRECTION('ref_axis',(-0.707106781186548,0.,0.707106781186548));
#6277=DIRECTION('center_axis',(0.,-1.,0.));
#6278=DIRECTION('ref_axis',(-0.707106781186548,0.,0.707106781186548));
#6279=DIRECTION('center_axis',(0.,1.,0.));
#6280=DIRECTION('ref_axis',(-0.70710678118655,0.,-0.707106781186545));
#6281=DIRECTION('',(0.,-1.,0.));
#6282=DIRECTION('center_axis',(0.,0.,1.));
#6283=DIRECTION('ref_axis',(1.,0.,0.));
#6284=DIRECTION('',(-1.,0.,0.));
#6285=DIRECTION('',(0.,1.,0.));
#6286=DIRECTION('',(1.,0.,0.));
#6287=DIRECTION('center_axis',(0.,1.,0.));
#6288=DIRECTION('ref_axis',(0.70710678118655,0.,-0.707106781186545));
#6289=DIRECTION('center_axis',(0.,-1.,0.));
#6290=DIRECTION('ref_axis',(0.70710678118655,0.,-0.707106781186545));
#6291=DIRECTION('center_axis',(0.,1.,0.));
#6292=DIRECTION('ref_axis',(0.707106781186548,0.,0.707106781186548));
#6293=DIRECTION('center_axis',(-1.2335811384724E-16,0.,1.));
#6294=DIRECTION('ref_axis',(1.,0.,1.2335811384724E-16));
#6295=DIRECTION('',(-1.,0.,-1.2335811384724E-16));
#6296=DIRECTION('',(0.,1.,0.));
#6297=DIRECTION('',(1.,0.,1.2335811384724E-16));
#6298=DIRECTION('center_axis',(0.,1.,0.));
#6299=DIRECTION('ref_axis',(0.707106781186548,0.,-0.707106781186548));
#6300=DIRECTION('center_axis',(0.,-1.,0.));
#6301=DIRECTION('ref_axis',(0.707106781186548,0.,-0.707106781186548));
#6302=DIRECTION('center_axis',(0.,1.,0.));
#6303=DIRECTION('ref_axis',(0.707106781186548,0.,0.707106781186548));
#6304=DIRECTION('center_axis',(0.,0.,1.));
#6305=DIRECTION('ref_axis',(1.,0.,0.));
#6306=DIRECTION('',(-1.,0.,0.));
#6307=DIRECTION('',(0.,1.,0.));
#6308=DIRECTION('',(1.,0.,0.));
#6309=DIRECTION('center_axis',(0.,1.,0.));
#6310=DIRECTION('ref_axis',(0.70710678118655,0.,-0.707106781186545));
#6311=DIRECTION('center_axis',(0.,-1.,0.));
#6312=DIRECTION('ref_axis',(0.70710678118655,0.,-0.707106781186545));
#6313=DIRECTION('center_axis',(0.,1.,0.));
#6314=DIRECTION('ref_axis',(0.707106781186548,0.,0.707106781186548));
#6315=DIRECTION('center_axis',(0.,0.,1.));
#6316=DIRECTION('ref_axis',(1.,0.,0.));
#6317=DIRECTION('',(-1.,0.,0.));
#6318=DIRECTION('',(0.,1.,0.));
#6319=DIRECTION('',(1.,0.,0.));
#6320=DIRECTION('center_axis',(0.,1.,0.));
#6321=DIRECTION('ref_axis',(0.707106781186548,0.,-0.707106781186548));
#6322=DIRECTION('center_axis',(0.,-1.,0.));
#6323=DIRECTION('ref_axis',(0.707106781186548,0.,-0.707106781186548));
#6324=DIRECTION('center_axis',(0.,1.,0.));
#6325=DIRECTION('ref_axis',(0.70710678118655,0.,0.707106781186545));
#6326=DIRECTION('center_axis',(0.,-1.,0.));
#6327=DIRECTION('ref_axis',(-0.707106781186548,0.,0.707106781186548));
#6328=DIRECTION('center_axis',(0.,1.,0.));
#6329=DIRECTION('ref_axis',(-0.707106781186548,0.,0.707106781186548));
#6330=DIRECTION('',(0.,1.,0.));
#6331=DIRECTION('center_axis',(0.,1.,0.));
#6332=DIRECTION('ref_axis',(-0.707106781186548,0.,0.707106781186548));
#6333=DIRECTION('',(0.,-1.,0.));
#6334=DIRECTION('center_axis',(0.,0.,1.));
#6335=DIRECTION('ref_axis',(-1.,0.,0.));
#6336=DIRECTION('',(-1.,0.,0.));
#6337=DIRECTION('',(0.,-1.,0.));
#6338=DIRECTION('',(1.,0.,0.));
#6339=DIRECTION('center_axis',(0.,-1.,0.));
#6340=DIRECTION('ref_axis',(0.,0.,-1.));
#6341=DIRECTION('',(0.,0.,-1.));
#6342=DIRECTION('center_axis',(0.,1.,0.));
#6343=DIRECTION('ref_axis',(-0.707106781186547,0.,-0.707106781186548));
#6344=DIRECTION('',(1.,0.,0.));
#6345=DIRECTION('center_axis',(0.,1.,0.));
#6346=DIRECTION('ref_axis',(0.707106781186548,0.,-0.707106781186548));
#6347=DIRECTION('',(2.58191401075618E-16,0.,1.));
#6348=DIRECTION('center_axis',(0.,1.,0.));
#6349=DIRECTION('ref_axis',(0.707106781186548,0.,0.707106781186547));
#6350=DIRECTION('',(-1.,0.,0.));
#6351=DIRECTION('center_axis',(0.,-1.,0.));
#6352=DIRECTION('ref_axis',(-0.707106781186547,0.,-0.707106781186548));
#6353=DIRECTION('',(0.,0.,1.));
#6354=DIRECTION('center_axis',(0.,-1.,0.));
#6355=DIRECTION('ref_axis',(-0.707106781186548,0.,0.707106781186548));
#6356=DIRECTION('',(1.,0.,-2.75261906931857E-16));
#6357=DIRECTION('center_axis',(0.,-1.,0.));
#6358=DIRECTION('ref_axis',(0.707106781186548,0.,0.707106781186548));
#6359=DIRECTION('',(0.,0.,-1.));
#6360=DIRECTION('center_axis',(0.,-1.,0.));
#6361=DIRECTION('ref_axis',(0.707106781186548,0.,-0.707106781186548));
#6362=DIRECTION('center_axis',(0.,-1.,0.));
#6363=DIRECTION('ref_axis',(-0.707106781186547,0.,-0.707106781186548));
#6364=DIRECTION('',(0.,1.,0.));
#6365=DIRECTION('center_axis',(0.,1.,0.));
#6366=DIRECTION('ref_axis',(-0.707106781186547,0.,-0.707106781186548));
#6367=DIRECTION('',(0.,-1.,0.));
#6368=DIRECTION('center_axis',(0.,0.,-1.));
#6369=DIRECTION('ref_axis',(1.,0.,0.));
#6370=DIRECTION('',(-1.,0.,0.));
#6371=DIRECTION('',(0.,1.,0.));
#6372=DIRECTION('center_axis',(0.,-1.,0.));
#6373=DIRECTION('ref_axis',(0.707106781186548,0.,0.707106781186547));
#6374=DIRECTION('',(0.,1.,0.));
#6375=DIRECTION('center_axis',(0.,1.,0.));
#6376=DIRECTION('ref_axis',(0.707106781186548,0.,0.707106781186547));
#6377=DIRECTION('center_axis',(0.,-1.,0.));
#6378=DIRECTION('ref_axis',(0.707106781186548,0.,-0.707106781186548));
#6379=DIRECTION('center_axis',(0.,1.,0.));
#6380=DIRECTION('ref_axis',(0.707106781186548,0.,-0.707106781186548));
#6381=DIRECTION('',(0.,-1.,0.));
#6382=DIRECTION('center_axis',(1.,0.,-2.58191401075618E-16));
#6383=DIRECTION('ref_axis',(2.58191401075618E-16,0.,1.));
#6384=DIRECTION('',(-2.58191401075618E-16,0.,-1.));
#6385=DIRECTION('center_axis',(0.,-1.,0.));
#6386=DIRECTION('ref_axis',(-0.707106781186548,0.,0.707106781186548));
#6387=DIRECTION('center_axis',(0.,-1.,0.));
#6388=DIRECTION('ref_axis',(-0.707106781186548,0.,0.707106781186548));
#6389=DIRECTION('',(0.,-1.,0.));
#6390=DIRECTION('',(0.,1.,0.));
#6391=DIRECTION('center_axis',(0.,-1.,0.));
#6392=DIRECTION('ref_axis',(1.,0.,0.));
#6393=DIRECTION('',(0.,0.,-1.));
#6394=DIRECTION('center_axis',(0.,-1.,0.));
#6395=DIRECTION('ref_axis',(-0.707106781186547,0.,-0.707106781186548));
#6396=DIRECTION('',(1.,0.,0.));
#6397=DIRECTION('center_axis',(0.,-1.,0.));
#6398=DIRECTION('ref_axis',(0.707106781186548,0.,-0.707106781186548));
#6399=DIRECTION('',(0.,0.,1.));
#6400=DIRECTION('center_axis',(0.,-1.,0.));
#6401=DIRECTION('ref_axis',(0.707106781186548,0.,0.707106781186548));
#6402=DIRECTION('',(-1.,0.,2.75261906931857E-16));
#6403=DIRECTION('center_axis',(1.,0.,0.));
#6404=DIRECTION('ref_axis',(0.,0.,1.));
#6405=DIRECTION('',(0.,-1.,0.));
#6406=DIRECTION('center_axis',(0.,-1.,0.));
#6407=DIRECTION('ref_axis',(-0.707106781186547,0.,-0.707106781186548));
#6408=DIRECTION('',(0.,1.,0.));
#6409=DIRECTION('center_axis',(0.,-1.,0.));
#6410=DIRECTION('ref_axis',(0.707106781186548,0.,0.707106781186548));
#6411=DIRECTION('',(0.,-1.,0.));
#6412=DIRECTION('',(0.,1.,0.));
#6413=DIRECTION('center_axis',(-1.,0.,0.));
#6414=DIRECTION('ref_axis',(0.,0.,-1.));
#6415=DIRECTION('',(0.,1.,0.));
#6416=DIRECTION('center_axis',(0.,-1.,0.));
#6417=DIRECTION('ref_axis',(0.707106781186548,0.,-0.707106781186548));
#6418=DIRECTION('',(0.,-1.,0.));
#6419=DIRECTION('center_axis',(-2.75261906931857E-16,0.,-1.));
#6420=DIRECTION('ref_axis',(1.,0.,-2.75261906931857E-16));
#6421=DIRECTION('center_axis',(0.,0.,1.));
#6422=DIRECTION('ref_axis',(-1.,0.,0.));
#6423=DIRECTION('center_axis',(-1.,0.,0.));
#6424=DIRECTION('ref_axis',(0.,0.,-1.));
#6425=DIRECTION('',(0.,0.,1.));
#6426=DIRECTION('center_axis',(0.,-1.,0.));
#6427=DIRECTION('ref_axis',(1.,0.,0.));
#6428=DIRECTION('',(0.,0.,1.));
#6429=DIRECTION('',(0.707106781186548,0.,-0.707106781186548));
#6430=DIRECTION('',(0.,0.,-1.));
#6431=DIRECTION('',(-1.,0.,0.));
#6432=DIRECTION('',(0.,0.,1.));
#6433=DIRECTION('',(-1.,0.,0.));
#6434=DIRECTION('',(0.,0.,-1.));
#6435=DIRECTION('',(-1.,0.,0.));
#6436=DIRECTION('',(0.,0.,1.));
#6437=DIRECTION('',(0.707106781186548,0.,0.707106781186548));
#6438=DIRECTION('',(0.,0.,-1.));
#6439=DIRECTION('center_axis',(0.,0.,-1.));
#6440=DIRECTION('ref_axis',(1.,0.,0.));
#6441=DIRECTION('center_axis',(0.,0.,-1.));
#6442=DIRECTION('ref_axis',(1.,0.,0.));
#6443=DIRECTION('',(0.707106781186548,-8.65956056235493E-17,0.707106781186548));
#6444=DIRECTION('center_axis',(0.,0.,1.));
#6445=DIRECTION('ref_axis',(1.,0.,0.));
#6446=DIRECTION('center_axis',(0.,0.,-1.));
#6447=DIRECTION('ref_axis',(-1.,-1.64477485129653E-16,0.));
#6448=DIRECTION('center_axis',(0.,0.,1.));
#6449=DIRECTION('ref_axis',(-0.707106781186547,0.707106781186547,0.));
#6450=DIRECTION('',(-1.,-1.64477485129653E-16,0.));
#6451=DIRECTION('',(0.,1.,0.));
#6452=DIRECTION('center_axis',(0.,0.,-1.));
#6453=DIRECTION('ref_axis',(0.707106781186546,-0.707106781186549,0.));
#6454=DIRECTION('',(1.,1.64477485129653E-16,0.));
#6455=DIRECTION('',(0.,1.,0.));
#6456=DIRECTION('center_axis',(0.,0.,1.));
#6457=DIRECTION('ref_axis',(1.,0.,0.));
#6458=DIRECTION('',(0.,0.,1.));
#6459=DIRECTION('center_axis',(0.707106781186548,0.,-0.707106781186548));
#6460=DIRECTION('ref_axis',(0.707106781186548,0.,0.707106781186548));
#6461=DIRECTION('center_axis',(0.,0.,-1.));
#6462=DIRECTION('ref_axis',(1.,0.,0.));
#6463=DIRECTION('center_axis',(0.,0.,-1.));
#6464=DIRECTION('ref_axis',(1.,0.,0.));
#6465=DIRECTION('',(0.707106781186548,-8.65956056235493E-17,0.707106781186548));
#6466=DIRECTION('center_axis',(0.,0.,1.));
#6467=DIRECTION('ref_axis',(1.,0.,0.));
#6468=DIRECTION('center_axis',(0.,0.,-1.));
#6469=DIRECTION('ref_axis',(-1.,-1.64477485129653E-16,0.));
#6470=DIRECTION('center_axis',(0.,0.,1.));
#6471=DIRECTION('ref_axis',(0.707106781186547,0.707106781186547,0.));
#6472=DIRECTION('',(0.,1.,0.));
#6473=DIRECTION('',(1.,1.64477485129653E-16,0.));
#6474=DIRECTION('center_axis',(0.,0.,-1.));
#6475=DIRECTION('ref_axis',(-0.707106781186546,-0.707106781186549,0.));
#6476=DIRECTION('',(0.,-1.,0.));
#6477=DIRECTION('',(-1.,-1.64477485129653E-16,0.));
#6478=DIRECTION('center_axis',(0.,0.,1.));
#6479=DIRECTION('ref_axis',(1.,0.,0.));
#6480=DIRECTION('',(0.,0.,1.));
#6481=DIRECTION('center_axis',(-0.707106781186548,0.,-0.707106781186548));
#6482=DIRECTION('ref_axis',(0.707106781186548,0.,-0.707106781186548));
#6483=DIRECTION('center_axis',(0.,0.,-1.));
#6484=DIRECTION('ref_axis',(1.,0.,0.));
#6485=DIRECTION('center_axis',(0.,0.,-1.));
#6486=DIRECTION('ref_axis',(1.,0.,0.));
#6487=DIRECTION('',(0.707106781186548,-8.65956056235493E-17,0.707106781186548));
#6488=DIRECTION('center_axis',(0.,0.,1.));
#6489=DIRECTION('ref_axis',(1.,0.,0.));
#6490=DIRECTION('center_axis',(0.,0.,1.));
#6491=DIRECTION('ref_axis',(1.,0.,0.));
#6492=DIRECTION('',(0.,0.,1.));
#6493=DIRECTION('center_axis',(-0.707106781186548,0.,-0.707106781186548));
#6494=DIRECTION('ref_axis',(0.707106781186548,0.,-0.707106781186548));
#6495=DIRECTION('center_axis',(0.,0.,-1.));
#6496=DIRECTION('ref_axis',(1.,0.,0.));
#6497=DIRECTION('center_axis',(0.,0.,1.));
#6498=DIRECTION('ref_axis',(0.707106781186547,-0.707106781186547,0.));
#6499=DIRECTION('',(1.,0.,0.));
#6500=DIRECTION('',(0.,-1.,0.));
#6501=DIRECTION('center_axis',(0.,0.,-1.));
#6502=DIRECTION('ref_axis',(-0.707106781186549,0.707106781186546,0.));
#6503=DIRECTION('',(0.,-1.,0.));
#6504=DIRECTION('center_axis',(0.,0.,-1.));
#6505=DIRECTION('ref_axis',(1.,0.,0.));
#6506=DIRECTION('center_axis',(0.,0.,-1.));
#6507=DIRECTION('ref_axis',(1.,0.,0.));
#6508=DIRECTION('',(0.707106781186548,-8.65956056235493E-17,0.707106781186548));
#6509=DIRECTION('center_axis',(0.,0.,1.));
#6510=DIRECTION('ref_axis',(1.,0.,0.));
#6511=DIRECTION('center_axis',(0.,0.,-1.));
#6512=DIRECTION('ref_axis',(1.,0.,0.));
#6513=DIRECTION('center_axis',(0.,0.,1.));
#6514=DIRECTION('ref_axis',(-0.707106781186547,-0.707106781186547,0.));
#6515=DIRECTION('',(0.,-1.,0.));
#6516=DIRECTION('center_axis',(0.,0.,-1.));
#6517=DIRECTION('ref_axis',(0.707106781186546,0.707106781186549,0.));
#6518=DIRECTION('',(0.,1.,0.));
#6519=DIRECTION('',(1.,0.,0.));
#6520=DIRECTION('center_axis',(0.,0.,1.));
#6521=DIRECTION('ref_axis',(1.,0.,0.));
#6522=DIRECTION('',(0.,0.,1.));
#6523=DIRECTION('center_axis',(0.707106781186548,0.,-0.707106781186548));
#6524=DIRECTION('ref_axis',(0.707106781186548,0.,0.707106781186548));
#6525=DIRECTION('center_axis',(0.,0.,-1.));
#6526=DIRECTION('ref_axis',(1.,0.,0.));
#6527=DIRECTION('center_axis',(0.,0.,1.));
#6528=DIRECTION('ref_axis',(1.,0.,0.));
#6529=DIRECTION('',(-0.707106781186546,-8.65956056235492E-17,-0.707106781186549));
#6530=DIRECTION('center_axis',(0.,0.,-1.));
#6531=DIRECTION('ref_axis',(1.,0.,0.));
#6532=DIRECTION('center_axis',(0.,0.,1.));
#6533=DIRECTION('ref_axis',(1.,0.,0.));
#6534=DIRECTION('',(0.,0.,-1.));
#6535=DIRECTION('center_axis',(0.,0.,1.));
#6536=DIRECTION('ref_axis',(1.,0.,0.));
#6537=DIRECTION('center_axis',(0.,0.,-1.));
#6538=DIRECTION('ref_axis',(1.,0.,0.));
#6539=DIRECTION('center_axis',(0.,0.,1.));
#6540=DIRECTION('ref_axis',(1.,0.,0.));
#6541=DIRECTION('',(-0.707106781186548,-8.65956056235494E-17,-0.707106781186547));
#6542=DIRECTION('center_axis',(0.,0.,-1.));
#6543=DIRECTION('ref_axis',(1.,0.,0.));
#6544=DIRECTION('center_axis',(0.,0.,1.));
#6545=DIRECTION('ref_axis',(1.,0.,0.));
#6546=DIRECTION('',(0.,0.,-1.));
#6547=DIRECTION('center_axis',(0.,0.,1.));
#6548=DIRECTION('ref_axis',(1.,0.,0.));
#6549=DIRECTION('center_axis',(0.,0.,-1.));
#6550=DIRECTION('ref_axis',(1.,0.,0.));
#6551=DIRECTION('center_axis',(0.,0.,1.));
#6552=DIRECTION('ref_axis',(1.,0.,0.));
#6553=DIRECTION('',(-0.707106781186546,-8.65956056235492E-17,-0.707106781186549));
#6554=DIRECTION('center_axis',(0.,0.,-1.));
#6555=DIRECTION('ref_axis',(1.,0.,0.));
#6556=DIRECTION('center_axis',(0.,0.,1.));
#6557=DIRECTION('ref_axis',(1.,0.,0.));
#6558=DIRECTION('',(0.,0.,-1.));
#6559=DIRECTION('center_axis',(0.,0.,1.));
#6560=DIRECTION('ref_axis',(1.,0.,0.));
#6561=DIRECTION('center_axis',(0.,0.,-1.));
#6562=DIRECTION('ref_axis',(1.,0.,0.));
#6563=DIRECTION('center_axis',(0.,0.,1.));
#6564=DIRECTION('ref_axis',(1.,0.,0.));
#6565=DIRECTION('',(-0.707106781186548,-8.65956056235494E-17,-0.707106781186547));
#6566=DIRECTION('center_axis',(0.,0.,-1.));
#6567=DIRECTION('ref_axis',(1.,0.,0.));
#6568=DIRECTION('center_axis',(0.,0.,1.));
#6569=DIRECTION('ref_axis',(1.,0.,0.));
#6570=DIRECTION('',(0.,0.,-1.));
#6571=DIRECTION('center_axis',(0.,0.,1.));
#6572=DIRECTION('ref_axis',(1.,0.,0.));
#6573=DIRECTION('center_axis',(-0.707106781186547,0.,-0.707106781186548));
#6574=DIRECTION('ref_axis',(-0.707106781186548,0.,0.707106781186547));
#6575=DIRECTION('',(0.707106781186548,0.,-0.707106781186547));
#6576=DIRECTION('',(0.,-1.,0.));
#6577=DIRECTION('',(-0.707106781186548,0.,0.707106781186547));
#6578=DIRECTION('center_axis',(-1.16303145087687E-16,0.707106781186549,
-0.707106781186546));
#6579=DIRECTION('ref_axis',(-1.,0.,1.64477485129653E-16));
#6580=DIRECTION('',(1.34032283058371E-15,0.707106781186546,0.707106781186549));
#6581=DIRECTION('',(-1.,0.,1.64477485129653E-16));
#6582=DIRECTION('',(0.,-0.707106781186546,-0.707106781186549));
#6583=DIRECTION('',(-1.,-1.64477485129653E-16,0.));
#6584=DIRECTION('',(0.,0.707106781186546,0.707106781186549));
#6585=DIRECTION('center_axis',(0.,0.,-1.));
#6586=DIRECTION('ref_axis',(0.707106781186545,-0.70710678118655,0.));
#6587=DIRECTION('center_axis',(0.,0.,-1.));
#6588=DIRECTION('ref_axis',(0.707106781186545,-0.70710678118655,0.));
#6589=DIRECTION('center_axis',(0.,0.,-1.));
#6590=DIRECTION('ref_axis',(0.707106781186545,0.70710678118655,0.));
#6591=DIRECTION('center_axis',(0.,0.,-1.));
#6592=DIRECTION('ref_axis',(0.707106781186545,0.70710678118655,0.));
#6593=DIRECTION('center_axis',(0.,0.,-1.));
#6594=DIRECTION('ref_axis',(-0.707106781186545,-0.70710678118655,0.));
#6595=DIRECTION('center_axis',(0.,0.,-1.));
#6596=DIRECTION('ref_axis',(-0.707106781186545,-0.70710678118655,0.));
#6597=DIRECTION('center_axis',(0.,-1.,0.));
#6598=DIRECTION('ref_axis',(-1.,0.,0.));
#6599=DIRECTION('',(0.,0.,-1.));
#6600=DIRECTION('',(-1.,0.,0.));
#6601=DIRECTION('center_axis',(0.,0.,-1.));
#6602=DIRECTION('ref_axis',(0.707106781186546,0.707106781186549,0.));
#6603=DIRECTION('center_axis',(-0.707106781186548,0.,0.707106781186548));
#6604=DIRECTION('ref_axis',(0.707106781186547,0.,0.707106781186547));
#6605=DIRECTION('',(0.,0.,1.));
#6606=DIRECTION('center_axis',(0.,0.,1.));
#6607=DIRECTION('ref_axis',(-0.707106781186549,0.707106781186546,0.));
#6608=DIRECTION('',(0.,0.,-1.));
#6609=DIRECTION('center_axis',(0.707106781186548,0.,0.707106781186548));
#6610=DIRECTION('ref_axis',(-0.707106781186547,0.,0.707106781186547));
#6611=DIRECTION('center_axis',(1.,0.,0.));
#6612=DIRECTION('ref_axis',(0.,1.,0.));
#6613=DIRECTION('',(0.,0.,1.));
#6614=DIRECTION('',(0.,-1.,0.));
#6615=DIRECTION('',(0.,0.,-1.));
#6616=DIRECTION('',(0.,0.,1.));
#6617=DIRECTION('',(0.,-1.,0.));
#6618=DIRECTION('',(0.,0.,-1.));
#6619=DIRECTION('',(0.,0.,1.));
#6620=DIRECTION('',(0.,-1.,0.));
#6621=DIRECTION('',(0.,0.,-1.));
#6622=DIRECTION('',(0.,-1.,0.));
#6623=DIRECTION('',(0.,2.52323414687536E-16,1.));
#6624=DIRECTION('',(0.,1.,0.));
#6625=DIRECTION('center_axis',(-1.,1.89550272496978E-15,0.));
#6626=DIRECTION('ref_axis',(1.89550272496978E-15,1.,0.));
#6627=DIRECTION('',(0.,0.,-1.));
#6628=DIRECTION('',(1.89550272496978E-15,1.,0.));
#6629=DIRECTION('center_axis',(1.08314441426845E-15,1.,0.));
#6630=DIRECTION('ref_axis',(1.,-1.08314441426845E-15,0.));
#6631=DIRECTION('',(1.,-1.08314441426845E-15,0.));
#6632=DIRECTION('center_axis',(0.,0.,-1.));
#6633=DIRECTION('ref_axis',(-1.,0.,0.));
#6634=DIRECTION('',(-2.14881875733901E-15,-1.,0.));
#6635=DIRECTION('',(1.,0.,0.));
#6636=DIRECTION('',(0.,1.,0.));
#6637=DIRECTION('',(-1.,1.43254583822601E-15,0.));
#6638=DIRECTION('center_axis',(1.43254583822601E-15,1.,0.));
#6639=DIRECTION('ref_axis',(1.,-1.43254583822601E-15,0.));
#6640=DIRECTION('',(0.,0.,-1.));
#6641=DIRECTION('',(-1.,1.43254583822601E-15,0.));
#6642=DIRECTION('',(0.,0.,-1.));
#6643=DIRECTION('center_axis',(-1.,2.14881875733901E-15,0.));
#6644=DIRECTION('ref_axis',(2.14881875733901E-15,1.,0.));
#6645=DIRECTION('',(-2.14881875733901E-15,-1.,0.));
#6646=DIRECTION('',(0.,0.,-1.));
#6647=DIRECTION('center_axis',(0.,-1.,0.));
#6648=DIRECTION('ref_axis',(-1.,0.,0.));
#6649=DIRECTION('',(1.,0.,0.));
#6650=DIRECTION('',(0.,0.,-1.));
#6651=DIRECTION('center_axis',(1.,0.,0.));
#6652=DIRECTION('ref_axis',(0.,-1.,0.));
#6653=DIRECTION('',(0.,1.,0.));
#6654=DIRECTION('center_axis',(0.,0.,1.));
#6655=DIRECTION('ref_axis',(-1.,0.,0.));
#6656=DIRECTION('center_axis',(0.,0.,-1.));
#6657=DIRECTION('ref_axis',(-1.,0.,0.));
#6658=DIRECTION('center_axis',(0.,0.,-1.));
#6659=DIRECTION('ref_axis',(0.707106781186547,0.707106781186547,0.));
#6660=DIRECTION('',(0.,0.,1.));
#6661=DIRECTION('center_axis',(-0.707106781186548,0.,-0.707106781186548));
#6662=DIRECTION('ref_axis',(0.707106781186547,0.,-0.707106781186547));
#6663=DIRECTION('',(0.,0.,-1.));
#6664=DIRECTION('center_axis',(1.,0.,0.));
#6665=DIRECTION('ref_axis',(0.,0.,-1.));
#6666=DIRECTION('',(0.,1.,0.));
#6667=DIRECTION('',(0.,0.,1.));
#6668=DIRECTION('center_axis',(0.707106781186548,0.,0.707106781186548));
#6669=DIRECTION('ref_axis',(0.707106781186548,0.,-0.707106781186548));
#6670=DIRECTION('',(-0.707106781186548,0.,0.707106781186548));
#6671=DIRECTION('center_axis',(0.707106781186548,0.,0.707106781186548));
#6672=DIRECTION('ref_axis',(-0.707106781186547,0.,0.707106781186547));
#6673=DIRECTION('',(-0.707106781186548,-1.16303145087687E-16,0.707106781186548));
#6674=DIRECTION('center_axis',(0.,0.,1.));
#6675=DIRECTION('ref_axis',(-0.707106781186547,0.707106781186547,0.));
#6676=DIRECTION('center_axis',(0.707106781186548,0.,-0.707106781186548));
#6677=DIRECTION('ref_axis',(-0.707106781186547,0.,-0.707106781186547));
#6678=DIRECTION('',(0.,0.,-1.));
#6679=DIRECTION('',(0.,0.,1.));
#6680=DIRECTION('center_axis',(0.,1.,0.));
#6681=DIRECTION('ref_axis',(0.,0.,1.));
#6682=DIRECTION('',(-0.707106781186548,0.,-0.707106781186548));
#6683=DIRECTION('',(0.,0.,1.));
#6684=DIRECTION('center_axis',(-0.707106781186548,0.,0.707106781186548));
#6685=DIRECTION('ref_axis',(0.707106781186548,0.,0.707106781186548));
#6686=DIRECTION('',(0.,1.,0.));
#6687=DIRECTION('',(-0.707106781186548,-1.16303145087687E-16,-0.707106781186548));
#6688=DIRECTION('center_axis',(-0.707106781186548,0.,0.707106781186548));
#6689=DIRECTION('ref_axis',(0.707106781186547,0.,0.707106781186547));
#6690=DIRECTION('',(0.,1.,0.));
#6691=DIRECTION('center_axis',(0.,0.,-1.));
#6692=DIRECTION('ref_axis',(-0.707106781186547,-0.707106781186547,0.));
#6693=DIRECTION('',(0.,0.,1.));
#6694=DIRECTION('center_axis',(0.707106781186548,0.,-0.707106781186548));
#6695=DIRECTION('ref_axis',(-0.707106781186547,0.,-0.707106781186547));
#6696=DIRECTION('',(0.,0.,-1.));
#6697=DIRECTION('center_axis',(0.,-1.,0.));
#6698=DIRECTION('ref_axis',(0.,0.,-1.));
#6699=DIRECTION('',(0.,0.,-1.));
#6700=DIRECTION('',(0.707106781186548,0.,0.707106781186548));
#6701=DIRECTION('center_axis',(0.,0.,1.));
#6702=DIRECTION('ref_axis',(0.707106781186547,-0.707106781186547,0.));
#6703=DIRECTION('center_axis',(-0.707106781186548,0.,-0.707106781186548));
#6704=DIRECTION('ref_axis',(0.707106781186547,0.,-0.707106781186547));
#6705=DIRECTION('',(0.,0.,-1.));
#6706=DIRECTION('',(0.,0.,1.));
#6707=DIRECTION('center_axis',(0.,-1.,0.));
#6708=DIRECTION('ref_axis',(0.,0.,-1.));
#6709=DIRECTION('',(0.707106781186548,0.,-0.707106781186548));
#6710=DIRECTION('center_axis',(0.707106781186548,0.,0.707106781186548));
#6711=DIRECTION('ref_axis',(0.707106781186548,0.,-0.707106781186548));
#6712=DIRECTION('',(0.,-1.,0.));
#6713=DIRECTION('center_axis',(0.,0.,-1.));
#6714=DIRECTION('ref_axis',(0.707106781186546,0.707106781186549,0.));
#6715=DIRECTION('center_axis',(0.,0.,1.));
#6716=DIRECTION('ref_axis',(0.707106781186546,0.707106781186549,0.));
#6717=DIRECTION('',(0.,0.,1.));
#6718=DIRECTION('',(0.,0.,-1.));
#6719=DIRECTION('center_axis',(0.,1.,0.));
#6720=DIRECTION('ref_axis',(-1.,0.,0.));
#6721=DIRECTION('',(1.,0.,0.));
#6722=DIRECTION('',(0.,0.,-1.));
#6723=DIRECTION('center_axis',(0.,0.,-1.));
#6724=DIRECTION('ref_axis',(-1.,0.,0.));
#6725=DIRECTION('',(-9.70686797486475E-17,-1.,0.));
#6726=DIRECTION('center_axis',(0.,0.,1.));
#6727=DIRECTION('ref_axis',(0.707106781186549,-0.707106781186546,0.));
#6728=DIRECTION('',(-1.,0.,0.));
#6729=DIRECTION('center_axis',(0.,0.,1.));
#6730=DIRECTION('ref_axis',(-0.707106781186549,-0.707106781186546,0.));
#6731=DIRECTION('center_axis',(0.,0.,1.));
#6732=DIRECTION('ref_axis',(-0.707106781186549,0.707106781186546,0.));
#6733=DIRECTION('',(0.,1.,0.));
#6734=DIRECTION('center_axis',(0.,0.,-1.));
#6735=DIRECTION('ref_axis',(0.707106781186546,0.707106781186549,0.));
#6736=DIRECTION('center_axis',(0.,0.,-1.));
#6737=DIRECTION('ref_axis',(-0.707106781186549,0.707106781186546,0.));
#6738=DIRECTION('center_axis',(0.,0.,-1.));
#6739=DIRECTION('ref_axis',(-0.707106781186546,-0.707106781186549,0.));
#6740=DIRECTION('',(1.,1.64477485129653E-16,0.));
#6741=DIRECTION('center_axis',(0.,0.,-1.));
#6742=DIRECTION('ref_axis',(0.707106781186546,-0.707106781186549,0.));
#6743=DIRECTION('center_axis',(-1.,0.,0.));
#6744=DIRECTION('ref_axis',(0.,-1.,0.));
#6745=DIRECTION('',(0.,1.,0.));
#6746=DIRECTION('',(0.,0.,1.));
#6747=DIRECTION('',(0.,0.,-1.));
#6748=DIRECTION('',(0.,0.,-1.));
#6749=DIRECTION('center_axis',(0.,0.,-1.));
#6750=DIRECTION('ref_axis',(0.707106781186546,0.707106781186549,0.));
#6751=DIRECTION('center_axis',(0.,0.,1.));
#6752=DIRECTION('ref_axis',(0.707106781186546,-0.707106781186549,0.));
#6753=DIRECTION('',(0.,0.,1.));
#6754=DIRECTION('center_axis',(-1.64477485129653E-16,1.,0.));
#6755=DIRECTION('ref_axis',(-1.,-1.64477485129653E-16,0.));
#6756=DIRECTION('',(0.,0.,1.));
#6757=DIRECTION('',(0.,0.,-1.));
#6758=DIRECTION('',(0.,0.,-1.));
#6759=DIRECTION('',(0.,0.,-1.));
#6760=DIRECTION('center_axis',(0.,0.,1.));
#6761=DIRECTION('ref_axis',(0.707106781186546,-0.707106781186549,0.));
#6762=DIRECTION('center_axis',(0.,0.,1.));
#6763=DIRECTION('ref_axis',(-0.707106781186546,-0.707106781186549,0.));
#6764=DIRECTION('center_axis',(0.,0.,1.));
#6765=DIRECTION('ref_axis',(-0.707106781186546,-0.707106781186549,0.));
#6766=DIRECTION('center_axis',(0.,0.,1.));
#6767=DIRECTION('ref_axis',(0.707106781186549,-0.707106781186546,0.));
#6768=DIRECTION('',(0.,0.,-1.));
#6769=DIRECTION('',(0.,0.,1.));
#6770=DIRECTION('center_axis',(0.,-1.,0.));
#6771=DIRECTION('ref_axis',(1.,0.,0.));
#6772=DIRECTION('',(0.,0.,1.));
#6773=DIRECTION('center_axis',(0.,0.,1.));
#6774=DIRECTION('ref_axis',(1.,0.,0.));
#6775=DIRECTION('center_axis',(0.,0.,-1.));
#6776=DIRECTION('ref_axis',(-1.,0.,0.));
#6777=DIRECTION('center_axis',(0.,0.,1.));
#6778=DIRECTION('ref_axis',(-0.707106781186549,-0.707106781186546,0.));
#6779=DIRECTION('center_axis',(0.,0.,1.));
#6780=DIRECTION('ref_axis',(-0.707106781186549,0.707106781186546,0.));
#6781=DIRECTION('center_axis',(0.,0.,1.));
#6782=DIRECTION('ref_axis',(-0.707106781186549,0.707106781186546,0.));
#6783=DIRECTION('center_axis',(-0.707106781186548,0.,0.707106781186548));
#6784=DIRECTION('ref_axis',(0.707106781186548,0.,0.707106781186548));
#6785=DIRECTION('',(0.,-1.,0.));
#6786=DIRECTION('center_axis',(-1.,0.,0.));
#6787=DIRECTION('ref_axis',(0.,0.,1.));
#6788=DIRECTION('center_axis',(0.,1.,0.));
#6789=DIRECTION('ref_axis',(0.,0.,1.));
#6790=DIRECTION('center_axis',(1.,0.,0.));
#6791=DIRECTION('ref_axis',(0.,0.,1.));
#6792=DIRECTION('center_axis',(-1.,0.,0.));
#6793=DIRECTION('ref_axis',(0.,0.,-1.));
#6794=DIRECTION('center_axis',(0.707106781186548,-0.707106781186547,0.));
#6795=DIRECTION('ref_axis',(0.,0.,-1.));
#6796=DIRECTION('',(0.577350269189625,0.577350269189626,0.577350269189626));
#6797=DIRECTION('',(0.,0.,-1.));
#6798=DIRECTION('',(-0.577350269189625,-0.577350269189626,0.577350269189626));
#6799=DIRECTION('center_axis',(0.707106781186548,0.,0.707106781186547));
#6800=DIRECTION('ref_axis',(0.707106781186547,0.,-0.707106781186548));
#6801=DIRECTION('',(0.,-1.,0.));
#6802=DIRECTION('',(-0.577350269189625,0.577350269189627,0.577350269189626));
#6803=DIRECTION('center_axis',(0.707106781186549,0.707106781186546,-1.78419597577701E-16));
#6804=DIRECTION('ref_axis',(-2.52323414687535E-16,0.,-1.));
#6805=DIRECTION('',(0.,2.52323414687536E-16,1.));
#6806=DIRECTION('',(-0.577350269189625,0.577350269189626,-0.577350269189626));
#6807=DIRECTION('center_axis',(0.707106781186548,0.,-0.707106781186547));
#6808=DIRECTION('ref_axis',(-0.707106781186547,0.,-0.707106781186548));
#6809=DIRECTION('',(0.,1.,0.));
#6810=DIRECTION('center_axis',(1.,0.,0.));
#6811=DIRECTION('ref_axis',(0.,0.,-1.));
#6812=DIRECTION('',(0.,-1.,0.));
#6813=DIRECTION('',(0.,0.,1.));
#6814=DIRECTION('center_axis',(0.,-1.,0.));
#6815=DIRECTION('ref_axis',(0.,0.,1.));
#6816=DIRECTION('',(-1.,0.,0.));
#6817=DIRECTION('center_axis',(0.,0.,-1.));
#6818=DIRECTION('ref_axis',(0.,-1.,0.));
#6819=DIRECTION('center_axis',(-0.707106781186548,0.,-0.707106781186547));
#6820=DIRECTION('ref_axis',(0.,1.,0.));
#6821=DIRECTION('',(0.,-1.,0.));
#6822=DIRECTION('',(0.577350269189626,-0.577350269189626,-0.577350269189626));
#6823=DIRECTION('',(0.577350269189626,0.577350269189626,-0.577350269189626));
#6824=DIRECTION('center_axis',(0.,-0.707106781186548,-0.707106781186547));
#6825=DIRECTION('ref_axis',(-1.,0.,0.));
#6826=DIRECTION('',(1.,0.,0.));
#6827=DIRECTION('',(-0.577350269189626,0.577350269189626,-0.577350269189626));
#6828=DIRECTION('center_axis',(0.707106781186548,2.99065230225481E-16,-0.707106781186547));
#6829=DIRECTION('ref_axis',(4.22942104619107E-16,-1.,0.));
#6830=DIRECTION('',(-4.22942104619107E-16,1.,0.));
#6831=DIRECTION('',(-0.577350269189626,-0.577350269189626,-0.577350269189626));
#6832=DIRECTION('center_axis',(0.,0.707106781186548,-0.707106781186547));
#6833=DIRECTION('ref_axis',(1.,0.,0.));
#6834=DIRECTION('',(-1.,0.,0.));
#6835=DIRECTION('center_axis',(0.,0.,1.));
#6836=DIRECTION('ref_axis',(-1.,0.,0.));
#6837=DIRECTION('center_axis',(0.,0.,-1.));
#6838=DIRECTION('ref_axis',(-1.,0.,0.));
#6839=DIRECTION('',(0.,0.,-1.));
#6840=DIRECTION('center_axis',(0.,0.,1.));
#6841=DIRECTION('ref_axis',(0.988672566371681,-0.150088495575221,0.));
#6842=DIRECTION('',(0.593907601057806,-0.0852863494691303,0.799999999999994));
#6843=DIRECTION('',(-0.593907601057805,-0.085286349469133,-0.799999999999995));
#6844=DIRECTION('center_axis',(0.,0.,-1.));
#6845=DIRECTION('ref_axis',(0.988672566371682,-0.150088495575221,0.));
#6846=DIRECTION('center_axis',(0.,0.,1.));
#6847=DIRECTION('ref_axis',(0.723205836728636,0.690632548987979,0.));
#6848=DIRECTION('',(-0.11254730229011,-0.589349730420928,-0.799999999999998));
#6849=DIRECTION('center_axis',(0.,0.,-1.));
#6850=DIRECTION('ref_axis',(0.723205836728636,0.690632548987979,0.));
#6851=DIRECTION('center_axis',(0.,0.,1.));
#6852=DIRECTION('ref_axis',(0.72320583672864,-0.690632548987975,0.));
#6853=DIRECTION('center_axis',(0.,0.,-1.));
#6854=DIRECTION('ref_axis',(0.72320583672864,-0.690632548987975,0.));
#6855=DIRECTION('',(0.112547302290112,-0.589349730420929,0.799999999999998));
#6856=DIRECTION('center_axis',(0.,0.,1.));
#6857=DIRECTION('ref_axis',(0.201978565539983,0.979389942291838,0.));
#6858=DIRECTION('',(0.112547302290111,-0.589349730420928,-0.799999999999999));
#6859=DIRECTION('center_axis',(0.,0.,-1.));
#6860=DIRECTION('ref_axis',(0.201978565539983,0.979389942291838,0.));
#6861=DIRECTION('center_axis',(0.,0.,1.));
#6862=DIRECTION('ref_axis',(-0.201978565539983,-0.979389942291839,0.));
#6863=DIRECTION('',(-0.112547302290109,-0.589349730420927,0.8));
#6864=DIRECTION('center_axis',(0.,0.,-1.));
#6865=DIRECTION('ref_axis',(-0.201978565539983,-0.979389942291839,0.));
#6866=DIRECTION('center_axis',(0.,0.,1.));
#6867=DIRECTION('ref_axis',(-0.723205836728636,0.690632548987979,0.));
#6868=DIRECTION('',(0.593907601057807,-0.0852863494691294,-0.799999999999994));
#6869=DIRECTION('center_axis',(0.,0.,-1.));
#6870=DIRECTION('ref_axis',(-0.723205836728636,0.690632548987979,0.));
#6871=DIRECTION('center_axis',(0.,0.,1.));
#6872=DIRECTION('ref_axis',(-0.723205836728638,-0.690632548987977,0.));
#6873=DIRECTION('center_axis',(0.,0.,-1.));
#6874=DIRECTION('ref_axis',(-0.723205836728638,-0.690632548987977,0.));
#6875=DIRECTION('',(-0.593907601057804,-0.0852863494691305,0.799999999999996));
#6876=DIRECTION('center_axis',(0.,0.,1.));
#6877=DIRECTION('ref_axis',(-0.988672566371681,0.150088495575221,0.));
#6878=DIRECTION('center_axis',(0.,0.,-1.));
#6879=DIRECTION('ref_axis',(-0.988672566371682,0.150088495575221,0.));
#6880=DIRECTION('center_axis',(0.,0.,1.));
#6881=DIRECTION('ref_axis',(-0.723205836728638,-0.690632548987977,0.));
#6882=DIRECTION('',(0.,0.,-1.));
#6883=DIRECTION('',(0.,0.,1.));
#6884=DIRECTION('center_axis',(0.,0.,-1.));
#6885=DIRECTION('ref_axis',(-0.201978565539983,-0.979389942291839,0.));
#6886=DIRECTION('',(0.,0.,1.));
#6887=DIRECTION('center_axis',(0.,0.,1.));
#6888=DIRECTION('ref_axis',(0.72320583672864,-0.690632548987975,0.));
#6889=DIRECTION('',(0.,0.,-1.));
#6890=DIRECTION('center_axis',(0.,0.,-1.));
#6891=DIRECTION('ref_axis',(0.988672566371682,-0.150088495575221,0.));
#6892=DIRECTION('',(0.,0.,1.));
#6893=DIRECTION('center_axis',(0.,0.,-1.));
#6894=DIRECTION('ref_axis',(-0.723205836728636,0.690632548987979,0.));
#6895=DIRECTION('',(0.,0.,-1.));
#6896=DIRECTION('',(0.,0.,1.));
#6897=DIRECTION('center_axis',(0.,0.,-1.));
#6898=DIRECTION('ref_axis',(-0.988672566371681,0.150088495575221,0.));
#6899=DIRECTION('center_axis',(0.,0.,1.));
#6900=DIRECTION('ref_axis',(0.723205836728636,0.690632548987979,0.));
#6901=DIRECTION('',(0.,0.,-1.));
#6902=DIRECTION('center_axis',(0.,0.,-1.));
#6903=DIRECTION('ref_axis',(0.201978565539983,0.979389942291838,0.));
#6904=DIRECTION('center_axis',(1.,-9.70686797486475E-17,0.));
#6905=DIRECTION('ref_axis',(9.70686797486475E-17,1.,0.));
#6906=DIRECTION('center_axis',(0.,-0.70710678118655,0.707106781186545));
#6907=DIRECTION('ref_axis',(1.,0.,0.));
#6908=DIRECTION('',(1.,0.,0.));
#6909=DIRECTION('',(0.577350269189627,0.577350269189623,0.577350269189627));
#6910=DIRECTION('',(1.,0.,0.));
#6911=DIRECTION('',(-0.577350269189627,0.577350269189623,0.577350269189627));
#6912=DIRECTION('center_axis',(-0.707106781186548,-1.88411095042053E-16,
0.707106781186548));
#6913=DIRECTION('ref_axis',(0.707106781186548,0.,0.707106781186548));
#6914=DIRECTION('',(2.66453525910038E-16,-1.,0.));
#6915=DIRECTION('',(2.66453525910038E-16,-1.,0.));
#6916=DIRECTION('',(0.577350269189628,-0.577350269189623,0.577350269189627));
#6917=DIRECTION('center_axis',(0.,0.70710678118655,0.707106781186545));
#6918=DIRECTION('ref_axis',(1.,0.,0.));
#6919=DIRECTION('',(-1.,0.,0.));
#6920=DIRECTION('',(-1.,0.,0.));
#6921=DIRECTION('',(-0.577350269189627,-0.577350269189623,0.577350269189627));
#6922=DIRECTION('center_axis',(0.707106781186548,0.,0.707106781186548));
#6923=DIRECTION('ref_axis',(0.707106781186548,0.,-0.707106781186548));
#6924=DIRECTION('',(0.,1.,0.));
#6925=DIRECTION('',(0.,1.,0.));
#6926=DIRECTION('center_axis',(0.,0.,-1.));
#6927=DIRECTION('ref_axis',(-1.,0.,0.));
#6928=DIRECTION('',(-4.58101733461836E-16,1.,0.));
#6929=DIRECTION('',(1.,0.,0.));
#6930=DIRECTION('',(0.,-1.,0.));
#6931=DIRECTION('',(-1.,0.,0.));
#6932=DIRECTION('',(-4.58101733461836E-16,1.,0.));
#6933=DIRECTION('',(1.,0.,0.));
#6934=DIRECTION('',(0.,-1.,0.));
#6935=DIRECTION('',(-1.,0.,0.));
#6936=DIRECTION('',(-4.58101733461836E-16,1.,0.));
#6937=DIRECTION('',(1.,0.,0.));
#6938=DIRECTION('',(0.,-1.,0.));
#6939=DIRECTION('',(-1.,0.,0.));
#6940=DIRECTION('',(1.,0.,0.));
#6941=DIRECTION('',(0.,-1.,0.));
#6942=DIRECTION('',(-1.,0.,0.));
#6943=DIRECTION('',(-4.58101733461836E-16,1.,0.));
#6944=DIRECTION('center_axis',(-1.,-4.58101733461836E-16,0.));
#6945=DIRECTION('ref_axis',(-4.58101733461836E-16,1.,0.));
#6946=DIRECTION('',(0.,0.,-1.));
#6947=DIRECTION('',(0.,0.,-1.));
#6948=DIRECTION('',(-4.58101733461836E-16,1.,0.));
#6949=DIRECTION('center_axis',(-1.,-4.58101733461836E-16,0.));
#6950=DIRECTION('ref_axis',(-4.58101733461836E-16,1.,0.));
#6951=DIRECTION('',(0.,0.,-1.));
#6952=DIRECTION('',(-4.58101733461836E-16,1.,0.));
#6953=DIRECTION('',(0.,0.,-1.));
#6954=DIRECTION('center_axis',(-1.,-4.58101733461836E-16,0.));
#6955=DIRECTION('ref_axis',(-4.58101733461836E-16,1.,0.));
#6956=DIRECTION('',(0.,0.,-1.));
#6957=DIRECTION('',(-4.58101733461836E-16,1.,0.));
#6958=DIRECTION('',(0.,0.,-1.));
#6959=DIRECTION('center_axis',(1.,0.,0.));
#6960=DIRECTION('ref_axis',(0.,-1.,0.));
#6961=DIRECTION('',(0.,0.,-1.));
#6962=DIRECTION('',(0.,0.,-1.));
#6963=DIRECTION('',(0.,-1.,0.));
#6964=DIRECTION('center_axis',(1.,0.,0.));
#6965=DIRECTION('ref_axis',(0.,-1.,0.));
#6966=DIRECTION('',(0.,0.,-1.));
#6967=DIRECTION('',(0.,0.,-1.));
#6968=DIRECTION('',(0.,-1.,0.));
#6969=DIRECTION('center_axis',(1.,0.,0.));
#6970=DIRECTION('ref_axis',(0.,-1.,0.));
#6971=DIRECTION('',(0.,0.,-1.));
#6972=DIRECTION('',(0.,0.,-1.));
#6973=DIRECTION('',(0.,-1.,0.));
#6974=DIRECTION('center_axis',(-1.,-4.58101733461836E-16,0.));
#6975=DIRECTION('ref_axis',(-4.58101733461836E-16,1.,0.));
#6976=DIRECTION('',(0.,0.,-1.));
#6977=DIRECTION('',(-4.58101733461836E-16,1.,0.));
#6978=DIRECTION('',(0.,0.,-1.));
#6979=DIRECTION('center_axis',(0.,1.,0.));
#6980=DIRECTION('ref_axis',(1.,0.,0.));
#6981=DIRECTION('',(1.,0.,0.));
#6982=DIRECTION('center_axis',(1.,0.,0.));
#6983=DIRECTION('ref_axis',(0.,-1.,0.));
#6984=DIRECTION('',(0.,0.,-1.));
#6985=DIRECTION('',(0.,-1.,0.));
#6986=DIRECTION('',(0.,0.,-1.));
#6987=DIRECTION('center_axis',(0.,-1.,0.));
#6988=DIRECTION('ref_axis',(-1.,0.,0.));
#6989=DIRECTION('',(-1.,0.,0.));
#6990=DIRECTION('center_axis',(0.,0.,1.));
#6991=DIRECTION('ref_axis',(1.,0.,0.));
#6992=DIRECTION('',(-1.,0.,0.));
#6993=DIRECTION('',(1.,0.,0.));
#6994=DIRECTION('center_axis',(0.,0.,1.));
#6995=DIRECTION('ref_axis',(1.,0.,0.));
#6996=DIRECTION('',(-1.,0.,0.));
#6997=DIRECTION('center_axis',(0.,0.,1.));
#6998=DIRECTION('ref_axis',(1.,0.,0.));
#6999=DIRECTION('',(1.,0.,0.));
#7000=DIRECTION('center_axis',(0.,0.,1.));
#7001=DIRECTION('ref_axis',(1.,0.,0.));
#7002=DIRECTION('',(0.,-1.,0.));
#7003=DIRECTION('',(1.,0.,0.));
#7004=DIRECTION('',(-3.0626842058625E-16,1.,0.));
#7005=DIRECTION('',(-1.,-1.67580833905684E-16,0.));
#7006=DIRECTION('center_axis',(0.,-1.,0.));
#7007=DIRECTION('ref_axis',(-1.,0.,0.));
#7008=DIRECTION('',(-1.,0.,0.));
#7009=DIRECTION('center_axis',(0.,1.,0.));
#7010=DIRECTION('ref_axis',(1.,0.,0.));
#7011=DIRECTION('center_axis',(0.,-1.,0.));
#7012=DIRECTION('ref_axis',(-1.,0.,0.));
#7013=DIRECTION('center_axis',(0.,1.,0.));
#7014=DIRECTION('ref_axis',(1.,0.,0.));
#7015=DIRECTION('',(1.,0.,0.));
#7016=DIRECTION('center_axis',(0.,-1.,0.));
#7017=DIRECTION('ref_axis',(-1.,0.,0.));
#7018=DIRECTION('center_axis',(0.,1.,0.));
#7019=DIRECTION('ref_axis',(1.,0.,0.));
#7020=DIRECTION('center_axis',(-0.707106781186548,0.,-0.707106781186548));
#7021=DIRECTION('ref_axis',(0.,1.,0.));
#7022=DIRECTION('',(0.,-1.,0.));
#7023=DIRECTION('',(0.577350269189626,0.577350269189626,-0.577350269189626));
#7024=DIRECTION('',(0.,-1.,0.));
#7025=DIRECTION('',(0.577350269189626,-0.577350269189626,-0.577350269189626));
#7026=DIRECTION('center_axis',(0.,-0.707106781186548,-0.707106781186547));
#7027=DIRECTION('ref_axis',(-1.,0.,0.));
#7028=DIRECTION('',(1.,0.,0.));
#7029=DIRECTION('',(-0.577350269189626,0.577350269189626,-0.577350269189626));
#7030=DIRECTION('',(1.,0.,0.));
#7031=DIRECTION('center_axis',(0.707106781186548,3.23926842204177E-16,-0.707106781186548));
#7032=DIRECTION('ref_axis',(4.58101733461836E-16,-1.,0.));
#7033=DIRECTION('',(-4.58101733461836E-16,1.,0.));
#7034=DIRECTION('',(-0.577350269189626,-0.577350269189626,-0.577350269189626));
#7035=DIRECTION('',(-4.58101733461836E-16,1.,0.));
#7036=DIRECTION('center_axis',(0.,0.707106781186548,-0.707106781186547));
#7037=DIRECTION('ref_axis',(1.,0.,0.));
#7038=DIRECTION('',(-1.,0.,0.));
#7039=DIRECTION('',(-1.,0.,0.));
#7040=DIRECTION('center_axis',(0.,0.,1.));
#7041=DIRECTION('ref_axis',(-1.,0.,0.));
#7042=DIRECTION('center_axis',(-1.67580833905684E-16,1.,0.));
#7043=DIRECTION('ref_axis',(-1.,-1.67580833905684E-16,0.));
#7044=DIRECTION('',(-1.,-1.67580833905684E-16,0.));
#7045=DIRECTION('',(0.,0.,1.));
#7046=DIRECTION('',(0.,0.,1.));
#7047=DIRECTION('center_axis',(1.,3.0626842058625E-16,0.));
#7048=DIRECTION('ref_axis',(-3.0626842058625E-16,1.,0.));
#7049=DIRECTION('',(-3.0626842058625E-16,1.,0.));
#7050=DIRECTION('',(0.,0.,1.));
#7051=DIRECTION('center_axis',(0.,-1.,0.));
#7052=DIRECTION('ref_axis',(1.,0.,0.));
#7053=DIRECTION('',(1.,0.,0.));
#7054=DIRECTION('',(0.,0.,1.));
#7055=DIRECTION('center_axis',(-1.,0.,0.));
#7056=DIRECTION('ref_axis',(0.,-1.,0.));
#7057=DIRECTION('',(0.,-1.,0.));
#7058=DIRECTION('center_axis',(0.,0.,1.));
#7059=DIRECTION('ref_axis',(1.,0.,0.));
#7060=DIRECTION('center_axis',(0.,0.,1.));
#7061=DIRECTION('ref_axis',(-1.,0.,0.));
#7062=DIRECTION('center_axis',(-0.707106781186546,0.,-0.707106781186549));
#7063=DIRECTION('ref_axis',(-0.707106781186549,0.,0.707106781186546));
#7064=DIRECTION('',(0.,-1.,0.));
#7065=DIRECTION('',(-0.577350269189627,0.577350269189625,0.577350269189625));
#7066=DIRECTION('',(0.,1.,0.));
#7067=DIRECTION('',(-0.577350269189627,-0.577350269189625,0.577350269189625));
#7068=DIRECTION('center_axis',(0.,0.707106781186548,-0.707106781186548));
#7069=DIRECTION('ref_axis',(-1.,0.,0.));
#7070=DIRECTION('',(-1.,0.,0.));
#7071=DIRECTION('',(0.577350269189628,0.577350269189625,0.577350269189625));
#7072=DIRECTION('',(1.,0.,0.));
#7073=DIRECTION('center_axis',(0.707106781186546,0.,-0.707106781186549));
#7074=DIRECTION('ref_axis',(-0.707106781186549,0.,-0.707106781186546));
#7075=DIRECTION('',(0.,1.,0.));
#7076=DIRECTION('',(0.577350269189628,-0.577350269189625,0.577350269189625));
#7077=DIRECTION('',(0.,-1.,0.));
#7078=DIRECTION('center_axis',(0.,-0.707106781186548,-0.707106781186548));
#7079=DIRECTION('ref_axis',(-1.,0.,0.));
#7080=DIRECTION('',(-1.,0.,0.));
#7081=DIRECTION('',(1.,0.,0.));
#7082=DIRECTION('center_axis',(0.,-1.,0.));
#7083=DIRECTION('ref_axis',(-1.,0.,0.));
#7084=DIRECTION('',(0.,0.,-1.));
#7085=DIRECTION('',(1.,0.,0.));
#7086=DIRECTION('',(0.,0.,-1.));
#7087=DIRECTION('center_axis',(-1.,0.,0.));
#7088=DIRECTION('ref_axis',(0.,1.,0.));
#7089=DIRECTION('',(0.,0.,-1.));
#7090=DIRECTION('',(0.,-1.,0.));
#7091=DIRECTION('',(0.,-1.,0.));
#7092=DIRECTION('',(0.,-1.,0.));
#7093=DIRECTION('center_axis',(0.,0.,-1.));
#7094=DIRECTION('ref_axis',(-1.,0.,0.));
#7095=DIRECTION('',(0.,-1.,0.));
#7096=DIRECTION('',(-1.,0.,0.));
#7097=DIRECTION('',(0.,1.,0.));
#7098=DIRECTION('',(1.,0.,0.));
#7099=DIRECTION('center_axis',(0.707106781186546,0.,-0.707106781186549));
#7100=DIRECTION('ref_axis',(-0.707106781186549,0.,-0.707106781186546));
#7101=DIRECTION('',(0.,1.,0.));
#7102=DIRECTION('',(0.577350269189628,-0.577350269189625,0.577350269189625));
#7103=DIRECTION('',(0.,-1.,0.));
#7104=DIRECTION('',(0.577350269189628,0.577350269189625,0.577350269189625));
#7105=DIRECTION('center_axis',(0.,-0.707106781186548,-0.707106781186548));
#7106=DIRECTION('ref_axis',(-1.,0.,0.));
#7107=DIRECTION('',(-1.,0.,0.));
#7108=DIRECTION('',(1.,0.,0.));
#7109=DIRECTION('',(-0.577350269189627,-0.577350269189625,0.577350269189625));
#7110=DIRECTION('center_axis',(0.,0.707106781186548,-0.707106781186548));
#7111=DIRECTION('ref_axis',(-1.,0.,0.));
#7112=DIRECTION('',(1.,0.,0.));
#7113=DIRECTION('',(0.577350269189627,-0.577350269189625,-0.577350269189625));
#7114=DIRECTION('',(-1.,0.,0.));
#7115=DIRECTION('center_axis',(-0.707106781186546,0.,-0.707106781186549));
#7116=DIRECTION('ref_axis',(-0.707106781186549,0.,0.707106781186546));
#7117=DIRECTION('',(0.,1.,0.));
#7118=DIRECTION('center_axis',(0.,0.,-1.));
#7119=DIRECTION('ref_axis',(-1.,0.,0.));
#7120=DIRECTION('',(-1.,0.,0.));
#7121=DIRECTION('',(0.,1.,0.));
#7122=DIRECTION('center_axis',(0.,0.,-1.));
#7123=DIRECTION('ref_axis',(-1.,0.,0.));
#7124=DIRECTION('',(0.,1.,0.));
#7125=DIRECTION('center_axis',(0.,-1.,0.));
#7126=DIRECTION('ref_axis',(1.,0.,0.));
#7127=DIRECTION('',(0.,0.,1.));
#7128=DIRECTION('',(-1.,0.,0.));
#7129=DIRECTION('',(0.,0.,1.));
#7130=DIRECTION('center_axis',(-1.,0.,0.));
#7131=DIRECTION('ref_axis',(0.,-1.,0.));
#7132=DIRECTION('',(0.,0.,1.));
#7133=DIRECTION('',(0.,1.,0.));
#7134=DIRECTION('center_axis',(0.192450089729874,-0.192450089729874,0.962250448649377));
#7135=DIRECTION('ref_axis',(-0.680413817439773,0.680413817439771,0.272165526975907));
#7136=DIRECTION('center_axis',(0.,1.,0.));
#7137=DIRECTION('ref_axis',(0.,0.,1.));
#7138=DIRECTION('center_axis',(0.,0.,-1.));
#7139=DIRECTION('ref_axis',(-0.707106781186548,0.707106781186547,0.));
#7140=DIRECTION('center_axis',(-1.,0.,0.));
#7141=DIRECTION('ref_axis',(0.,-0.707106781186548,0.707106781186548));
#7142=DIRECTION('center_axis',(-0.0760609548711333,-0.962692419881158,-0.259688343688069));
#7143=DIRECTION('ref_axis',(-0.270598050073094,0.270598050073096,-0.923879532511289));
#7144=DIRECTION('center_axis',(-1.,9.42055475210267E-15,0.));
#7145=DIRECTION('ref_axis',(0.,0.,-1.));
#7146=DIRECTION('center_axis',(0.,1.,0.));
#7147=DIRECTION('ref_axis',(-0.707106781186549,0.,-0.707106781186546));
#7148=DIRECTION('center_axis',(0.577350269189622,-0.577350269189628,-0.577350269189628));
#7149=DIRECTION('ref_axis',(0.,0.707106781186548,-0.707106781186548));
#7150=DIRECTION('center_axis',(0.,0.,-1.));
#7151=DIRECTION('ref_axis',(-0.707106781186547,-0.707106781186548,0.));
#7152=DIRECTION('center_axis',(0.,-1.,0.));
#7153=DIRECTION('ref_axis',(0.70710678118655,0.,0.707106781186545));
#7154=DIRECTION('center_axis',(0.192450089729875,0.192450089729876,0.962250448649376));
#7155=DIRECTION('ref_axis',(-0.680413817439772,-0.680413817439772,0.272165526975909));
#7156=DIRECTION('center_axis',(-1.,0.,0.));
#7157=DIRECTION('ref_axis',(0.,0.,1.));
#7158=DIRECTION('center_axis',(0.,1.,0.));
#7159=DIRECTION('ref_axis',(0.382683432365092,0.,0.923879532511286));
#7160=DIRECTION('',(0.,-1.,0.));
#7161=DIRECTION('',(0.,1.,0.));
#7162=DIRECTION('center_axis',(0.,0.,-1.));
#7163=DIRECTION('ref_axis',(0.707106781186547,0.707106781186548,0.));
#7164=DIRECTION('center_axis',(0.,1.,0.));
#7165=DIRECTION('ref_axis',(-0.70710678118655,0.,0.707106781186545));
#7166=DIRECTION('center_axis',(-0.192450089729874,-0.192450089729874,0.962250448649377));
#7167=DIRECTION('ref_axis',(0.680413817439773,0.680413817439771,0.272165526975907));
#7168=DIRECTION('center_axis',(1.,0.,0.));
#7169=DIRECTION('ref_axis',(0.,0.,1.));
#7170=DIRECTION('center_axis',(0.0760609548711338,-0.962692419881157,0.25968834368807));
#7171=DIRECTION('ref_axis',(-0.270598050073101,-0.270598050073106,-0.923879532511284));
#7172=DIRECTION('center_axis',(0.577350269189625,0.577350269189627,-0.577350269189625));
#7173=DIRECTION('ref_axis',(-0.707106781186548,0.,-0.707106781186548));
#7174=DIRECTION('center_axis',(0.,-1.,0.));
#7175=DIRECTION('ref_axis',(0.,0.,-1.));
#7176=DIRECTION('center_axis',(-1.,0.,0.));
#7177=DIRECTION('ref_axis',(0.,-0.707106781186548,-0.707106781186548));
#7178=DIRECTION('center_axis',(0.,1.,0.));
#7179=DIRECTION('ref_axis',(-0.382683432365092,0.,-0.923879532511286));
#7180=DIRECTION('',(0.,1.,0.));
#7181=DIRECTION('center_axis',(0.0760609548711335,-0.962692419881158,-0.259688343688069));
#7182=DIRECTION('ref_axis',(0.2705980500731,0.270598050073099,-0.923879532511286));
#7183=DIRECTION('center_axis',(0.,1.,0.));
#7184=DIRECTION('ref_axis',(0.,0.,-1.));
#7185=DIRECTION('center_axis',(1.,-5.5511151231258E-16,-5.5511151231258E-16));
#7186=DIRECTION('ref_axis',(0.,0.707106781186548,-0.707106781186548));
#7187=DIRECTION('center_axis',(-0.577350269189626,-0.577350269189626,-0.577350269189625));
#7188=DIRECTION('ref_axis',(0.707106781186547,0.,-0.707106781186548));
#7189=DIRECTION('center_axis',(1.,0.,0.));
#7190=DIRECTION('ref_axis',(0.,0.38268343236509,-0.923879532511287));
#7191=DIRECTION('',(1.,0.,0.));
#7192=DIRECTION('center_axis',(0.577350269189626,0.577350269189626,0.577350269189626));
#7193=DIRECTION('ref_axis',(0.408248290463863,0.408248290463863,-0.816496580927726));
#7194=DIRECTION('',(-0.577350269189626,-0.577350269189626,-0.577350269189626));
#7195=DIRECTION('',(0.577350269189626,0.577350269189626,0.577350269189626));
#7196=DIRECTION('center_axis',(0.,0.,-1.));
#7197=DIRECTION('ref_axis',(0.707106781186547,-0.707106781186548,0.));
#7198=DIRECTION('center_axis',(1.,0.,0.));
#7199=DIRECTION('ref_axis',(0.,0.707106781186548,0.707106781186548));
#7200=DIRECTION('center_axis',(-0.192450089729874,0.192450089729875,0.962250448649377));
#7201=DIRECTION('ref_axis',(0.680413817439773,-0.680413817439771,0.272165526975907));
#7202=DIRECTION('center_axis',(0.,-1.,0.));
#7203=DIRECTION('ref_axis',(0.,0.,1.));
#7204=DIRECTION('center_axis',(-1.,0.,0.));
#7205=DIRECTION('ref_axis',(0.,0.38268343236509,0.923879532511287));
#7206=DIRECTION('',(1.,0.,0.));
#7207=DIRECTION('',(-1.,0.,0.));
#7208=DIRECTION('center_axis',(-0.0760609548711342,-0.962692419881157,0.25968834368807));
#7209=DIRECTION('ref_axis',(0.2705980500731,-0.270598050073106,-0.923879532511284));
#7210=DIRECTION('center_axis',(-0.577350269189626,0.577350269189626,-0.577350269189626));
#7211=DIRECTION('ref_axis',(0.,-0.707106781186548,-0.707106781186548));
#7212=DIRECTION('center_axis',(1.,1.96261557335472E-15,0.));
#7213=DIRECTION('ref_axis',(0.,0.,-1.));
#7214=DIRECTION('center_axis',(0.,-1.,0.));
#7215=DIRECTION('ref_axis',(0.707106781186548,0.,-0.707106781186547));
#7216=DIRECTION('center_axis',(-1.,0.,0.));
#7217=DIRECTION('ref_axis',(0.,-0.38268343236509,-0.923879532511287));
#7218=DIRECTION('',(-1.,0.,0.));
#7219=DIRECTION('center_axis',(0.,-1.,0.));
#7220=DIRECTION('ref_axis',(0.38268343236509,0.,-0.923879532511287));
#7221=DIRECTION('',(0.,-1.,0.));
#7222=DIRECTION('center_axis',(0.577350269189626,-0.577350269189626,0.577350269189626));
#7223=DIRECTION('ref_axis',(0.408248290463863,-0.408248290463863,-0.816496580927726));
#7224=DIRECTION('',(-0.577350269189626,0.577350269189626,-0.577350269189626));
#7225=DIRECTION('',(0.577350269189626,-0.577350269189626,0.577350269189626));
#7226=DIRECTION('center_axis',(0.,-1.,0.));
#7227=DIRECTION('ref_axis',(-0.382683432365092,0.,0.923879532511286));
#7228=DIRECTION('',(0.,1.,0.));
#7229=DIRECTION('',(0.,-1.,0.));
#7230=DIRECTION('center_axis',(-0.577350269189626,-0.577350269189626,0.577350269189626));
#7231=DIRECTION('ref_axis',(-0.408248290463863,-0.408248290463863,-0.816496580927726));
#7232=DIRECTION('',(0.577350269189626,0.577350269189626,-0.577350269189626));
#7233=DIRECTION('',(-0.577350269189626,-0.577350269189626,0.577350269189626));
#7234=DIRECTION('center_axis',(1.,0.,0.));
#7235=DIRECTION('ref_axis',(0.,-0.38268343236509,0.923879532511287));
#7236=DIRECTION('',(-1.,0.,0.));
#7237=DIRECTION('',(1.,0.,0.));
#7238=DIRECTION('center_axis',(0.577350269189626,-0.577350269189626,-0.577350269189626));
#7239=DIRECTION('ref_axis',(-0.408248290463865,0.408248290463863,-0.816496580927725));
#7240=DIRECTION('',(-0.577350269189626,0.577350269189626,0.577350269189626));
#7241=DIRECTION('',(0.577350269189626,-0.577350269189626,-0.577350269189626));
#7242=DIRECTION('center_axis',(-0.707106781186548,0.,-0.707106781186547));
#7243=DIRECTION('ref_axis',(-0.707106781186547,0.,0.707106781186548));
#7244=DIRECTION('center_axis',(0.,0.707106781186548,-0.707106781186548));
#7245=DIRECTION('ref_axis',(-1.,0.,0.));
#7246=DIRECTION('center_axis',(0.707106781186548,0.,-0.707106781186547));
#7247=DIRECTION('ref_axis',(-0.707106781186547,0.,-0.707106781186548));
#7248=DIRECTION('center_axis',(0.,0.,-1.));
#7249=DIRECTION('ref_axis',(-1.,0.,0.));
#7250=DIRECTION('center_axis',(0.,0.,1.));
#7251=DIRECTION('ref_axis',(0.707106781186549,-0.707106781186546,0.));
#7252=DIRECTION('',(-1.,0.,0.));
#7253=DIRECTION('center_axis',(0.,0.,1.));
#7254=DIRECTION('ref_axis',(-0.707106781186549,-0.707106781186546,0.));
#7255=DIRECTION('',(1.00586457497183E-16,1.,0.));
#7256=DIRECTION('center_axis',(0.,0.,1.));
#7257=DIRECTION('ref_axis',(-0.707106781186549,0.707106781186546,0.));
#7258=DIRECTION('',(1.,0.,0.));
#7259=DIRECTION('center_axis',(0.,0.,1.));
#7260=DIRECTION('ref_axis',(0.707106781186546,0.707106781186549,0.));
#7261=DIRECTION('',(-1.00586457497183E-16,-1.,0.));
#7262=DIRECTION('',(1.,0.,0.));
#7263=DIRECTION('',(0.,1.,0.));
#7264=DIRECTION('',(-1.,0.,0.));
#7265=DIRECTION('',(0.,-1.,0.));
#7266=DIRECTION('center_axis',(0.,0.,-1.));
#7267=DIRECTION('ref_axis',(1.,0.,0.));
#7268=DIRECTION('center_axis',(0.,0.,-1.));
#7269=DIRECTION('ref_axis',(1.,0.,0.));
#7270=DIRECTION('',(0.,-1.,0.));
#7271=DIRECTION('center_axis',(0.,0.,1.));
#7272=DIRECTION('ref_axis',(-0.894427190999916,-0.447213595499958,0.));
#7273=DIRECTION('',(1.,0.,0.));
#7274=DIRECTION('center_axis',(0.,0.,1.));
#7275=DIRECTION('ref_axis',(0.707106781186548,-0.707106781186547,0.));
#7276=DIRECTION('',(0.,1.,0.));
#7277=DIRECTION('center_axis',(0.,0.,1.));
#7278=DIRECTION('ref_axis',(0.707106781186548,0.707106781186548,0.));
#7279=DIRECTION('',(-1.,0.,0.));
#7280=DIRECTION('center_axis',(0.,0.,1.));
#7281=DIRECTION('ref_axis',(-0.894427190999916,0.447213595499958,5.74496493483954E-17));
#7282=DIRECTION('center_axis',(0.,0.,-1.));
#7283=DIRECTION('ref_axis',(1.,0.,0.));
#7284=DIRECTION('center_axis',(0.,0.,-1.));
#7285=DIRECTION('ref_axis',(1.,0.,0.));
#7286=DIRECTION('center_axis',(0.,-0.707106781186548,-0.707106781186548));
#7287=DIRECTION('ref_axis',(-1.,0.,0.));
#7288=DIRECTION('center_axis',(0.,1.,0.));
#7289=DIRECTION('ref_axis',(1.,0.,0.));
#7290=DIRECTION('',(0.,0.,-1.));
#7291=DIRECTION('center_axis',(1.,0.,0.));
#7292=DIRECTION('ref_axis',(0.,-1.,0.));
#7293=DIRECTION('center_axis',(0.,-1.,0.));
#7294=DIRECTION('ref_axis',(1.,0.,0.));
#7295=DIRECTION('',(0.,0.,1.));
#7296=DIRECTION('',(-1.,0.,0.));
#7297=DIRECTION('',(0.,0.,1.));
#7298=DIRECTION('center_axis',(-1.,0.,0.));
#7299=DIRECTION('ref_axis',(0.,-1.,0.));
#7300=DIRECTION('',(0.,0.,1.));
#7301=DIRECTION('',(0.,1.,0.));
#7302=DIRECTION('center_axis',(0.,1.,0.));
#7303=DIRECTION('ref_axis',(-1.,0.,0.));
#7304=DIRECTION('',(0.,0.,1.));
#7305=DIRECTION('',(1.,0.,0.));
#7306=DIRECTION('center_axis',(1.,0.,0.));
#7307=DIRECTION('ref_axis',(0.,1.,0.));
#7308=DIRECTION('',(0.,-1.,0.));
#7309=DIRECTION('center_axis',(0.,1.,0.));
#7310=DIRECTION('ref_axis',(-1.,0.,0.));
#7311=DIRECTION('',(0.,0.,1.));
#7312=DIRECTION('',(1.,0.,0.));
#7313=DIRECTION('center_axis',(1.,0.,0.));
#7314=DIRECTION('ref_axis',(0.,1.,0.));
#7315=DIRECTION('',(0.,-1.,0.));
#7316=DIRECTION('center_axis',(0.,1.,0.));
#7317=DIRECTION('ref_axis',(0.461810380804,0.,-0.886978676283519));
#7318=DIRECTION('center_axis',(0.,1.,0.));
#7319=DIRECTION('ref_axis',(0.81923192051904,0.,-0.573462344363328));
#7320=DIRECTION('',(0.,1.,0.));
#7321=DIRECTION('center_axis',(0.,-1.,0.));
#7322=DIRECTION('ref_axis',(0.,0.,-1.));
#7323=DIRECTION('',(0.,-1.,0.));
#7324=DIRECTION('center_axis',(-1.,0.,0.));
#7325=DIRECTION('ref_axis',(0.,0.461810380804,-0.886978676283519));
#7326=DIRECTION('center_axis',(-1.,0.,0.));
#7327=DIRECTION('ref_axis',(0.,0.81923192051904,-0.573462344363328));
#7328=DIRECTION('',(-1.,0.,0.));
#7329=DIRECTION('center_axis',(1.,0.,0.));
#7330=DIRECTION('ref_axis',(0.,0.,-1.));
#7331=DIRECTION('',(1.,0.,0.));
#7332=DIRECTION('center_axis',(0.119719128444732,-0.941930417474841,-0.313742599785405));
#7333=DIRECTION('ref_axis',(0.335808112819912,0.335808112819913,-0.880037398482961));
#7334=DIRECTION('center_axis',(-0.497468338163091,-0.497468338163091,-0.710669054518701));
#7335=DIRECTION('ref_axis',(0.502518907629606,0.502518907629605,-0.703526470681449));
#7336=DIRECTION('center_axis',(0.,-1.,0.));
#7337=DIRECTION('ref_axis',(-0.305177431007984,0.,-0.952295508549404));
#7338=DIRECTION('center_axis',(0.,-1.,0.));
#7339=DIRECTION('ref_axis',(-0.581238193719096,0.,-0.813733471206735));
#7340=DIRECTION('',(0.,-1.,0.));
#7341=DIRECTION('center_axis',(-1.52807993228568E-15,1.,0.));
#7342=DIRECTION('ref_axis',(0.,0.,-1.));
#7343=DIRECTION('',(0.,1.,0.));
#7344=DIRECTION('center_axis',(-0.0748308458728446,-0.948654015157399,-0.30733679251222));
#7345=DIRECTION('ref_axis',(-0.224423272638578,0.316315601141873,-0.92172590023957));
#7346=DIRECTION('center_axis',(0.753734662881432,-0.376867331440716,-0.538381902058165));
#7347=DIRECTION('ref_axis',(-0.339372438504368,0.478331839805984,-0.809953701770306));
#7348=DIRECTION('center_axis',(1.,0.,0.));
#7349=DIRECTION('ref_axis',(0.,-0.461810380804,-0.88697867628352));
#7350=DIRECTION('center_axis',(1.,0.,0.));
#7351=DIRECTION('ref_axis',(0.,-0.81923192051904,-0.573462344363329));
#7352=DIRECTION('',(1.,0.,0.));
#7353=DIRECTION('center_axis',(-1.,0.,0.));
#7354=DIRECTION('ref_axis',(0.,0.,-1.));
#7355=DIRECTION('',(-1.,0.,0.));
#7356=DIRECTION('center_axis',(0.0748308458728442,-0.9486540151574,0.307336792512217));
#7357=DIRECTION('ref_axis',(-0.224423272638579,-0.316315601141871,-0.92172590023957));
#7358=DIRECTION('center_axis',(0.753734662881432,0.376867331440716,-0.538381902058165));
#7359=DIRECTION('ref_axis',(-0.339372438504368,-0.478331839805986,-0.809953701770305));
#7360=DIRECTION('center_axis',(-0.119719128444732,-0.941930417474841,0.313742599785405));
#7361=DIRECTION('ref_axis',(0.335808112819912,-0.335808112819913,-0.880037398482961));
#7362=DIRECTION('center_axis',(-0.497468338163091,0.497468338163091,-0.710669054518701));
#7363=DIRECTION('ref_axis',(0.502518907629607,-0.502518907629605,-0.703526470681449));
#7364=DIRECTION('center_axis',(-0.753734662881432,0.376867331440716,0.538381902058165));
#7365=DIRECTION('ref_axis',(-0.339372438504368,0.478331839805986,-0.809953701770305));
#7366=DIRECTION('',(-0.753734662881432,0.376867331440716,0.538381902058165));
#7367=DIRECTION('',(0.753734662881432,-0.376867331440716,-0.538381902058165));
#7368=DIRECTION('center_axis',(-0.581238193719096,0.,-0.813733471206735));
#7369=DIRECTION('ref_axis',(-0.813733471206735,0.,0.581238193719096));
#7370=DIRECTION('',(0.753734662881432,0.376867331440716,-0.538381902058165));
#7371=DIRECTION('center_axis',(0.753734662881432,0.376867331440716,-0.538381902058165));
#7372=DIRECTION('ref_axis',(-0.339372438504368,-0.478331839805986,-0.809953701770305));
#7373=DIRECTION('',(-0.753734662881432,-0.376867331440716,0.538381902058165));
#7374=DIRECTION('center_axis',(0.,-0.81923192051904,-0.573462344363328));
#7375=DIRECTION('ref_axis',(-1.,0.,0.));
#7376=DIRECTION('',(-0.497468338163091,0.497468338163091,-0.710669054518701));
#7377=DIRECTION('center_axis',(0.,0.,-1.));
#7378=DIRECTION('ref_axis',(-1.,0.,0.));
#7379=DIRECTION('center_axis',(0.,0.81923192051904,-0.573462344363328));
#7380=DIRECTION('ref_axis',(-1.,0.,0.));
#7381=DIRECTION('',(0.497468338163091,0.497468338163091,0.710669054518701));
#7382=DIRECTION('center_axis',(0.497468338163091,0.497468338163091,0.710669054518701));
#7383=DIRECTION('ref_axis',(0.502518907629606,0.502518907629606,-0.703526470681448));
#7384=DIRECTION('',(-0.497468338163091,-0.497468338163091,-0.710669054518701));
#7385=DIRECTION('center_axis',(0.497468338163091,-0.497468338163091,0.710669054518701));
#7386=DIRECTION('ref_axis',(0.502518907629607,-0.502518907629606,-0.703526470681448));
#7387=DIRECTION('',(0.497468338163091,-0.497468338163091,0.710669054518701));
#7388=DIRECTION('center_axis',(0.81923192051904,0.,-0.573462344363328));
#7389=DIRECTION('ref_axis',(-0.573462344363328,0.,-0.81923192051904));
#7390=DIRECTION('center_axis',(0.,0.,-1.));
#7391=DIRECTION('ref_axis',(1.,0.,0.));
#7392=DIRECTION('',(0.707106781186548,-8.65956056235493E-17,0.707106781186548));
#7393=DIRECTION('center_axis',(0.,0.,1.));
#7394=DIRECTION('ref_axis',(1.,0.,0.));
#7395=DIRECTION('center_axis',(0.,0.,1.));
#7396=DIRECTION('ref_axis',(1.,0.,0.));
#7397=DIRECTION('',(0.,0.,1.));
#7398=DIRECTION('center_axis',(0.,0.,-1.));
#7399=DIRECTION('ref_axis',(1.,0.,0.));
#7400=DIRECTION('center_axis',(0.,0.,-1.));
#7401=DIRECTION('ref_axis',(1.,0.,0.));
#7402=DIRECTION('',(0.707106781186548,-8.65956056235493E-17,0.707106781186548));
#7403=DIRECTION('center_axis',(0.,0.,1.));
#7404=DIRECTION('ref_axis',(1.,0.,0.));
#7405=DIRECTION('center_axis',(0.,0.,1.));
#7406=DIRECTION('ref_axis',(1.,0.,0.));
#7407=DIRECTION('',(0.,0.,1.));
#7408=DIRECTION('center_axis',(0.,0.,-1.));
#7409=DIRECTION('ref_axis',(1.,0.,0.));
#7410=DIRECTION('center_axis',(0.,0.,-1.));
#7411=DIRECTION('ref_axis',(1.,0.,0.));
#7412=DIRECTION('',(0.707106781186548,-8.65956056235493E-17,0.707106781186548));
#7413=DIRECTION('center_axis',(0.,0.,1.));
#7414=DIRECTION('ref_axis',(1.,0.,0.));
#7415=DIRECTION('center_axis',(0.,0.,1.));
#7416=DIRECTION('ref_axis',(1.,0.,0.));
#7417=DIRECTION('',(0.,0.,1.));
#7418=DIRECTION('center_axis',(0.,0.,-1.));
#7419=DIRECTION('ref_axis',(1.,0.,0.));
#7420=DIRECTION('center_axis',(0.,0.,-1.));
#7421=DIRECTION('ref_axis',(1.,0.,0.));
#7422=DIRECTION('',(0.707106781186548,-8.65956056235493E-17,0.707106781186548));
#7423=DIRECTION('center_axis',(0.,0.,1.));
#7424=DIRECTION('ref_axis',(1.,0.,0.));
#7425=DIRECTION('center_axis',(0.,0.,1.));
#7426=DIRECTION('ref_axis',(1.,0.,0.));
#7427=DIRECTION('',(0.,0.,1.));
#7428=DIRECTION('center_axis',(0.,0.,-1.));
#7429=DIRECTION('ref_axis',(1.,0.,0.));
#7430=DIRECTION('center_axis',(0.,0.,-1.));
#7431=DIRECTION('ref_axis',(0.707106781186549,-0.707106781186546,0.));
#7432=DIRECTION('',(0.,0.,1.));
#7433=DIRECTION('center_axis',(0.,0.,-1.));
#7434=DIRECTION('ref_axis',(0.707106781186549,-0.707106781186546,0.));
#7435=DIRECTION('',(0.,0.,-1.));
#7436=DIRECTION('center_axis',(0.,-1.,0.));
#7437=DIRECTION('ref_axis',(-1.,0.,0.));
#7438=DIRECTION('',(1.,0.,0.));
#7439=DIRECTION('',(0.,0.,1.));
#7440=DIRECTION('center_axis',(0.,0.,1.));
#7441=DIRECTION('ref_axis',(1.,0.,0.));
#7442=DIRECTION('',(1.00586457497183E-16,1.,0.));
#7443=DIRECTION('center_axis',(0.,0.,-1.));
#7444=DIRECTION('ref_axis',(0.707106781186546,0.707106781186549,0.));
#7445=DIRECTION('',(-1.,0.,0.));
#7446=DIRECTION('center_axis',(0.,0.,-1.));
#7447=DIRECTION('ref_axis',(-0.707106781186549,0.707106781186546,0.));
#7448=DIRECTION('',(-1.00586457497183E-16,-1.,0.));
#7449=DIRECTION('center_axis',(0.,0.,-1.));
#7450=DIRECTION('ref_axis',(-0.707106781186549,-0.707106781186546,0.));
#7451=DIRECTION('center_axis',(0.,0.,-1.));
#7452=DIRECTION('ref_axis',(0.707106781186546,0.707106781186549,0.));
#7453=DIRECTION('',(0.,0.,1.));
#7454=DIRECTION('',(0.,0.,-1.));
#7455=DIRECTION('center_axis',(0.,1.,0.));
#7456=DIRECTION('ref_axis',(1.,0.,0.));
#7457=DIRECTION('',(0.,0.,-1.));
#7458=DIRECTION('center_axis',(0.,0.,-1.));
#7459=DIRECTION('ref_axis',(-0.707106781186549,0.707106781186546,0.));
#7460=DIRECTION('',(0.,0.,1.));
#7461=DIRECTION('center_axis',(0.,0.,-1.));
#7462=DIRECTION('ref_axis',(-0.707106781186549,-0.707106781186546,0.));
#7463=DIRECTION('',(0.,0.,-1.));
#7464=DIRECTION('center_axis',(-1.,1.00586457497183E-16,0.));
#7465=DIRECTION('ref_axis',(1.00586457497183E-16,1.,0.));
#7466=DIRECTION('center_axis',(1.,-1.00586457497183E-16,0.));
#7467=DIRECTION('ref_axis',(-1.00586457497183E-16,-1.,0.));
#7468=DIRECTION('center_axis',(1.,0.,0.));
#7469=DIRECTION('ref_axis',(0.,1.,0.));
#7470=DIRECTION('center_axis',(1.,0.,0.));
#7471=DIRECTION('ref_axis',(0.,1.,0.));
#7472=DIRECTION('',(1.,0.,0.));
#7473=DIRECTION('center_axis',(1.,0.,0.));
#7474=DIRECTION('ref_axis',(0.,1.,0.));
#7475=DIRECTION('center_axis',(1.,0.,0.));
#7476=DIRECTION('ref_axis',(0.,1.,0.));
#7477=DIRECTION('center_axis',(1.,0.,0.));
#7478=DIRECTION('ref_axis',(0.,1.,0.));
#7479=DIRECTION('center_axis',(1.,0.,0.));
#7480=DIRECTION('ref_axis',(0.,1.,0.));
#7481=DIRECTION('',(1.,0.,0.));
#7482=DIRECTION('center_axis',(1.,0.,0.));
#7483=DIRECTION('ref_axis',(0.,1.,0.));
#7484=DIRECTION('center_axis',(1.,0.,0.));
#7485=DIRECTION('ref_axis',(0.,1.,0.));
#7486=DIRECTION('center_axis',(-0.707106781186549,0.,0.707106781186546));
#7487=DIRECTION('ref_axis',(0.707106781186546,0.,0.707106781186549));
#7488=DIRECTION('',(-0.707106781186546,0.,-0.707106781186549));
#7489=DIRECTION('',(0.,-1.,0.));
#7490=DIRECTION('',(0.707106781186546,0.,0.707106781186549));
#7491=DIRECTION('',(0.,-1.,0.));
#7492=DIRECTION('center_axis',(0.,1.,0.));
#7493=DIRECTION('ref_axis',(1.,0.,0.));
#7494=DIRECTION('',(1.,0.,0.));
#7495=DIRECTION('',(0.,0.,-1.));
#7496=DIRECTION('',(1.,0.,0.));
#7497=DIRECTION('center_axis',(0.,0.,-1.));
#7498=DIRECTION('ref_axis',(-1.,0.,0.));
#7499=DIRECTION('center_axis',(1.38777878078144E-16,-1.,0.));
#7500=DIRECTION('ref_axis',(-1.,-1.38777878078144E-16,0.));
#7501=DIRECTION('center_axis',(0.,0.,-1.));
#7502=DIRECTION('ref_axis',(-1.,0.,0.));
#7503=DIRECTION('center_axis',(0.,0.,1.));
#7504=DIRECTION('ref_axis',(-1.,0.,0.));
#7505=DIRECTION('center_axis',(0.,0.,-1.));
#7506=DIRECTION('ref_axis',(-1.,0.,0.));
#7507=DIRECTION('center_axis',(0.,-1.,0.));
#7508=DIRECTION('ref_axis',(-1.,0.,0.));
#7509=DIRECTION('center_axis',(0.,0.,-1.));
#7510=DIRECTION('ref_axis',(-1.,0.,0.));
#7511=DIRECTION('center_axis',(0.,0.,1.));
#7512=DIRECTION('ref_axis',(-1.,0.,0.));
#7513=DIRECTION('center_axis',(-1.,0.,0.));
#7514=DIRECTION('ref_axis',(0.,1.,0.));
#7515=DIRECTION('',(0.,1.,0.));
#7516=DIRECTION('',(0.,0.,-1.));
#7517=DIRECTION('',(0.,1.,0.));
#7518=DIRECTION('center_axis',(0.,-1.,0.));
#7519=DIRECTION('ref_axis',(-1.,0.,0.));
#7520=DIRECTION('',(-1.,0.,0.));
#7521=DIRECTION('',(-1.,0.,0.));
#7522=DIRECTION('center_axis',(0.,0.,-1.));
#7523=DIRECTION('ref_axis',(-1.,0.,0.));
#7524=DIRECTION('center_axis',(1.,0.,0.));
#7525=DIRECTION('ref_axis',(0.,1.,0.));
#7526=DIRECTION('center_axis',(1.,0.,0.));
#7527=DIRECTION('ref_axis',(0.,1.,0.));
#7528=DIRECTION('',(0.999390827019096,-0.034899496702501,-4.27395569285714E-18));
#7529=DIRECTION('center_axis',(1.,0.,0.));
#7530=DIRECTION('ref_axis',(0.,1.,0.));
#7531=DIRECTION('center_axis',(1.,0.,0.));
#7532=DIRECTION('ref_axis',(0.,1.,0.));
#7533=DIRECTION('center_axis',(1.,0.,0.));
#7534=DIRECTION('ref_axis',(0.,1.,0.));
#7535=DIRECTION('',(0.999390827019096,-0.034899496702501,-4.27395569285714E-18));
#7536=DIRECTION('center_axis',(1.,0.,0.));
#7537=DIRECTION('ref_axis',(0.,1.,0.));
#7538=DIRECTION('center_axis',(-1.,0.,0.));
#7539=DIRECTION('ref_axis',(0.,-1.,0.));
#7540=DIRECTION('center_axis',(-1.,0.,0.));
#7541=DIRECTION('ref_axis',(0.,1.,0.));
#7542=DIRECTION('center_axis',(1.,0.,0.));
#7543=DIRECTION('ref_axis',(0.,1.,0.));
#7544=DIRECTION('center_axis',(0.,1.,0.));
#7545=DIRECTION('ref_axis',(0.,0.,1.));
#7546=DIRECTION('',(0.,0.,-1.));
#7547=DIRECTION('',(1.,0.,0.));
#7548=DIRECTION('',(0.,0.,1.));
#7549=DIRECTION('',(1.,0.,0.));
#7550=DIRECTION('center_axis',(0.,0.,-1.));
#7551=DIRECTION('ref_axis',(0.,1.,0.));
#7552=DIRECTION('',(0.,-1.,0.));
#7553=DIRECTION('',(0.,1.,0.));
#7554=DIRECTION('',(1.,0.,0.));
#7555=DIRECTION('center_axis',(0.,-1.,0.));
#7556=DIRECTION('ref_axis',(0.,0.,-1.));
#7557=DIRECTION('',(0.,0.,1.));
#7558=DIRECTION('',(0.,0.,-1.));
#7559=DIRECTION('',(1.,0.,0.));
#7560=DIRECTION('center_axis',(0.,0.,1.));
#7561=DIRECTION('ref_axis',(0.,-1.,0.));
#7562=DIRECTION('',(0.,1.,0.));
#7563=DIRECTION('',(0.,-1.,0.));
#7564=DIRECTION('center_axis',(1.,0.,0.));
#7565=DIRECTION('ref_axis',(0.,0.,-1.));
#7566=DIRECTION('center_axis',(1.,0.,0.));
#7567=DIRECTION('ref_axis',(0.,1.,0.));
#7568=CARTESIAN_POINT('',(0.,0.,0.));
#7569=CARTESIAN_POINT('Origin',(13.7162464679047,-39.2116684706311,8.05));
#7570=CARTESIAN_POINT('',(17.2162464679047,-39.2116684706311,8.3));
#7571=CARTESIAN_POINT('Origin',(13.7162464679047,-39.2116684706311,8.3));
#7572=CARTESIAN_POINT('',(17.7162464679047,-39.2116684706311,7.8));
#7573=CARTESIAN_POINT('',(17.4662464679047,-39.2116684706311,8.05));
#7574=CARTESIAN_POINT('Origin',(13.7162464679047,-39.2116684706311,7.8));
#7575=CARTESIAN_POINT('Origin',(13.7162464679047,-39.2116684706311,8.6));
#7576=CARTESIAN_POINT('',(17.2162464679047,-39.2116684706311,8.6));
#7577=CARTESIAN_POINT('Origin',(13.7162464679047,-39.2116684706311,8.6));
#7578=CARTESIAN_POINT('',(17.2162464679047,-39.2116684706311,8.6));
#7579=CARTESIAN_POINT('Origin',(13.7162464679047,-39.2116684706311,8.05));
#7580=CARTESIAN_POINT('',(18.2162464679047,-39.2116684706311,8.3));
#7581=CARTESIAN_POINT('Origin',(13.7162464679047,-39.2116684706311,8.3));
#7582=CARTESIAN_POINT('',(17.9662464679047,-39.2116684706311,8.05));
#7583=CARTESIAN_POINT('Origin',(13.7162464679047,-39.2116684706311,8.6));
#7584=CARTESIAN_POINT('',(18.2162464679047,-39.2116684706311,8.6));
#7585=CARTESIAN_POINT('Origin',(13.7162464679047,-39.2116684706311,8.6));
#7586=CARTESIAN_POINT('',(18.2162464679047,-39.2116684706311,8.6));
#7587=CARTESIAN_POINT('Origin',(-21.0837535320953,-39.7116684706312,3.2));
#7588=CARTESIAN_POINT('',(-23.9121806568415,-43.2116684706312,4.2));
#7589=CARTESIAN_POINT('',(-18.2553264073491,-43.2116684706312,4.2));
#7590=CARTESIAN_POINT('Ctrl Pts',(-23.9121806568415,-43.2116684706312,4.20000000000001));
#7591=CARTESIAN_POINT('Ctrl Pts',(-21.0837535320953,-44.2116684706312,3.2));
#7592=CARTESIAN_POINT('Ctrl Pts',(-18.2553264073491,-43.2116684706312,4.20000000000001));
#7593=CARTESIAN_POINT('',(-25.0837535320953,-41.77322128344,4.2));
#7594=CARTESIAN_POINT('Origin',(-21.0837535320953,-39.7116684706312,4.2));
#7595=CARTESIAN_POINT('',(-25.3337535320953,-39.7116684706312,3.95));
#7596=CARTESIAN_POINT('Ctrl Pts',(-25.3337535320953,-39.7116684706312,3.95));
#7597=CARTESIAN_POINT('Ctrl Pts',(-25.3337535320953,-40.7424448770356,3.95));
#7598=CARTESIAN_POINT('Ctrl Pts',(-25.0837535320953,-41.77322128344,4.2));
#7599=CARTESIAN_POINT('',(-23.5837535320953,-39.7116684706312,2.2));
#7600=CARTESIAN_POINT('',(-24.5837535320953,-39.7116684706312,3.2));
#7601=CARTESIAN_POINT('Origin',(-21.0837535320953,-39.7116684706312,2.2));
#7602=CARTESIAN_POINT('',(-25.0837535320953,-37.6501156578223,4.2));
#7603=CARTESIAN_POINT('Ctrl Pts',(-25.0837535320953,-37.6501156578223,4.2));
#7604=CARTESIAN_POINT('Ctrl Pts',(-25.3337535320953,-38.6808920642268,3.95));
#7605=CARTESIAN_POINT('Ctrl Pts',(-25.3337535320953,-39.7116684706312,3.95));
#7606=CARTESIAN_POINT('Origin',(-21.0837535320953,-39.7116684706312,4.2));
#7607=CARTESIAN_POINT('Origin',(-26.0837535320953,-23.0866684706312,3.2));
#7608=CARTESIAN_POINT('',(-25.0837535320953,-43.2116684706312,4.2));
#7609=CARTESIAN_POINT('',(-25.0837535320953,-23.0866684706312,4.2));
#7610=CARTESIAN_POINT('',(-27.0837535320953,-43.2116684706312,2.2));
#7611=CARTESIAN_POINT('',(-25.0837535320953,-43.2116684706312,4.2));
#7612=CARTESIAN_POINT('',(-27.0837535320953,41.2883315293688,2.2));
#7613=CARTESIAN_POINT('',(-27.0837535320953,-23.0866684706312,2.2));
#7614=CARTESIAN_POINT('',(-25.0984594144483,41.2883315293689,4.18529411764706));
#7615=CARTESIAN_POINT('',(-27.0837535320953,41.2883315293688,2.2));
#7616=CARTESIAN_POINT('',(-25.3337535320953,39.2883315293688,3.95));
#7617=CARTESIAN_POINT('Ctrl Pts',(-25.0984594144483,41.2883315293689,4.18529411764706));
#7618=CARTESIAN_POINT('Ctrl Pts',(-25.3337535320953,40.2883315293688,3.94999999999999));
#7619=CARTESIAN_POINT('Ctrl Pts',(-25.3337535320953,39.2883315293688,3.95));
#7620=CARTESIAN_POINT('',(-25.0837535320953,37.22677871656,4.2));
#7621=CARTESIAN_POINT('Ctrl Pts',(-25.3337535320953,39.2883315293688,3.95));
#7622=CARTESIAN_POINT('Ctrl Pts',(-25.3337535320953,38.2575551229644,3.95));
#7623=CARTESIAN_POINT('Ctrl Pts',(-25.0837535320953,37.22677871656,4.2));
#7624=CARTESIAN_POINT('',(-25.0837535320953,-23.0866684706312,4.2));
#7625=CARTESIAN_POINT('Origin',(-0.0837535320953231,-0.961668470631167,
4.2));
#7626=CARTESIAN_POINT('',(13.4162464679047,-43.2116684706312,4.2));
#7627=CARTESIAN_POINT('Origin',(-21.0837535320953,-39.7116684706312,0.));
#7628=CARTESIAN_POINT('',(-23.5837535320953,-39.7116684706312,0.));
#7629=CARTESIAN_POINT('',(-23.5837535320953,-39.7116684706312,0.));
#7630=CARTESIAN_POINT('Origin',(-21.0837535320953,-39.7116684706312,0.));
#7631=CARTESIAN_POINT('Origin',(20.9162464679047,-39.7116684706312,3.2));
#7632=CARTESIAN_POINT('',(18.0878193431585,-43.2116684706312,4.2));
#7633=CARTESIAN_POINT('',(23.7446735926509,-43.2116684706312,4.2));
#7634=CARTESIAN_POINT('Ctrl Pts',(18.0878193431585,-43.2116684706312,4.2));
#7635=CARTESIAN_POINT('Ctrl Pts',(20.9162464679047,-44.2116684706312,3.19999999999999));
#7636=CARTESIAN_POINT('Ctrl Pts',(23.7446735926509,-43.2116684706312,4.2));
#7637=CARTESIAN_POINT('',(17.8162464679047,-42.9735697566912,4.2));
#7638=CARTESIAN_POINT('Origin',(20.9162464679047,-39.7116684706312,4.2));
#7639=CARTESIAN_POINT('',(17.8162464679047,-39.7116684706312,2.8));
#7640=CARTESIAN_POINT('Ctrl Pts',(17.8162464679047,-39.7116684706312,2.80000000000001));
#7641=CARTESIAN_POINT('Ctrl Pts',(17.8162464679047,-41.0421808373135,2.80000000000001));
#7642=CARTESIAN_POINT('Ctrl Pts',(17.8162464679047,-42.9735697566912,4.2));
#7643=CARTESIAN_POINT('',(18.4162464679047,-39.7116684706312,2.2));
#7644=CARTESIAN_POINT('',(17.4162464679047,-39.7116684706312,3.2));
#7645=CARTESIAN_POINT('Origin',(20.9162464679047,-39.7116684706312,2.2));
#7646=CARTESIAN_POINT('',(17.8162464679047,-36.4497671845712,4.2));
#7647=CARTESIAN_POINT('Ctrl Pts',(17.8162464679047,-36.4497671845712,4.2));
#7648=CARTESIAN_POINT('Ctrl Pts',(17.8162464679047,-38.3811561039488,2.80000000000001));
#7649=CARTESIAN_POINT('Ctrl Pts',(17.8162464679047,-39.7116684706312,2.80000000000001));
#7650=CARTESIAN_POINT('',(24.9162464679047,-37.6501156578223,4.2));
#7651=CARTESIAN_POINT('Origin',(20.9162464679047,-39.7116684706312,4.2));
#7652=CARTESIAN_POINT('',(24.9162464679047,-41.77322128344,4.2));
#7653=CARTESIAN_POINT('Ctrl Pts',(24.9162464679047,-41.77322128344,4.2));
#7654=CARTESIAN_POINT('Ctrl Pts',(25.4162464679047,-39.7116684706312,3.69999999999999));
#7655=CARTESIAN_POINT('Ctrl Pts',(24.9162464679047,-37.6501156578223,4.2));
#7656=CARTESIAN_POINT('Origin',(20.9162464679047,-39.7116684706312,4.2));
#7657=CARTESIAN_POINT('Origin',(17.8162464679047,-35.1116684706312,7.2));
#7658=CARTESIAN_POINT('',(17.8162464679047,-43.2116684706312,4.2));
#7659=CARTESIAN_POINT('',(17.8162464679047,-18.0366684706312,4.2));
#7660=CARTESIAN_POINT('',(17.8162464679047,-43.3116684706311,4.10000000000002));
#7661=CARTESIAN_POINT('',(17.8162464679047,-40.9366684706312,6.475));
#7662=CARTESIAN_POINT('',(17.8162464679047,-43.3116684706311,2.8));
#7663=CARTESIAN_POINT('',(17.8162464679047,-43.3116684706311,7.2));
#7664=CARTESIAN_POINT('',(17.8162464679047,-43.3116684706311,2.8));
#7665=CARTESIAN_POINT('Origin',(17.8162464679047,-35.1116684706312,7.2));
#7666=CARTESIAN_POINT('',(17.8162464679047,-35.1116684706312,2.8));
#7667=CARTESIAN_POINT('',(17.8162464679047,-43.3116684706311,2.8));
#7668=CARTESIAN_POINT('',(17.8162464679047,-35.1116684706312,4.2));
#7669=CARTESIAN_POINT('',(17.8162464679047,-35.1116684706312,7.2));
#7670=CARTESIAN_POINT('',(17.8162464679047,-18.0366684706312,4.2));
#7671=CARTESIAN_POINT('Origin',(-0.0837535320953231,-0.961668470631167,
4.2));
#7672=CARTESIAN_POINT('',(13.4162464679047,-43.2116684706312,4.2));
#7673=CARTESIAN_POINT('Origin',(-0.0837535320953231,-0.961668470631167,
4.2));
#7674=CARTESIAN_POINT('',(24.9162464679047,-43.2116684706311,4.2));
#7675=CARTESIAN_POINT('',(24.9162464679047,21.1633315293688,4.2));
#7676=CARTESIAN_POINT('',(13.4162464679047,-43.2116684706312,4.2));
#7677=CARTESIAN_POINT('Origin',(-0.0837535320953231,-0.961668470631167,
4.2));
#7678=CARTESIAN_POINT('',(-17.052624657946,41.2883315293688,4.2));
#7679=CARTESIAN_POINT('Origin',(-21.0837535320953,39.2883315293688,4.2));
#7680=CARTESIAN_POINT('',(16.8851175937554,41.2883315293688,4.2));
#7681=CARTESIAN_POINT('',(-13.5837535320953,41.2883315293688,4.2));
#7682=CARTESIAN_POINT('',(16.4162464679047,39.2883315293688,4.2));
#7683=CARTESIAN_POINT('Origin',(20.9162464679047,39.2883315293688,4.2));
#7684=CARTESIAN_POINT('',(24.9162464679047,37.22677871656,4.2));
#7685=CARTESIAN_POINT('Origin',(20.9162464679047,39.2883315293688,4.2));
#7686=CARTESIAN_POINT('',(24.9162464679047,21.1633315293688,4.2));
#7687=CARTESIAN_POINT('',(9.61624646790468,-35.1116684706311,4.2));
#7688=CARTESIAN_POINT('',(4.76624646790466,-35.1116684706311,4.2));
#7689=CARTESIAN_POINT('',(9.61624646790467,-43.2116684706312,4.2));
#7690=CARTESIAN_POINT('',(9.61624646790471,-22.1366684706312,4.2));
#7691=CARTESIAN_POINT('',(13.4162464679047,-43.2116684706312,4.2));
#7692=CARTESIAN_POINT('',(18.5188968249584,29.0658279294467,4.2));
#7693=CARTESIAN_POINT('',(-17.8864038891491,29.0658279294467,4.2));
#7694=CARTESIAN_POINT('Origin',(0.316246467904691,-66.2516684706312,4.2));
#7695=CARTESIAN_POINT('',(-19.4909382183747,27.3856166596073,4.2));
#7696=CARTESIAN_POINT('Origin',(-17.5112462148487,27.1013288280436,4.2));
#7697=CARTESIAN_POINT('',(-19.4909382183747,-22.8089536008697,4.2));
#7698=CARTESIAN_POINT('Origin',(155.278746467904,2.28833152936897,4.2));
#7699=CARTESIAN_POINT('',(-17.886403889149,-24.489164870709,4.2));
#7700=CARTESIAN_POINT('Origin',(-17.5112462148487,-22.5246657693059,4.2));
#7701=CARTESIAN_POINT('',(18.5188968249585,-24.489164870709,4.2));
#7702=CARTESIAN_POINT('Origin',(0.316246467904622,70.8283315293687,4.2));
#7703=CARTESIAN_POINT('',(20.1234311541841,-22.8089536008696,4.2));
#7704=CARTESIAN_POINT('Origin',(18.1437391506581,-22.5246657693059,4.2));
#7705=CARTESIAN_POINT('',(20.123431154184,27.3856166596074,4.2));
#7706=CARTESIAN_POINT('Origin',(-154.646253532095,2.28833152936862,4.2));
#7707=CARTESIAN_POINT('Origin',(18.143739150658,27.1013288280436,4.2));
#7708=CARTESIAN_POINT('Origin',(20.9162464679047,-39.7116684706312,0.));
#7709=CARTESIAN_POINT('',(18.4162464679047,-39.7116684706312,0.));
#7710=CARTESIAN_POINT('',(18.4162464679047,-39.7116684706312,0.));
#7711=CARTESIAN_POINT('Origin',(20.9162464679047,-39.7116684706312,0.));
#7712=CARTESIAN_POINT('Origin',(20.9162464679047,39.2883315293688,3.2));
#7713=CARTESIAN_POINT('',(24.9309523502576,41.2883315293688,4.18529411764706));
#7714=CARTESIAN_POINT('Ctrl Pts',(24.9162464679047,37.22677871656,4.2));
#7715=CARTESIAN_POINT('Ctrl Pts',(25.4087820929355,39.2575551229722,3.7074643749692));
#7716=CARTESIAN_POINT('Ctrl Pts',(24.9309523502576,41.2883315293688,4.18529411764706));
#7717=CARTESIAN_POINT('',(18.4162464679047,39.2883315293688,2.2));
#7718=CARTESIAN_POINT('',(17.4162464679047,39.2883315293688,3.2));
#7719=CARTESIAN_POINT('Origin',(20.9162464679047,39.2883315293688,2.2));
#7720=CARTESIAN_POINT('',(24.9162464679047,41.3075622985996,4.18076923076922));
#7721=CARTESIAN_POINT('Ctrl Pts',(24.9162464679047,41.3075622985996,4.18076923076922));
#7722=CARTESIAN_POINT('Ctrl Pts',(20.9006820308301,43.7786788752609,1.70965265410797));
#7723=CARTESIAN_POINT('Ctrl Pts',(16.8851175937554,41.2883315293688,4.2));
#7724=CARTESIAN_POINT('Ctrl Pts',(24.9309523502576,41.2883315293688,4.18529411764706));
#7725=CARTESIAN_POINT('Ctrl Pts',(24.9308544669156,41.2887475335725,4.1853920009891));
#7726=CARTESIAN_POINT('Ctrl Pts',(24.9307469833511,41.2891644652395,4.18548176158833));
#7727=CARTESIAN_POINT('Ctrl Pts',(24.930090192125,41.2914966704383,4.18593449063744));
#7728=CARTESIAN_POINT('Ctrl Pts',(24.9293309955485,41.2933849141808,4.18609886226643));
#7729=CARTESIAN_POINT('Ctrl Pts',(24.9266735018203,41.2984516533954,4.18598852971453));
#7730=CARTESIAN_POINT('Ctrl Pts',(24.9237422275852,41.3018524262612,4.18489440722375));
#7731=CARTESIAN_POINT('Ctrl Pts',(24.9193963952352,41.3054989123522,4.18265210561977));
#7732=CARTESIAN_POINT('Ctrl Pts',(24.9178091334908,41.3066006582389,4.18173087112994));
#7733=CARTESIAN_POINT('Ctrl Pts',(24.9162464679047,41.3075622985996,4.18076923076923));
#7734=CARTESIAN_POINT('Origin',(20.9162464679047,39.2883315293688,0.));
#7735=CARTESIAN_POINT('',(18.4162464679047,39.2883315293688,0.));
#7736=CARTESIAN_POINT('',(18.4162464679047,39.2883315293688,0.));
#7737=CARTESIAN_POINT('Origin',(20.9162464679047,39.2883315293688,0.));
#7738=CARTESIAN_POINT('Origin',(-21.0837535320953,39.2883315293688,3.2));
#7739=CARTESIAN_POINT('',(-25.0837535320953,41.3075622985996,4.18076923076922));
#7740=CARTESIAN_POINT('Ctrl Pts',(-17.052624657946,41.2883315293688,4.2));
#7741=CARTESIAN_POINT('Ctrl Pts',(-21.0681890950207,43.7786788752609,1.70965265410797));
#7742=CARTESIAN_POINT('Ctrl Pts',(-25.0837535320953,41.3075622985996,4.18076923076922));
#7743=CARTESIAN_POINT('',(-23.5837535320953,39.2883315293688,2.2));
#7744=CARTESIAN_POINT('',(-24.5837535320953,39.2883315293688,3.2));
#7745=CARTESIAN_POINT('Origin',(-21.0837535320953,39.2883315293688,2.2));
#7746=CARTESIAN_POINT('Ctrl Pts',(-25.0837535320953,41.3075622985996,4.18076923076923));
#7747=CARTESIAN_POINT('Ctrl Pts',(-25.0853161976815,41.3066006582389,4.18173087112995));
#7748=CARTESIAN_POINT('Ctrl Pts',(-25.0869034594259,41.3054989123522,4.18265210561977));
#7749=CARTESIAN_POINT('Ctrl Pts',(-25.0912492917759,41.3018524262612,4.18489440722376));
#7750=CARTESIAN_POINT('Ctrl Pts',(-25.0941805660109,41.2984516533954,4.18598852971454));
#7751=CARTESIAN_POINT('Ctrl Pts',(-25.0968380597391,41.2933849141808,4.18609886226643));
#7752=CARTESIAN_POINT('Ctrl Pts',(-25.0975972563157,41.2914966704383,4.18593449063745));
#7753=CARTESIAN_POINT('Ctrl Pts',(-25.0982540475418,41.2891644652395,4.18548176158833));
#7754=CARTESIAN_POINT('Ctrl Pts',(-25.0983615311062,41.2887475335725,4.1853920009891));
#7755=CARTESIAN_POINT('Ctrl Pts',(-25.0984594144483,41.2883315293689,4.18529411764706));
#7756=CARTESIAN_POINT('Origin',(-13.5837535320953,42.2883315293688,3.2));
#7757=CARTESIAN_POINT('',(-25.0837535320953,43.2883315293688,2.2));
#7758=CARTESIAN_POINT('',(-25.0837535320953,41.2883315293688,4.2));
#7759=CARTESIAN_POINT('',(24.9162464679047,43.2883315293688,2.2));
#7760=CARTESIAN_POINT('',(-13.5837535320953,43.2883315293688,2.2));
#7761=CARTESIAN_POINT('',(24.9162464679047,43.2883315293688,2.2));
#7762=CARTESIAN_POINT('Origin',(-25.0837535320953,41.2883315293688,2.2));
#7763=CARTESIAN_POINT('Origin',(-25.0837535320953,41.2883315293688,2.2));
#7764=CARTESIAN_POINT('Origin',(-21.0837535320953,39.2883315293688,0.));
#7765=CARTESIAN_POINT('',(-23.5837535320953,39.2883315293688,0.));
#7766=CARTESIAN_POINT('',(-23.5837535320953,39.2883315293688,0.));
#7767=CARTESIAN_POINT('Origin',(-21.0837535320953,39.2883315293688,0.));
#7768=CARTESIAN_POINT('Origin',(-0.0837535320953231,-0.961668470631167,
8.6));
#7769=CARTESIAN_POINT('',(26.4162464679047,44.7883315293688,8.6));
#7770=CARTESIAN_POINT('',(28.4162464679047,42.7883315293688,8.6));
#7771=CARTESIAN_POINT('Origin',(26.4162464679047,42.7883315293688,8.6));
#7772=CARTESIAN_POINT('',(-26.5837535320953,44.7883315293688,8.6));
#7773=CARTESIAN_POINT('',(28.4162464679047,44.7883315293688,8.6));
#7774=CARTESIAN_POINT('',(-28.5837535320953,42.7883315293688,8.6));
#7775=CARTESIAN_POINT('Origin',(-26.5837535320953,42.7883315293688,8.6));
#7776=CARTESIAN_POINT('',(-28.5837535320953,-44.7116684706312,8.6));
#7777=CARTESIAN_POINT('',(-28.5837535320953,44.7883315293688,8.6));
#7778=CARTESIAN_POINT('',(-26.5837535320953,-46.7116684706312,8.6));
#7779=CARTESIAN_POINT('Origin',(-26.5837535320953,-44.7116684706312,8.6));
#7780=CARTESIAN_POINT('',(26.4162464679047,-46.7116684706312,8.6));
#7781=CARTESIAN_POINT('',(-28.5837535320953,-46.7116684706312,8.6));
#7782=CARTESIAN_POINT('',(28.4162464679047,-44.7116684706312,8.6));
#7783=CARTESIAN_POINT('Origin',(26.4162464679047,-44.7116684706312,8.6));
#7784=CARTESIAN_POINT('',(28.4162464679047,-46.7116684706312,8.6));
#7785=CARTESIAN_POINT('',(-21.2837535320953,-43.2116684706312,8.6));
#7786=CARTESIAN_POINT('',(-21.2837535320953,-32.7116684706312,8.6));
#7787=CARTESIAN_POINT('',(-21.2837535320953,-16.8366684706312,8.6));
#7788=CARTESIAN_POINT('',(1.21624646790468,-32.7116684706312,8.6));
#7789=CARTESIAN_POINT('',(0.566246467904677,-32.7116684706312,8.6));
#7790=CARTESIAN_POINT('',(1.21624646790468,-43.2116684706312,8.6));
#7791=CARTESIAN_POINT('',(1.21624646790467,-22.0866684706312,8.6));
#7792=CARTESIAN_POINT('',(-10.6837535320953,-43.2116684706312,8.6));
#7793=CARTESIAN_POINT('',(23.0929691594731,-23.2353853482153,8.6));
#7794=CARTESIAN_POINT('',(23.092969159473,27.812048406953,8.6));
#7795=CARTESIAN_POINT('Origin',(-154.646253532095,2.28833152936862,8.6));
#7796=CARTESIAN_POINT('',(19.081633336409,-27.4359135228136,8.6));
#7797=CARTESIAN_POINT('Origin',(18.1437391506581,-22.5246657693059,8.6));
#7798=CARTESIAN_POINT('',(-18.4491404005996,-27.4359135228136,8.6));
#7799=CARTESIAN_POINT('Origin',(0.316246467904622,70.8283315293687,8.6));
#7800=CARTESIAN_POINT('',(-22.4604762236637,-23.2353853482153,8.6));
#7801=CARTESIAN_POINT('Origin',(-17.5112462148487,-22.5246657693059,8.6));
#7802=CARTESIAN_POINT('',(-22.4604762236637,27.812048406953,8.6));
#7803=CARTESIAN_POINT('Origin',(155.278746467904,2.28833152936897,8.6));
#7804=CARTESIAN_POINT('',(-18.4491404005997,32.0125765815513,8.6));
#7805=CARTESIAN_POINT('Origin',(-17.5112462148487,27.1013288280436,8.6));
#7806=CARTESIAN_POINT('',(19.0816333364089,32.0125765815513,8.6));
#7807=CARTESIAN_POINT('Origin',(0.316246467904691,-66.2516684706312,8.6));
#7808=CARTESIAN_POINT('Origin',(18.143739150658,27.1013288280436,8.6));
#7809=CARTESIAN_POINT('Origin',(20.9162464679047,-39.7116684706312,6.5));
#7810=CARTESIAN_POINT('',(19.5162464679047,-39.7116684706312,6.5));
#7811=CARTESIAN_POINT('Origin',(20.9162464679047,-39.7116684706312,6.5));
#7812=CARTESIAN_POINT('Origin',(-21.0837535320953,39.2883315293688,6.5));
#7813=CARTESIAN_POINT('',(-22.4837535320953,39.2883315293688,6.5));
#7814=CARTESIAN_POINT('Origin',(-21.0837535320953,39.2883315293688,6.5));
#7815=CARTESIAN_POINT('Origin',(-21.0837535320953,-39.7116684706312,6.5));
#7816=CARTESIAN_POINT('',(-22.4837535320953,-39.7116684706312,6.5));
#7817=CARTESIAN_POINT('Origin',(-21.0837535320953,-39.7116684706312,6.5));
#7818=CARTESIAN_POINT('Origin',(20.9162464679047,39.2883315293688,6.5));
#7819=CARTESIAN_POINT('',(19.5162464679047,39.2883315293688,6.5));
#7820=CARTESIAN_POINT('Origin',(20.9162464679047,39.2883315293688,6.5));
#7821=CARTESIAN_POINT('Origin',(-27.0837535320953,-12.2116684706312,-2.));
#7822=CARTESIAN_POINT('',(-28.5837535320953,-13.7116684706312,-7.));
#7823=CARTESIAN_POINT('',(-28.5837535320953,-13.7116684706312,1.));
#7824=CARTESIAN_POINT('',(-28.5837535320953,-13.7116684706312,-2.));
#7825=CARTESIAN_POINT('',(-25.5837535320953,-10.7116684706312,-2.));
#7826=CARTESIAN_POINT('',(-28.5837535320953,-13.7116684706312,1.));
#7827=CARTESIAN_POINT('',(-25.5837535320953,-10.7116684706312,-4.));
#7828=CARTESIAN_POINT('',(-25.5837535320953,-10.7116684706312,-2.));
#7829=CARTESIAN_POINT('',(-25.5837535320953,-10.7116684706312,-4.));
#7830=CARTESIAN_POINT('Origin',(-27.0837535320953,2.78833152936883,-1.));
#7831=CARTESIAN_POINT('',(-25.5837535320953,1.28833152936883,-4.));
#7832=CARTESIAN_POINT('',(-25.5837535320953,1.28833152936883,-2.));
#7833=CARTESIAN_POINT('',(-25.5837535320953,1.28833152936883,-1.));
#7834=CARTESIAN_POINT('',(-28.5837535320953,4.28833152936883,1.));
#7835=CARTESIAN_POINT('',(-25.5837535320953,1.28833152936883,-2.));
#7836=CARTESIAN_POINT('',(-28.5837535320953,4.28833152936883,-7.));
#7837=CARTESIAN_POINT('',(-28.5837535320953,4.28833152936883,-1.));
#7838=CARTESIAN_POINT('',(-25.5837535320953,1.28833152936883,-4.));
#7839=CARTESIAN_POINT('Origin',(-27.0837535320953,17.0383315293688,-0.5));
#7840=CARTESIAN_POINT('',(-28.5837535320953,17.0383315293688,1.));
#7841=CARTESIAN_POINT('',(-25.5837535320953,17.0383315293688,-2.));
#7842=CARTESIAN_POINT('Origin',(-27.0837535320953,23.0383315293688,-5.5));
#7843=CARTESIAN_POINT('',(-28.5837535320953,23.0383315293688,-7.));
#7844=CARTESIAN_POINT('',(-25.5837535320953,23.0383315293688,-4.));
#7845=CARTESIAN_POINT('Origin',(-27.0837535320953,-10.7116684706312,-2.));
#7846=CARTESIAN_POINT('',(-25.4837535320953,1.28833152936883,-2.));
#7847=CARTESIAN_POINT('',(-27.0837535320953,1.28833152936883,-2.));
#7848=CARTESIAN_POINT('',(-25.4837535320953,-10.7116684706312,-2.));
#7849=CARTESIAN_POINT('',(-25.4837535320953,-10.7116684706312,-2.));
#7850=CARTESIAN_POINT('',(-27.0837535320953,-10.7116684706312,-2.));
#7851=CARTESIAN_POINT('Origin',(-27.0837535320953,1.28833152936883,-2.));
#7852=CARTESIAN_POINT('',(-25.4837535320953,1.28833152936883,-4.));
#7853=CARTESIAN_POINT('',(-27.0837535320953,1.28833152936883,-4.));
#7854=CARTESIAN_POINT('',(-25.4837535320953,1.28833152936883,-2.));
#7855=CARTESIAN_POINT('Origin',(-28.5837535320953,44.7883315293688,0.));
#7856=CARTESIAN_POINT('',(-28.5837535320953,-44.7116684706312,-30.));
#7857=CARTESIAN_POINT('',(-28.5837535320953,-44.7116684706312,0.));
#7858=CARTESIAN_POINT('',(-28.5837535320953,42.7883315293688,-30.));
#7859=CARTESIAN_POINT('',(-28.5837535320953,42.7883315293688,0.));
#7860=CARTESIAN_POINT('',(-28.5837535320953,44.7883315293688,-30.));
#7861=CARTESIAN_POINT('Ctrl Pts',(28.4162464679047,-3.21166847063116,-8.9));
#7862=CARTESIAN_POINT('Ctrl Pts',(28.4162464679047,-5.01166847063116,-8.9));
#7863=CARTESIAN_POINT('Ctrl Pts',(28.4162464679047,-5.01166847063116,-10.7));
#7864=CARTESIAN_POINT('Ctrl Pts',(28.4162464679047,-5.01166847063116,-12.5));
#7865=CARTESIAN_POINT('Ctrl Pts',(28.4162464679047,-3.21166847063116,-12.5));
#7866=CARTESIAN_POINT('Ctrl Pts',(28.4162464679047,-1.41166847063116,-12.5));
#7867=CARTESIAN_POINT('Ctrl Pts',(28.4162464679047,-1.41166847063116,-10.7));
#7868=CARTESIAN_POINT('Ctrl Pts',(28.4162464679047,-1.41166847063116,-8.9));
#7869=CARTESIAN_POINT('Ctrl Pts',(28.4162464679047,-3.21166847063116,-8.9));
#7870=CARTESIAN_POINT('Ctrl Pts',(29.9162464679047,-3.21166847063116,-8.9));
#7871=CARTESIAN_POINT('Ctrl Pts',(29.9162464679047,-5.01166847063116,-8.9));
#7872=CARTESIAN_POINT('Ctrl Pts',(29.9162464679047,-5.01166847063116,-10.7));
#7873=CARTESIAN_POINT('Ctrl Pts',(29.9162464679047,-5.01166847063116,-12.5));
#7874=CARTESIAN_POINT('Ctrl Pts',(29.9162464679047,-3.21166847063116,-12.5));
#7875=CARTESIAN_POINT('Ctrl Pts',(29.9162464679047,-1.41166847063116,-12.5));
#7876=CARTESIAN_POINT('Ctrl Pts',(29.9162464679047,-1.41166847063116,-10.7));
#7877=CARTESIAN_POINT('Ctrl Pts',(29.9162464679047,-1.41166847063116,-8.9));
#7878=CARTESIAN_POINT('Ctrl Pts',(29.9162464679047,-3.21166847063116,-8.9));
#7879=CARTESIAN_POINT('Ctrl Pts',(29.9162464679047,-3.21166847063116,-10.4));
#7880=CARTESIAN_POINT('Ctrl Pts',(29.9162464679047,-3.51166847063116,-10.4));
#7881=CARTESIAN_POINT('Ctrl Pts',(29.9162464679047,-3.51166847063116,-10.7));
#7882=CARTESIAN_POINT('Ctrl Pts',(29.9162464679047,-3.51166847063116,-11.));
#7883=CARTESIAN_POINT('Ctrl Pts',(29.9162464679047,-3.21166847063116,-11.));
#7884=CARTESIAN_POINT('Ctrl Pts',(29.9162464679047,-2.91166847063116,-11.));
#7885=CARTESIAN_POINT('Ctrl Pts',(29.9162464679047,-2.91166847063116,-10.7));
#7886=CARTESIAN_POINT('Ctrl Pts',(29.9162464679047,-2.91166847063116,-10.4));
#7887=CARTESIAN_POINT('Ctrl Pts',(29.9162464679047,-3.21166847063116,-10.4));
#7888=CARTESIAN_POINT('',(29.9162464679047,-3.21166847063116,-10.4));
#7889=CARTESIAN_POINT('Origin',(29.9162464679047,-3.21166847063116,-10.7));
#7890=CARTESIAN_POINT('',(28.4162464679047,-3.21166847063116,-8.9));
#7891=CARTESIAN_POINT('Origin',(28.4162464679047,-3.21166847063116,-10.4));
#7892=CARTESIAN_POINT('Origin',(28.4162464679047,-3.21166847063116,-10.7));
#7893=CARTESIAN_POINT('Origin',(29.9162464679047,-3.21166847063116,-10.7));
#7894=CARTESIAN_POINT('Ctrl Pts',(28.4162464679047,20.7883315293688,-8.9));
#7895=CARTESIAN_POINT('Ctrl Pts',(28.4162464679047,18.9883315293688,-8.9));
#7896=CARTESIAN_POINT('Ctrl Pts',(28.4162464679047,18.9883315293688,-10.7));
#7897=CARTESIAN_POINT('Ctrl Pts',(28.4162464679047,18.9883315293688,-12.5));
#7898=CARTESIAN_POINT('Ctrl Pts',(28.4162464679047,20.7883315293688,-12.5));
#7899=CARTESIAN_POINT('Ctrl Pts',(28.4162464679047,22.5883315293688,-12.5));
#7900=CARTESIAN_POINT('Ctrl Pts',(28.4162464679047,22.5883315293688,-10.7));
#7901=CARTESIAN_POINT('Ctrl Pts',(28.4162464679047,22.5883315293688,-8.9));
#7902=CARTESIAN_POINT('Ctrl Pts',(28.4162464679047,20.7883315293688,-8.9));
#7903=CARTESIAN_POINT('Ctrl Pts',(29.9162464679047,20.7883315293688,-8.9));
#7904=CARTESIAN_POINT('Ctrl Pts',(29.9162464679047,18.9883315293688,-8.9));
#7905=CARTESIAN_POINT('Ctrl Pts',(29.9162464679047,18.9883315293688,-10.7));
#7906=CARTESIAN_POINT('Ctrl Pts',(29.9162464679047,18.9883315293688,-12.5));
#7907=CARTESIAN_POINT('Ctrl Pts',(29.9162464679047,20.7883315293688,-12.5));
#7908=CARTESIAN_POINT('Ctrl Pts',(29.9162464679047,22.5883315293688,-12.5));
#7909=CARTESIAN_POINT('Ctrl Pts',(29.9162464679047,22.5883315293688,-10.7));
#7910=CARTESIAN_POINT('Ctrl Pts',(29.9162464679047,22.5883315293688,-8.9));
#7911=CARTESIAN_POINT('Ctrl Pts',(29.9162464679047,20.7883315293688,-8.9));
#7912=CARTESIAN_POINT('Ctrl Pts',(29.9162464679047,20.7883315293688,-10.4));
#7913=CARTESIAN_POINT('Ctrl Pts',(29.9162464679047,20.4883315293688,-10.4));
#7914=CARTESIAN_POINT('Ctrl Pts',(29.9162464679047,20.4883315293688,-10.7));
#7915=CARTESIAN_POINT('Ctrl Pts',(29.9162464679047,20.4883315293688,-11.));
#7916=CARTESIAN_POINT('Ctrl Pts',(29.9162464679047,20.7883315293688,-11.));
#7917=CARTESIAN_POINT('Ctrl Pts',(29.9162464679047,21.0883315293688,-11.));
#7918=CARTESIAN_POINT('Ctrl Pts',(29.9162464679047,21.0883315293688,-10.7));
#7919=CARTESIAN_POINT('Ctrl Pts',(29.9162464679047,21.0883315293688,-10.4));
#7920=CARTESIAN_POINT('Ctrl Pts',(29.9162464679047,20.7883315293688,-10.4));
#7921=CARTESIAN_POINT('',(29.9162464679047,20.7883315293688,-10.4));
#7922=CARTESIAN_POINT('Origin',(29.9162464679047,20.7883315293688,-10.7));
#7923=CARTESIAN_POINT('',(28.4162464679047,20.7883315293688,-8.9));
#7924=CARTESIAN_POINT('Origin',(28.4162464679047,20.7883315293688,-10.4));
#7925=CARTESIAN_POINT('Origin',(28.4162464679047,20.7883315293688,-10.7));
#7926=CARTESIAN_POINT('Origin',(29.9162464679047,20.7883315293688,-10.7));
#7927=CARTESIAN_POINT('Origin',(-7.33375353209532,43.2883315293688,-19.9));
#7928=CARTESIAN_POINT('',(-7.33375353209532,43.2883315293688,-19.15));
#7929=CARTESIAN_POINT('',(-7.33375353209532,43.2883315293688,-20.65));
#7930=CARTESIAN_POINT('Origin',(-7.33375353209532,43.2883315293688,-19.9));
#7931=CARTESIAN_POINT('',(-7.33375353209533,44.7883315293688,-20.65));
#7932=CARTESIAN_POINT('',(-7.33375353209532,43.2883315293688,-20.65));
#7933=CARTESIAN_POINT('',(-7.33375353209532,44.7883315293688,-19.15));
#7934=CARTESIAN_POINT('Origin',(-7.33375353209532,44.7883315293688,-19.9));
#7935=CARTESIAN_POINT('',(-7.33375353209532,43.2883315293688,-19.15));
#7936=CARTESIAN_POINT('Origin',(7.91624646790468,43.2883315293688,-20.65));
#7937=CARTESIAN_POINT('',(7.16624646790468,43.2883315293688,-20.65));
#7938=CARTESIAN_POINT('',(-9.58375353209533,43.2883315293688,-20.65));
#7939=CARTESIAN_POINT('',(7.16624646790468,44.7883315293688,-20.65));
#7940=CARTESIAN_POINT('',(7.16624646790468,43.2883315293688,-20.65));
#7941=CARTESIAN_POINT('',(18.1662464679047,44.7883315293688,-20.65));
#7942=CARTESIAN_POINT('Origin',(8.91624646790467,43.2883315293688,-17.65));
#7943=CARTESIAN_POINT('',(-8.33375353209533,43.2883315293688,-17.65));
#7944=CARTESIAN_POINT('',(-8.33375353209532,44.7883315293688,-17.65));
#7945=CARTESIAN_POINT('',(-8.33375353209533,43.2883315293688,-17.65));
#7946=CARTESIAN_POINT('',(8.16624646790467,43.2883315293688,-17.65));
#7947=CARTESIAN_POINT('',(-9.08375353209533,43.2883315293688,-17.65));
#7948=CARTESIAN_POINT('',(8.16624646790467,44.7883315293688,-17.65));
#7949=CARTESIAN_POINT('',(8.16624646790467,43.2883315293688,-17.65));
#7950=CARTESIAN_POINT('',(18.6662464679047,44.7883315293688,-17.65));
#7951=CARTESIAN_POINT('Origin',(-8.33375353209533,43.2883315293688,-16.9));
#7952=CARTESIAN_POINT('',(-8.33375353209533,43.2883315293688,-16.15));
#7953=CARTESIAN_POINT('Origin',(-8.33375353209533,43.2883315293688,-16.9));
#7954=CARTESIAN_POINT('',(-8.33375353209533,44.7883315293688,-16.15));
#7955=CARTESIAN_POINT('Origin',(-8.33375353209533,44.7883315293688,-16.9));
#7956=CARTESIAN_POINT('',(-8.33375353209533,43.2883315293688,-16.15));
#7957=CARTESIAN_POINT('Origin',(8.91624646790467,43.2883315293688,-14.65));
#7958=CARTESIAN_POINT('',(-8.33375353209533,43.2883315293688,-14.65));
#7959=CARTESIAN_POINT('',(-8.33375353209532,44.7883315293688,-14.65));
#7960=CARTESIAN_POINT('',(-8.33375353209533,43.2883315293688,-14.65));
#7961=CARTESIAN_POINT('',(8.16624646790467,43.2883315293688,-14.65));
#7962=CARTESIAN_POINT('',(-9.08375353209533,43.2883315293688,-14.65));
#7963=CARTESIAN_POINT('',(8.16624646790467,44.7883315293688,-14.65));
#7964=CARTESIAN_POINT('',(8.16624646790467,43.2883315293688,-14.65));
#7965=CARTESIAN_POINT('',(18.6662464679047,44.7883315293688,-14.65));
#7966=CARTESIAN_POINT('Origin',(-8.33375353209533,43.2883315293688,-13.9));
#7967=CARTESIAN_POINT('',(-8.33375353209533,43.2883315293688,-13.15));
#7968=CARTESIAN_POINT('Origin',(-8.33375353209533,43.2883315293688,-13.9));
#7969=CARTESIAN_POINT('',(-8.33375353209533,44.7883315293688,-13.15));
#7970=CARTESIAN_POINT('Origin',(-8.33375353209533,44.7883315293688,-13.9));
#7971=CARTESIAN_POINT('',(-8.33375353209533,43.2883315293688,-13.15));
#7972=CARTESIAN_POINT('Origin',(8.01624646790468,43.2883315293688,-11.65));
#7973=CARTESIAN_POINT('',(-7.23375353209532,43.2883315293688,-11.65));
#7974=CARTESIAN_POINT('',(-7.23375353209533,44.7883315293688,-11.65));
#7975=CARTESIAN_POINT('',(-7.23375353209532,43.2883315293688,-11.65));
#7976=CARTESIAN_POINT('',(7.26624646790468,43.2883315293688,-11.65));
#7977=CARTESIAN_POINT('',(-9.53375353209532,43.2883315293688,-11.65));
#7978=CARTESIAN_POINT('',(7.26624646790468,44.7883315293688,-11.65));
#7979=CARTESIAN_POINT('',(7.26624646790468,43.2883315293688,-11.65));
#7980=CARTESIAN_POINT('',(18.2162464679047,44.7883315293688,-11.65));
#7981=CARTESIAN_POINT('Origin',(-7.23375353209532,43.2883315293688,-10.9));
#7982=CARTESIAN_POINT('',(-7.23375353209532,43.2883315293688,-10.15));
#7983=CARTESIAN_POINT('Origin',(-7.23375353209532,43.2883315293688,-10.9));
#7984=CARTESIAN_POINT('',(-7.23375353209532,44.7883315293688,-10.15));
#7985=CARTESIAN_POINT('Origin',(-7.23375353209532,44.7883315293688,-10.9));
#7986=CARTESIAN_POINT('',(-7.23375353209532,43.2883315293688,-10.15));
#7987=CARTESIAN_POINT('Origin',(-7.98375353209532,43.2883315293688,-10.15));
#7988=CARTESIAN_POINT('',(7.26624646790468,44.7883315293688,-10.15));
#7989=CARTESIAN_POINT('',(10.2162464679047,44.7883315293688,-10.15));
#7990=CARTESIAN_POINT('',(7.26624646790468,43.2883315293688,-10.15));
#7991=CARTESIAN_POINT('',(7.26624646790468,43.2883315293688,-10.15));
#7992=CARTESIAN_POINT('',(-17.5337535320953,43.2883315293688,-10.15));
#7993=CARTESIAN_POINT('Origin',(7.26624646790468,43.2883315293688,-10.9));
#7994=CARTESIAN_POINT('Origin',(7.26624646790468,43.2883315293688,-10.9));
#7995=CARTESIAN_POINT('Origin',(7.26624646790468,44.7883315293688,-10.9));
#7996=CARTESIAN_POINT('Origin',(-9.08375353209533,43.2883315293688,-13.15));
#7997=CARTESIAN_POINT('',(8.16624646790467,44.7883315293688,-13.15));
#7998=CARTESIAN_POINT('',(9.66624646790468,44.7883315293688,-13.15));
#7999=CARTESIAN_POINT('',(8.16624646790467,43.2883315293688,-13.15));
#8000=CARTESIAN_POINT('',(8.16624646790467,43.2883315293688,-13.15));
#8001=CARTESIAN_POINT('',(-18.0837535320953,43.2883315293688,-13.15));
#8002=CARTESIAN_POINT('Origin',(8.16624646790467,43.2883315293688,-13.9));
#8003=CARTESIAN_POINT('Origin',(8.16624646790467,43.2883315293688,-13.9));
#8004=CARTESIAN_POINT('Origin',(8.16624646790467,44.7883315293688,-13.9));
#8005=CARTESIAN_POINT('Origin',(-9.08375353209533,43.2883315293688,-16.15));
#8006=CARTESIAN_POINT('',(8.16624646790467,44.7883315293688,-16.15));
#8007=CARTESIAN_POINT('',(9.66624646790468,44.7883315293688,-16.15));
#8008=CARTESIAN_POINT('',(8.16624646790467,43.2883315293688,-16.15));
#8009=CARTESIAN_POINT('',(8.16624646790467,43.2883315293688,-16.15));
#8010=CARTESIAN_POINT('',(-18.0837535320953,43.2883315293688,-16.15));
#8011=CARTESIAN_POINT('Origin',(8.16624646790467,43.2883315293688,-16.9));
#8012=CARTESIAN_POINT('Origin',(8.16624646790467,43.2883315293688,-16.9));
#8013=CARTESIAN_POINT('Origin',(8.16624646790467,44.7883315293688,-16.9));
#8014=CARTESIAN_POINT('Origin',(-8.08375353209532,43.2883315293688,-19.15));
#8015=CARTESIAN_POINT('',(7.16624646790468,44.7883315293688,-19.15));
#8016=CARTESIAN_POINT('',(10.1662464679047,44.7883315293688,-19.15));
#8017=CARTESIAN_POINT('',(7.16624646790468,43.2883315293688,-19.15));
#8018=CARTESIAN_POINT('',(7.16624646790468,43.2883315293688,-19.15));
#8019=CARTESIAN_POINT('',(-17.5837535320953,43.2883315293688,-19.15));
#8020=CARTESIAN_POINT('Origin',(7.16624646790468,43.2883315293688,-19.9));
#8021=CARTESIAN_POINT('Origin',(7.16624646790468,43.2883315293688,-19.9));
#8022=CARTESIAN_POINT('Origin',(7.16624646790468,44.7883315293688,-19.9));
#8023=CARTESIAN_POINT('Origin',(-6.18375353209532,43.2883315293688,-13.8));
#8024=CARTESIAN_POINT('',(-13.1837535320953,41.2883315293688,-13.8));
#8025=CARTESIAN_POINT('',(-6.18375353209532,41.2883315293688,-6.8));
#8026=CARTESIAN_POINT('Origin',(-6.18375353209532,41.2883315293688,-13.8));
#8027=CARTESIAN_POINT('',(-6.18375353209532,43.2883315293688,-6.8));
#8028=CARTESIAN_POINT('',(-6.18375353209532,43.2883315293688,-6.8));
#8029=CARTESIAN_POINT('',(-13.1837535320953,43.2883315293688,-13.8));
#8030=CARTESIAN_POINT('Origin',(-6.18375353209532,43.2883315293688,-13.8));
#8031=CARTESIAN_POINT('',(-13.1837535320953,43.2883315293688,-13.8));
#8032=CARTESIAN_POINT('Origin',(13.0162464679047,43.2883315293688,-6.8));
#8033=CARTESIAN_POINT('',(6.01624646790467,41.2883315293688,-6.8));
#8034=CARTESIAN_POINT('',(-13.1837535320953,41.2883315293688,-6.8));
#8035=CARTESIAN_POINT('',(6.01624646790467,43.2883315293688,-6.8));
#8036=CARTESIAN_POINT('',(6.01624646790467,43.2883315293688,-6.8));
#8037=CARTESIAN_POINT('',(-7.03375353209532,43.2883315293688,-6.8));
#8038=CARTESIAN_POINT('Origin',(-0.0837535320953209,41.2883315293688,-15.4));
#8039=CARTESIAN_POINT('',(-13.1837535320953,41.2883315293688,-17.));
#8040=CARTESIAN_POINT('',(-13.1837535320953,41.2883315293688,-24.));
#8041=CARTESIAN_POINT('',(-6.18375353209532,41.2883315293688,-24.));
#8042=CARTESIAN_POINT('Origin',(-6.18375353209532,41.2883315293688,-17.));
#8043=CARTESIAN_POINT('',(6.01624646790467,41.2883315293688,-24.));
#8044=CARTESIAN_POINT('',(13.0162464679047,41.2883315293688,-24.));
#8045=CARTESIAN_POINT('',(13.0162464679047,41.2883315293688,-17.));
#8046=CARTESIAN_POINT('Origin',(6.01624646790467,41.2883315293688,-17.));
#8047=CARTESIAN_POINT('',(13.0162464679047,41.2883315293688,-13.8));
#8048=CARTESIAN_POINT('',(13.0162464679047,41.2883315293688,-6.8));
#8049=CARTESIAN_POINT('Origin',(6.01624646790467,41.2883315293688,-13.8));
#8050=CARTESIAN_POINT('',(5.01624646790467,41.2883315293688,-23.));
#8051=CARTESIAN_POINT('',(-5.18375353209532,41.2883315293688,-23.));
#8052=CARTESIAN_POINT('',(12.0162464679047,41.2883315293688,-23.));
#8053=CARTESIAN_POINT('',(-12.1837535320953,41.2883315293688,-16.));
#8054=CARTESIAN_POINT('Origin',(-5.18375353209532,41.2883315293688,-16.));
#8055=CARTESIAN_POINT('',(-12.1837535320953,41.2883315293688,-14.8));
#8056=CARTESIAN_POINT('',(-12.1837535320953,41.2883315293688,-23.));
#8057=CARTESIAN_POINT('',(-5.18375353209532,41.2883315293688,-7.8));
#8058=CARTESIAN_POINT('Origin',(-5.18375353209532,41.2883315293688,-14.8));
#8059=CARTESIAN_POINT('',(5.01624646790468,41.2883315293688,-7.8));
#8060=CARTESIAN_POINT('',(-12.1837535320953,41.2883315293688,-7.8));
#8061=CARTESIAN_POINT('',(12.0162464679047,41.2883315293688,-14.8));
#8062=CARTESIAN_POINT('Origin',(5.01624646790468,41.2883315293688,-14.8));
#8063=CARTESIAN_POINT('',(12.0162464679047,41.2883315293688,-16.));
#8064=CARTESIAN_POINT('',(12.0162464679047,41.2883315293688,-7.8));
#8065=CARTESIAN_POINT('Origin',(5.01624646790467,41.2883315293688,-16.));
#8066=CARTESIAN_POINT('Origin',(-6.18375353209532,43.2883315293688,-17.));
#8067=CARTESIAN_POINT('',(-13.1837535320953,43.2883315293688,-17.));
#8068=CARTESIAN_POINT('',(-13.1837535320953,43.2883315293688,-17.));
#8069=CARTESIAN_POINT('',(-6.18375353209532,43.2883315293688,-24.));
#8070=CARTESIAN_POINT('Origin',(-6.18375353209532,43.2883315293688,-17.));
#8071=CARTESIAN_POINT('',(-6.18375353209532,43.2883315293688,-24.));
#8072=CARTESIAN_POINT('Origin',(-13.1837535320953,43.2883315293688,-24.));
#8073=CARTESIAN_POINT('',(6.01624646790467,43.2883315293688,-24.));
#8074=CARTESIAN_POINT('',(-20.1337535320953,43.2883315293688,-24.));
#8075=CARTESIAN_POINT('',(6.01624646790467,43.2883315293688,-24.));
#8076=CARTESIAN_POINT('Origin',(6.01624646790467,43.2883315293688,-13.8));
#8077=CARTESIAN_POINT('',(13.0162464679047,43.2883315293688,-13.8));
#8078=CARTESIAN_POINT('',(13.0162464679047,43.2883315293688,-13.8));
#8079=CARTESIAN_POINT('Origin',(6.01624646790467,43.2883315293688,-13.8));
#8080=CARTESIAN_POINT('Origin',(6.01624646790467,43.2883315293688,-17.));
#8081=CARTESIAN_POINT('',(13.0162464679047,43.2883315293688,-17.));
#8082=CARTESIAN_POINT('Origin',(6.01624646790467,43.2883315293688,-17.));
#8083=CARTESIAN_POINT('',(13.0162464679047,43.2883315293688,-17.));
#8084=CARTESIAN_POINT('Origin',(13.0162464679047,43.2883315293688,-24.));
#8085=CARTESIAN_POINT('',(13.0162464679047,43.2883315293688,-12.));
#8086=CARTESIAN_POINT('Origin',(-5.18375353209532,43.2883315293688,-14.8));
#8087=CARTESIAN_POINT('',(-5.18375353209532,43.2883315293688,-7.8));
#8088=CARTESIAN_POINT('',(-12.1837535320953,43.2883315293688,-14.8));
#8089=CARTESIAN_POINT('Origin',(-5.18375353209532,43.2883315293688,-14.8));
#8090=CARTESIAN_POINT('',(-5.18375353209532,43.2883315293688,-7.8));
#8091=CARTESIAN_POINT('',(-12.1837535320953,43.2883315293688,-14.8));
#8092=CARTESIAN_POINT('Origin',(-27.0837535320953,43.2883315293688,0.));
#8093=CARTESIAN_POINT('',(-12.1837535320953,43.2883315293688,-16.));
#8094=CARTESIAN_POINT('',(-12.1837535320953,43.2883315293688,-11.5));
#8095=CARTESIAN_POINT('',(-5.18375353209532,43.2883315293688,-23.));
#8096=CARTESIAN_POINT('Origin',(-5.18375353209532,43.2883315293688,-16.));
#8097=CARTESIAN_POINT('',(5.01624646790467,43.2883315293688,-23.));
#8098=CARTESIAN_POINT('',(-7.53375353209532,43.2883315293688,-23.));
#8099=CARTESIAN_POINT('',(12.0162464679047,43.2883315293688,-16.));
#8100=CARTESIAN_POINT('Origin',(5.01624646790467,43.2883315293688,-16.));
#8101=CARTESIAN_POINT('',(12.0162464679047,43.2883315293688,-14.8));
#8102=CARTESIAN_POINT('',(12.0162464679047,43.2883315293688,-3.9));
#8103=CARTESIAN_POINT('',(5.01624646790468,43.2883315293688,-7.8));
#8104=CARTESIAN_POINT('Origin',(5.01624646790468,43.2883315293688,-14.8));
#8105=CARTESIAN_POINT('',(-19.6337535320953,43.2883315293688,-7.79999999999999));
#8106=CARTESIAN_POINT('Origin',(-12.1837535320953,43.2883315293688,-23.));
#8107=CARTESIAN_POINT('',(-12.1837535320953,43.2883315293688,-16.));
#8108=CARTESIAN_POINT('Origin',(-5.18375353209532,43.2883315293688,-16.));
#8109=CARTESIAN_POINT('',(-5.18375353209532,43.2883315293688,-23.));
#8110=CARTESIAN_POINT('Origin',(5.01624646790468,43.2883315293688,-14.8));
#8111=CARTESIAN_POINT('',(12.0162464679047,43.2883315293688,-14.8));
#8112=CARTESIAN_POINT('',(5.01624646790468,43.2883315293688,-7.8));
#8113=CARTESIAN_POINT('Origin',(12.0162464679047,43.2883315293688,-7.8));
#8114=CARTESIAN_POINT('',(12.0162464679047,43.2883315293688,-16.));
#8115=CARTESIAN_POINT('Origin',(5.01624646790467,43.2883315293688,-16.));
#8116=CARTESIAN_POINT('',(5.01624646790467,43.2883315293688,-23.));
#8117=CARTESIAN_POINT('Origin',(-12.1837535320953,43.2883315293688,-7.8));
#8118=CARTESIAN_POINT('Origin',(12.0162464679047,43.2883315293688,-23.));
#8119=CARTESIAN_POINT('Origin',(-13.1837535320953,43.2883315293688,-6.8));
#8120=CARTESIAN_POINT('',(-13.1837535320953,43.2883315293688,-3.4));
#8121=CARTESIAN_POINT('Origin',(-27.0837535320953,43.2883315293688,0.));
#8122=CARTESIAN_POINT('',(-25.0837535320953,43.2883315293688,-20.9));
#8123=CARTESIAN_POINT('',(-25.0837535320953,43.2883315293688,0.));
#8124=CARTESIAN_POINT('',(-22.0837535320953,43.2883315293688,-23.9));
#8125=CARTESIAN_POINT('',(-30.5587535320953,43.2883315293688,-15.425));
#8126=CARTESIAN_POINT('',(-22.0837535320953,43.2883315293688,-27.9));
#8127=CARTESIAN_POINT('',(-22.0837535320953,43.2883315293688,-13.95));
#8128=CARTESIAN_POINT('',(-25.0837535320953,43.2883315293688,-27.9));
#8129=CARTESIAN_POINT('',(-27.0837535320953,43.2883315293688,-27.9));
#8130=CARTESIAN_POINT('',(-25.0837535320953,43.2883315293688,-30.));
#8131=CARTESIAN_POINT('',(-25.0837535320953,43.2883315293688,0.));
#8132=CARTESIAN_POINT('',(24.9162464679047,43.2883315293688,-30.));
#8133=CARTESIAN_POINT('',(26.9162464679047,43.2883315293688,-30.));
#8134=CARTESIAN_POINT('',(24.9162464679047,43.2883315293688,-27.9));
#8135=CARTESIAN_POINT('',(24.9162464679047,43.2883315293688,0.));
#8136=CARTESIAN_POINT('',(21.9162464679047,43.2883315293688,-27.9));
#8137=CARTESIAN_POINT('',(-2.58375353209532,43.2883315293688,-27.9));
#8138=CARTESIAN_POINT('',(21.9162464679047,43.2883315293688,-23.9));
#8139=CARTESIAN_POINT('',(21.9162464679047,43.2883315293688,-11.95));
#8140=CARTESIAN_POINT('',(24.9162464679047,43.2883315293688,-20.9));
#8141=CARTESIAN_POINT('',(16.8912464679047,43.2883315293688,-28.925));
#8142=CARTESIAN_POINT('',(24.9162464679047,43.2883315293688,0.));
#8143=CARTESIAN_POINT('Origin',(24.4162464679047,-42.7116684706312,-27.65));
#8144=CARTESIAN_POINT('',(22.9662464679047,-42.7116684706312,-27.9));
#8145=CARTESIAN_POINT('Origin',(24.4162464679047,-42.7116684706312,-27.9));
#8146=CARTESIAN_POINT('',(23.4662464679047,-42.7116684706312,-27.4));
#8147=CARTESIAN_POINT('',(23.2162464679047,-42.7116684706312,-27.65));
#8148=CARTESIAN_POINT('Origin',(24.4162464679047,-42.7116684706312,-27.4));
#8149=CARTESIAN_POINT('Origin',(26.9162464679047,-45.2116684706312,-27.9));
#8150=CARTESIAN_POINT('',(24.4162464679047,-40.2116684706312,-27.9));
#8151=CARTESIAN_POINT('',(21.9162464679047,-42.7116684706312,-27.9));
#8152=CARTESIAN_POINT('Origin',(24.4162464679047,-42.7116684706312,-27.9));
#8153=CARTESIAN_POINT('',(26.9162464679047,-40.2116684706312,-27.9));
#8154=CARTESIAN_POINT('',(21.9162464679047,-40.2116684706312,-27.9));
#8155=CARTESIAN_POINT('',(26.9162464679047,-43.2116684706311,-27.9));
#8156=CARTESIAN_POINT('',(26.9162464679047,-0.961668470631158,-27.9));
#8157=CARTESIAN_POINT('',(24.9162464679047,-45.2116684706312,-27.9));
#8158=CARTESIAN_POINT('Origin',(24.9162464679047,-43.2116684706311,-27.9));
#8159=CARTESIAN_POINT('',(21.9162464679047,-45.2116684706312,-27.9));
#8160=CARTESIAN_POINT('',(26.9162464679047,-45.2116684706312,-27.9));
#8161=CARTESIAN_POINT('',(21.9162464679047,-45.2116684706312,-27.9));
#8162=CARTESIAN_POINT('Origin',(24.4162464679047,-42.7116684706312,-30.));
#8163=CARTESIAN_POINT('',(23.4662464679047,-42.7116684706312,-22.35));
#8164=CARTESIAN_POINT('',(23.4662464679047,-42.7116684706312,-30.));
#8165=CARTESIAN_POINT('Origin',(24.4162464679047,-42.7116684706312,-21.4));
#8166=CARTESIAN_POINT('Origin',(-24.5837535320953,-42.7116684706312,-27.65));
#8167=CARTESIAN_POINT('',(-26.0337535320953,-42.7116684706312,-27.9));
#8168=CARTESIAN_POINT('Origin',(-24.5837535320953,-42.7116684706312,-27.9));
#8169=CARTESIAN_POINT('',(-25.5337535320953,-42.7116684706312,-27.4));
#8170=CARTESIAN_POINT('',(-25.7837535320953,-42.7116684706312,-27.65));
#8171=CARTESIAN_POINT('Origin',(-24.5837535320953,-42.7116684706312,-27.4));
#8172=CARTESIAN_POINT('Origin',(-22.0837535320953,-45.2116684706312,-27.9));
#8173=CARTESIAN_POINT('',(-22.0837535320953,-42.7116684706312,-27.9));
#8174=CARTESIAN_POINT('',(-24.5837535320953,-40.2116684706312,-27.9));
#8175=CARTESIAN_POINT('Origin',(-24.5837535320953,-42.7116684706312,-27.9));
#8176=CARTESIAN_POINT('',(-22.0837535320953,-45.2116684706312,-27.9));
#8177=CARTESIAN_POINT('',(-22.0837535320953,-45.2116684706312,-27.9));
#8178=CARTESIAN_POINT('',(-25.0837535320953,-45.2116684706312,-27.9));
#8179=CARTESIAN_POINT('',(2.41624646790468,-45.2116684706312,-27.9));
#8180=CARTESIAN_POINT('',(-27.0837535320953,-43.2116684706312,-27.9));
#8181=CARTESIAN_POINT('Origin',(-25.0837535320953,-43.2116684706312,-27.9));
#8182=CARTESIAN_POINT('',(-27.0837535320953,-40.2116684706312,-27.9));
#8183=CARTESIAN_POINT('',(-27.0837535320953,-45.2116684706312,-27.9));
#8184=CARTESIAN_POINT('',(-27.0837535320953,-40.2116684706312,-27.9));
#8185=CARTESIAN_POINT('Origin',(-24.5837535320953,-42.7116684706312,-30.));
#8186=CARTESIAN_POINT('',(-25.5337535320953,-42.7116684706312,-20.45));
#8187=CARTESIAN_POINT('',(-25.5337535320953,-42.7116684706312,-30.));
#8188=CARTESIAN_POINT('Origin',(-24.5837535320953,-42.7116684706312,-21.4));
#8189=CARTESIAN_POINT('Origin',(-24.5837535320954,40.7883315293688,-27.65));
#8190=CARTESIAN_POINT('',(-26.0337535320953,40.7883315293688,-27.9));
#8191=CARTESIAN_POINT('Origin',(-24.5837535320954,40.7883315293688,-27.9));
#8192=CARTESIAN_POINT('',(-25.5337535320953,40.7883315293688,-27.4));
#8193=CARTESIAN_POINT('',(-25.7837535320953,40.7883315293688,-27.65));
#8194=CARTESIAN_POINT('Origin',(-24.5837535320954,40.7883315293688,-27.4));
#8195=CARTESIAN_POINT('Origin',(-24.5837535320954,40.7883315293688,-30.));
#8196=CARTESIAN_POINT('',(-25.5337535320953,40.7883315293688,-20.45));
#8197=CARTESIAN_POINT('',(-25.5337535320953,40.7883315293688,-30.));
#8198=CARTESIAN_POINT('Origin',(-24.5837535320954,40.7883315293688,-21.4));
#8199=CARTESIAN_POINT('Origin',(-27.0837535320953,43.2883315293688,-27.9));
#8200=CARTESIAN_POINT('',(-24.5837535320953,38.2883315293688,-27.9));
#8201=CARTESIAN_POINT('',(-22.0837535320953,40.7883315293688,-27.9));
#8202=CARTESIAN_POINT('Origin',(-24.5837535320953,40.7883315293688,-27.9));
#8203=CARTESIAN_POINT('',(-27.0837535320953,38.2883315293688,-27.9));
#8204=CARTESIAN_POINT('',(-22.0837535320953,38.2883315293688,-27.9));
#8205=CARTESIAN_POINT('',(-27.0837535320953,41.2883315293688,-27.9));
#8206=CARTESIAN_POINT('',(-27.0837535320953,-0.961668470631167,-27.9));
#8207=CARTESIAN_POINT('Origin',(-25.0837535320953,41.2883315293688,-27.9));
#8208=CARTESIAN_POINT('',(-22.0837535320953,43.2883315293688,-27.9));
#8209=CARTESIAN_POINT('Origin',(24.4162464679047,40.7883315293688,-27.65));
#8210=CARTESIAN_POINT('',(22.9662464679047,40.7883315293688,-27.9));
#8211=CARTESIAN_POINT('Origin',(24.4162464679047,40.7883315293688,-27.9));
#8212=CARTESIAN_POINT('',(23.4662464679047,40.7883315293688,-27.4));
#8213=CARTESIAN_POINT('',(23.2162464679047,40.7883315293688,-27.65));
#8214=CARTESIAN_POINT('Origin',(24.4162464679047,40.7883315293688,-27.4));
#8215=CARTESIAN_POINT('Origin',(21.9162464679047,43.2883315293688,-27.9));
#8216=CARTESIAN_POINT('',(21.9162464679047,40.7883315293688,-27.9));
#8217=CARTESIAN_POINT('',(24.4162464679047,38.2883315293688,-27.9));
#8218=CARTESIAN_POINT('Origin',(24.4162464679047,40.7883315293688,-27.9));
#8219=CARTESIAN_POINT('',(21.9162464679047,43.2883315293688,-27.9));
#8220=CARTESIAN_POINT('',(26.9162464679047,41.2883315293688,-27.9));
#8221=CARTESIAN_POINT('Origin',(24.9162464679047,41.2883315293688,-27.9));
#8222=CARTESIAN_POINT('',(26.9162464679047,38.2883315293688,-27.9));
#8223=CARTESIAN_POINT('',(26.9162464679047,43.2883315293688,-27.9));
#8224=CARTESIAN_POINT('',(26.9162464679047,38.2883315293688,-27.9));
#8225=CARTESIAN_POINT('Origin',(24.4162464679047,40.7883315293688,-30.));
#8226=CARTESIAN_POINT('',(23.4662464679047,40.7883315293688,-22.35));
#8227=CARTESIAN_POINT('',(23.4662464679047,40.7883315293688,-30.));
#8228=CARTESIAN_POINT('Origin',(24.4162464679047,40.7883315293688,-21.4));
#8229=CARTESIAN_POINT('Origin',(20.9162464679047,39.2883315293688,0.25));
#8230=CARTESIAN_POINT('',(19.5162464679047,39.2883315293688,0.5));
#8231=CARTESIAN_POINT('Origin',(20.9162464679047,39.2883315293688,0.5));
#8232=CARTESIAN_POINT('',(19.0162464679047,39.2883315293688,0.));
#8233=CARTESIAN_POINT('',(19.2662464679047,39.2883315293688,0.25));
#8234=CARTESIAN_POINT('Origin',(20.9162464679047,39.2883315293688,0.));
#8235=CARTESIAN_POINT('Origin',(20.9162464679047,39.2883315293688,0.));
#8236=CARTESIAN_POINT('',(19.5162464679047,39.2883315293688,0.));
#8237=CARTESIAN_POINT('Origin',(20.9162464679047,39.2883315293688,0.));
#8238=CARTESIAN_POINT('Origin',(-21.0837535320953,39.2883315293688,0.25));
#8239=CARTESIAN_POINT('',(-22.4837535320953,39.2883315293688,0.5));
#8240=CARTESIAN_POINT('Origin',(-21.0837535320953,39.2883315293688,0.5));
#8241=CARTESIAN_POINT('',(-22.9837535320953,39.2883315293688,0.));
#8242=CARTESIAN_POINT('',(-22.7337535320953,39.2883315293688,0.25));
#8243=CARTESIAN_POINT('Origin',(-21.0837535320953,39.2883315293688,0.));
#8244=CARTESIAN_POINT('Origin',(-21.0837535320953,39.2883315293688,0.));
#8245=CARTESIAN_POINT('',(-22.4837535320953,39.2883315293688,0.));
#8246=CARTESIAN_POINT('Origin',(-21.0837535320953,39.2883315293688,0.));
#8247=CARTESIAN_POINT('Origin',(20.9162464679047,-39.7116684706312,0.25));
#8248=CARTESIAN_POINT('',(19.5162464679047,-39.7116684706312,0.5));
#8249=CARTESIAN_POINT('Origin',(20.9162464679047,-39.7116684706312,0.5));
#8250=CARTESIAN_POINT('',(19.0162464679047,-39.7116684706312,0.));
#8251=CARTESIAN_POINT('',(19.2662464679047,-39.7116684706312,0.25));
#8252=CARTESIAN_POINT('Origin',(20.9162464679047,-39.7116684706312,0.));
#8253=CARTESIAN_POINT('Origin',(20.9162464679047,-39.7116684706312,0.));
#8254=CARTESIAN_POINT('',(19.5162464679047,-39.7116684706312,0.));
#8255=CARTESIAN_POINT('Origin',(20.9162464679047,-39.7116684706312,0.));
#8256=CARTESIAN_POINT('Origin',(-21.0837535320953,-39.7116684706312,0.25));
#8257=CARTESIAN_POINT('',(-22.4837535320953,-39.7116684706312,0.5));
#8258=CARTESIAN_POINT('Origin',(-21.0837535320953,-39.7116684706312,0.5));
#8259=CARTESIAN_POINT('',(-22.9837535320953,-39.7116684706312,0.));
#8260=CARTESIAN_POINT('',(-22.7337535320953,-39.7116684706312,0.25));
#8261=CARTESIAN_POINT('Origin',(-21.0837535320953,-39.7116684706312,0.));
#8262=CARTESIAN_POINT('Origin',(-21.0837535320953,-39.7116684706312,0.));
#8263=CARTESIAN_POINT('',(-22.4837535320953,-39.7116684706312,0.));
#8264=CARTESIAN_POINT('Origin',(-21.0837535320953,-39.7116684706312,0.));
#8265=CARTESIAN_POINT('Origin',(25.9162464679047,21.1633315293688,3.2));
#8266=CARTESIAN_POINT('',(26.9162464679047,41.2883315293688,2.2));
#8267=CARTESIAN_POINT('',(24.9162464679047,41.2883315293688,4.2));
#8268=CARTESIAN_POINT('',(26.9162464679047,-43.2116684706311,2.2));
#8269=CARTESIAN_POINT('',(26.9162464679047,21.1633315293688,2.2));
#8270=CARTESIAN_POINT('',(26.9162464679047,-43.2116684706311,2.2));
#8271=CARTESIAN_POINT('Origin',(13.4162464679047,-44.2116684706312,3.2));
#8272=CARTESIAN_POINT('',(9.61624646790467,-43.3116684706311,4.10000000000002));
#8273=CARTESIAN_POINT('',(9.61624646790467,-42.9866684706312,4.42500000000001));
#8274=CARTESIAN_POINT('',(15.6162464679047,-43.3116684706311,4.10000000000002));
#8275=CARTESIAN_POINT('',(24.9162464679047,-45.2116684706312,2.2));
#8276=CARTESIAN_POINT('',(24.9162464679047,-43.2116684706312,4.2));
#8277=CARTESIAN_POINT('',(-25.0837535320953,-45.2116684706312,2.2));
#8278=CARTESIAN_POINT('',(13.4162464679047,-45.2116684706312,2.2));
#8279=CARTESIAN_POINT('',(-25.0837535320953,-45.2116684706312,2.2));
#8280=CARTESIAN_POINT('Origin',(24.9162464679047,-43.2116684706311,2.2));
#8281=CARTESIAN_POINT('Origin',(24.9162464679047,-43.2116684706311,2.2));
#8282=CARTESIAN_POINT('Origin',(24.9162464679047,41.2883315293688,2.2));
#8283=CARTESIAN_POINT('Origin',(24.9162464679047,41.2883315293688,2.2));
#8284=CARTESIAN_POINT('Origin',(-25.0837535320953,-43.2116684706312,2.2));
#8285=CARTESIAN_POINT('Origin',(-25.0837535320953,-43.2116684706312,2.2));
#8286=CARTESIAN_POINT('Origin',(17.8162464679047,-43.3116684706311,7.2));
#8287=CARTESIAN_POINT('',(9.61624646790467,-43.3116684706311,2.8));
#8288=CARTESIAN_POINT('',(9.61624646790467,-43.3116684706311,7.2));
#8289=CARTESIAN_POINT('',(9.61624646790467,-43.3116684706311,2.8));
#8290=CARTESIAN_POINT('Origin',(24.9162464679047,41.2883315293688,0.));
#8291=CARTESIAN_POINT('',(26.9162464679047,41.2883315293688,-18.9));
#8292=CARTESIAN_POINT('Origin',(24.9162464679047,41.2883315293688,-20.9));
#8293=CARTESIAN_POINT('',(26.9162464679047,41.2883315293688,0.));
#8294=CARTESIAN_POINT('Origin',(-25.0837535320953,41.2883315293688,0.));
#8295=CARTESIAN_POINT('',(-27.0837535320953,41.2883315293688,-18.9));
#8296=CARTESIAN_POINT('',(-27.0837535320953,41.2883315293688,0.));
#8297=CARTESIAN_POINT('Origin',(-25.0837535320953,41.2883315293688,-20.9));
#8298=CARTESIAN_POINT('Origin',(-27.0837535320953,-45.2116684706312,0.));
#8299=CARTESIAN_POINT('',(-27.0837535320953,-43.2116684706312,-18.9));
#8300=CARTESIAN_POINT('',(-27.0837535320953,-43.2116684706312,0.));
#8301=CARTESIAN_POINT('',(-27.0837535320953,-40.2116684706312,-18.9));
#8302=CARTESIAN_POINT('',(-27.0837535320953,-45.2116684706312,-18.9));
#8303=CARTESIAN_POINT('',(-27.0837535320953,-40.2116684706312,-12.95));
#8304=CARTESIAN_POINT('',(-27.0837535320953,-43.2116684706311,-30.));
#8305=CARTESIAN_POINT('',(-27.0837535320953,-43.2116684706312,0.));
#8306=CARTESIAN_POINT('',(-27.0837535320953,41.2883315293688,-30.));
#8307=CARTESIAN_POINT('',(-27.0837535320953,43.2883315293688,-30.));
#8308=CARTESIAN_POINT('',(-27.0837535320953,41.2883315293688,0.));
#8309=CARTESIAN_POINT('',(-27.0837535320953,38.2883315293688,-18.9));
#8310=CARTESIAN_POINT('',(-27.0837535320953,38.2883315293688,-12.95));
#8311=CARTESIAN_POINT('',(-27.0837535320953,-0.961668470631167,-18.9));
#8312=CARTESIAN_POINT('',(-27.0837535320953,-13.5116684706312,0.8));
#8313=CARTESIAN_POINT('',(-27.0837535320953,-13.5116684706312,-6.8));
#8314=CARTESIAN_POINT('',(-27.0837535320953,-13.5116684706312,-0.4));
#8315=CARTESIAN_POINT('',(-27.0837535320953,4.08833152936883,0.8));
#8316=CARTESIAN_POINT('',(-27.0837535320953,-21.3616684706312,0.8));
#8317=CARTESIAN_POINT('',(-27.0837535320953,4.08833152936883,-6.8));
#8318=CARTESIAN_POINT('',(-27.0837535320953,4.08833152936883,-2.60000000000001));
#8319=CARTESIAN_POINT('',(-27.0837535320953,-28.5616684706312,-6.8));
#8320=CARTESIAN_POINT('Origin',(9.61624646790467,-43.3116684706311,7.2));
#8321=CARTESIAN_POINT('',(9.61624646790468,-35.1116684706311,2.8));
#8322=CARTESIAN_POINT('',(9.61624646790468,-35.1116684706311,7.2));
#8323=CARTESIAN_POINT('',(9.61624646790468,-35.1116684706311,2.8));
#8324=CARTESIAN_POINT('Origin',(9.61624646790468,-35.1116684706311,7.2));
#8325=CARTESIAN_POINT('',(17.8162464679047,-35.1116684706312,2.8));
#8326=CARTESIAN_POINT('Origin',(13.7162464679047,-39.2116684706311,2.8));
#8327=CARTESIAN_POINT('',(10.6162464679047,-36.1116684706311,2.8));
#8328=CARTESIAN_POINT('',(10.6162464679047,-42.3116684706311,2.8));
#8329=CARTESIAN_POINT('',(10.6162464679047,-36.1116684706311,2.8));
#8330=CARTESIAN_POINT('',(16.8162464679047,-42.3116684706311,2.8));
#8331=CARTESIAN_POINT('',(10.6162464679047,-42.3116684706311,2.8));
#8332=CARTESIAN_POINT('',(16.8162464679047,-36.1116684706312,2.8));
#8333=CARTESIAN_POINT('',(16.8162464679047,-42.3116684706311,2.8));
#8334=CARTESIAN_POINT('',(16.8162464679047,-36.1116684706312,2.8));
#8335=CARTESIAN_POINT('Origin',(10.6162464679047,-36.1116684706311,6.6));
#8336=CARTESIAN_POINT('',(16.8162464679047,-36.1116684706312,6.6));
#8337=CARTESIAN_POINT('',(16.8162464679047,-36.1116684706312,7.2));
#8338=CARTESIAN_POINT('',(10.6162464679047,-36.1116684706311,6.6));
#8339=CARTESIAN_POINT('',(16.8162464679047,-36.1116684706312,6.6));
#8340=CARTESIAN_POINT('',(10.6162464679047,-36.1116684706311,7.2));
#8341=CARTESIAN_POINT('Origin',(10.6162464679047,-42.3116684706311,6.6));
#8342=CARTESIAN_POINT('',(10.6162464679047,-42.3116684706311,6.6));
#8343=CARTESIAN_POINT('',(10.6162464679047,-36.1116684706311,6.6));
#8344=CARTESIAN_POINT('',(10.6162464679047,-42.3116684706311,6.6));
#8345=CARTESIAN_POINT('Origin',(16.8162464679047,-42.3116684706311,6.6));
#8346=CARTESIAN_POINT('',(16.8162464679047,-42.3116684706311,6.6));
#8347=CARTESIAN_POINT('',(10.6162464679047,-42.3116684706311,6.6));
#8348=CARTESIAN_POINT('',(16.8162464679047,-42.3116684706311,7.2));
#8349=CARTESIAN_POINT('Origin',(16.8162464679047,-36.1116684706312,6.6));
#8350=CARTESIAN_POINT('',(16.8162464679047,-42.3116684706311,6.6));
#8351=CARTESIAN_POINT('Origin',(13.7162464679047,-39.2116684706311,6.6));
#8352=CARTESIAN_POINT('',(15.5912464679047,-39.2116684706311,6.6));
#8353=CARTESIAN_POINT('Origin',(13.7162464679047,-39.2116684706311,6.6));
#8354=CARTESIAN_POINT('Origin',(-24.5837535320953,-42.7116684706312,-24.9));
#8355=CARTESIAN_POINT('',(-24.5837535320953,-40.2116684706312,-21.4));
#8356=CARTESIAN_POINT('',(-24.5837535320953,-40.2116684706312,-24.9));
#8357=CARTESIAN_POINT('',(-22.0837535320953,-42.7116684706312,-23.9));
#8358=CARTESIAN_POINT('Origin',(-24.5837535320953,-42.7116684706312,-21.4));
#8359=CARTESIAN_POINT('',(-22.0837535320953,-42.7116684706312,-24.9));
#8360=CARTESIAN_POINT('Origin',(-22.0837535320953,-45.2116684706312,-23.9));
#8361=CARTESIAN_POINT('',(-22.0837535320953,-45.2116684706312,-23.9));
#8362=CARTESIAN_POINT('',(-22.0837535320953,-45.2116684706312,-23.9));
#8363=CARTESIAN_POINT('',(-22.0837535320953,-45.2116684706312,-11.95));
#8364=CARTESIAN_POINT('Origin',(-24.5837535320953,-45.2116684706312,-21.4));
#8365=CARTESIAN_POINT('',(-23.4587535320953,-40.2116684706312,-22.525));
#8366=CARTESIAN_POINT('',(-25.0837535320953,-45.2116684706312,-20.9));
#8367=CARTESIAN_POINT('Origin',(-25.0837535320953,-43.2116684706312,-20.9));
#8368=CARTESIAN_POINT('',(-17.0587535320953,-45.2116684706312,-28.925));
#8369=CARTESIAN_POINT('Origin',(24.4162464679047,-42.7116684706312,-26.9));
#8370=CARTESIAN_POINT('',(21.9162464679047,-42.7116684706312,-23.9));
#8371=CARTESIAN_POINT('',(24.4162464679047,-40.2116684706312,-21.4));
#8372=CARTESIAN_POINT('Origin',(24.4162464679047,-42.7116684706312,-21.4));
#8373=CARTESIAN_POINT('',(24.4162464679047,-40.2116684706312,-26.9));
#8374=CARTESIAN_POINT('',(21.9162464679047,-42.7116684706312,-26.9));
#8375=CARTESIAN_POINT('Origin',(24.4162464679047,-40.2116684706312,-25.9));
#8376=CARTESIAN_POINT('',(26.9162464679047,-40.2116684706312,-18.9));
#8377=CARTESIAN_POINT('',(23.2912464679047,-40.2116684706312,-22.525));
#8378=CARTESIAN_POINT('',(26.9162464679047,-40.2116684706312,-12.95));
#8379=CARTESIAN_POINT('Origin',(24.4162464679047,-0.961668470631158,-21.4));
#8380=CARTESIAN_POINT('',(21.9162464679047,-45.2116684706312,-23.9));
#8381=CARTESIAN_POINT('',(21.9162464679047,-45.2116684706312,-23.9));
#8382=CARTESIAN_POINT('',(24.9162464679047,-45.2116684706312,-20.9));
#8383=CARTESIAN_POINT('',(30.3912464679047,-45.2116684706312,-15.425));
#8384=CARTESIAN_POINT('',(26.9162464679047,-43.2116684706311,-18.9));
#8385=CARTESIAN_POINT('Origin',(24.9162464679047,-43.2116684706311,-20.9));
#8386=CARTESIAN_POINT('',(26.9162464679047,-0.961668470631158,-18.9));
#8387=CARTESIAN_POINT('Origin',(24.4162464679047,40.7883315293688,-24.9));
#8388=CARTESIAN_POINT('',(24.4162464679047,38.2883315293688,-21.4));
#8389=CARTESIAN_POINT('',(24.4162464679047,38.2883315293688,-24.9));
#8390=CARTESIAN_POINT('',(21.9162464679047,40.7883315293688,-23.9));
#8391=CARTESIAN_POINT('Origin',(24.4162464679047,40.7883315293688,-21.4));
#8392=CARTESIAN_POINT('',(21.9162464679047,40.7883315293688,-24.9));
#8393=CARTESIAN_POINT('Origin',(24.4162464679047,38.2883315293688,-25.9));
#8394=CARTESIAN_POINT('',(26.9162464679047,38.2883315293688,-18.9));
#8395=CARTESIAN_POINT('',(26.9162464679047,38.2883315293688,-12.95));
#8396=CARTESIAN_POINT('',(23.2912464679047,38.2883315293688,-22.525));
#8397=CARTESIAN_POINT('Origin',(-24.5837535320953,40.7883315293688,-26.9));
#8398=CARTESIAN_POINT('',(-22.0837535320953,40.7883315293688,-23.9));
#8399=CARTESIAN_POINT('',(-24.5837535320953,38.2883315293688,-21.4));
#8400=CARTESIAN_POINT('Origin',(-24.5837535320953,40.7883315293688,-21.4));
#8401=CARTESIAN_POINT('',(-24.5837535320953,38.2883315293688,-26.9));
#8402=CARTESIAN_POINT('',(-22.0837535320953,40.7883315293688,-26.9));
#8403=CARTESIAN_POINT('Origin',(-24.5837535320953,38.2883315293688,-25.9));
#8404=CARTESIAN_POINT('',(-23.4587535320953,38.2883315293688,-22.525));
#8405=CARTESIAN_POINT('Origin',(-24.5837535320953,-0.961668470631167,-21.4));
#8406=CARTESIAN_POINT('',(-22.0837535320953,43.2883315293688,-23.9));
#8407=CARTESIAN_POINT('Origin',(26.4162464679047,42.7883315293688,0.));
#8408=CARTESIAN_POINT('',(28.4162464679047,42.7883315293688,-30.));
#8409=CARTESIAN_POINT('',(26.4162464679047,44.7883315293688,-30.));
#8410=CARTESIAN_POINT('Origin',(26.4162464679047,42.7883315293688,-30.));
#8411=CARTESIAN_POINT('',(26.4162464679047,44.7883315293688,0.));
#8412=CARTESIAN_POINT('',(28.4162464679047,42.7883315293688,0.));
#8413=CARTESIAN_POINT('Origin',(28.4162464679047,44.7883315293688,0.));
#8414=CARTESIAN_POINT('',(-26.5837535320953,44.7883315293688,-30.));
#8415=CARTESIAN_POINT('',(28.4162464679047,44.7883315293688,-30.));
#8416=CARTESIAN_POINT('',(-26.5837535320953,44.7883315293688,0.));
#8417=CARTESIAN_POINT('Origin',(-0.0837535320953231,-0.961668470631167,
-30.));
#8418=CARTESIAN_POINT('',(28.4162464679047,-44.7116684706312,-30.));
#8419=CARTESIAN_POINT('',(28.4162464679047,-46.7116684706312,-30.));
#8420=CARTESIAN_POINT('',(26.4162464679047,-46.7116684706312,-30.));
#8421=CARTESIAN_POINT('Origin',(26.4162464679047,-44.7116684706312,-30.));
#8422=CARTESIAN_POINT('',(-26.5837535320953,-46.7116684706312,-30.));
#8423=CARTESIAN_POINT('',(-28.5837535320953,-46.7116684706312,-30.));
#8424=CARTESIAN_POINT('Origin',(-26.5837535320953,-44.7116684706312,-30.));
#8425=CARTESIAN_POINT('Origin',(-26.5837535320953,42.7883315293688,-30.));
#8426=CARTESIAN_POINT('',(26.9162464679047,-43.2116684706311,-30.));
#8427=CARTESIAN_POINT('',(26.9162464679047,41.2883315293688,-30.));
#8428=CARTESIAN_POINT('',(26.9162464679047,-45.2116684706312,-30.));
#8429=CARTESIAN_POINT('Origin',(24.9162464679047,41.2883315293688,-30.));
#8430=CARTESIAN_POINT('Origin',(-25.0837535320953,41.2883315293688,-30.));
#8431=CARTESIAN_POINT('',(-25.0837535320953,-45.2116684706312,-30.));
#8432=CARTESIAN_POINT('Origin',(-25.0837535320953,-43.2116684706312,-30.));
#8433=CARTESIAN_POINT('',(24.9162464679047,-45.2116684706312,-30.));
#8434=CARTESIAN_POINT('',(-27.0837535320953,-45.2116684706312,-30.));
#8435=CARTESIAN_POINT('Origin',(24.9162464679047,-43.2116684706311,-30.));
#8436=CARTESIAN_POINT('Origin',(26.9162464679047,43.2883315293688,0.));
#8437=CARTESIAN_POINT('',(26.9162464679047,43.2883315293688,-18.9));
#8438=CARTESIAN_POINT('',(26.9162464679047,41.2883315293688,0.));
#8439=CARTESIAN_POINT('',(26.9162464679047,-43.2116684706311,0.));
#8440=CARTESIAN_POINT('',(26.9162464679047,-43.2116684706311,0.));
#8441=CARTESIAN_POINT('Origin',(24.9162464679047,41.2883315293688,0.));
#8442=CARTESIAN_POINT('Origin',(24.9162464679047,-43.2116684706311,0.));
#8443=CARTESIAN_POINT('',(24.9162464679047,-45.2116684706312,0.));
#8444=CARTESIAN_POINT('Origin',(26.9162464679047,-45.2116684706312,0.));
#8445=CARTESIAN_POINT('',(24.9162464679047,-45.2116684706312,0.));
#8446=CARTESIAN_POINT('',(21.9162464679047,-45.2116684706312,-13.95));
#8447=CARTESIAN_POINT('',(-25.0837535320953,-45.2116684706312,0.));
#8448=CARTESIAN_POINT('',(-25.0837535320953,-45.2116684706312,0.));
#8449=CARTESIAN_POINT('Origin',(24.9162464679047,-43.2116684706311,0.));
#8450=CARTESIAN_POINT('Origin',(-25.0837535320953,-43.2116684706312,0.));
#8451=CARTESIAN_POINT('Origin',(-25.0837535320953,-43.2116684706312,0.));
#8452=CARTESIAN_POINT('Origin',(26.4162464679047,-44.7116684706312,0.));
#8453=CARTESIAN_POINT('',(26.4162464679047,-46.7116684706312,0.));
#8454=CARTESIAN_POINT('',(28.4162464679047,-44.7116684706312,0.));
#8455=CARTESIAN_POINT('Origin',(-28.5837535320953,-46.7116684706312,0.));
#8456=CARTESIAN_POINT('',(-26.5837535320953,-46.7116684706312,0.));
#8457=CARTESIAN_POINT('Origin',(-0.0837535320953231,-0.961668470631167,
8.6));
#8458=CARTESIAN_POINT('',(15.5912464679047,-39.2116684706311,8.6));
#8459=CARTESIAN_POINT('Origin',(13.7162464679047,-39.2116684706311,8.6));
#8460=CARTESIAN_POINT('Origin',(-26.5837535320953,-44.7116684706312,0.));
#8461=CARTESIAN_POINT('Origin',(-26.5837535320953,42.7883315293688,0.));
#8462=CARTESIAN_POINT('Origin',(-25.0837535320953,41.2883315293688,0.));
#8463=CARTESIAN_POINT('Origin',(24.4162464679047,43.2883315293688,-21.4));
#8464=CARTESIAN_POINT('',(21.9162464679047,43.2883315293688,-23.9));
#8465=CARTESIAN_POINT('Origin',(21.9162464679047,-45.2116684706312,-27.9));
#8466=CARTESIAN_POINT('Origin',(-24.5837535320953,-40.2116684706312,-25.9));
#8467=CARTESIAN_POINT('Origin',(-22.0837535320953,43.2883315293688,-27.9));
#8468=CARTESIAN_POINT('Origin',(21.9162464679047,43.2883315293688,-23.9));
#8469=CARTESIAN_POINT('Origin',(-26.2837535320953,-12.7116684706312,-0.4));
#8470=CARTESIAN_POINT('',(-25.4837535320953,-11.9116684706312,-5.2));
#8471=CARTESIAN_POINT('',(-27.0837535320953,-13.5116684706312,-6.8));
#8472=CARTESIAN_POINT('',(-25.4837535320953,-11.9116684706312,-0.8));
#8473=CARTESIAN_POINT('',(-25.4837535320953,-11.9116684706312,-5.2));
#8474=CARTESIAN_POINT('',(-25.4837535320953,-11.9116684706312,-0.8));
#8475=CARTESIAN_POINT('Origin',(-26.2837535320953,-21.3616684706312,0.));
#8476=CARTESIAN_POINT('',(-25.4837535320953,2.48833152936883,-0.8));
#8477=CARTESIAN_POINT('',(-25.4837535320953,-11.9116684706312,-0.8));
#8478=CARTESIAN_POINT('',(-25.4837535320953,2.48833152936883,-0.8));
#8479=CARTESIAN_POINT('Origin',(-26.2837535320953,3.28833152936883,-2.60000000000001));
#8480=CARTESIAN_POINT('',(-25.4837535320953,2.48833152936883,-5.2));
#8481=CARTESIAN_POINT('',(-25.4837535320953,2.48833152936883,-0.8));
#8482=CARTESIAN_POINT('',(-25.4837535320953,2.48833152936883,-5.2));
#8483=CARTESIAN_POINT('Origin',(-26.2837535320953,-28.5616684706312,-6.));
#8484=CARTESIAN_POINT('',(-25.4837535320953,2.48833152936883,-5.2));
#8485=CARTESIAN_POINT('Origin',(-25.4837535320953,-4.71166847063117,-3.));
#8486=CARTESIAN_POINT('',(-25.4837535320953,-10.7116684706312,-4.));
#8487=CARTESIAN_POINT('',(-25.4837535320953,1.28833152936883,-4.));
#8488=CARTESIAN_POINT('',(-25.4837535320953,-10.7116684706312,-4.));
#8489=CARTESIAN_POINT('Origin',(-27.0837535320953,-10.7116684706312,-4.));
#8490=CARTESIAN_POINT('',(-27.0837535320953,-10.7116684706312,-4.));
#8491=CARTESIAN_POINT('Origin',(-27.0837535320953,1.28833152936883,-4.));
#8492=CARTESIAN_POINT('Origin',(-21.2837535320953,-32.7116684706312,8.6));
#8493=CARTESIAN_POINT('',(-17.2837535320953,-36.7116684706312,4.6));
#8494=CARTESIAN_POINT('',(-17.2837535320953,-39.2116684706312,4.6));
#8495=CARTESIAN_POINT('',(-17.2837535320953,-32.7116684706312,4.6));
#8496=CARTESIAN_POINT('',(-17.5337535320953,-36.4616684706312,4.85));
#8497=CARTESIAN_POINT('',(-19.5337535320953,-41.4616684706312,6.85));
#8498=CARTESIAN_POINT('Origin',(-21.2837535320953,-43.2116684706312,8.6));
#8499=CARTESIAN_POINT('',(-2.78375353209532,-39.2116684706312,4.6));
#8500=CARTESIAN_POINT('',(-21.2837535320953,-39.2116684706312,4.6));
#8501=CARTESIAN_POINT('',(-2.53375353209532,-39.4616684706312,4.85));
#8502=CARTESIAN_POINT('Origin',(1.21624646790468,-43.2116684706312,8.6));
#8503=CARTESIAN_POINT('',(-2.78375353209532,-36.7116684706312,4.6));
#8504=CARTESIAN_POINT('',(-2.78375353209532,-43.2116684706312,4.6));
#8505=CARTESIAN_POINT('',(-0.533753532095321,-34.4616684706312,6.85));
#8506=CARTESIAN_POINT('Origin',(1.21624646790468,-32.7116684706312,8.6));
#8507=CARTESIAN_POINT('',(1.21624646790468,-36.7116684706312,4.6));
#8508=CARTESIAN_POINT('Origin',(-10.0337535320953,-37.9616684706312,4.6));
#8509=CARTESIAN_POINT('Origin',(13.7162464679047,-39.2116684706311,8.6));
#8510=CARTESIAN_POINT('',(15.5912464679047,-39.2116684706311,8.6));
#8511=CARTESIAN_POINT('Origin',(-154.646253532095,2.28833152936862,6.6));
#8512=CARTESIAN_POINT('',(20.1234311541841,-22.8089536008696,4.6));
#8513=CARTESIAN_POINT('',(20.1234311541841,-22.8089536008696,4.6));
#8514=CARTESIAN_POINT('',(20.123431154184,27.3856166596074,4.6));
#8515=CARTESIAN_POINT('',(23.092969159473,27.812048406953,8.6));
#8516=CARTESIAN_POINT('Origin',(-154.646253532095,2.28833152936862,4.6));
#8517=CARTESIAN_POINT('Origin',(18.143739150658,27.1013288280436,6.6));
#8518=CARTESIAN_POINT('',(18.5188968249584,29.0658279294467,4.6));
#8519=CARTESIAN_POINT('',(19.0816333364089,32.0125765815513,8.6));
#8520=CARTESIAN_POINT('Origin',(18.143739150658,27.1013288280436,4.6));
#8521=CARTESIAN_POINT('Origin',(18.1437391506581,-22.5246657693059,6.6));
#8522=CARTESIAN_POINT('',(18.5188968249585,-24.489164870709,4.6));
#8523=CARTESIAN_POINT('Origin',(18.1437391506581,-22.5246657693059,4.6));
#8524=CARTESIAN_POINT('',(18.5188968249585,-24.489164870709,4.6));
#8525=CARTESIAN_POINT('Origin',(0.316246467904691,-66.2516684706312,6.6));
#8526=CARTESIAN_POINT('',(-17.8864038891491,29.0658279294467,4.6));
#8527=CARTESIAN_POINT('',(-18.4491404005997,32.0125765815513,8.6));
#8528=CARTESIAN_POINT('Origin',(0.316246467904691,-66.2516684706312,4.6));
#8529=CARTESIAN_POINT('Origin',(0.316246467904622,70.8283315293687,6.6));
#8530=CARTESIAN_POINT('',(-17.886403889149,-24.489164870709,4.6));
#8531=CARTESIAN_POINT('',(-17.886403889149,-24.489164870709,4.6));
#8532=CARTESIAN_POINT('Origin',(0.316246467904622,70.8283315293687,4.6));
#8533=CARTESIAN_POINT('Origin',(-17.5112462148487,27.1013288280436,6.6));
#8534=CARTESIAN_POINT('',(-19.4909382183747,27.3856166596073,4.6));
#8535=CARTESIAN_POINT('',(-22.4604762236637,27.812048406953,8.6));
#8536=CARTESIAN_POINT('Origin',(-17.5112462148487,27.1013288280436,4.6));
#8537=CARTESIAN_POINT('Origin',(-17.5112462148487,-22.5246657693059,6.6));
#8538=CARTESIAN_POINT('',(-19.4909382183746,-22.8089536008697,4.6));
#8539=CARTESIAN_POINT('Origin',(-17.5112462148487,-22.5246657693059,4.6));
#8540=CARTESIAN_POINT('',(-19.4909382183746,-22.8089536008697,4.6));
#8541=CARTESIAN_POINT('Origin',(155.278746467904,2.28833152936897,6.6));
#8542=CARTESIAN_POINT('Origin',(155.278746467904,2.28833152936897,4.6));
#8543=CARTESIAN_POINT('Origin',(-17.5112462148487,-22.5246657693059,5.6));
#8544=CARTESIAN_POINT('',(-17.886403889149,-24.489164870709,5.6));
#8545=CARTESIAN_POINT('',(-19.4909382183746,-22.8089536008697,5.6));
#8546=CARTESIAN_POINT('Origin',(0.316246467904622,70.8283315293687,5.6));
#8547=CARTESIAN_POINT('',(18.5188968249585,-24.489164870709,5.6));
#8548=CARTESIAN_POINT('Origin',(18.1437391506581,-22.5246657693059,5.6));
#8549=CARTESIAN_POINT('',(20.1234311541841,-22.8089536008696,5.6));
#8550=CARTESIAN_POINT('Origin',(-154.646253532095,2.28833152936862,5.6));
#8551=CARTESIAN_POINT('',(20.123431154184,27.3856166596074,5.6));
#8552=CARTESIAN_POINT('Origin',(-17.5112462148487,27.1013288280436,5.6));
#8553=CARTESIAN_POINT('',(-19.4909382183747,27.3856166596073,5.6));
#8554=CARTESIAN_POINT('',(-17.8864038891491,29.0658279294467,5.6));
#8555=CARTESIAN_POINT('Origin',(155.278746467904,2.28833152936897,5.6));
#8556=CARTESIAN_POINT('Origin',(18.143739150658,27.1013288280436,5.6));
#8557=CARTESIAN_POINT('',(18.5188968249584,29.0658279294467,5.6));
#8558=CARTESIAN_POINT('Origin',(0.316246467904691,-66.2516684706312,5.6));
#8559=CARTESIAN_POINT('Origin',(28.4162464679047,-46.7116684706312,0.));
#8560=CARTESIAN_POINT('Origin',(-16.1587535320953,-32.0116684706312,9.3));
#8561=CARTESIAN_POINT('',(-21.6837535320953,-32.3116684706312,9.));
#8562=CARTESIAN_POINT('',(1.61624646790468,-32.3116684706312,9.));
#8563=CARTESIAN_POINT('',(-16.1587535320953,-32.3116684706312,9.));
#8564=CARTESIAN_POINT('',(2.21624646790468,-31.7116684706312,9.6));
#8565=CARTESIAN_POINT('',(1.61624646790468,-32.3116684706312,9.));
#8566=CARTESIAN_POINT('',(-22.2837535320953,-31.7116684706312,9.6));
#8567=CARTESIAN_POINT('',(-16.1587535320953,-31.7116684706312,9.6));
#8568=CARTESIAN_POINT('',(-21.6837535320953,-32.3116684706312,9.));
#8569=CARTESIAN_POINT('Origin',(1.91624646790468,-33.3366684706312,9.3));
#8570=CARTESIAN_POINT('',(2.21624646790468,-44.2116684706312,9.6));
#8571=CARTESIAN_POINT('',(2.21624646790468,-34.8366684706312,9.6));
#8572=CARTESIAN_POINT('',(1.61624646790468,-43.6116684706312,9.));
#8573=CARTESIAN_POINT('',(1.61624646790468,-33.3366684706312,9.));
#8574=CARTESIAN_POINT('',(1.61624646790468,-43.6116684706312,9.));
#8575=CARTESIAN_POINT('Origin',(-3.90875353209532,-43.9116684706312,9.3));
#8576=CARTESIAN_POINT('',(-22.2837535320953,-44.2116684706312,9.6));
#8577=CARTESIAN_POINT('',(-3.90875353209532,-44.2116684706312,9.6));
#8578=CARTESIAN_POINT('',(-21.6837535320953,-43.6116684706312,9.));
#8579=CARTESIAN_POINT('',(-3.90875353209532,-43.6116684706312,9.));
#8580=CARTESIAN_POINT('',(-21.6837535320953,-43.6116684706312,9.));
#8581=CARTESIAN_POINT('Origin',(-21.9837535320953,-39.5866684706312,9.3));
#8582=CARTESIAN_POINT('',(-22.2837535320953,-41.0866684706312,9.6));
#8583=CARTESIAN_POINT('',(-21.6837535320953,-39.5866684706312,9.));
#8584=CARTESIAN_POINT('Origin',(-10.0337535320953,-34.9616684706312,9.));
#8585=CARTESIAN_POINT('',(1.11624646790468,-43.1116684706312,9.));
#8586=CARTESIAN_POINT('',(1.11624646790468,-41.7116684706312,9.));
#8587=CARTESIAN_POINT('',(1.11624646790468,-43.1116684706312,9.));
#8588=CARTESIAN_POINT('',(-21.1837535320953,-43.1116684706312,9.));
#8589=CARTESIAN_POINT('',(-21.1837535320953,-43.1116684706312,9.));
#8590=CARTESIAN_POINT('',(-21.1837535320953,-41.7116684706312,9.));
#8591=CARTESIAN_POINT('',(-21.1837535320953,-32.8116684706312,9.));
#8592=CARTESIAN_POINT('',(1.21624646790468,-41.7116684706312,9.));
#8593=CARTESIAN_POINT('',(1.11624646790468,-40.2116684706312,9.));
#8594=CARTESIAN_POINT('',(1.11624646790468,-38.7116684706312,9.));
#8595=CARTESIAN_POINT('',(1.11624646790468,-43.1116684706312,9.));
#8596=CARTESIAN_POINT('',(-21.1837535320953,-40.2116684706312,9.));
#8597=CARTESIAN_POINT('',(1.21624646790468,-40.2116684706312,9.));
#8598=CARTESIAN_POINT('',(-21.1837535320953,-38.7116684706312,9.));
#8599=CARTESIAN_POINT('',(-21.1837535320953,-32.8116684706312,9.));
#8600=CARTESIAN_POINT('',(1.21624646790468,-38.7116684706312,9.));
#8601=CARTESIAN_POINT('',(1.11624646790468,-37.2116684706312,9.));
#8602=CARTESIAN_POINT('',(1.11624646790468,-35.7116684706312,9.));
#8603=CARTESIAN_POINT('',(1.11624646790468,-43.1116684706312,9.));
#8604=CARTESIAN_POINT('',(-21.1837535320953,-37.2116684706312,9.));
#8605=CARTESIAN_POINT('',(1.21624646790468,-37.2116684706312,9.));
#8606=CARTESIAN_POINT('',(-21.1837535320953,-35.7116684706312,9.));
#8607=CARTESIAN_POINT('',(-21.1837535320953,-32.8116684706312,9.));
#8608=CARTESIAN_POINT('',(1.21624646790468,-35.7116684706312,9.));
#8609=CARTESIAN_POINT('',(-21.1837535320953,-34.2116684706312,9.));
#8610=CARTESIAN_POINT('',(1.11624646790468,-34.2116684706312,9.));
#8611=CARTESIAN_POINT('',(-21.2837535320953,-34.2116684706312,9.));
#8612=CARTESIAN_POINT('',(-21.1837535320953,-32.8116684706312,9.));
#8613=CARTESIAN_POINT('',(-21.1837535320953,-32.8116684706312,9.));
#8614=CARTESIAN_POINT('',(1.11624646790468,-32.8116684706312,9.));
#8615=CARTESIAN_POINT('',(1.11624646790468,-32.8116684706312,9.));
#8616=CARTESIAN_POINT('',(1.11624646790468,-43.1116684706312,9.));
#8617=CARTESIAN_POINT('Origin',(1.11624646790468,-43.1116684706312,9.6));
#8618=CARTESIAN_POINT('',(1.11624646790468,-34.2116684706312,9.6));
#8619=CARTESIAN_POINT('',(1.11624646790468,-34.2116684706312,9.6));
#8620=CARTESIAN_POINT('',(1.11624646790468,-32.8116684706312,9.6));
#8621=CARTESIAN_POINT('',(1.11624646790468,-32.8116684706312,9.6));
#8622=CARTESIAN_POINT('',(1.11624646790468,-40.5366684706312,9.6));
#8623=CARTESIAN_POINT('Origin',(1.11624646790468,-43.1116684706312,9.6));
#8624=CARTESIAN_POINT('',(1.11624646790468,-41.7116684706312,9.6));
#8625=CARTESIAN_POINT('',(1.11624646790468,-41.7116684706312,9.6));
#8626=CARTESIAN_POINT('',(1.11624646790468,-43.1116684706312,9.6));
#8627=CARTESIAN_POINT('',(1.11624646790468,-40.5366684706312,9.6));
#8628=CARTESIAN_POINT('',(1.11624646790468,-43.1116684706312,9.6));
#8629=CARTESIAN_POINT('Origin',(1.11624646790468,-43.1116684706312,9.6));
#8630=CARTESIAN_POINT('',(1.11624646790468,-38.7116684706312,9.6));
#8631=CARTESIAN_POINT('',(1.11624646790468,-38.7116684706312,9.6));
#8632=CARTESIAN_POINT('',(1.11624646790468,-40.2116684706312,9.6));
#8633=CARTESIAN_POINT('',(1.11624646790468,-40.5366684706312,9.6));
#8634=CARTESIAN_POINT('',(1.11624646790468,-40.2116684706312,9.6));
#8635=CARTESIAN_POINT('Origin',(-21.1837535320953,-32.8116684706312,9.6));
#8636=CARTESIAN_POINT('',(-21.1837535320953,-38.7116684706312,9.6));
#8637=CARTESIAN_POINT('',(-21.1837535320953,-38.7116684706312,9.6));
#8638=CARTESIAN_POINT('',(-21.1837535320953,-40.2116684706312,9.6));
#8639=CARTESIAN_POINT('',(-21.1837535320953,-40.2116684706312,9.6));
#8640=CARTESIAN_POINT('',(-21.1837535320953,-35.3866684706312,9.6));
#8641=CARTESIAN_POINT('Origin',(-21.1837535320953,-32.8116684706312,9.6));
#8642=CARTESIAN_POINT('',(-21.1837535320953,-41.7116684706312,9.6));
#8643=CARTESIAN_POINT('',(-21.1837535320953,-41.7116684706312,9.6));
#8644=CARTESIAN_POINT('',(-21.1837535320953,-43.1116684706312,9.6));
#8645=CARTESIAN_POINT('',(-21.1837535320953,-43.1116684706312,9.6));
#8646=CARTESIAN_POINT('',(-21.1837535320953,-35.3866684706312,9.6));
#8647=CARTESIAN_POINT('Origin',(-21.1837535320953,-32.8116684706312,9.6));
#8648=CARTESIAN_POINT('',(-21.1837535320953,-35.7116684706312,9.6));
#8649=CARTESIAN_POINT('',(-21.1837535320953,-35.7116684706312,9.6));
#8650=CARTESIAN_POINT('',(-21.1837535320953,-37.2116684706312,9.6));
#8651=CARTESIAN_POINT('',(-21.1837535320953,-37.2116684706312,9.6));
#8652=CARTESIAN_POINT('',(-21.1837535320953,-35.3866684706312,9.6));
#8653=CARTESIAN_POINT('Origin',(1.11624646790468,-43.1116684706312,9.6));
#8654=CARTESIAN_POINT('',(1.11624646790468,-35.7116684706312,9.6));
#8655=CARTESIAN_POINT('',(1.11624646790468,-35.7116684706312,9.6));
#8656=CARTESIAN_POINT('',(1.11624646790468,-37.2116684706312,9.6));
#8657=CARTESIAN_POINT('',(1.11624646790468,-40.5366684706312,9.6));
#8658=CARTESIAN_POINT('',(1.11624646790468,-37.2116684706312,9.6));
#8659=CARTESIAN_POINT('Origin',(-21.1837535320953,-43.1116684706312,9.6));
#8660=CARTESIAN_POINT('',(-15.6087535320953,-43.1116684706312,9.6));
#8661=CARTESIAN_POINT('Origin',(-21.1837535320953,-32.8116684706312,9.6));
#8662=CARTESIAN_POINT('',(-21.1837535320953,-34.2116684706312,9.6));
#8663=CARTESIAN_POINT('',(-21.1837535320953,-34.2116684706312,9.6));
#8664=CARTESIAN_POINT('',(-21.1837535320953,-32.8116684706312,9.6));
#8665=CARTESIAN_POINT('',(-21.1837535320953,-35.3866684706312,9.6));
#8666=CARTESIAN_POINT('',(-21.1837535320953,-32.8116684706312,9.6));
#8667=CARTESIAN_POINT('Origin',(1.11624646790468,-32.8116684706312,9.6));
#8668=CARTESIAN_POINT('',(-4.45875353209532,-32.8116684706312,9.6));
#8669=CARTESIAN_POINT('Origin',(-10.0337535320953,-37.9616684706312,9.6));
#8670=CARTESIAN_POINT('',(-4.45875353209532,-38.7116684706312,9.6));
#8671=CARTESIAN_POINT('',(-15.6087535320953,-40.2116684706312,9.6));
#8672=CARTESIAN_POINT('Origin',(-10.0337535320953,-37.9616684706312,9.6));
#8673=CARTESIAN_POINT('',(-4.45875353209532,-41.7116684706312,9.6));
#8674=CARTESIAN_POINT('Origin',(-10.0337535320953,-37.9616684706312,9.6));
#8675=CARTESIAN_POINT('',(-15.6087535320953,-34.2116684706312,9.6));
#8676=CARTESIAN_POINT('Origin',(-10.0337535320953,-37.9616684706312,9.6));
#8677=CARTESIAN_POINT('',(-23.2837535320953,-30.7116684706312,9.6));
#8678=CARTESIAN_POINT('',(-23.2837535320953,-45.2116684706312,9.6));
#8679=CARTESIAN_POINT('',(-23.2837535320953,-30.7116684706312,9.6));
#8680=CARTESIAN_POINT('',(3.21624646790469,-45.2116684706312,9.6));
#8681=CARTESIAN_POINT('',(-23.2837535320953,-45.2116684706312,9.6));
#8682=CARTESIAN_POINT('',(3.21624646790468,-30.7116684706312,9.6));
#8683=CARTESIAN_POINT('',(3.21624646790469,-45.2116684706312,9.6));
#8684=CARTESIAN_POINT('',(3.21624646790468,-30.7116684706312,9.6));
#8685=CARTESIAN_POINT('Origin',(1.11624646790468,-35.7116684706312,9.6));
#8686=CARTESIAN_POINT('',(-4.45875353209532,-35.7116684706312,9.6));
#8687=CARTESIAN_POINT('Origin',(-21.1837535320953,-34.2116684706312,9.6));
#8688=CARTESIAN_POINT('Origin',(1.11624646790468,-38.7116684706312,9.6));
#8689=CARTESIAN_POINT('Origin',(-21.1837535320953,-37.2116684706312,9.6));
#8690=CARTESIAN_POINT('',(-15.6087535320953,-37.2116684706312,9.6));
#8691=CARTESIAN_POINT('Origin',(1.11624646790468,-41.7116684706312,9.6));
#8692=CARTESIAN_POINT('Origin',(-21.1837535320953,-40.2116684706312,9.6));
#8693=CARTESIAN_POINT('Origin',(-21.1837535320953,-32.8116684706312,8.6));
#8694=CARTESIAN_POINT('',(-18.1837535320953,-35.8116684706312,5.6));
#8695=CARTESIAN_POINT('',(-18.1837535320953,-40.1116684706312,5.6));
#8696=CARTESIAN_POINT('',(-18.1837535320953,-32.8116684706312,5.6));
#8697=CARTESIAN_POINT('',(-21.1837535320953,-43.1116684706312,8.6));
#8698=CARTESIAN_POINT('',(-19.4670868654287,-41.3950018039645,6.88333333333333));
#8699=CARTESIAN_POINT('',(-21.1837535320953,-32.8116684706312,8.6));
#8700=CARTESIAN_POINT('',(-21.1837535320953,-35.3866684706312,8.6));
#8701=CARTESIAN_POINT('',(-17.4670868654287,-36.5283351372978,4.88333333333333));
#8702=CARTESIAN_POINT('Origin',(-21.1837535320953,-43.1116684706312,8.6));
#8703=CARTESIAN_POINT('',(-1.88375353209532,-40.1116684706312,5.6));
#8704=CARTESIAN_POINT('',(-21.1837535320953,-40.1116684706312,5.6));
#8705=CARTESIAN_POINT('',(1.11624646790468,-43.1116684706312,8.6));
#8706=CARTESIAN_POINT('',(-2.60042019876199,-39.3950018039645,4.88333333333333));
#8707=CARTESIAN_POINT('',(-15.6087535320953,-43.1116684706312,8.6));
#8708=CARTESIAN_POINT('Origin',(1.11624646790468,-43.1116684706312,8.6));
#8709=CARTESIAN_POINT('',(-1.88375353209532,-35.8116684706312,5.6));
#8710=CARTESIAN_POINT('',(-1.88375353209532,-43.1116684706312,5.6));
#8711=CARTESIAN_POINT('',(1.11624646790468,-32.8116684706312,8.6));
#8712=CARTESIAN_POINT('',(-0.600420198761989,-34.5283351372978,6.88333333333333));
#8713=CARTESIAN_POINT('',(1.11624646790468,-40.5366684706312,8.6));
#8714=CARTESIAN_POINT('Origin',(1.11624646790468,-32.8116684706312,8.6));
#8715=CARTESIAN_POINT('',(1.11624646790468,-35.8116684706312,5.6));
#8716=CARTESIAN_POINT('',(-4.45875353209532,-32.8116684706312,8.6));
#8717=CARTESIAN_POINT('Origin',(-10.0337535320953,-37.9616684706312,5.6));
#8718=CARTESIAN_POINT('Origin',(3.21624646790468,-30.7116684706312,8.6));
#8719=CARTESIAN_POINT('',(3.21624646790468,-30.7116684706312,8.6));
#8720=CARTESIAN_POINT('',(-23.2837535320953,-30.7116684706312,8.6));
#8721=CARTESIAN_POINT('',(3.21624646790468,-30.7116684706312,8.6));
#8722=CARTESIAN_POINT('',(-23.2837535320953,-30.7116684706312,8.6));
#8723=CARTESIAN_POINT('',(3.21624646790468,-30.7116684706312,8.6));
#8724=CARTESIAN_POINT('Origin',(3.21624646790469,-45.2116684706312,8.6));
#8725=CARTESIAN_POINT('',(3.21624646790469,-45.2116684706312,8.6));
#8726=CARTESIAN_POINT('',(3.21624646790469,-45.2116684706312,8.6));
#8727=CARTESIAN_POINT('',(3.21624646790469,-45.2116684706312,8.6));
#8728=CARTESIAN_POINT('Origin',(-23.2837535320953,-45.2116684706312,8.6));
#8729=CARTESIAN_POINT('',(-23.2837535320953,-45.2116684706312,8.6));
#8730=CARTESIAN_POINT('',(-23.2837535320953,-45.2116684706312,8.6));
#8731=CARTESIAN_POINT('',(-23.2837535320953,-45.2116684706312,8.6));
#8732=CARTESIAN_POINT('Origin',(-23.2837535320953,-30.7116684706312,8.6));
#8733=CARTESIAN_POINT('',(-23.2837535320953,-30.7116684706312,8.6));
#8734=CARTESIAN_POINT('Origin',(-10.0337535320953,-37.9616684706312,9.6));
#8735=CARTESIAN_POINT('Origin',(-10.0337535320953,-37.9616684706312,8.6));
#8736=CARTESIAN_POINT('Origin',(-1.35875353209534,-34.4866684706312,-32.875));
#8737=CARTESIAN_POINT('',(-1.23375353209534,-28.9866684706312,-33.));
#8738=CARTESIAN_POINT('',(-1.23375353209534,-36.4866684706312,-33.));
#8739=CARTESIAN_POINT('',(-1.23375353209534,-34.4866684706312,-33.));
#8740=CARTESIAN_POINT('',(-1.48375353209534,-36.2366684706312,-32.75));
#8741=CARTESIAN_POINT('',(-1.23375353209534,-36.4866684706312,-33.));
#8742=CARTESIAN_POINT('',(-1.48375353209534,-29.2366684706312,-32.75));
#8743=CARTESIAN_POINT('',(-1.48375353209534,-34.4866684706312,-32.75));
#8744=CARTESIAN_POINT('',(-1.23375353209534,-28.9866684706312,-33.));
#8745=CARTESIAN_POINT('Origin',(-4.10875353209534,-36.3616684706312,-32.875));
#8746=CARTESIAN_POINT('',(-5.23375353209534,-36.4866684706312,-33.));
#8747=CARTESIAN_POINT('',(-4.10875353209534,-36.4866684706312,-33.));
#8748=CARTESIAN_POINT('',(-4.98375353209534,-36.2366684706312,-32.75));
#8749=CARTESIAN_POINT('',(-5.23375353209534,-36.4866684706312,-33.));
#8750=CARTESIAN_POINT('',(-4.10875353209534,-36.2366684706312,-32.75));
#8751=CARTESIAN_POINT('Origin',(-5.10875353209534,-30.9866684706312,-32.875));
#8752=CARTESIAN_POINT('',(-5.23375353209534,-28.9866684706312,-33.));
#8753=CARTESIAN_POINT('',(-5.23375353209534,-30.9866684706312,-33.));
#8754=CARTESIAN_POINT('',(-4.98375353209534,-29.2366684706312,-32.75));
#8755=CARTESIAN_POINT('',(-5.23375353209534,-28.9866684706312,-33.));
#8756=CARTESIAN_POINT('',(-4.98375353209534,-30.9866684706312,-32.75));
#8757=CARTESIAN_POINT('Origin',(-2.35875353209534,-29.1116684706312,-32.875));
#8758=CARTESIAN_POINT('',(-2.35875353209534,-29.2366684706312,-32.75));
#8759=CARTESIAN_POINT('',(-2.35875353209534,-28.9866684706312,-33.));
#8760=CARTESIAN_POINT('Origin',(-1.48375353209534,-29.2366684706312,-30.));
#8761=CARTESIAN_POINT('',(-1.48375353209534,-29.2366684706312,-30.));
#8762=CARTESIAN_POINT('',(-1.48375353209534,-29.2366684706312,-30.));
#8763=CARTESIAN_POINT('',(-4.98375353209534,-29.2366684706312,-30.));
#8764=CARTESIAN_POINT('',(-0.78375353209533,-29.2366684706312,-30.));
#8765=CARTESIAN_POINT('',(-4.98375353209534,-29.2366684706312,-30.));
#8766=CARTESIAN_POINT('Origin',(-1.48375353209534,-36.2366684706312,-30.));
#8767=CARTESIAN_POINT('',(-1.48375353209534,-36.2366684706312,-30.));
#8768=CARTESIAN_POINT('',(-1.48375353209534,-36.2366684706312,-30.));
#8769=CARTESIAN_POINT('',(-1.48375353209534,-35.8616684706312,-30.));
#8770=CARTESIAN_POINT('',(-1.48375353209534,-18.5991684706312,-30.));
#8771=CARTESIAN_POINT('',(-1.48375353209534,-29.6116684706312,-30.));
#8772=CARTESIAN_POINT('',(-1.48375353209534,-18.5991684706312,-30.));
#8773=CARTESIAN_POINT('',(-1.48375353209534,-18.5991684706312,-30.));
#8774=CARTESIAN_POINT('Origin',(-3.23375353209534,-32.7366684706312,-33.));
#8775=CARTESIAN_POINT('',(-5.77664675090879,-28.4437752518177,-33.));
#8776=CARTESIAN_POINT('',(-5.77664675090879,-37.0295616894446,-33.));
#8777=CARTESIAN_POINT('',(-5.77664675090879,-25.9179184706312,-33.));
#8778=CARTESIAN_POINT('',(-0.690860313281887,-28.4437752518177,-33.));
#8779=CARTESIAN_POINT('',(-3.13375353209533,-28.4437752518177,-33.));
#8780=CARTESIAN_POINT('',(-0.690860313281888,-37.0295616894446,-33.));
#8781=CARTESIAN_POINT('',(-0.690860313281888,-23.6679184706312,-33.));
#8782=CARTESIAN_POINT('',(-1.75875353209533,-37.0295616894446,-33.));
#8783=CARTESIAN_POINT('Origin',(-4.85875353209534,-15.4116684706312,-29.875));
#8784=CARTESIAN_POINT('',(-4.98375353209534,-35.8616684706312,-30.));
#8785=CARTESIAN_POINT('',(-4.98375353209534,-29.6116684706312,-30.));
#8786=CARTESIAN_POINT('',(-4.98375353209534,-15.0991684706312,-30.));
#8787=CARTESIAN_POINT('',(-4.73375353209534,-29.8616684706312,-29.75));
#8788=CARTESIAN_POINT('',(-4.98375353209534,-29.6116684706312,-30.));
#8789=CARTESIAN_POINT('',(-4.73375353209534,-35.6116684706312,-29.75));
#8790=CARTESIAN_POINT('',(-4.73375353209534,-15.4116684706312,-29.75));
#8791=CARTESIAN_POINT('',(-4.98375353209534,-35.8616684706312,-30.));
#8792=CARTESIAN_POINT('Origin',(-0.90875353209533,-29.7366684706312,-29.875));
#8793=CARTESIAN_POINT('',(-1.73375353209534,-29.8616684706312,-29.75));
#8794=CARTESIAN_POINT('',(-0.90875353209533,-29.8616684706312,-29.75));
#8795=CARTESIAN_POINT('',(-0.90875353209533,-29.6116684706312,-30.));
#8796=CARTESIAN_POINT('',(-1.48375353209534,-29.6116684706312,-30.));
#8797=CARTESIAN_POINT('Origin',(-2.40875353209533,-35.7366684706312,-29.875));
#8798=CARTESIAN_POINT('',(-1.73375353209534,-35.6116684706312,-29.75));
#8799=CARTESIAN_POINT('',(-2.40875353209533,-35.6116684706312,-29.75));
#8800=CARTESIAN_POINT('',(-1.73375353209534,-35.6116684706312,-29.75));
#8801=CARTESIAN_POINT('',(-2.40875353209533,-35.8616684706312,-30.));
#8802=CARTESIAN_POINT('Origin',(-1.60875353209534,-18.2866684706312,-29.875));
#8803=CARTESIAN_POINT('',(-1.73375353209534,-18.2866684706312,-29.75));
#8804=CARTESIAN_POINT('Origin',(-0.0837535320953231,-0.961668470631167,
-30.));
#8805=CARTESIAN_POINT('',(-4.98375353209534,-36.2366684706312,-30.));
#8806=CARTESIAN_POINT('',(-2.53375353209533,-36.2366684706312,-30.));
#8807=CARTESIAN_POINT('',(-4.98375353209534,-15.0991684706312,-30.));
#8808=CARTESIAN_POINT('Origin',(-0.0837535320953231,-0.961668470631167,
-30.));
#8809=CARTESIAN_POINT('',(-4.98375353209534,-15.0991684706312,-30.));
#8810=CARTESIAN_POINT('Origin',(-4.73375353209534,-35.6116684706312,-30.));
#8811=CARTESIAN_POINT('',(-4.73375353209534,-35.6116684706312,-28.));
#8812=CARTESIAN_POINT('',(-4.73375353209534,-35.6116684706312,-30.));
#8813=CARTESIAN_POINT('',(-1.73375353209534,-35.6116684706312,-28.));
#8814=CARTESIAN_POINT('',(-2.40875353209533,-35.6116684706312,-28.));
#8815=CARTESIAN_POINT('',(-1.73375353209534,-35.6116684706312,-30.));
#8816=CARTESIAN_POINT('Origin',(-4.73375353209534,-29.8616684706312,-30.));
#8817=CARTESIAN_POINT('',(-4.73375353209534,-29.8616684706312,-28.));
#8818=CARTESIAN_POINT('',(-4.73375353209534,-29.8616684706312,-30.));
#8819=CARTESIAN_POINT('',(-4.73375353209534,-15.4116684706312,-28.));
#8820=CARTESIAN_POINT('Ctrl Pts',(-8.48375353209534,-25.0295616894446,-30.));
#8821=CARTESIAN_POINT('Ctrl Pts',(-8.69751183712231,-25.0295616894446,-30.));
#8822=CARTESIAN_POINT('Ctrl Pts',(-9.05852969980289,-25.1618923029236,-30.));
#8823=CARTESIAN_POINT('Ctrl Pts',(-9.19086031328188,-25.5229101656042,-30.));
#8824=CARTESIAN_POINT('Ctrl Pts',(-9.19086031328188,-25.7366684706312,-30.));
#8825=CARTESIAN_POINT('Ctrl Pts',(-8.48375353209534,-25.1604613833442,-30.));
#8826=CARTESIAN_POINT('Ctrl Pts',(-8.67109442658552,-25.1435511968112,-30.0002638139695));
#8827=CARTESIAN_POINT('Ctrl Pts',(-8.9837399998716,-25.2366820028549,-30.0002256791234));
#8828=CARTESIAN_POINT('Ctrl Pts',(-9.07687080591526,-25.549327576141,-30.0002638139695));
#8829=CARTESIAN_POINT('Ctrl Pts',(-9.05996061938231,-25.7366684706312,-30.));
#8830=CARTESIAN_POINT('Ctrl Pts',(-8.48375353209534,-25.2905550188263,-30.0538865481951));
#8831=CARTESIAN_POINT('Ctrl Pts',(-8.64486325591757,-25.2573215610137,-30.0397061098081));
#8832=CARTESIAN_POINT('Ctrl Pts',(-8.90903709873194,-25.3113849039946,-30.0258030554505));
#8833=CARTESIAN_POINT('Ctrl Pts',(-8.96310044171277,-25.5755587468089,-30.0397061098081));
#8834=CARTESIAN_POINT('Ctrl Pts',(-8.92986698390024,-25.7366684706312,-30.0538865481951));
#8835=CARTESIAN_POINT('Ctrl Pts',(-8.48375353209534,-25.3831150800379,-30.1464466094067));
#8836=CARTESIAN_POINT('Ctrl Pts',(-8.62625906877999,-25.3474886958667,-30.1108202252356));
#8837=CARTESIAN_POINT('Ctrl Pts',(-8.84488254165387,-25.3755394610726,-30.072705683702));
#8838=CARTESIAN_POINT('Ctrl Pts',(-8.87293330685977,-25.5941629339465,-30.1108202252356));
#8839=CARTESIAN_POINT('Ctrl Pts',(-8.83730692268861,-25.7366684706312,-30.1464466094067));
#8840=CARTESIAN_POINT('',(-8.83730692268861,-25.7366684706312,-30.1464466094067));
#8841=CARTESIAN_POINT('',(-8.48375353209534,-25.3831150800379,-30.1464466094067));
#8842=CARTESIAN_POINT('Origin',(-7.77664675090879,-26.4437752518177,-30.5));
#8843=CARTESIAN_POINT('',(-9.19086031328189,-25.7366684706312,-30.));
#8844=CARTESIAN_POINT('Origin',(-9.19086031328189,-25.7366684706312,-30.5));
#8845=CARTESIAN_POINT('',(-8.48375353209534,-25.0295616894446,-30.));
#8846=CARTESIAN_POINT('Origin',(-7.77664675090879,-26.4437752518177,-30.));
#8847=CARTESIAN_POINT('Origin',(-8.48375353209534,-25.0295616894446,-30.5));
#8848=CARTESIAN_POINT('Origin',(-5.77664675090879,-28.4437752518177,-32.5));
#8849=CARTESIAN_POINT('',(-5.77664675090878,-28.0902218612244,-32.8535533905933));
#8850=CARTESIAN_POINT('Origin',(-5.77664675090879,-28.4437752518177,-32.5));
#8851=CARTESIAN_POINT('',(-6.13020014150206,-28.4437752518177,-32.8535533905933));
#8852=CARTESIAN_POINT('Origin',(-5.77664675090879,-28.4437752518177,-32.5));
#8853=CARTESIAN_POINT('Origin',(-5.77664675090878,-28.4437752518177,-32.5));
#8854=CARTESIAN_POINT('Ctrl Pts',(-9.19086031328188,-39.7366684706312,-30.));
#8855=CARTESIAN_POINT('Ctrl Pts',(-9.19086031328188,-39.9504267756582,-30.));
#8856=CARTESIAN_POINT('Ctrl Pts',(-9.05851659544411,-40.3114315339799,-30.));
#8857=CARTESIAN_POINT('Ctrl Pts',(-8.69751183712232,-40.4437752518177,-30.));
#8858=CARTESIAN_POINT('Ctrl Pts',(-8.48375353209534,-40.4437752518177,-30.));
#8859=CARTESIAN_POINT('Ctrl Pts',(-9.05996061938231,-39.7366684706312,-30.));
#8860=CARTESIAN_POINT('Ctrl Pts',(-9.07687080591526,-39.9240093651213,-30.0002638139695));
#8861=CARTESIAN_POINT('Ctrl Pts',(-8.98373036665078,-40.2366453051866,-30.0002499084586));
#8862=CARTESIAN_POINT('Ctrl Pts',(-8.67109442658551,-40.3297857444511,-30.0002638139695));
#8863=CARTESIAN_POINT('Ctrl Pts',(-8.48375353209534,-40.3128755579181,-30.));
#8864=CARTESIAN_POINT('Ctrl Pts',(-8.92986698390024,-39.7366684706312,-30.0538865481951));
#8865=CARTESIAN_POINT('Ctrl Pts',(-8.96310044171277,-39.8977781944534,-30.0397061098081));
#8866=CARTESIAN_POINT('Ctrl Pts',(-8.90902838398561,-40.1619433225214,-30.0258248396466));
#8867=CARTESIAN_POINT('Ctrl Pts',(-8.64486325591757,-40.2160153802486,-30.0397061098081));
#8868=CARTESIAN_POINT('Ctrl Pts',(-8.48375353209534,-40.1827819224361,-30.0538865481951));
#8869=CARTESIAN_POINT('Ctrl Pts',(-8.83730692268861,-39.7366684706312,-30.1464466094067));
#8870=CARTESIAN_POINT('Ctrl Pts',(-8.87293330685977,-39.8791740073158,-30.1108202252356));
#8871=CARTESIAN_POINT('Ctrl Pts',(-8.84487162135489,-40.0977865598907,-30.0727100518216));
#8872=CARTESIAN_POINT('Ctrl Pts',(-8.62625906877999,-40.1258482453956,-30.1108202252356));
#8873=CARTESIAN_POINT('Ctrl Pts',(-8.48375353209534,-40.0902218612244,-30.1464466094067));
#8874=CARTESIAN_POINT('',(-8.48375353209534,-40.4437752518177,-30.));
#8875=CARTESIAN_POINT('',(-9.19086031328189,-39.7366684706312,-30.));
#8876=CARTESIAN_POINT('Origin',(-7.77664675090879,-39.0295616894446,-30.));
#8877=CARTESIAN_POINT('',(-8.83730692268861,-39.7366684706312,-30.1464466094067));
#8878=CARTESIAN_POINT('Origin',(-9.19086031328189,-39.7366684706312,-30.5));
#8879=CARTESIAN_POINT('',(-8.48375353209534,-40.0902218612244,-30.1464466094067));
#8880=CARTESIAN_POINT('Origin',(-7.77664675090879,-39.0295616894446,-30.5));
#8881=CARTESIAN_POINT('Origin',(-8.48375353209534,-40.4437752518177,-30.5));
#8882=CARTESIAN_POINT('Origin',(-9.19086031328189,-10.0304184706312,-30.5));
#8883=CARTESIAN_POINT('',(-8.83730692268861,-10.0304184706312,-30.1464466094067));
#8884=CARTESIAN_POINT('',(-9.19086031328189,-10.0304184706312,-30.));
#8885=CARTESIAN_POINT('Ctrl Pts',(2.72335324909121,-25.7366684706312,-30.));
#8886=CARTESIAN_POINT('Ctrl Pts',(2.72335324909121,-25.5229101656042,-30.));
#8887=CARTESIAN_POINT('Ctrl Pts',(2.59103015307284,-25.161884785463,-30.));
#8888=CARTESIAN_POINT('Ctrl Pts',(2.23000477293164,-25.0295616894446,-30.));
#8889=CARTESIAN_POINT('Ctrl Pts',(2.01624646790467,-25.0295616894446,-30.));
#8890=CARTESIAN_POINT('Ctrl Pts',(2.59245355519163,-25.7366684706312,-30.));
#8891=CARTESIAN_POINT('Ctrl Pts',(2.60936374172459,-25.549327576141,-30.0002638139695));
#8892=CARTESIAN_POINT('Ctrl Pts',(2.5162384618848,-25.236676476651,-30.0002117796969));
#8893=CARTESIAN_POINT('Ctrl Pts',(2.20358736239484,-25.1435511968112,-30.0002638139695));
#8894=CARTESIAN_POINT('Ctrl Pts',(2.01624646790467,-25.1604613833442,-30.));
#8895=CARTESIAN_POINT('Ctrl Pts',(2.46235991970957,-25.7366684706312,-30.0538865481951));
#8896=CARTESIAN_POINT('Ctrl Pts',(2.4955933775221,-25.5755587468089,-30.0397061098081));
#8897=CARTESIAN_POINT('Ctrl Pts',(2.44153503385208,-25.3113799046838,-30.0257905587051));
#8898=CARTESIAN_POINT('Ctrl Pts',(2.1773561917269,-25.2573215610137,-30.0397061098081));
#8899=CARTESIAN_POINT('Ctrl Pts',(2.01624646790467,-25.2905550188263,-30.0538865481951));
#8900=CARTESIAN_POINT('Ctrl Pts',(2.36979985849794,-25.7366684706312,-30.1464466094067));
#8901=CARTESIAN_POINT('Ctrl Pts',(2.4054262426691,-25.5941629339465,-30.1108202252356));
#8902=CARTESIAN_POINT('Ctrl Pts',(2.37738174201372,-25.3755331965221,-30.0727031778818));
#8903=CARTESIAN_POINT('Ctrl Pts',(2.15875200458931,-25.3474886958667,-30.1108202252356));
#8904=CARTESIAN_POINT('Ctrl Pts',(2.01624646790466,-25.3831150800379,-30.1464466094067));
#8905=CARTESIAN_POINT('',(2.01624646790467,-25.0295616894446,-30.));
#8906=CARTESIAN_POINT('',(2.72335324909121,-25.7366684706312,-30.));
#8907=CARTESIAN_POINT('Origin',(1.30913968671811,-26.4437752518177,-30.));
#8908=CARTESIAN_POINT('',(2.36979985849794,-25.7366684706312,-30.1464466094067));
#8909=CARTESIAN_POINT('Origin',(2.72335324909121,-25.7366684706312,-30.5));
#8910=CARTESIAN_POINT('',(2.01624646790467,-25.3831150800379,-30.1464466094067));
#8911=CARTESIAN_POINT('Origin',(1.30913968671811,-26.4437752518177,-30.5));
#8912=CARTESIAN_POINT('Origin',(2.01624646790467,-25.0295616894446,-30.5));
#8913=CARTESIAN_POINT('Origin',(-5.77664675090879,-37.0295616894446,-32.5));
#8914=CARTESIAN_POINT('',(-6.13020014150206,-37.0295616894446,-32.8535533905933));
#8915=CARTESIAN_POINT('',(-5.77664675090879,-37.3831150800379,-32.8535533905933));
#8916=CARTESIAN_POINT('Origin',(-5.77664675090879,-37.0295616894446,-32.5));
#8917=CARTESIAN_POINT('Origin',(-5.77664675090879,-37.0295616894446,-32.5));
#8918=CARTESIAN_POINT('Origin',(-5.77664675090879,-37.0295616894446,-32.5));
#8919=CARTESIAN_POINT('Origin',(-5.77664675090879,-25.9179184706312,-32.5));
#8920=CARTESIAN_POINT('',(-6.13020014150206,-25.9179184706312,-32.8535533905933));
#8921=CARTESIAN_POINT('Origin',(-0.690860313281887,-28.4437752518177,-32.5));
#8922=CARTESIAN_POINT('',(-0.337306922688614,-28.4437752518177,-32.8535533905933));
#8923=CARTESIAN_POINT('Origin',(-0.690860313281888,-28.4437752518177,-32.5));
#8924=CARTESIAN_POINT('',(-0.690860313281887,-28.0902218612244,-32.8535533905933));
#8925=CARTESIAN_POINT('Origin',(-0.690860313281887,-28.4437752518177,-32.5));
#8926=CARTESIAN_POINT('Origin',(-0.690860313281887,-28.4437752518177,-32.5));
#8927=CARTESIAN_POINT('Origin',(-3.13375353209533,-28.4437752518177,-32.5));
#8928=CARTESIAN_POINT('',(-3.13375353209533,-28.0902218612244,-32.8535533905933));
#8929=CARTESIAN_POINT('Origin',(2.12846087417582,-25.62445406436,-29.6806788125423));
#8930=CARTESIAN_POINT('',(2.48201426476909,-25.62445406436,-30.0342322031356));
#8931=CARTESIAN_POINT('',(2.12846087417582,-25.2709006737667,-30.0342322031356));
#8932=CARTESIAN_POINT('Ctrl Pts',(2.01624646790466,-40.4437752518177,-30.));
#8933=CARTESIAN_POINT('Ctrl Pts',(2.23000477293164,-40.4437752518177,-30.));
#8934=CARTESIAN_POINT('Ctrl Pts',(2.59101493593395,-40.3114369386604,-30.));
#8935=CARTESIAN_POINT('Ctrl Pts',(2.72335324909121,-39.9504267756582,-30.));
#8936=CARTESIAN_POINT('Ctrl Pts',(2.72335324909121,-39.7366684706312,-30.));
#8937=CARTESIAN_POINT('Ctrl Pts',(2.01624646790466,-40.3128755579181,-30.));
#8938=CARTESIAN_POINT('Ctrl Pts',(2.20358736239484,-40.3297857444511,-30.0002638139695));
#8939=CARTESIAN_POINT('Ctrl Pts',(2.51622727552599,-40.2366492782525,-30.0002399154618));
#8940=CARTESIAN_POINT('Ctrl Pts',(2.60936374172459,-39.9240093651213,-30.0002638139695));
#8941=CARTESIAN_POINT('Ctrl Pts',(2.59245355519164,-39.7366684706312,-30.));
#8942=CARTESIAN_POINT('Ctrl Pts',(2.01624646790466,-40.1827819224361,-30.0538865481951));
#8943=CARTESIAN_POINT('Ctrl Pts',(2.1773561917269,-40.2160153802486,-30.0397061098081));
#8944=CARTESIAN_POINT('Ctrl Pts',(2.4415249140509,-40.1619469167774,-30.0258158551078));
#8945=CARTESIAN_POINT('Ctrl Pts',(2.4955933775221,-39.8977781944534,-30.0397061098081));
#8946=CARTESIAN_POINT('Ctrl Pts',(2.46235991970957,-39.7366684706312,-30.0538865481951));
#8947=CARTESIAN_POINT('Ctrl Pts',(2.01624646790466,-40.0902218612244,-30.1464466094067));
#8948=CARTESIAN_POINT('Ctrl Pts',(2.15875200458932,-40.1258482453956,-30.1108202252356));
#8949=CARTESIAN_POINT('Ctrl Pts',(2.37736906106465,-40.0977910637912,-30.0727082502614));
#8950=CARTESIAN_POINT('Ctrl Pts',(2.4054262426691,-39.8791740073158,-30.1108202252356));
#8951=CARTESIAN_POINT('Ctrl Pts',(2.36979985849794,-39.7366684706312,-30.1464466094067));
#8952=CARTESIAN_POINT('',(2.72335324909121,-39.7366684706312,-30.));
#8953=CARTESIAN_POINT('',(2.01624646790466,-40.4437752518177,-30.));
#8954=CARTESIAN_POINT('Origin',(1.30913968671812,-39.0295616894446,-30.));
#8955=CARTESIAN_POINT('',(2.01624646790467,-40.0902218612244,-30.1464466094067));
#8956=CARTESIAN_POINT('Origin',(2.01624646790466,-40.4437752518177,-30.5));
#8957=CARTESIAN_POINT('',(2.36979985849794,-39.7366684706312,-30.1464466094067));
#8958=CARTESIAN_POINT('Origin',(1.30913968671812,-39.0295616894446,-30.5));
#8959=CARTESIAN_POINT('Origin',(2.72335324909121,-39.7366684706312,-30.5));
#8960=CARTESIAN_POINT('Origin',(-0.183753532095327,-40.4437752518177,-30.5));
#8961=CARTESIAN_POINT('',(-0.183753532095327,-40.0902218612244,-30.1464466094067));
#8962=CARTESIAN_POINT('',(-0.183753532095327,-40.4437752518177,-30.));
#8963=CARTESIAN_POINT('Origin',(-0.690860313281888,-37.0295616894446,-32.5));
#8964=CARTESIAN_POINT('',(-0.690860313281887,-37.3831150800379,-32.8535533905933));
#8965=CARTESIAN_POINT('',(-0.337306922688614,-37.0295616894446,-32.8535533905933));
#8966=CARTESIAN_POINT('Origin',(-0.690860313281886,-37.0295616894446,-32.5));
#8967=CARTESIAN_POINT('Origin',(-0.690860313281888,-37.0295616894446,-32.5));
#8968=CARTESIAN_POINT('Origin',(-0.690860313281888,-37.0295616894446,-32.5));
#8969=CARTESIAN_POINT('Origin',(-1.75875353209533,-37.0295616894446,-32.5));
#8970=CARTESIAN_POINT('',(-1.75875353209533,-37.3831150800379,-32.8535533905933));
#8971=CARTESIAN_POINT('Origin',(-0.690860313281888,-23.6679184706312,-32.5));
#8972=CARTESIAN_POINT('',(-0.337306922688614,-23.6679184706312,-32.8535533905933));
#8973=CARTESIAN_POINT('Origin',(-3.45903912582418,-34.2613828769023,-35.2681788125423));
#8974=CARTESIAN_POINT('',(-3.45903912582418,-34.6149362674956,-35.6217322031356));
#8975=CARTESIAN_POINT('',(-3.10548573523091,-34.2613828769023,-35.6217322031356));
#8976=CARTESIAN_POINT('Origin',(2.72335324909121,-7.78041847063117,-30.5));
#8977=CARTESIAN_POINT('',(2.36979985849794,-7.78041847063117,-30.1464466094067));
#8978=CARTESIAN_POINT('',(2.72335324909121,-7.78041847063117,-30.));
#8979=CARTESIAN_POINT('Origin',(-2.77513460503315,-34.028049543569,-35.5015121458756));
#8980=CARTESIAN_POINT('',(-3.12868799562643,-34.028049543569,-35.8550655364689));
#8981=CARTESIAN_POINT('',(-2.77513460503315,-34.3816029341623,-35.8550655364689));
#8982=CARTESIAN_POINT('Origin',(-1.55875353209533,-25.0295616894446,-30.5));
#8983=CARTESIAN_POINT('',(-1.55875353209533,-25.3831150800379,-30.1464466094067));
#8984=CARTESIAN_POINT('',(-1.55875353209533,-25.0295616894446,-30.));
#8985=CARTESIAN_POINT('Origin',(-7.77930127169982,-26.4411207310267,-30.497345479209));
#8986=CARTESIAN_POINT('',(-8.1328546622931,-26.4411207310267,-30.8508988698022));
#8987=CARTESIAN_POINT('',(-7.77930127169982,-26.0875673404334,-30.8508988698022));
#8988=CARTESIAN_POINT('Origin',(-7.48375353209534,-19.0991684706312,-31.5));
#8989=CARTESIAN_POINT('Origin',(-3.03375353209533,-26.7366684706312,-31.5));
#8990=CARTESIAN_POINT('Origin',(1.01624646790466,-14.5991684706312,-31.5));
#8991=CARTESIAN_POINT('Origin',(-0.0837535320953231,-0.961668470631167,
-30.));
#8992=CARTESIAN_POINT('',(24.8162464679047,-45.1116684706312,-30.));
#8993=CARTESIAN_POINT('',(26.8162464679047,-43.1116684706312,-30.));
#8994=CARTESIAN_POINT('Origin',(24.8162464679047,-43.1116684706312,-30.));
#8995=CARTESIAN_POINT('',(-24.9837535320953,-45.1116684706312,-30.));
#8996=CARTESIAN_POINT('',(-26.9837535320953,-45.1116684706312,-30.));
#8997=CARTESIAN_POINT('',(-26.9837535320953,-43.1116684706312,-30.));
#8998=CARTESIAN_POINT('Origin',(-24.9837535320953,-43.1116684706312,-30.));
#8999=CARTESIAN_POINT('',(-26.9837535320953,41.1883315293689,-30.));
#9000=CARTESIAN_POINT('',(-26.9837535320953,43.1883315293688,-30.));
#9001=CARTESIAN_POINT('',(-24.9837535320953,43.1883315293688,-30.));
#9002=CARTESIAN_POINT('Origin',(-24.9837535320953,41.1883315293689,-30.));
#9003=CARTESIAN_POINT('',(24.8162464679047,43.1883315293688,-30.));
#9004=CARTESIAN_POINT('',(26.8162464679047,43.1883315293688,-30.));
#9005=CARTESIAN_POINT('',(26.8162464679047,41.1883315293688,-30.));
#9006=CARTESIAN_POINT('Origin',(24.8162464679047,41.1883315293688,-30.));
#9007=CARTESIAN_POINT('',(26.8162464679047,-45.1116684706312,-30.));
#9008=CARTESIAN_POINT('',(-20.4837535320953,-39.6116684706312,-30.));
#9009=CARTESIAN_POINT('',(-14.7337535320953,-39.6116684706312,-30.));
#9010=CARTESIAN_POINT('',(-10.2837535320953,-39.6116684706312,-30.));
#9011=CARTESIAN_POINT('',(-14.7337535320953,-25.1116684706312,-30.));
#9012=CARTESIAN_POINT('',(-14.7337535320953,-20.2866684706312,-30.));
#9013=CARTESIAN_POINT('',(-20.4837535320953,-25.1116684706312,-30.));
#9014=CARTESIAN_POINT('',(-7.40875353209533,-25.1116684706312,-30.));
#9015=CARTESIAN_POINT('',(-20.4837535320953,-13.0366684706312,-30.));
#9016=CARTESIAN_POINT('',(-26.8337535320954,40.7883315293688,-30.));
#9017=CARTESIAN_POINT('Origin',(-24.5837535320954,40.7883315293688,-30.));
#9018=CARTESIAN_POINT('',(22.1662464679047,-42.7116684706312,-30.));
#9019=CARTESIAN_POINT('Origin',(24.4162464679047,-42.7116684706312,-30.));
#9020=CARTESIAN_POINT('',(-20.4837535320953,35.0607262000472,-30.));
#9021=CARTESIAN_POINT('',(-20.4837535320953,-16.6840631413095,-30.));
#9022=CARTESIAN_POINT('',(-20.4837535320953,-9.63666847063116,-30.));
#9023=CARTESIAN_POINT('',(-18.1897091038457,-18.3116684706311,-30.));
#9024=CARTESIAN_POINT('Origin',(-16.182590898574,-15.2600295666977,-30.));
#9025=CARTESIAN_POINT('',(17.468166666607,-18.3116684706311,-30.));
#9026=CARTESIAN_POINT('',(9.71624646790467,-18.3116684706311,-30.));
#9027=CARTESIAN_POINT('',(19.5162464679047,-16.2635886693335,-30.));
#9028=CARTESIAN_POINT('Origin',(16.4646075639712,-15.2600295666977,-30.));
#9029=CARTESIAN_POINT('',(19.5162464679047,34.6402517280712,-30.));
#9030=CARTESIAN_POINT('',(19.5162464679047,17.8633315293688,-30.));
#9031=CARTESIAN_POINT('',(17.4681666666071,36.6883315293689,-30.));
#9032=CARTESIAN_POINT('Origin',(16.4646075639712,33.6366926254354,-30.));
#9033=CARTESIAN_POINT('',(-18.1897091038457,36.6883315293689,-30.));
#9034=CARTESIAN_POINT('',(-10.2837535320953,36.6883315293689,-30.));
#9035=CARTESIAN_POINT('Origin',(-16.182590898574,33.6366926254354,-30.));
#9036=CARTESIAN_POINT('',(-26.8337535320953,-42.7116684706312,-30.));
#9037=CARTESIAN_POINT('Origin',(-24.5837535320953,-42.7116684706312,-30.));
#9038=CARTESIAN_POINT('',(22.1662464679047,40.7883315293688,-30.));
#9039=CARTESIAN_POINT('Origin',(24.4162464679047,40.7883315293688,-30.));
#9040=CARTESIAN_POINT('Origin',(-0.28375353209533,-38.7366684706312,-31.5));
#9041=CARTESIAN_POINT('Origin',(-4.98375353209534,-36.2366684706312,-30.));
#9042=CARTESIAN_POINT('',(-4.98375353209534,-36.2366684706312,-30.));
#9043=CARTESIAN_POINT('Origin',(-4.98375353209534,-29.2366684706312,-30.));
#9044=CARTESIAN_POINT('Origin',(-20.4837535320953,-39.6116684706312,-30.));
#9045=CARTESIAN_POINT('',(-20.4837535320953,-39.6116684706312,-28.));
#9046=CARTESIAN_POINT('',(-20.4837535320953,-39.6116684706312,-30.));
#9047=CARTESIAN_POINT('',(-14.7337535320953,-39.6116684706312,-28.));
#9048=CARTESIAN_POINT('',(-10.2837535320953,-39.6116684706312,-28.));
#9049=CARTESIAN_POINT('',(-14.7337535320953,-39.6116684706312,-30.));
#9050=CARTESIAN_POINT('Origin',(-20.4837535320953,-25.1116684706312,-30.));
#9051=CARTESIAN_POINT('',(-20.4837535320953,-25.1116684706312,-28.));
#9052=CARTESIAN_POINT('',(-20.4837535320953,-25.1116684706312,-30.));
#9053=CARTESIAN_POINT('',(-20.4837535320953,-13.0366684706312,-28.));
#9054=CARTESIAN_POINT('Origin',(-14.7337535320953,-25.1116684706312,-30.));
#9055=CARTESIAN_POINT('',(-14.7337535320953,-25.1116684706312,-28.));
#9056=CARTESIAN_POINT('',(-14.7337535320953,-25.1116684706312,-30.));
#9057=CARTESIAN_POINT('',(-7.40875353209533,-25.1116684706312,-28.));
#9058=CARTESIAN_POINT('Origin',(-14.7337535320953,-39.6116684706312,-30.));
#9059=CARTESIAN_POINT('',(-14.7337535320953,-20.2866684706312,-28.));
#9060=CARTESIAN_POINT('Origin',(-1.73375353209534,-29.8616684706312,-30.));
#9061=CARTESIAN_POINT('',(-1.73375353209534,-29.8616684706312,-28.));
#9062=CARTESIAN_POINT('',(-1.73375353209534,-29.8616684706312,-30.));
#9063=CARTESIAN_POINT('',(-0.90875353209533,-29.8616684706312,-28.));
#9064=CARTESIAN_POINT('Origin',(-1.73375353209534,-35.6116684706312,-30.));
#9065=CARTESIAN_POINT('',(-1.73375353209534,-18.2866684706312,-28.));
#9066=CARTESIAN_POINT('Origin',(11.2146075639712,16.0633315293689,-37.5));
#9067=CARTESIAN_POINT('',(13.2626873652688,-10.0100295666977,-38.9336558609083));
#9068=CARTESIAN_POINT('',(11.2146075639712,-10.0100295666977,-40.));
#9069=CARTESIAN_POINT('Origin',(11.2146075639712,-10.0100295666977,-37.5));
#9070=CARTESIAN_POINT('',(11.2146075639712,28.3866926254354,-40.));
#9071=CARTESIAN_POINT('',(11.2146075639712,16.0633315293689,-40.));
#9072=CARTESIAN_POINT('',(13.2626873652688,28.3866926254354,-38.9336558609083));
#9073=CARTESIAN_POINT('Origin',(11.2146075639712,28.3866926254354,-37.5));
#9074=CARTESIAN_POINT('',(13.2626873652688,16.0633315293689,-38.9336558609083));
#9075=CARTESIAN_POINT('Origin',(-5.48375353209535,28.3866926254354,-37.5));
#9076=CARTESIAN_POINT('',(11.2146075639712,30.434772426733,-38.9336558609083));
#9077=CARTESIAN_POINT('Origin',(11.2146075639712,28.3866926254354,-37.5));
#9078=CARTESIAN_POINT('',(-5.68259089857403,28.3866926254354,-40.));
#9079=CARTESIAN_POINT('',(-5.48375353209535,28.3866926254354,-40.));
#9080=CARTESIAN_POINT('',(-5.68259089857403,30.434772426733,-38.9336558609083));
#9081=CARTESIAN_POINT('Origin',(-5.68259089857403,28.3866926254354,-37.5));
#9082=CARTESIAN_POINT('',(-5.48375353209535,30.434772426733,-38.9336558609083));
#9083=CARTESIAN_POINT('Origin',(11.2146075639712,28.3866926254354,-37.5));
#9084=CARTESIAN_POINT('Origin',(11.2146075639712,28.3866926254354,-37.5));
#9085=CARTESIAN_POINT('Origin',(-5.68259089857403,2.31333152936886,-37.5));
#9086=CARTESIAN_POINT('',(-7.13568638287177,28.3866926254354,-39.5343336780168));
#9087=CARTESIAN_POINT('Origin',(-5.68259089857403,28.3866926254354,-37.5));
#9088=CARTESIAN_POINT('',(-5.68259089857403,-10.0100295666977,-40.));
#9089=CARTESIAN_POINT('',(-5.68259089857403,2.31333152936886,-40.));
#9090=CARTESIAN_POINT('',(-7.13568638287177,-10.0100295666977,-39.5343336780168));
#9091=CARTESIAN_POINT('Origin',(-5.68259089857403,-10.0100295666977,-37.5));
#9092=CARTESIAN_POINT('',(-7.13568638287177,2.31333152936886,-39.5343336780168));
#9093=CARTESIAN_POINT('Origin',(-5.68259089857403,28.3866926254354,-37.5));
#9094=CARTESIAN_POINT('Origin',(-5.68259089857403,28.3866926254354,-37.5));
#9095=CARTESIAN_POINT('Origin',(4.51624646790465,-10.0100295666977,-37.5));
#9096=CARTESIAN_POINT('',(-5.68259089857403,-12.0581093679953,-38.9336558609083));
#9097=CARTESIAN_POINT('Origin',(-5.68259089857403,-10.0100295666977,-37.5));
#9098=CARTESIAN_POINT('',(4.51624646790465,-10.0100295666977,-40.));
#9099=CARTESIAN_POINT('',(11.2146075639712,-12.0581093679953,-38.9336558609083));
#9100=CARTESIAN_POINT('Origin',(11.2146075639712,-10.0100295666977,-37.5));
#9101=CARTESIAN_POINT('',(4.51624646790465,-12.0581093679953,-38.9336558609083));
#9102=CARTESIAN_POINT('Origin',(-5.68259089857403,-10.0100295666977,-37.5));
#9103=CARTESIAN_POINT('Origin',(-5.68259089857403,-10.0100295666977,-37.5));
#9104=CARTESIAN_POINT('Origin',(11.2146075639712,-10.0100295666977,-37.5));
#9105=CARTESIAN_POINT('Origin',(11.2146075639712,-10.0100295666977,-37.5));
#9106=CARTESIAN_POINT('Origin',(-6.27922419931506,28.6850092758059,-37.0738333566136));
#9107=CARTESIAN_POINT('',(-7.7323196836128,28.6850092758059,-39.1081670346304));
#9108=CARTESIAN_POINT('',(-6.27922419931506,30.7330890771035,-38.5074892175219));
#9109=CARTESIAN_POINT('Origin',(-13.4837535320953,-4.56166847063115,-35.));
#9110=CARTESIAN_POINT('',(-5.95695736477221,-9.42066505764794,-40.3762829766594));
#9111=CARTESIAN_POINT('Origin',(-4.50386188047447,-9.42066505764794,-38.3419492986425));
#9112=CARTESIAN_POINT('',(-4.50386188047447,-11.4687448589455,-39.7756051595509));
#9113=CARTESIAN_POINT('Origin',(9.51624646790465,-14.8116684706311,-35.));
#9114=CARTESIAN_POINT('',(8.99963591036252,-9.84313771438662,-42.0979010803493));
#9115=CARTESIAN_POINT('Origin',(-0.483753532095346,9.18833152936886,-40.));
#9116=CARTESIAN_POINT('Origin',(-10.4837535320953,33.1883315293689,-35.));
#9117=CARTESIAN_POINT('',(9.92766621339282,29.1478310761546,-40.7721435045918));
#9118=CARTESIAN_POINT('Origin',(9.92766621339282,27.099751274857,-39.3384876436834));
#9119=CARTESIAN_POINT('',(11.9757460146904,27.099751274857,-40.7721435045918));
#9120=CARTESIAN_POINT('Origin',(8.99963591036252,-7.79505791308901,-40.664245219441));
#9121=CARTESIAN_POINT('',(11.0477157116601,-7.79505791308901,-42.0979010803493));
#9122=CARTESIAN_POINT('Origin',(16.0162464679047,22.9383315293689,-35.));
#9123=CARTESIAN_POINT('Origin',(24.4162464679047,40.7883315293688,-29.5));
#9124=CARTESIAN_POINT('',(23.1662464679047,40.7883315293688,-29.));
#9125=CARTESIAN_POINT('',(22.6662464679047,40.7883315293688,-29.5));
#9126=CARTESIAN_POINT('Origin',(24.4162464679047,40.7883315293688,-29.));
#9127=CARTESIAN_POINT('Origin',(24.4162464679047,40.7883315293688,-30.));
#9128=CARTESIAN_POINT('',(23.1662464679047,40.7883315293688,-28.));
#9129=CARTESIAN_POINT('',(23.1662464679047,40.7883315293688,-30.));
#9130=CARTESIAN_POINT('Origin',(24.4162464679047,40.7883315293688,-28.));
#9131=CARTESIAN_POINT('Origin',(-24.5837535320954,40.7883315293688,-29.5));
#9132=CARTESIAN_POINT('',(-25.8337535320954,40.7883315293688,-29.));
#9133=CARTESIAN_POINT('',(-26.3337535320954,40.7883315293688,-29.5));
#9134=CARTESIAN_POINT('Origin',(-24.5837535320954,40.7883315293688,-29.));
#9135=CARTESIAN_POINT('Origin',(-24.5837535320954,40.7883315293688,-30.));
#9136=CARTESIAN_POINT('',(-25.8337535320954,40.7883315293688,-28.));
#9137=CARTESIAN_POINT('',(-25.8337535320954,40.7883315293688,-30.));
#9138=CARTESIAN_POINT('Origin',(-24.5837535320954,40.7883315293688,-28.));
#9139=CARTESIAN_POINT('Origin',(-24.5837535320953,-42.7116684706312,-29.5));
#9140=CARTESIAN_POINT('',(-25.8337535320953,-42.7116684706312,-29.));
#9141=CARTESIAN_POINT('',(-26.3337535320953,-42.7116684706312,-29.5));
#9142=CARTESIAN_POINT('Origin',(-24.5837535320953,-42.7116684706312,-29.));
#9143=CARTESIAN_POINT('Origin',(-24.5837535320953,-42.7116684706312,-30.));
#9144=CARTESIAN_POINT('',(-25.8337535320953,-42.7116684706312,-28.));
#9145=CARTESIAN_POINT('',(-25.8337535320953,-42.7116684706312,-30.));
#9146=CARTESIAN_POINT('Origin',(-24.5837535320953,-42.7116684706312,-28.));
#9147=CARTESIAN_POINT('Origin',(24.4162464679047,-42.7116684706312,-29.5));
#9148=CARTESIAN_POINT('',(23.1662464679047,-42.7116684706312,-29.));
#9149=CARTESIAN_POINT('',(22.6662464679047,-42.7116684706312,-29.5));
#9150=CARTESIAN_POINT('Origin',(24.4162464679047,-42.7116684706312,-29.));
#9151=CARTESIAN_POINT('Origin',(24.4162464679047,-42.7116684706312,-30.));
#9152=CARTESIAN_POINT('',(23.1662464679047,-42.7116684706312,-28.));
#9153=CARTESIAN_POINT('',(23.1662464679047,-42.7116684706312,-30.));
#9154=CARTESIAN_POINT('Origin',(24.4162464679047,-42.7116684706312,-28.));
#9155=CARTESIAN_POINT('Origin',(24.8162464679047,-43.1116684706312,-28.));
#9156=CARTESIAN_POINT('',(26.8162464679047,-43.1116684706312,-28.));
#9157=CARTESIAN_POINT('',(26.8162464679047,-43.1116684706312,-28.));
#9158=CARTESIAN_POINT('',(24.8162464679047,-45.1116684706312,-28.));
#9159=CARTESIAN_POINT('Origin',(24.8162464679047,-43.1116684706312,-28.));
#9160=CARTESIAN_POINT('',(24.8162464679047,-45.1116684706312,-28.));
#9161=CARTESIAN_POINT('Origin',(26.8162464679047,-45.1116684706312,-28.));
#9162=CARTESIAN_POINT('',(-24.9837535320953,-45.1116684706312,-28.));
#9163=CARTESIAN_POINT('',(-26.9837535320953,-45.1116684706312,-28.));
#9164=CARTESIAN_POINT('',(-24.9837535320953,-45.1116684706312,-28.));
#9165=CARTESIAN_POINT('Origin',(-0.0837535320953231,-0.961668470631167,
-28.));
#9166=CARTESIAN_POINT('',(26.8162464679047,41.1883315293688,-28.));
#9167=CARTESIAN_POINT('',(26.8162464679047,-45.1116684706312,-28.));
#9168=CARTESIAN_POINT('',(24.8162464679047,43.1883315293688,-28.));
#9169=CARTESIAN_POINT('Origin',(24.8162464679047,41.1883315293688,-28.));
#9170=CARTESIAN_POINT('',(-24.9837535320953,43.1883315293688,-28.));
#9171=CARTESIAN_POINT('',(26.8162464679047,43.1883315293688,-28.));
#9172=CARTESIAN_POINT('',(-26.9837535320953,41.1883315293689,-28.));
#9173=CARTESIAN_POINT('Origin',(-24.9837535320953,41.1883315293689,-28.));
#9174=CARTESIAN_POINT('',(-26.9837535320953,-43.1116684706312,-28.));
#9175=CARTESIAN_POINT('',(-26.9837535320953,43.1883315293688,-28.));
#9176=CARTESIAN_POINT('Origin',(-24.9837535320953,-43.1116684706312,-28.));
#9177=CARTESIAN_POINT('Origin',(24.8162464679047,41.1883315293688,-28.));
#9178=CARTESIAN_POINT('',(24.8162464679047,43.1883315293688,-28.));
#9179=CARTESIAN_POINT('',(26.8162464679047,41.1883315293688,-28.));
#9180=CARTESIAN_POINT('Origin',(-26.9837535320953,43.1883315293688,-28.));
#9181=CARTESIAN_POINT('',(-24.9837535320953,43.1883315293688,-28.));
#9182=CARTESIAN_POINT('Origin',(-24.9837535320953,41.1883315293689,-28.));
#9183=CARTESIAN_POINT('',(-26.9837535320953,41.1883315293689,-28.));
#9184=CARTESIAN_POINT('Origin',(-24.9837535320953,-43.1116684706312,-28.));
#9185=CARTESIAN_POINT('',(-26.9837535320953,-43.1116684706312,-28.));
#9186=CARTESIAN_POINT('Origin',(-26.9837535320953,-45.1116684706312,-28.));
#9187=CARTESIAN_POINT('Origin',(26.8162464679047,43.1883315293689,-28.));
#9188=CARTESIAN_POINT('Origin',(28.4162464679047,20.7883315293688,-10.7));
#9189=CARTESIAN_POINT('',(28.4162464679047,18.7883315293688,-10.7));
#9190=CARTESIAN_POINT('Origin',(28.4162464679047,20.7883315293688,-10.7));
#9191=CARTESIAN_POINT('',(30.4162464679047,18.7883315293688,-10.7));
#9192=CARTESIAN_POINT('',(28.4162464679047,18.7883315293688,-10.7));
#9193=CARTESIAN_POINT('Origin',(30.4162464679047,20.7883315293688,-10.7));
#9194=CARTESIAN_POINT('Origin',(30.4162464679047,20.7883315293688,-10.7));
#9195=CARTESIAN_POINT('Origin',(28.4162464679047,-3.21166847063116,-10.7));
#9196=CARTESIAN_POINT('',(28.4162464679047,-5.21166847063116,-10.7));
#9197=CARTESIAN_POINT('Origin',(28.4162464679047,-3.21166847063116,-10.7));
#9198=CARTESIAN_POINT('',(30.4162464679047,-5.21166847063116,-10.7));
#9199=CARTESIAN_POINT('',(28.4162464679047,-5.21166847063116,-10.7));
#9200=CARTESIAN_POINT('Origin',(30.4162464679047,-3.21166847063116,-10.7));
#9201=CARTESIAN_POINT('Origin',(30.4162464679047,-3.21166847063116,-10.7));
#9202=CARTESIAN_POINT('Origin',(32.4162464679047,20.7883315293688,-0.200000000000001));
#9203=CARTESIAN_POINT('',(32.9162464679047,5.78833152936884,0.299999999999999));
#9204=CARTESIAN_POINT('',(31.9162464679047,5.78833152936884,-0.700000000000001));
#9205=CARTESIAN_POINT('',(32.6662464679047,5.78833152936884,0.0499999999999991));
#9206=CARTESIAN_POINT('',(32.9162464679047,25.7883315293688,0.299999999999999));
#9207=CARTESIAN_POINT('',(32.9162464679047,27.2883315293688,0.299999999999999));
#9208=CARTESIAN_POINT('',(31.9162464679047,25.7883315293688,-0.700000000000001));
#9209=CARTESIAN_POINT('',(31.9162464679047,25.7883315293688,-0.700000000000002));
#9210=CARTESIAN_POINT('',(31.9162464679047,20.7883315293688,-0.700000000000001));
#9211=CARTESIAN_POINT('Origin',(29.9162464679047,25.7883315293688,0.299999999999999));
#9212=CARTESIAN_POINT('',(29.9162464679047,25.7883315293688,0.299999999999999));
#9213=CARTESIAN_POINT('',(29.1662464679047,25.7883315293688,0.299999999999999));
#9214=CARTESIAN_POINT('',(29.9162464679047,25.7883315293688,-0.700000000000001));
#9215=CARTESIAN_POINT('',(29.9162464679047,25.7883315293688,0.299999999999999));
#9216=CARTESIAN_POINT('',(32.9162464679047,25.7883315293688,-0.700000000000001));
#9217=CARTESIAN_POINT('Ctrl Pts',(29.4162464679047,0.788331529368838,0.299999999999999));
#9218=CARTESIAN_POINT('Ctrl Pts',(29.4162464679047,-1.21166847063116,0.299999999999999));
#9219=CARTESIAN_POINT('Ctrl Pts',(31.4162464679047,-1.21166847063116,0.299999999999999));
#9220=CARTESIAN_POINT('Ctrl Pts',(33.4162464679047,-1.21166847063116,0.299999999999999));
#9221=CARTESIAN_POINT('Ctrl Pts',(33.4162464679047,0.788331529368838,0.299999999999999));
#9222=CARTESIAN_POINT('Ctrl Pts',(33.4162464679047,2.78833152936884,0.299999999999999));
#9223=CARTESIAN_POINT('Ctrl Pts',(31.4162464679047,2.78833152936884,0.299999999999999));
#9224=CARTESIAN_POINT('Ctrl Pts',(29.4162464679047,2.78833152936884,0.299999999999999));
#9225=CARTESIAN_POINT('Ctrl Pts',(29.4162464679047,0.788331529368838,0.299999999999999));
#9226=CARTESIAN_POINT('Ctrl Pts',(29.4162464679047,0.788331529368838,1.3));
#9227=CARTESIAN_POINT('Ctrl Pts',(29.4162464679047,-1.21166847063116,1.3));
#9228=CARTESIAN_POINT('Ctrl Pts',(31.4162464679047,-1.21166847063116,1.3));
#9229=CARTESIAN_POINT('Ctrl Pts',(33.4162464679047,-1.21166847063116,1.3));
#9230=CARTESIAN_POINT('Ctrl Pts',(33.4162464679047,0.788331529368838,1.3));
#9231=CARTESIAN_POINT('Ctrl Pts',(33.4162464679047,2.78833152936884,1.3));
#9232=CARTESIAN_POINT('Ctrl Pts',(31.4162464679047,2.78833152936884,1.3));
#9233=CARTESIAN_POINT('Ctrl Pts',(29.4162464679047,2.78833152936884,1.3));
#9234=CARTESIAN_POINT('Ctrl Pts',(29.4162464679047,0.788331529368838,1.3));
#9235=CARTESIAN_POINT('Ctrl Pts',(30.4162464679047,0.788331529368838,1.3));
#9236=CARTESIAN_POINT('Ctrl Pts',(30.4162464679047,-0.211668470631163,1.3));
#9237=CARTESIAN_POINT('Ctrl Pts',(31.4162464679047,-0.211668470631163,1.3));
#9238=CARTESIAN_POINT('Ctrl Pts',(32.4162464679047,-0.211668470631163,1.3));
#9239=CARTESIAN_POINT('Ctrl Pts',(32.4162464679047,0.788331529368838,1.3));
#9240=CARTESIAN_POINT('Ctrl Pts',(32.4162464679047,1.78833152936884,1.3));
#9241=CARTESIAN_POINT('Ctrl Pts',(31.4162464679047,1.78833152936884,1.3));
#9242=CARTESIAN_POINT('Ctrl Pts',(30.4162464679047,1.78833152936884,1.3));
#9243=CARTESIAN_POINT('Ctrl Pts',(30.4162464679047,0.788331529368838,1.3));
#9244=CARTESIAN_POINT('',(30.4162464679047,0.788331529368837,1.3));
#9245=CARTESIAN_POINT('Origin',(31.4162464679047,0.788331529368838,1.3));
#9246=CARTESIAN_POINT('',(29.4162464679047,0.788331529368837,0.299999999999999));
#9247=CARTESIAN_POINT('Origin',(30.4162464679047,0.788331529368837,0.299999999999999));
#9248=CARTESIAN_POINT('Origin',(31.4162464679047,0.788331529368838,0.299999999999999));
#9249=CARTESIAN_POINT('Origin',(31.4162464679047,0.788331529368838,1.3));
#9250=CARTESIAN_POINT('Ctrl Pts',(29.4162464679047,-6.71166847063116,0.299999999999999));
#9251=CARTESIAN_POINT('Ctrl Pts',(29.4162464679047,-8.71166847063116,0.299999999999999));
#9252=CARTESIAN_POINT('Ctrl Pts',(31.4162464679047,-8.71166847063116,0.299999999999999));
#9253=CARTESIAN_POINT('Ctrl Pts',(33.4162464679047,-8.71166847063116,0.299999999999999));
#9254=CARTESIAN_POINT('Ctrl Pts',(33.4162464679047,-6.71166847063116,0.299999999999999));
#9255=CARTESIAN_POINT('Ctrl Pts',(33.4162464679047,-4.71166847063116,0.299999999999999));
#9256=CARTESIAN_POINT('Ctrl Pts',(31.4162464679047,-4.71166847063116,0.299999999999999));
#9257=CARTESIAN_POINT('Ctrl Pts',(29.4162464679047,-4.71166847063116,0.299999999999999));
#9258=CARTESIAN_POINT('Ctrl Pts',(29.4162464679047,-6.71166847063116,0.299999999999999));
#9259=CARTESIAN_POINT('Ctrl Pts',(29.4162464679047,-6.71166847063116,1.3));
#9260=CARTESIAN_POINT('Ctrl Pts',(29.4162464679047,-8.71166847063116,1.3));
#9261=CARTESIAN_POINT('Ctrl Pts',(31.4162464679047,-8.71166847063116,1.3));
#9262=CARTESIAN_POINT('Ctrl Pts',(33.4162464679047,-8.71166847063116,1.3));
#9263=CARTESIAN_POINT('Ctrl Pts',(33.4162464679047,-6.71166847063116,1.3));
#9264=CARTESIAN_POINT('Ctrl Pts',(33.4162464679047,-4.71166847063116,1.3));
#9265=CARTESIAN_POINT('Ctrl Pts',(31.4162464679047,-4.71166847063116,1.3));
#9266=CARTESIAN_POINT('Ctrl Pts',(29.4162464679047,-4.71166847063116,1.3));
#9267=CARTESIAN_POINT('Ctrl Pts',(29.4162464679047,-6.71166847063116,1.3));
#9268=CARTESIAN_POINT('Ctrl Pts',(30.4162464679047,-6.71166847063116,1.3));
#9269=CARTESIAN_POINT('Ctrl Pts',(30.4162464679047,-7.71166847063116,1.3));
#9270=CARTESIAN_POINT('Ctrl Pts',(31.4162464679047,-7.71166847063116,1.3));
#9271=CARTESIAN_POINT('Ctrl Pts',(32.4162464679047,-7.71166847063116,1.3));
#9272=CARTESIAN_POINT('Ctrl Pts',(32.4162464679047,-6.71166847063116,1.3));
#9273=CARTESIAN_POINT('Ctrl Pts',(32.4162464679047,-5.71166847063116,1.3));
#9274=CARTESIAN_POINT('Ctrl Pts',(31.4162464679047,-5.71166847063116,1.3));
#9275=CARTESIAN_POINT('Ctrl Pts',(30.4162464679047,-5.71166847063116,1.3));
#9276=CARTESIAN_POINT('Ctrl Pts',(30.4162464679047,-6.71166847063116,1.3));
#9277=CARTESIAN_POINT('',(30.4162464679047,-6.71166847063116,1.3));
#9278=CARTESIAN_POINT('Origin',(31.4162464679047,-6.71166847063116,1.3));
#9279=CARTESIAN_POINT('',(29.4162464679047,-6.71166847063116,0.299999999999999));
#9280=CARTESIAN_POINT('Origin',(30.4162464679047,-6.71166847063116,0.299999999999999));
#9281=CARTESIAN_POINT('Origin',(31.4162464679047,-6.71166847063116,0.299999999999999));
#9282=CARTESIAN_POINT('Origin',(31.4162464679047,-6.71166847063116,1.3));
#9283=CARTESIAN_POINT('Origin',(29.9162464679047,5.78833152936884,0.299999999999999));
#9284=CARTESIAN_POINT('',(29.9162464679047,5.78833152936884,0.299999999999999));
#9285=CARTESIAN_POINT('',(29.9162464679047,17.2883315293688,0.299999999999999));
#9286=CARTESIAN_POINT('',(29.9162464679047,5.78833152936884,-0.700000000000001));
#9287=CARTESIAN_POINT('',(29.9162464679047,5.78833152936884,0.299999999999999));
#9288=CARTESIAN_POINT('',(29.9162464679047,25.7883315293688,-0.700000000000001));
#9289=CARTESIAN_POINT('Origin',(32.9162464679047,5.78833152936884,0.299999999999999));
#9290=CARTESIAN_POINT('',(29.9162464679047,5.78833152936884,-0.700000000000001));
#9291=CARTESIAN_POINT('',(30.6662464679047,5.78833152936884,0.299999999999999));
#9292=CARTESIAN_POINT('Origin',(31.4162464679047,15.7883315293688,-0.700000000000001));
#9293=CARTESIAN_POINT('Origin',(31.4162464679047,12.7883315293688,-10.7));
#9294=CARTESIAN_POINT('',(31.4162464679047,11.7883315293688,-10.7));
#9295=CARTESIAN_POINT('Origin',(31.4162464679047,12.7883315293688,-10.7));
#9296=CARTESIAN_POINT('',(41.255908093907,11.4447229738504,-10.7));
#9297=CARTESIAN_POINT('',(31.4162464679047,11.7883315293688,-10.7));
#9298=CARTESIAN_POINT('',(40.197781099252,14.0949894760139,-10.7));
#9299=CARTESIAN_POINT('Ctrl Pts',(40.197781099252,14.0949894760139,-10.7));
#9300=CARTESIAN_POINT('Ctrl Pts',(40.197781099252,14.0949894760139,-10.7851936785949));
#9301=CARTESIAN_POINT('Ctrl Pts',(40.2016310273267,14.0867940804641,-10.8700069220798));
#9302=CARTESIAN_POINT('Ctrl Pts',(40.2168778023165,14.0542153641719,-11.0376716751633));
#9303=CARTESIAN_POINT('Ctrl Pts',(40.2283041997057,14.0297659468843,-11.1197723920904));
#9304=CARTESIAN_POINT('Ctrl Pts',(40.273125482824,13.9332635452179,-11.3579942477074));
#9305=CARTESIAN_POINT('Ctrl Pts',(40.3164359089967,13.8393998510334,-11.5008036451154));
#9306=CARTESIAN_POINT('Ctrl Pts',(40.4234596656549,13.6022050521718,-11.7470250810398));
#9307=CARTESIAN_POINT('Ctrl Pts',(40.4871622317122,13.4585887520319,-11.8462109487254));
#9308=CARTESIAN_POINT('Ctrl Pts',(40.6292988189114,13.128661751254,-11.9911427365565));
#9309=CARTESIAN_POINT('Ctrl Pts',(40.7078324315407,12.9410559753201,-12.0291449957532));
#9310=CARTESIAN_POINT('Ctrl Pts',(40.8242770510493,12.6520956282557,-12.0253046245144));
#9311=CARTESIAN_POINT('Ctrl Pts',(40.8637387611639,12.5521757062569,-12.012658909044));
#9312=CARTESIAN_POINT('Ctrl Pts',(40.9270843768434,12.388272927989,-11.9724469581641));
#9313=CARTESIAN_POINT('Ctrl Pts',(40.951788976268,12.3233660173651,-11.9511442200858));
#9314=CARTESIAN_POINT('Ctrl Pts',(40.9972745686397,12.2019927965065,-11.900527719887));
#9315=CARTESIAN_POINT('Ctrl Pts',(41.0181664991183,12.1453888056363,-11.8720548430223));
#9316=CARTESIAN_POINT('Ctrl Pts',(41.0636028164454,12.0204305956558,-11.7974180526242));
#9317=CARTESIAN_POINT('Ctrl Pts',(41.0873653802158,11.9536573988658,-11.7486752415795));
#9318=CARTESIAN_POINT('Ctrl Pts',(41.1490472647997,11.7768905656832,-11.5920230683839));
#9319=CARTESIAN_POINT('Ctrl Pts',(41.1814007273278,11.6795841339686,-11.470333357074));
#9320=CARTESIAN_POINT('Ctrl Pts',(41.2305479253423,11.5275498004918,-11.1897376016607));
#9321=CARTESIAN_POINT('Ctrl Pts',(41.2461622949054,11.4765581273923,-11.0326947369042));
#9322=CARTESIAN_POINT('Ctrl Pts',(41.2548087407408,11.4483353930798,-10.8132042154849));
#9323=CARTESIAN_POINT('Ctrl Pts',(41.255908093907,11.4447229738504,-10.7565760240652));
#9324=CARTESIAN_POINT('Ctrl Pts',(41.255908093907,11.4447229738504,-10.7));
#9325=CARTESIAN_POINT('Ctrl Pts',(41.255908093907,11.4447229738504,-10.7));
#9326=CARTESIAN_POINT('Ctrl Pts',(41.255908093907,11.4447229738504,-10.5999633806029));
#9327=CARTESIAN_POINT('Ctrl Pts',(41.2524844498186,11.4560221732209,-10.5000898587741));
#9328=CARTESIAN_POINT('Ctrl Pts',(41.2358608231704,11.5097911785461,-10.2660600804817));
#9329=CARTESIAN_POINT('Ctrl Pts',(41.2194884202872,11.5622657619959,-10.1362885356895));
#9330=CARTESIAN_POINT('Ctrl Pts',(41.1720958918042,11.7075847574114,-9.89358646405756));
#9331=CARTESIAN_POINT('Ctrl Pts',(41.1408407011295,11.8007855944616,-9.78384858123269));
#9332=CARTESIAN_POINT('Ctrl Pts',(41.0817247306091,11.9695576893827,-9.63930910775399));
#9333=CARTESIAN_POINT('Ctrl Pts',(41.0583822327607,12.0349390212431,-9.59297276489685));
#9334=CARTESIAN_POINT('Ctrl Pts',(41.0132221071221,12.1588374017706,-9.52084696196131));
#9335=CARTESIAN_POINT('Ctrl Pts',(40.9920585742708,12.2160368146336,-9.49290002260395));
#9336=CARTESIAN_POINT('Ctrl Pts',(40.9456657372234,12.3395286809142,-9.44312027652029));
#9337=CARTESIAN_POINT('Ctrl Pts',(40.9202979197083,12.4059992742949,-9.4222904294817));
#9338=CARTESIAN_POINT('Ctrl Pts',(40.854157126027,12.5766421886684,-9.3831208672783));
#9339=CARTESIAN_POINT('Ctrl Pts',(40.8124693199132,12.6817951536734,-9.37200788124096));
#9340=CARTESIAN_POINT('Ctrl Pts',(40.6944107558584,12.9734334448241,-9.37576858875736));
#9341=CARTESIAN_POINT('Ctrl Pts',(40.6168860881639,13.157933405248,-9.41767063320474));
#9342=CARTESIAN_POINT('Ctrl Pts',(40.473073113754,13.4907788336828,-9.57244928716544));
#9343=CARTESIAN_POINT('Ctrl Pts',(40.4071489346942,13.6387685732946,-9.68152787711207));
#9344=CARTESIAN_POINT('Ctrl Pts',(40.3030298101399,13.8686067056081,-9.94088588344976));
#9345=CARTESIAN_POINT('Ctrl Pts',(40.2632547472833,13.9545933054472,-10.0827197975552));
#9346=CARTESIAN_POINT('Ctrl Pts',(40.2110897900201,14.0667349991758,-10.3858662995217));
#9347=CARTESIAN_POINT('Ctrl Pts',(40.197781099252,14.0949894760139,-10.541741915288));
#9348=CARTESIAN_POINT('Ctrl Pts',(40.197781099252,14.0949894760139,-10.7));
#9349=CARTESIAN_POINT('Origin',(31.4162464679047,12.7883315293688,-10.7));
#9350=CARTESIAN_POINT('Origin',(31.4162464679047,4.78833152936884,-10.7));
#9351=CARTESIAN_POINT('',(31.4162464679047,3.78833152936884,-10.7));
#9352=CARTESIAN_POINT('Origin',(31.4162464679047,4.78833152936884,-10.7));
#9353=CARTESIAN_POINT('',(40.197781099252,3.48167358272376,-10.7));
#9354=CARTESIAN_POINT('',(31.4162464679047,3.78833152936884,-10.7));
#9355=CARTESIAN_POINT('Ctrl Pts',(40.197781099252,3.48167358272376,-10.7));
#9356=CARTESIAN_POINT('Ctrl Pts',(40.197781099252,3.48167358272376,-10.6148063214051));
#9357=CARTESIAN_POINT('Ctrl Pts',(40.2016310273267,3.48986897827355,-10.5299930779202));
#9358=CARTESIAN_POINT('Ctrl Pts',(40.2168778023165,3.5224476945658,-10.3623283248366));
#9359=CARTESIAN_POINT('Ctrl Pts',(40.2283041997058,3.54689711185337,-10.2802276079096));
#9360=CARTESIAN_POINT('Ctrl Pts',(40.273125482824,3.64339951351973,-10.0420057522926));
#9361=CARTESIAN_POINT('Ctrl Pts',(40.3164359089967,3.73726320770424,-9.89919635488457));
#9362=CARTESIAN_POINT('Ctrl Pts',(40.4234596656549,3.97445800656586,-9.65297491896015));
#9363=CARTESIAN_POINT('Ctrl Pts',(40.4871622317122,4.11807430670577,-9.55378905127464));
#9364=CARTESIAN_POINT('Ctrl Pts',(40.6292988189114,4.44800130748371,-9.40885726344347));
#9365=CARTESIAN_POINT('Ctrl Pts',(40.7078324315407,4.63560708341757,-9.3708550042468));
#9366=CARTESIAN_POINT('Ctrl Pts',(40.8242770510493,4.92456743048193,-9.37469537548557));
#9367=CARTESIAN_POINT('Ctrl Pts',(40.8637387611639,5.02448735248074,-9.38734109095595));
#9368=CARTESIAN_POINT('Ctrl Pts',(40.9270843768434,5.18839013074871,-9.42755304183589));
#9369=CARTESIAN_POINT('Ctrl Pts',(40.951788976268,5.25329704137259,-9.44885577991421));
#9370=CARTESIAN_POINT('Ctrl Pts',(40.9972745686397,5.37467026223115,-9.49947228011298));
#9371=CARTESIAN_POINT('Ctrl Pts',(41.0181664991183,5.43127425310141,-9.52794515697768));
#9372=CARTESIAN_POINT('Ctrl Pts',(41.0636028164453,5.55623246308186,-9.60258194737582));
#9373=CARTESIAN_POINT('Ctrl Pts',(41.0873653802158,5.6230056598719,-9.65132475842048));
#9374=CARTESIAN_POINT('Ctrl Pts',(41.1490472647997,5.79977249305453,-9.80797693161616));
#9375=CARTESIAN_POINT('Ctrl Pts',(41.1814007273278,5.89707892476906,-9.92966664292601));
#9376=CARTESIAN_POINT('Ctrl Pts',(41.2305479253423,6.04911325824588,-10.2102623983393));
#9377=CARTESIAN_POINT('Ctrl Pts',(41.2461622949054,6.10010493134534,-10.3673052630958));
#9378=CARTESIAN_POINT('Ctrl Pts',(41.2587314752038,6.1411318044491,-10.6863746229252));
#9379=CARTESIAN_POINT('Ctrl Pts',(41.2564093938959,6.13333608996642,-10.8446542207422));
#9380=CARTESIAN_POINT('Ctrl Pts',(41.2358608231704,6.06687188019157,-11.1339399195183));
#9381=CARTESIAN_POINT('Ctrl Pts',(41.2194884202872,6.01439729674175,-11.2637114643105));
#9382=CARTESIAN_POINT('Ctrl Pts',(41.1720958918042,5.86907830132628,-11.5064135359424));
#9383=CARTESIAN_POINT('Ctrl Pts',(41.1408407011295,5.77587746427604,-11.6161514187673));
#9384=CARTESIAN_POINT('Ctrl Pts',(41.0817247306091,5.60710536935499,-11.760690892246));
#9385=CARTESIAN_POINT('Ctrl Pts',(41.0583822327607,5.54172403749459,-11.8070272351031));
#9386=CARTESIAN_POINT('Ctrl Pts',(41.0132221071221,5.41782565696704,-11.8791530380387));
#9387=CARTESIAN_POINT('Ctrl Pts',(40.9920585742708,5.36062624410406,-11.907099977396));
#9388=CARTESIAN_POINT('Ctrl Pts',(40.9456657372234,5.23713437782351,-11.9568797234797));
#9389=CARTESIAN_POINT('Ctrl Pts',(40.9202979197083,5.17066378444281,-11.9777095705183));
#9390=CARTESIAN_POINT('Ctrl Pts',(40.854157126027,5.00002087006923,-12.0168791327217));
#9391=CARTESIAN_POINT('Ctrl Pts',(40.8124693199132,4.89486790506429,-12.027992118759));
#9392=CARTESIAN_POINT('Ctrl Pts',(40.6944107558584,4.60322961391366,-12.0242314112426));
#9393=CARTESIAN_POINT('Ctrl Pts',(40.6168860881639,4.4187296534897,-11.9823293667953));
#9394=CARTESIAN_POINT('Ctrl Pts',(40.473073113754,4.08588422505482,-11.8275507128346));
#9395=CARTESIAN_POINT('Ctrl Pts',(40.4071489346942,3.93789448544302,-11.7184721228879));
#9396=CARTESIAN_POINT('Ctrl Pts',(40.3030298101399,3.70805635312953,-11.4591141165502));
#9397=CARTESIAN_POINT('Ctrl Pts',(40.2632547472833,3.62206975329042,-11.3172802024448));
#9398=CARTESIAN_POINT('Ctrl Pts',(40.2110897900201,3.50992805956189,-11.0141337004783));
#9399=CARTESIAN_POINT('Ctrl Pts',(40.197781099252,3.48167358272376,-10.858258084712));
#9400=CARTESIAN_POINT('Ctrl Pts',(40.197781099252,3.48167358272376,-10.7));
#9401=CARTESIAN_POINT('Origin',(31.4162464679047,4.78833152936884,-10.7));
#9402=CARTESIAN_POINT('Ctrl Pts',(34.4162464679047,17.7883315293688,-10.7));
#9403=CARTESIAN_POINT('Ctrl Pts',(34.4162464679047,17.7883315293688,-19.7));
#9404=CARTESIAN_POINT('Ctrl Pts',(34.4162464679047,8.78833152936884,-19.7));
#9405=CARTESIAN_POINT('Ctrl Pts',(34.4162464679047,-0.211668470631158,-19.7));
#9406=CARTESIAN_POINT('Ctrl Pts',(34.4162464679047,-0.21166847063116,-10.7));
#9407=CARTESIAN_POINT('Ctrl Pts',(34.4162464679047,-0.211668470631158,-1.7));
#9408=CARTESIAN_POINT('Ctrl Pts',(34.4162464679047,8.78833152936884,-1.7));
#9409=CARTESIAN_POINT('Ctrl Pts',(34.4162464679047,17.7883315293688,-1.7));
#9410=CARTESIAN_POINT('Ctrl Pts',(34.4162464679047,17.7883315293688,-10.7));
#9411=CARTESIAN_POINT('Ctrl Pts',(41.4162464679047,16.9064144256806,-10.7));
#9412=CARTESIAN_POINT('Ctrl Pts',(41.4162464679047,16.9064144256806,-18.8180828963118));
#9413=CARTESIAN_POINT('Ctrl Pts',(41.4162464679047,8.78833152936884,-18.8180828963118));
#9414=CARTESIAN_POINT('Ctrl Pts',(41.4162464679047,0.670248633057039,-18.8180828963118));
#9415=CARTESIAN_POINT('Ctrl Pts',(41.4162464679047,0.670248633057037,-10.7));
#9416=CARTESIAN_POINT('Ctrl Pts',(41.4162464679047,0.670248633057039,-2.5819171036882));
#9417=CARTESIAN_POINT('Ctrl Pts',(41.4162464679047,8.78833152936884,-2.5819171036882));
#9418=CARTESIAN_POINT('Ctrl Pts',(41.4162464679047,16.9064144256806,-2.5819171036882));
#9419=CARTESIAN_POINT('Ctrl Pts',(41.4162464679047,16.9064144256806,-10.7));
#9420=CARTESIAN_POINT('Ctrl Pts',(41.4162464679047,9.85107759617506,-10.7));
#9421=CARTESIAN_POINT('Ctrl Pts',(41.4162464679047,9.85107759617506,-11.7627460668062));
#9422=CARTESIAN_POINT('Ctrl Pts',(41.4162464679047,8.78833152936884,-11.7627460668062));
#9423=CARTESIAN_POINT('Ctrl Pts',(41.4162464679047,7.72558546256261,-11.7627460668062));
#9424=CARTESIAN_POINT('Ctrl Pts',(41.4162464679047,7.72558546256261,-10.7));
#9425=CARTESIAN_POINT('Ctrl Pts',(41.4162464679047,7.72558546256261,-9.63725393319377));
#9426=CARTESIAN_POINT('Ctrl Pts',(41.4162464679047,8.78833152936884,-9.63725393319377));
#9427=CARTESIAN_POINT('Ctrl Pts',(41.4162464679047,9.85107759617506,-9.63725393319377));
#9428=CARTESIAN_POINT('Ctrl Pts',(41.4162464679047,9.85107759617506,-10.7));
#9429=CARTESIAN_POINT('',(41.4162464679047,9.85107759617506,-10.7));
#9430=CARTESIAN_POINT('Origin',(41.4162464679047,8.78833152936884,-10.7));
#9431=CARTESIAN_POINT('Ctrl Pts',(41.4162464679047,9.85107759617506,-10.7));
#9432=CARTESIAN_POINT('Ctrl Pts',(41.4162464679047,10.6559661930674,-10.7));
#9433=CARTESIAN_POINT('Ctrl Pts',(41.255908093907,11.4447229738504,-10.7));
#9434=CARTESIAN_POINT('',(34.4162464679047,17.7883315293688,-10.7));
#9435=CARTESIAN_POINT('Ctrl Pts',(40.197781099252,14.0949894760139,-10.7));
#9436=CARTESIAN_POINT('Ctrl Pts',(38.1834974188326,17.3137025225818,-10.7));
#9437=CARTESIAN_POINT('Ctrl Pts',(34.4162464679047,17.7883315293688,-10.7));
#9438=CARTESIAN_POINT('Origin',(34.4162464679047,8.78833152936884,-10.7));
#9439=CARTESIAN_POINT('Origin',(41.4162464679047,8.78833152936884,-10.7));
#9440=CARTESIAN_POINT('Origin',(28.4162464679047,28.7883315293688,-21.7));
#9441=CARTESIAN_POINT('',(28.4162464679047,28.7883315293688,0.299999999999999));
#9442=CARTESIAN_POINT('',(28.4162464679047,28.7883315293688,-21.7));
#9443=CARTESIAN_POINT('',(28.4162464679047,28.7883315293688,0.299999999999999));
#9444=CARTESIAN_POINT('',(34.4162464679047,28.7883315293688,0.299999999999999));
#9445=CARTESIAN_POINT('',(28.4162464679047,28.7883315293688,0.299999999999999));
#9446=CARTESIAN_POINT('',(34.4162464679047,28.7883315293688,-21.7));
#9447=CARTESIAN_POINT('',(34.4162464679047,28.7883315293688,0.299999999999999));
#9448=CARTESIAN_POINT('',(28.4162464679047,28.7883315293688,-21.7));
#9449=CARTESIAN_POINT('Origin',(28.4162464679047,-11.2116684706312,-21.7));
#9450=CARTESIAN_POINT('',(28.4162464679047,-11.2116684706312,-21.7));
#9451=CARTESIAN_POINT('',(28.4162464679047,28.7883315293688,-21.7));
#9452=CARTESIAN_POINT('',(34.4162464679047,-11.2116684706312,-21.7));
#9453=CARTESIAN_POINT('',(34.4162464679047,28.7883315293688,-21.7));
#9454=CARTESIAN_POINT('',(28.4162464679047,-11.2116684706312,-21.7));
#9455=CARTESIAN_POINT('Origin',(28.4162464679047,-11.2116684706312,0.299999999999998));
#9456=CARTESIAN_POINT('',(28.4162464679047,-11.2116684706312,0.299999999999999));
#9457=CARTESIAN_POINT('',(28.4162464679047,-11.2116684706312,-21.7));
#9458=CARTESIAN_POINT('',(34.4162464679047,-11.2116684706312,0.299999999999999));
#9459=CARTESIAN_POINT('',(34.4162464679047,-11.2116684706312,-21.7));
#9460=CARTESIAN_POINT('',(28.4162464679047,-11.2116684706312,0.299999999999999));
#9461=CARTESIAN_POINT('Origin',(28.4162464679047,28.7883315293688,0.299999999999999));
#9462=CARTESIAN_POINT('',(28.4162464679047,-11.2116684706312,0.299999999999999));
#9463=CARTESIAN_POINT('',(34.4162464679047,-11.2116684706312,0.299999999999999));
#9464=CARTESIAN_POINT('Origin',(34.4162464679047,8.78833152936884,-10.7));
#9465=CARTESIAN_POINT('Origin',(28.4162464679047,8.78833152936884,-10.7));
#9466=UNCERTAINTY_MEASURE_WITH_UNIT(LENGTH_MEASURE(0.01),#9470,
'DISTANCE_ACCURACY_VALUE',
'Maximum model space distance between geometric entities at asserted c
onnectivities');
#9467=UNCERTAINTY_MEASURE_WITH_UNIT(LENGTH_MEASURE(0.01),#9470,
'DISTANCE_ACCURACY_VALUE',
'Maximum model space distance between geometric entities at asserted c
onnectivities');
#9468=(
GEOMETRIC_REPRESENTATION_CONTEXT(3)
GLOBAL_UNCERTAINTY_ASSIGNED_CONTEXT((#9466))
GLOBAL_UNIT_ASSIGNED_CONTEXT((#9470,#9472,#9473))
REPRESENTATION_CONTEXT('','3D')
);
#9469=(
GEOMETRIC_REPRESENTATION_CONTEXT(3)
GLOBAL_UNCERTAINTY_ASSIGNED_CONTEXT((#9467))
GLOBAL_UNIT_ASSIGNED_CONTEXT((#9470,#9472,#9473))
REPRESENTATION_CONTEXT('','3D')
);
#9470=(
LENGTH_UNIT()
NAMED_UNIT(*)
SI_UNIT(.MILLI.,.METRE.)
);
#9471=(
LENGTH_UNIT()
NAMED_UNIT(*)
SI_UNIT($,.METRE.)
);
#9472=(
NAMED_UNIT(*)
PLANE_ANGLE_UNIT()
SI_UNIT($,.RADIAN.)
);
#9473=(
NAMED_UNIT(*)
SI_UNIT($,.STERADIAN.)
SOLID_ANGLE_UNIT()
);
#9474=SHAPE_DEFINITION_REPRESENTATION(#9475,#9476);
#9475=PRODUCT_DEFINITION_SHAPE('',$,#9478);
#9476=SHAPE_REPRESENTATION('',(#5461),#9468);
#9477=PRODUCT_DEFINITION_CONTEXT('part definition',#9482,'design');
#9478=PRODUCT_DEFINITION('CYD TV','CYD TV v15',#9479,#9477);
#9479=PRODUCT_DEFINITION_FORMATION('',$,#9484);
#9480=PRODUCT_RELATED_PRODUCT_CATEGORY('CYD TV v15','CYD TV v15',(#9484));
#9481=APPLICATION_PROTOCOL_DEFINITION('international standard',
'automotive_design',2009,#9482);
#9482=APPLICATION_CONTEXT(
'Core Data for Automotive Mechanical Design Process');
#9483=PRODUCT_CONTEXT('part definition',#9482,'mechanical');
#9484=PRODUCT('CYD TV','CYD TV v15',$,(#9483));
#9485=PRESENTATION_STYLE_ASSIGNMENT((#9486));
#9486=SURFACE_STYLE_USAGE(.BOTH.,#9487);
#9487=SURFACE_SIDE_STYLE('',(#9488));
#9488=SURFACE_STYLE_FILL_AREA(#9489);
#9489=FILL_AREA_STYLE('Steel - Satin',(#9490));
#9490=FILL_AREA_STYLE_COLOUR('Steel - Satin',#9491);
#9491=COLOUR_RGB('Steel - Satin',0.627450980392157,0.627450980392157,0.627450980392157);
ENDSEC;
END-ISO-10303-21;
