ISO-10303-21;
HEADER;
/* Generated by software containing ST-Developer
 * from STEP Tools, Inc. (www.steptools.com) 
 */

FILE_DESCRIPTION(
/* description */ (''),
/* implementation_level */ '2;1');

FILE_NAME(
/* name */ 'CYD NES Pad.step',
/* time_stamp */ '2026-05-09T14:04:54+01:00',
/* author */ (''),
/* organization */ (''),
/* preprocessor_version */ 'ST-DEVELOPER v20.1',
/* originating_system */ 'Autodesk Translation Framework v15.8.0.0',
/* authorisation */ '');

FILE_SCHEMA (('AUTOMOTIVE_DESIGN { 1 0 10303 214 3 1 1 }'));
ENDSEC;

DATA;
#10=MECHANICAL_DESIGN_GEOMETRIC_PRESENTATION_REPRESENTATION('',(#45,#46,
#47,#48,#49,#50,#51),#14520);
#11=SHAPE_REPRESENTATION_RELATIONSHIP('SRR','None',#14527,#12);
#12=ADVANCED_BREP_SHAPE_REPRESENTATION('',(#52,#53,#54,#55,#56,#57,#58),
#14519);
#13=(
BOUNDED_SURFACE()
B_SPLINE_SURFACE(2,2,((#14130,#14131,#14132,#14133,#14134,#14135,#14136,
#14137,#14138),(#14139,#14140,#14141,#14142,#14143,#14144,#14145,#14146,
#14147),(#14148,#14149,#14150,#14151,#14152,#14153,#14154,#14155,#14156)),
 .UNSPECIFIED.,.F.,.T.,.F.)
B_SPLINE_SURFACE_WITH_KNOTS((3,3),(3,2,2,2,3),(1.58120840910891,1.82145198913103),
(-3.14159265358979,-1.5707963267949,0.,1.5707963267949,3.14159265358979),
 .UNSPECIFIED.)
GEOMETRIC_REPRESENTATION_ITEM()
RATIONAL_B_SPLINE_SURFACE(((1.,0.707106781186548,1.,0.707106781186548,1.,
0.707106781186548,1.,0.707106781186548,1.),(0.992794048739802,0.702011404185562,
0.992794048739802,0.702011404185562,0.992794048739802,0.702011404185562,
0.992794048739802,0.702011404185562,0.992794048739802),(1.,0.707106781186548,
1.,0.707106781186548,1.,0.707106781186548,1.,0.707106781186548,1.)))
REPRESENTATION_ITEM('')
SURFACE()
);
#14=(
BOUNDED_SURFACE()
B_SPLINE_SURFACE(2,2,((#14328,#14329,#14330,#14331,#14332),(#14333,#14334,
#14335,#14336,#14337),(#14338,#14339,#14340,#14341,#14342)),
 .UNSPECIFIED.,.F.,.F.,.F.)
B_SPLINE_SURFACE_WITH_KNOTS((3,3),(3,2,3),(-1.5707963267949,0.),(-1.5707963267949,
0.,1.5707963267949),.UNSPECIFIED.)
GEOMETRIC_REPRESENTATION_ITEM()
RATIONAL_B_SPLINE_SURFACE(((1.,0.707106781186548,1.,0.707106781186548,1.),
(0.707106781186537,0.499999999999993,0.707106781186537,0.499999999999993,
0.707106781186537),(1.,0.707106781186548,1.,0.707106781186548,1.)))
REPRESENTATION_ITEM('')
SURFACE()
);
#15=(
BOUNDED_SURFACE()
B_SPLINE_SURFACE(2,2,((#14357,#14358,#14359,#14360,#14361),(#14362,#14363,
#14364,#14365,#14366),(#14367,#14368,#14369,#14370,#14371)),
 .UNSPECIFIED.,.F.,.F.,.F.)
B_SPLINE_SURFACE_WITH_KNOTS((3,3),(3,2,3),(-1.5707963267949,7.40148683083438E-16),
(-1.5707963267949,0.,1.5707963267949),.UNSPECIFIED.)
GEOMETRIC_REPRESENTATION_ITEM()
RATIONAL_B_SPLINE_SURFACE(((1.,0.707106781186548,1.,0.707106781186548,1.),
(0.707106781186538,0.499999999999993,0.707106781186538,0.499999999999993,
0.707106781186538),(1.,0.707106781186548,1.,0.707106781186548,1.)))
REPRESENTATION_ITEM('')
SURFACE()
);
#16=(
BOUNDED_SURFACE()
B_SPLINE_SURFACE(2,2,((#14464,#14465,#14466,#14467,#14468),(#14469,#14470,
#14471,#14472,#14473),(#14474,#14475,#14476,#14477,#14478)),
 .UNSPECIFIED.,.F.,.F.,.F.)
B_SPLINE_SURFACE_WITH_KNOTS((3,3),(3,2,3),(-1.5707963267949,7.4014868308344E-16),
(-1.5707963267949,0.,1.5707963267949),.UNSPECIFIED.)
GEOMETRIC_REPRESENTATION_ITEM()
RATIONAL_B_SPLINE_SURFACE(((1.,0.707106781186548,1.,0.707106781186548,1.),
(0.707106781186538,0.499999999999993,0.707106781186538,0.499999999999993,
0.707106781186538),(1.,0.707106781186548,1.,0.707106781186548,1.)))
REPRESENTATION_ITEM('')
SURFACE()
);
#17=(
BOUNDED_SURFACE()
B_SPLINE_SURFACE(2,2,((#14490,#14491,#14492,#14493,#14494),(#14495,#14496,
#14497,#14498,#14499),(#14500,#14501,#14502,#14503,#14504)),
 .UNSPECIFIED.,.F.,.F.,.F.)
B_SPLINE_SURFACE_WITH_KNOTS((3,3),(3,2,3),(-1.5707963267949,7.4014868308344E-16),
(-1.5707963267949,-2.22044604925031E-16,1.5707963267949),.UNSPECIFIED.)
GEOMETRIC_REPRESENTATION_ITEM()
RATIONAL_B_SPLINE_SURFACE(((1.,0.707106781186548,1.,0.707106781186548,1.),
(0.707106781186538,0.499999999999993,0.707106781186538,0.499999999999993,
0.707106781186538),(1.,0.707106781186548,1.,0.707106781186548,1.)))
REPRESENTATION_ITEM('')
SURFACE()
);
#18=B_SPLINE_SURFACE_WITH_KNOTS('',3,3,((#13188,#13189,#13190,#13191),(#13192,
#13193,#13194,#13195),(#13196,#13197,#13198,#13199),(#13200,#13201,#13202,
#13203),(#13204,#13205,#13206,#13207)),.UNSPECIFIED.,.F.,.F.,.F.,(4,1,4),
(4,4),(0.,0.5,1.),(0.,0.495060773872998),.UNSPECIFIED.);
#19=B_SPLINE_SURFACE_WITH_KNOTS('',3,3,((#13216,#13217,#13218,#13219,#13220),
(#13221,#13222,#13223,#13224,#13225),(#13226,#13227,#13228,#13229,#13230),
(#13231,#13232,#13233,#13234,#13235),(#13236,#13237,#13238,#13239,#13240)),
 .UNSPECIFIED.,.F.,.F.,.F.,(4,1,4),(4,1,4),(0.,0.5,1.),(0.,0.0336620841647674,
0.078544863051124),.UNSPECIFIED.);
#20=B_SPLINE_SURFACE_WITH_KNOTS('',3,3,((#13248,#13249,#13250,#13251),(#13252,
#13253,#13254,#13255),(#13256,#13257,#13258,#13259),(#13260,#13261,#13262,
#13263),(#13264,#13265,#13266,#13267)),.UNSPECIFIED.,.F.,.F.,.F.,(4,1,4),
(4,4),(0.,0.5,1.),(0.,0.350000718375293),.UNSPECIFIED.);
#21=B_SPLINE_SURFACE_WITH_KNOTS('',3,3,((#13274,#13275,#13276,#13277,#13278),
(#13279,#13280,#13281,#13282,#13283),(#13284,#13285,#13286,#13287,#13288),
(#13289,#13290,#13291,#13292,#13293),(#13294,#13295,#13296,#13297,#13298)),
 .UNSPECIFIED.,.F.,.F.,.F.,(4,1,4),(4,1,4),(0.,0.5,1.),(0.23568454735699,
0.269345746424944,0.314227345182216),.UNSPECIFIED.);
#22=B_SPLINE_SURFACE_WITH_KNOTS('',3,3,((#13341,#13342,#13343,#13344),(#13345,
#13346,#13347,#13348),(#13349,#13350,#13351,#13352),(#13353,#13354,#13355,
#13356),(#13357,#13358,#13359,#13360)),.UNSPECIFIED.,.F.,.F.,.F.,(4,1,4),
(4,4),(0.,0.571428571428571,1.),(0.,0.494753707286941),.UNSPECIFIED.);
#23=B_SPLINE_SURFACE_WITH_KNOTS('',3,3,((#13367,#13368,#13369,#13370,#13371),
(#13372,#13373,#13374,#13375,#13376),(#13377,#13378,#13379,#13380,#13381),
(#13382,#13383,#13384,#13385,#13386),(#13387,#13388,#13389,#13390,#13391),
(#13392,#13393,#13394,#13395,#13396)),.UNSPECIFIED.,.F.,.F.,.F.,(4,1,1,
4),(4,1,4),(0.,0.285714285714286,0.571428571428571,1.),(7.62078610193727E-16,
0.101463159934827,0.236747373181262),.UNSPECIFIED.);
#24=B_SPLINE_SURFACE_WITH_KNOTS('',3,3,((#13409,#13410,#13411,#13412),(#13413,
#13414,#13415,#13416),(#13417,#13418,#13419,#13420),(#13421,#13422,#13423,
#13424),(#13425,#13426,#13427,#13428)),.UNSPECIFIED.,.F.,.F.,.F.,(4,1,4),
(4,4),(0.,0.571428571428571,1.),(3.10034515901129E-17,0.502406451459673),
 .UNSPECIFIED.);
#25=B_SPLINE_SURFACE_WITH_KNOTS('',3,3,((#13435,#13436,#13437,#13438,#13439),
(#13440,#13441,#13442,#13443,#13444),(#13445,#13446,#13447,#13448,#13449),
(#13450,#13451,#13452,#13453,#13454),(#13455,#13456,#13457,#13458,#13459)),
 .UNSPECIFIED.,.F.,.F.,.F.,(4,1,4),(4,1,4),(0.,0.5,1.),(0.62841206199039,
0.66207225247019,0.706952506443256),.UNSPECIFIED.);
#26=B_SPLINE_SURFACE_WITH_KNOTS('',3,3,((#13502,#13503,#13504,#13505),(#13506,
#13507,#13508,#13509),(#13510,#13511,#13512,#13513),(#13514,#13515,#13516,
#13517),(#13518,#13519,#13520,#13521)),.UNSPECIFIED.,.F.,.F.,.F.,(4,1,4),
(4,4),(0.,0.5,1.),(0.,0.35000035085941),.UNSPECIFIED.);
#27=B_SPLINE_SURFACE_WITH_KNOTS('',3,3,((#13528,#13529,#13530,#13531,#13532),
(#13533,#13534,#13535,#13536,#13537),(#13538,#13539,#13540,#13541,#13542),
(#13543,#13544,#13545,#13546,#13547),(#13548,#13549,#13550,#13551,#13552)),
 .UNSPECIFIED.,.F.,.F.,.F.,(4,1,4),(4,1,4),(0.,0.5,1.),(0.235668848822938,
0.280549489451896,0.314209969923615),.UNSPECIFIED.);
#28=B_SPLINE_SURFACE_WITH_KNOTS('',3,3,((#13597,#13598,#13599,#13600),(#13601,
#13602,#13603,#13604),(#13605,#13606,#13607,#13608),(#13609,#13610,#13611,
#13612),(#13613,#13614,#13615,#13616)),.UNSPECIFIED.,.F.,.F.,.F.,(4,1,4),
(4,4),(0.,0.5,1.),(0.,0.502538576656541),.UNSPECIFIED.);
#29=B_SPLINE_SURFACE_WITH_KNOTS('',3,3,((#13623,#13624,#13625,#13626,#13627),
(#13628,#13629,#13630,#13631,#13632),(#13633,#13634,#13635,#13636,#13637),
(#13638,#13639,#13640,#13641,#13642),(#13643,#13644,#13645,#13646,#13647),
(#13648,#13649,#13650,#13651,#13652)),.UNSPECIFIED.,.F.,.F.,.F.,(4,1,1,
4),(4,1,4),(0.,0.285714285714286,0.571428571428571,1.),(0.,0.135316719756928,
0.236804259574625),.UNSPECIFIED.);
#30=B_SPLINE_SURFACE_WITH_KNOTS('',3,3,((#13666,#13667,#13668,#13669),(#13670,
#13671,#13672,#13673),(#13674,#13675,#13676,#13677),(#13678,#13679,#13680,
#13681),(#13682,#13683,#13684,#13685)),.UNSPECIFIED.,.F.,.F.,.F.,(4,1,4),
(4,4),(0.,0.571428571428571,1.),(0.,0.510257886136291),.UNSPECIFIED.);
#31=B_SPLINE_SURFACE_WITH_KNOTS('',3,3,((#13697,#13698,#13699,#13700,#13701),
(#13702,#13703,#13704,#13705,#13706),(#13707,#13708,#13709,#13710,#13711),
(#13712,#13713,#13714,#13715,#13716),(#13717,#13718,#13719,#13720,#13721)),
 .UNSPECIFIED.,.F.,.F.,.F.,(4,1,4),(4,1,4),(0.,0.5,1.),(0.314227345181248,
0.347888544228511,0.392770142958196),.UNSPECIFIED.);
#32=B_SPLINE_SURFACE_WITH_KNOTS('',3,3,((#13772,#13773,#13774,#13775),(#13776,
#13777,#13778,#13779),(#13780,#13781,#13782,#13783),(#13784,#13785,#13786,
#13787),(#13788,#13789,#13790,#13791)),.UNSPECIFIED.,.F.,.F.,.F.,(4,1,4),
(4,4),(0.,0.5,1.),(0.,0.350000718791616),.UNSPECIFIED.);
#33=B_SPLINE_SURFACE_WITH_KNOTS('',3,3,((#13803,#13804,#13805,#13806,#13807),
(#13808,#13809,#13810,#13811,#13812),(#13813,#13814,#13815,#13816,#13817),
(#13818,#13819,#13820,#13821,#13822),(#13823,#13824,#13825,#13826,#13827)),
 .UNSPECIFIED.,.F.,.F.,.F.,(4,1,4),(4,1,4),(0.,0.5,1.),(0.,0.0336620840442537,
0.0785448627699254),.UNSPECIFIED.);
#34=B_SPLINE_SURFACE_WITH_KNOTS('',3,3,((#13841,#13842,#13843,#13844),(#13845,
#13846,#13847,#13848),(#13849,#13850,#13851,#13852),(#13853,#13854,#13855,
#13856),(#13857,#13858,#13859,#13860)),.UNSPECIFIED.,.F.,.F.,.F.,(4,1,4),
(4,4),(0.,0.571428571428571,1.),(4.00455929269744E-17,0.510590763796539),
 .UNSPECIFIED.);
#35=B_SPLINE_SURFACE_WITH_KNOTS('',3,3,((#13872,#13873,#13874,#13875,#13876),
(#13877,#13878,#13879,#13880,#13881),(#13882,#13883,#13884,#13885,#13886),
(#13887,#13888,#13889,#13890,#13891),(#13892,#13893,#13894,#13895,#13896),
(#13897,#13898,#13899,#13900,#13901)),.UNSPECIFIED.,.F.,.F.,.F.,(4,1,1,
4),(4,1,4),(0.,0.285714285714286,0.571428571428571,1.),(1.02494988039625E-16,
0.101545615620561,0.236939769781308),.UNSPECIFIED.);
#36=B_SPLINE_SURFACE_WITH_KNOTS('',3,3,((#13915,#13916,#13917,#13918),(#13919,
#13920,#13921,#13922),(#13923,#13924,#13925,#13926),(#13927,#13928,#13929,
#13930),(#13931,#13932,#13933,#13934)),.UNSPECIFIED.,.F.,.F.,.F.,(4,1,4),
(4,4),(0.,0.571428571428571,1.),(0.,0.502940256534241),.UNSPECIFIED.);
#37=B_SPLINE_SURFACE_WITH_KNOTS('',3,3,((#13946,#13947,#13948,#13949,#13950),
(#13951,#13952,#13953,#13954,#13955),(#13956,#13957,#13958,#13959,#13960),
(#13961,#13962,#13963,#13964,#13965),(#13966,#13967,#13968,#13969,#13970)),
 .UNSPECIFIED.,.F.,.F.,.F.,(4,1,4),(4,1,4),(0.,0.5,1.),(0.,0.0336635068484242,
0.0785481826463232),.UNSPECIFIED.);
#38=B_SPLINE_SURFACE_WITH_KNOTS('',3,3,((#13984,#13985,#13986,#13987),(#13988,
#13989,#13990,#13991),(#13992,#13993,#13994,#13995),(#13996,#13997,#13998,
#13999),(#14000,#14001,#14002,#14003)),.UNSPECIFIED.,.F.,.F.,.F.,(4,1,4),
(4,4),(0.,0.5,1.),(6.57212356284394E-16,0.350001226997399),
 .UNSPECIFIED.);
#39=B_SPLINE_SURFACE_WITH_KNOTS('',3,3,((#14015,#14016,#14017,#14018,#14019),
(#14020,#14021,#14022,#14023,#14024),(#14025,#14026,#14027,#14028,#14029),
(#14030,#14031,#14032,#14033,#14034),(#14035,#14036,#14037,#14038,#14039)),
 .UNSPECIFIED.,.F.,.F.,.F.,(4,1,4),(4,1,4),(0.,0.5,1.),(0.,0.0448839743184085,
0.0785469550572149),.UNSPECIFIED.);
#40=B_SPLINE_SURFACE_WITH_KNOTS('',3,3,((#14053,#14054,#14055,#14056),(#14057,
#14058,#14059,#14060),(#14061,#14062,#14063,#14064),(#14065,#14066,#14067,
#14068),(#14069,#14070,#14071,#14072)),.UNSPECIFIED.,.F.,.F.,.F.,(4,1,4),
(4,4),(0.,0.571428571428571,1.),(5.31396329813279E-17,0.502783663378721),
 .UNSPECIFIED.);
#41=B_SPLINE_SURFACE_WITH_KNOTS('',3,3,((#14084,#14085,#14086,#14087,#14088),
(#14089,#14090,#14091,#14092,#14093),(#14094,#14095,#14096,#14097,#14098),
(#14099,#14100,#14101,#14102,#14103),(#14104,#14105,#14106,#14107,#14108),
(#14109,#14110,#14111,#14112,#14113)),.UNSPECIFIED.,.F.,.F.,.F.,(4,1,1,
4),(4,1,4),(0.,0.285714285714286,0.571428571428571,1.),(1.7412893554493E-16,
0.101518869718923,0.236877362677488),.UNSPECIFIED.);
#42=(
BOUNDED_CURVE()
B_SPLINE_CURVE(2,(#12746,#12747,#12748),.UNSPECIFIED.,.F.,.F.)
B_SPLINE_CURVE_WITH_KNOTS((3,3),(0.,0.0430961169918715),.UNSPECIFIED.)
CURVE()
GEOMETRIC_REPRESENTATION_ITEM()
RATIONAL_B_SPLINE_CURVE((1.,1.00285955025693,1.))
REPRESENTATION_ITEM('')
);
#43=(
BOUNDED_CURVE()
B_SPLINE_CURVE(2,(#12822,#12823,#12824),.UNSPECIFIED.,.F.,.F.)
B_SPLINE_CURVE_WITH_KNOTS((3,3),(0.,0.0430961169918708),.UNSPECIFIED.)
CURVE()
GEOMETRIC_REPRESENTATION_ITEM()
RATIONAL_B_SPLINE_CURVE((1.,1.00285955026441,1.))
REPRESENTATION_ITEM('')
);
#44=(
BOUNDED_CURVE()
B_SPLINE_CURVE(2,(#14159,#14160,#14161),.UNSPECIFIED.,.F.,.F.)
B_SPLINE_CURVE_WITH_KNOTS((3,3),(-1.82145198913103,-1.59302709072726),
 .UNSPECIFIED.)
CURVE()
GEOMETRIC_REPRESENTATION_ITEM()
RATIONAL_B_SPLINE_CURVE((1.,0.993148542473594,0.999325890871933))
REPRESENTATION_ITEM('')
);
#45=STYLED_ITEM('',(#14536),#52);
#46=STYLED_ITEM('',(#14536),#53);
#47=STYLED_ITEM('',(#14536),#54);
#48=STYLED_ITEM('',(#14536),#55);
#49=STYLED_ITEM('',(#14536),#56);
#50=STYLED_ITEM('',(#14536),#57);
#51=STYLED_ITEM('',(#14536),#58);
#52=MANIFOLD_SOLID_BREP('NES Top',#7987);
#53=MANIFOLD_SOLID_BREP('NES Bottom',#7988);
#54=MANIFOLD_SOLID_BREP('DPad',#7989);
#55=MANIFOLD_SOLID_BREP('B Button',#7990);
#56=MANIFOLD_SOLID_BREP('A Button',#7991);
#57=MANIFOLD_SOLID_BREP('Select',#7992);
#58=MANIFOLD_SOLID_BREP('Start',#7993);
#59=TOROIDAL_SURFACE('',#8277,2.25,0.5);
#60=TOROIDAL_SURFACE('',#8283,2.25,0.5);
#61=TOROIDAL_SURFACE('',#8384,1.25,0.75);
#62=TOROIDAL_SURFACE('',#8391,1.25,0.75);
#63=TOROIDAL_SURFACE('',#8397,1.25,0.75);
#64=TOROIDAL_SURFACE('',#8403,1.25,0.75);
#65=TOROIDAL_SURFACE('',#8421,2.25,0.5);
#66=TOROIDAL_SURFACE('',#8427,2.25,0.5);
#67=TOROIDAL_SURFACE('',#8456,1.25,0.75);
#68=TOROIDAL_SURFACE('',#8463,1.25,0.75);
#69=TOROIDAL_SURFACE('',#8469,1.25,0.75);
#70=TOROIDAL_SURFACE('',#8475,1.25,0.75);
#71=TOROIDAL_SURFACE('',#8732,2.,0.75);
#72=TOROIDAL_SURFACE('',#8748,2.,0.75);
#73=FACE_BOUND('',#2311,.T.);
#74=FACE_BOUND('',#2312,.T.);
#75=FACE_BOUND('',#2313,.T.);
#76=FACE_BOUND('',#2314,.T.);
#77=FACE_BOUND('',#2315,.T.);
#78=FACE_BOUND('',#2316,.T.);
#79=FACE_BOUND('',#2381,.T.);
#80=FACE_BOUND('',#2382,.T.);
#81=FACE_BOUND('',#2397,.T.);
#82=FACE_BOUND('',#2398,.T.);
#83=FACE_BOUND('',#2399,.T.);
#84=FACE_BOUND('',#2400,.T.);
#85=FACE_BOUND('',#2438,.T.);
#86=FACE_BOUND('',#2442,.T.);
#87=FACE_BOUND('',#2446,.T.);
#88=FACE_BOUND('',#2450,.T.);
#89=FACE_BOUND('',#2519,.T.);
#90=FACE_BOUND('',#2522,.T.);
#91=FACE_BOUND('',#2539,.T.);
#92=FACE_BOUND('',#2556,.T.);
#93=FACE_BOUND('',#2557,.T.);
#94=FACE_BOUND('',#2571,.T.);
#95=FACE_BOUND('',#2572,.T.);
#96=FACE_BOUND('',#2573,.T.);
#97=FACE_BOUND('',#2574,.T.);
#98=FACE_BOUND('',#2608,.T.);
#99=FACE_BOUND('',#2609,.T.);
#100=FACE_BOUND('',#2734,.T.);
#101=FACE_BOUND('',#2745,.T.);
#102=FACE_BOUND('',#2762,.T.);
#103=FACE_BOUND('',#2786,.T.);
#104=B_SPLINE_CURVE_WITH_KNOTS('',3,(#11284,#11285,#11286,#11287,#11288,
#11289,#11290,#11291,#11292,#11293,#11294),.UNSPECIFIED.,.F.,.F.,(4,2,3,
2,4),(0.762771416097705,0.811801790092993,0.893748316187684,0.975694842282375,
1.02472521627766),.UNSPECIFIED.);
#105=B_SPLINE_CURVE_WITH_KNOTS('',3,(#11970,#11971,#11972,#11973),
 .UNSPECIFIED.,.F.,.F.,(4,4),(0.325601848364069,0.469952499594417),
 .UNSPECIFIED.);
#106=B_SPLINE_CURVE_WITH_KNOTS('',3,(#11977,#11978,#11979,#11980),
 .UNSPECIFIED.,.F.,.F.,(4,4),(0.,0.144350651230347),.UNSPECIFIED.);
#107=B_SPLINE_CURVE_WITH_KNOTS('',3,(#11995,#11996,#11997,#11998),
 .UNSPECIFIED.,.F.,.F.,(4,4),(0.325601848364069,0.469952499594417),
 .UNSPECIFIED.);
#108=B_SPLINE_CURVE_WITH_KNOTS('',3,(#12005,#12006,#12007,#12008),
 .UNSPECIFIED.,.F.,.F.,(4,4),(0.,0.144350651230347),.UNSPECIFIED.);
#109=B_SPLINE_CURVE_WITH_KNOTS('',3,(#12377,#12378,#12379,#12380,#12381,
#12382,#12383,#12384,#12385,#12386,#12387,#12388),.UNSPECIFIED.,.F.,.F.,
(4,2,2,2,2,4),(0.194704353153875,0.200865138921335,0.208738932084659,0.234750646473481,
0.269566932867899,0.301830217266558),.UNSPECIFIED.);
#110=B_SPLINE_CURVE_WITH_KNOTS('',3,(#12392,#12393,#12394,#12395,#12396,
#12397,#12398,#12399,#12400,#12401,#12402,#12403),.UNSPECIFIED.,.F.,.F.,
(4,2,2,2,2,4),(0.476987195348941,0.509250479747599,0.544066766142018,0.57007848053084,
0.577952273694164,0.584113059461624),.UNSPECIFIED.);
#111=B_SPLINE_CURVE_WITH_KNOTS('',3,(#12418,#12419,#12420,#12421,#12422,
#12423,#12424,#12425,#12426,#12427,#12428,#12429),.UNSPECIFIED.,.F.,.F.,
(4,2,2,2,2,4),(0.194704353153875,0.200865138921335,0.208738932084658,0.234750646473481,
0.269566932867899,0.301830217266558),.UNSPECIFIED.);
#112=B_SPLINE_CURVE_WITH_KNOTS('',3,(#12433,#12434,#12435,#12436,#12437,
#12438,#12439,#12440,#12441,#12442,#12443,#12444),.UNSPECIFIED.,.F.,.F.,
(4,2,2,2,2,4),(0.476987195348941,0.509250479747599,0.544066766142018,0.57007848053084,
0.577952273694164,0.584113059461624),.UNSPECIFIED.);
#113=B_SPLINE_CURVE_WITH_KNOTS('',3,(#12612,#12613,#12614,#12615),
 .UNSPECIFIED.,.F.,.F.,(4,4),(-0.117541562665431,0.),.UNSPECIFIED.);
#114=B_SPLINE_CURVE_WITH_KNOTS('',3,(#12620,#12621,#12622,#12623,#12624,
#12625,#12626,#12627,#12628,#12629),.UNSPECIFIED.,.F.,.F.,(4,2,2,2,4),(0.,
0.102976744897558,0.205953489795116,0.308930234692674,0.411906979590233),
 .UNSPECIFIED.);
#115=B_SPLINE_CURVE_WITH_KNOTS('',3,(#12651,#12652,#12653,#12654),
 .UNSPECIFIED.,.F.,.F.,(4,4),(-0.117541562665434,0.),.UNSPECIFIED.);
#116=B_SPLINE_CURVE_WITH_KNOTS('',3,(#12795,#12796,#12797,#12798,#12799,
#12800,#12801,#12802,#12803,#12804),.UNSPECIFIED.,.F.,.F.,(4,2,2,2,4),(0.,
0.0517395429834259,0.103479085966852,0.155218628950278,0.206958171933703),
 .UNSPECIFIED.);
#117=B_SPLINE_CURVE_WITH_KNOTS('',3,(#12918,#12919,#12920,#12921),
 .UNSPECIFIED.,.F.,.F.,(4,4),(-0.0312486817710453,0.),.UNSPECIFIED.);
#118=B_SPLINE_CURVE_WITH_KNOTS('',3,(#12924,#12925,#12926,#12927),
 .UNSPECIFIED.,.F.,.F.,(4,4),(-0.0309972306281123,0.),.UNSPECIFIED.);
#119=B_SPLINE_CURVE_WITH_KNOTS('',3,(#12933,#12934,#12935,#12936),
 .UNSPECIFIED.,.F.,.F.,(4,4),(-0.0312487000153151,0.),.UNSPECIFIED.);
#120=B_SPLINE_CURVE_WITH_KNOTS('',3,(#12939,#12940,#12941,#12942),
 .UNSPECIFIED.,.F.,.F.,(4,4),(-0.0311514633199781,0.),.UNSPECIFIED.);
#121=B_SPLINE_CURVE_WITH_KNOTS('',3,(#12948,#12949,#12950,#12951),
 .UNSPECIFIED.,.F.,.F.,(4,4),(-0.0309972131354965,0.),.UNSPECIFIED.);
#122=B_SPLINE_CURVE_WITH_KNOTS('',3,(#12954,#12955,#12956,#12957),
 .UNSPECIFIED.,.F.,.F.,(4,4),(-0.0309044534330152,0.),.UNSPECIFIED.);
#123=B_SPLINE_CURVE_WITH_KNOTS('',3,(#12963,#12964,#12965,#12966),
 .UNSPECIFIED.,.F.,.F.,(4,4),(-0.0311514812726819,0.),.UNSPECIFIED.);
#124=B_SPLINE_CURVE_WITH_KNOTS('',3,(#12969,#12970,#12971,#12972),
 .UNSPECIFIED.,.F.,.F.,(4,4),(-0.03090443621566,0.),.UNSPECIFIED.);
#125=B_SPLINE_CURVE_WITH_KNOTS('',3,(#13085,#13086,#13087,#13088),
 .UNSPECIFIED.,.F.,.F.,(4,4),(0.,0.495060773872998),.UNSPECIFIED.);
#126=B_SPLINE_CURVE_WITH_KNOTS('',3,(#13097,#13098,#13099,#13100,#13101),
 .UNSPECIFIED.,.F.,.F.,(4,1,4),(0.,0.0336620841647674,0.078544863051124),
 .UNSPECIFIED.);
#127=B_SPLINE_CURVE_WITH_KNOTS('',3,(#13105,#13106,#13107,#13108),
 .UNSPECIFIED.,.F.,.F.,(4,4),(0.,0.350000718375293),.UNSPECIFIED.);
#128=B_SPLINE_CURVE_WITH_KNOTS('',3,(#13112,#13113,#13114,#13115,#13116,
#13117,#13118),.UNSPECIFIED.,.F.,.F.,(4,3,4),(0.23568454735699,0.269345746424829,
0.314227345181947),.UNSPECIFIED.);
#129=B_SPLINE_CURVE_WITH_KNOTS('',3,(#13126,#13127,#13128,#13129),
 .UNSPECIFIED.,.F.,.F.,(4,4),(0.,0.494753707286941),.UNSPECIFIED.);
#130=B_SPLINE_CURVE_WITH_KNOTS('',3,(#13138,#13139,#13140,#13141),
 .UNSPECIFIED.,.F.,.F.,(4,4),(3.10034515901129E-17,0.502406451459673),
 .UNSPECIFIED.);
#131=B_SPLINE_CURVE_WITH_KNOTS('',3,(#13148,#13149,#13150,#13151,#13152,
#13153,#13154),.UNSPECIFIED.,.F.,.F.,(4,3,4),(0.628412061990578,0.662072252470296,
0.706952506443256),.UNSPECIFIED.);
#132=B_SPLINE_CURVE_WITH_KNOTS('',3,(#13158,#13159,#13160,#13161),
 .UNSPECIFIED.,.F.,.F.,(4,4),(0.,0.35000035085941),.UNSPECIFIED.);
#133=B_SPLINE_CURVE_WITH_KNOTS('',3,(#13165,#13166,#13167,#13168,#13169,
#13170,#13171),.UNSPECIFIED.,.F.,.F.,(4,3,4),(0.235668848822938,0.280549489451777,
0.314209969923404),.UNSPECIFIED.);
#134=B_SPLINE_CURVE_WITH_KNOTS('',3,(#13179,#13180,#13181,#13182),
 .UNSPECIFIED.,.F.,.F.,(4,4),(0.,0.502538576656541),.UNSPECIFIED.);
#135=B_SPLINE_CURVE_WITH_KNOTS('',3,(#13211,#13212,#13213,#13214),
 .UNSPECIFIED.,.F.,.F.,(4,4),(-0.495060773872998,0.),.UNSPECIFIED.);
#136=B_SPLINE_CURVE_WITH_KNOTS('',3,(#13243,#13244,#13245,#13246,#13247),
 .UNSPECIFIED.,.F.,.F.,(4,1,4),(-0.078544863051124,-0.0336620841647674,
0.),.UNSPECIFIED.);
#137=B_SPLINE_CURVE_WITH_KNOTS('',3,(#13270,#13271,#13272,#13273),
 .UNSPECIFIED.,.F.,.F.,(4,4),(-0.350000718375293,0.),.UNSPECIFIED.);
#138=B_SPLINE_CURVE_WITH_KNOTS('',3,(#13301,#13302,#13303,#13304,#13305,
#13306,#13307,#13308,#13309,#13310,#13311,#13312,#13313,#13314,#13315,#13316,
#13317,#13318,#13319,#13320,#13321,#13322,#13323,#13324,#13325,#13326,#13327,
#13328,#13329,#13330,#13331,#13332,#13333,#13334,#13335,#13336,#13337,#13338,
#13339,#13340),.UNSPECIFIED.,.F.,.F.,(4,3,3,3,3,3,3,3,3,3,3,3,3,4),(-0.314227345181947,
-0.306558554756034,-0.298878857743985,-0.294413394610469,-0.285294587622186,
-0.27612625246129,-0.274941350054591,-0.269356201138402,-0.259381134530809,
-0.255408604732142,-0.246367791097151,-0.237330456589017,-0.235847542148526,
-0.23568454735699),.UNSPECIFIED.);
#139=B_SPLINE_CURVE_WITH_KNOTS('',3,(#13363,#13364,#13365,#13366),
 .UNSPECIFIED.,.F.,.F.,(4,4),(-0.494753707286941,0.),.UNSPECIFIED.);
#140=B_SPLINE_CURVE_WITH_KNOTS('',3,(#13399,#13400,#13401,#13402,#13403),
 .UNSPECIFIED.,.F.,.F.,(4,1,4),(-0.236747373181262,-0.101463159934827,-7.62078610193727E-16),
 .UNSPECIFIED.);
#141=B_SPLINE_CURVE_WITH_KNOTS('',3,(#13404,#13405,#13406,#13407,#13408),
 .UNSPECIFIED.,.F.,.F.,(4,1,4),(7.62078610193727E-16,0.101463159934827,
0.236747373181262),.UNSPECIFIED.);
#142=B_SPLINE_CURVE_WITH_KNOTS('',3,(#13431,#13432,#13433,#13434),
 .UNSPECIFIED.,.F.,.F.,(4,4),(-0.502406451459673,-3.10034515901129E-17),
 .UNSPECIFIED.);
#143=B_SPLINE_CURVE_WITH_KNOTS('',3,(#13462,#13463,#13464,#13465,#13466,
#13467,#13468,#13469,#13470,#13471,#13472,#13473,#13474,#13475,#13476,#13477,
#13478,#13479,#13480,#13481,#13482,#13483,#13484,#13485,#13486,#13487,#13488,
#13489,#13490,#13491,#13492,#13493,#13494,#13495,#13496,#13497,#13498,#13499,
#13500,#13501),.UNSPECIFIED.,.F.,.F.,(4,3,3,3,3,3,3,3,3,3,3,3,3,4),(-0.706952506443256,
-0.706804074720133,-0.699154981003193,-0.691486545562441,-0.687240871374752,
-0.678128746821422,-0.668953083532526,-0.667701974613473,-0.662082566927299,
-0.652136253523839,-0.648222735342273,-0.639193742819351,-0.630157000459313,
-0.628412061990578),.UNSPECIFIED.);
#144=B_SPLINE_CURVE_WITH_KNOTS('',3,(#13524,#13525,#13526,#13527),
 .UNSPECIFIED.,.F.,.F.,(4,4),(-0.35000035085941,0.),.UNSPECIFIED.);
#145=B_SPLINE_CURVE_WITH_KNOTS('',3,(#13556,#13557,#13558,#13559),
 .UNSPECIFIED.,.F.,.F.,(4,4),(-0.314209969923615,-0.308373356307833),
 .UNSPECIFIED.);
#146=B_SPLINE_CURVE_WITH_KNOTS('',3,(#13560,#13561,#13562,#13563,#13564,
#13565,#13566,#13567,#13568,#13569,#13570,#13571,#13572,#13573,#13574,#13575,
#13576,#13577,#13578,#13579,#13580,#13581,#13582,#13583,#13584,#13585,#13586,
#13587,#13588,#13589,#13590,#13591,#13592,#13593,#13594,#13595,#13596),
 .UNSPECIFIED.,.F.,.F.,(4,3,3,3,3,3,3,3,3,3,3,3,4),(-0.308371057064505,
-0.298238934477304,-0.294397761001712,-0.284446881328655,-0.280539185913317,
-0.274892329323362,-0.265707039351419,-0.256576495861745,-0.255332974287954,
-0.247676168882178,-0.24002651878255,-0.235764976664901,-0.235668848823001),
 .UNSPECIFIED.);
#147=B_SPLINE_CURVE_WITH_KNOTS('',3,(#13619,#13620,#13621,#13622),
 .UNSPECIFIED.,.F.,.F.,(4,4),(-0.502538576656541,0.),.UNSPECIFIED.);
#148=B_SPLINE_CURVE_WITH_KNOTS('',3,(#13656,#13657,#13658,#13659,#13660),
 .UNSPECIFIED.,.F.,.F.,(4,1,4),(-0.236804259574625,-0.135316719756928,0.),
 .UNSPECIFIED.);
#149=B_SPLINE_CURVE_WITH_KNOTS('',3,(#13661,#13662,#13663,#13664,#13665),
 .UNSPECIFIED.,.F.,.F.,(4,1,4),(0.,0.135316719756928,0.236804259574625),
 .UNSPECIFIED.);
#150=B_SPLINE_CURVE_WITH_KNOTS('',3,(#13689,#13690,#13691,#13692),
 .UNSPECIFIED.,.F.,.F.,(4,4),(-0.510257886136291,0.),.UNSPECIFIED.);
#151=B_SPLINE_CURVE_WITH_KNOTS('',3,(#13693,#13694,#13695,#13696),
 .UNSPECIFIED.,.F.,.F.,(4,4),(0.,0.510257886136291),.UNSPECIFIED.);
#152=B_SPLINE_CURVE_WITH_KNOTS('',3,(#13725,#13726,#13727,#13728,#13729,
#13730,#13731,#13732,#13733,#13734,#13735,#13736,#13737,#13738,#13739,#13740,
#13741,#13742,#13743,#13744,#13745,#13746,#13747,#13748,#13749,#13750,#13751,
#13752,#13753,#13754,#13755,#13756,#13757,#13758,#13759,#13760,#13761,#13762,
#13763,#13764),.UNSPECIFIED.,.F.,.F.,(4,3,3,3,3,3,3,3,3,3,3,3,3,4),(-0.392770142958195,
-0.392607148520618,-0.38495616278544,-0.377286418291388,-0.37304608591608,
-0.363940924898684,-0.354772951813088,-0.353513340478093,-0.347898886098845,
-0.337943906670841,-0.334041295766939,-0.325015424334741,-0.315979925726916,
-0.314227345181486),.UNSPECIFIED.);
#153=B_SPLINE_CURVE_WITH_KNOTS('',3,(#13765,#13766,#13767,#13768,#13769,
#13770,#13771),.UNSPECIFIED.,.F.,.F.,(4,3,4),(0.314227345181486,0.347888544228647,
0.392770142958195),.UNSPECIFIED.);
#154=B_SPLINE_CURVE_WITH_KNOTS('',3,(#13795,#13796,#13797,#13798),
 .UNSPECIFIED.,.F.,.F.,(4,4),(-0.350000718791616,0.),.UNSPECIFIED.);
#155=B_SPLINE_CURVE_WITH_KNOTS('',3,(#13799,#13800,#13801,#13802),
 .UNSPECIFIED.,.F.,.F.,(4,4),(0.,0.350000718791616),.UNSPECIFIED.);
#156=B_SPLINE_CURVE_WITH_KNOTS('',3,(#13831,#13832,#13833,#13834,#13835),
 .UNSPECIFIED.,.F.,.F.,(4,1,4),(-0.0785448627699254,-0.0336620840442537,
0.),.UNSPECIFIED.);
#157=B_SPLINE_CURVE_WITH_KNOTS('',3,(#13836,#13837,#13838,#13839,#13840),
 .UNSPECIFIED.,.F.,.F.,(4,1,4),(0.,0.0336620840442537,0.0785448627699254),
 .UNSPECIFIED.);
#158=B_SPLINE_CURVE_WITH_KNOTS('',3,(#13864,#13865,#13866,#13867),
 .UNSPECIFIED.,.F.,.F.,(4,4),(-0.510590763796539,-4.00455929269744E-17),
 .UNSPECIFIED.);
#159=B_SPLINE_CURVE_WITH_KNOTS('',3,(#13868,#13869,#13870,#13871),
 .UNSPECIFIED.,.F.,.F.,(4,4),(4.00455929269744E-17,0.510590763796539),
 .UNSPECIFIED.);
#160=B_SPLINE_CURVE_WITH_KNOTS('',3,(#13905,#13906,#13907,#13908,#13909),
 .UNSPECIFIED.,.F.,.F.,(4,1,4),(-0.236939769781308,-0.101545615620561,-1.02494988039625E-16),
 .UNSPECIFIED.);
#161=B_SPLINE_CURVE_WITH_KNOTS('',3,(#13910,#13911,#13912,#13913,#13914),
 .UNSPECIFIED.,.F.,.F.,(4,1,4),(1.02494988039625E-16,0.101545615620561,
0.236939769781308),.UNSPECIFIED.);
#162=B_SPLINE_CURVE_WITH_KNOTS('',3,(#13938,#13939,#13940,#13941),
 .UNSPECIFIED.,.F.,.F.,(4,4),(-0.502940256534241,0.),.UNSPECIFIED.);
#163=B_SPLINE_CURVE_WITH_KNOTS('',3,(#13942,#13943,#13944,#13945),
 .UNSPECIFIED.,.F.,.F.,(4,4),(0.,0.502940256534241),.UNSPECIFIED.);
#164=B_SPLINE_CURVE_WITH_KNOTS('',3,(#13974,#13975,#13976,#13977,#13978),
 .UNSPECIFIED.,.F.,.F.,(4,1,4),(-0.0785481826463232,-0.0336635068484242,
0.),.UNSPECIFIED.);
#165=B_SPLINE_CURVE_WITH_KNOTS('',3,(#13979,#13980,#13981,#13982,#13983),
 .UNSPECIFIED.,.F.,.F.,(4,1,4),(0.,0.0336635068484242,0.0785481826463232),
 .UNSPECIFIED.);
#166=B_SPLINE_CURVE_WITH_KNOTS('',3,(#14007,#14008,#14009,#14010),
 .UNSPECIFIED.,.F.,.F.,(4,4),(-0.350001226997399,-6.57212356284394E-16),
 .UNSPECIFIED.);
#167=B_SPLINE_CURVE_WITH_KNOTS('',3,(#14011,#14012,#14013,#14014),
 .UNSPECIFIED.,.F.,.F.,(4,4),(6.57212356284394E-16,0.350001226997399),
 .UNSPECIFIED.);
#168=B_SPLINE_CURVE_WITH_KNOTS('',3,(#14043,#14044,#14045,#14046,#14047),
 .UNSPECIFIED.,.F.,.F.,(4,1,4),(-0.0785469550572149,-0.0448839743184085,
0.),.UNSPECIFIED.);
#169=B_SPLINE_CURVE_WITH_KNOTS('',3,(#14048,#14049,#14050,#14051,#14052),
 .UNSPECIFIED.,.F.,.F.,(4,1,4),(0.,0.0448839743184085,0.0785469550572149),
 .UNSPECIFIED.);
#170=B_SPLINE_CURVE_WITH_KNOTS('',3,(#14076,#14077,#14078,#14079),
 .UNSPECIFIED.,.F.,.F.,(4,4),(-0.502783663378721,-5.31396329813279E-17),
 .UNSPECIFIED.);
#171=B_SPLINE_CURVE_WITH_KNOTS('',3,(#14080,#14081,#14082,#14083),
 .UNSPECIFIED.,.F.,.F.,(4,4),(5.31396329813279E-17,0.502783663378721),
 .UNSPECIFIED.);
#172=B_SPLINE_CURVE_WITH_KNOTS('',3,(#14114,#14115,#14116,#14117,#14118),
 .UNSPECIFIED.,.F.,.F.,(4,1,4),(-0.236877362677488,-0.101518869718923,-1.7412893554493E-16),
 .UNSPECIFIED.);
#173=B_SPLINE_CURVE_WITH_KNOTS('',3,(#14119,#14120,#14121,#14122,#14123),
 .UNSPECIFIED.,.F.,.F.,(4,1,4),(1.7412893554493E-16,0.101518869718923,0.236877362677488),
 .UNSPECIFIED.);
#174=CYLINDRICAL_SURFACE('',#8041,1.25);
#175=CYLINDRICAL_SURFACE('',#8044,1.25);
#176=CYLINDRICAL_SURFACE('',#8081,1.25);
#177=CYLINDRICAL_SURFACE('',#8084,1.25);
#178=CYLINDRICAL_SURFACE('',#8089,3.);
#179=CYLINDRICAL_SURFACE('',#8093,3.);
#180=CYLINDRICAL_SURFACE('',#8131,1.);
#181=CYLINDRICAL_SURFACE('',#8134,1.);
#182=CYLINDRICAL_SURFACE('',#8137,1.);
#183=CYLINDRICAL_SURFACE('',#8140,1.);
#184=CYLINDRICAL_SURFACE('',#8143,1.);
#185=CYLINDRICAL_SURFACE('',#8146,1.);
#186=CYLINDRICAL_SURFACE('',#8164,1.25);
#187=CYLINDRICAL_SURFACE('',#8186,1.25);
#188=CYLINDRICAL_SURFACE('',#8188,1.25);
#189=CYLINDRICAL_SURFACE('',#8244,1.);
#190=CYLINDRICAL_SURFACE('',#8246,1.);
#191=CYLINDRICAL_SURFACE('',#8248,1.);
#192=CYLINDRICAL_SURFACE('',#8250,1.);
#193=CYLINDRICAL_SURFACE('',#8252,1.);
#194=CYLINDRICAL_SURFACE('',#8256,0.950000000000001);
#195=CYLINDRICAL_SURFACE('',#8262,0.95);
#196=CYLINDRICAL_SURFACE('',#8268,0.949999999999998);
#197=CYLINDRICAL_SURFACE('',#8274,0.949999999999998);
#198=CYLINDRICAL_SURFACE('',#8287,1.75);
#199=CYLINDRICAL_SURFACE('',#8294,2.);
#200=CYLINDRICAL_SURFACE('',#8302,2.);
#201=CYLINDRICAL_SURFACE('',#8310,1.49999999999999);
#202=CYLINDRICAL_SURFACE('',#8318,1.5);
#203=CYLINDRICAL_SURFACE('',#8320,0.75);
#204=CYLINDRICAL_SURFACE('',#8323,0.75);
#205=CYLINDRICAL_SURFACE('',#8327,0.75);
#206=CYLINDRICAL_SURFACE('',#8330,0.75);
#207=CYLINDRICAL_SURFACE('',#8334,0.75);
#208=CYLINDRICAL_SURFACE('',#8338,0.75);
#209=CYLINDRICAL_SURFACE('',#8341,0.75);
#210=CYLINDRICAL_SURFACE('',#8345,0.75);
#211=CYLINDRICAL_SURFACE('',#8347,0.75);
#212=CYLINDRICAL_SURFACE('',#8350,0.75);
#213=CYLINDRICAL_SURFACE('',#8353,0.75);
#214=CYLINDRICAL_SURFACE('',#8356,0.75);
#215=CYLINDRICAL_SURFACE('',#8359,0.75);
#216=CYLINDRICAL_SURFACE('',#8362,0.75);
#217=CYLINDRICAL_SURFACE('',#8365,0.75);
#218=CYLINDRICAL_SURFACE('',#8368,0.75);
#219=CYLINDRICAL_SURFACE('',#8381,1.);
#220=CYLINDRICAL_SURFACE('',#8383,1.25);
#221=CYLINDRICAL_SURFACE('',#8389,0.75);
#222=CYLINDRICAL_SURFACE('',#8395,0.75);
#223=CYLINDRICAL_SURFACE('',#8401,0.75);
#224=CYLINDRICAL_SURFACE('',#8407,0.75);
#225=CYLINDRICAL_SURFACE('',#8409,2.);
#226=CYLINDRICAL_SURFACE('',#8410,2.);
#227=CYLINDRICAL_SURFACE('',#8412,2.);
#228=CYLINDRICAL_SURFACE('',#8414,2.);
#229=CYLINDRICAL_SURFACE('',#8424,1.75);
#230=CYLINDRICAL_SURFACE('',#8461,0.75);
#231=CYLINDRICAL_SURFACE('',#8467,0.75);
#232=CYLINDRICAL_SURFACE('',#8473,0.75);
#233=CYLINDRICAL_SURFACE('',#8479,0.75);
#234=CYLINDRICAL_SURFACE('',#8481,2.);
#235=CYLINDRICAL_SURFACE('',#8483,2.);
#236=CYLINDRICAL_SURFACE('',#8489,2.);
#237=CYLINDRICAL_SURFACE('',#8491,2.);
#238=CYLINDRICAL_SURFACE('',#8536,3.);
#239=CYLINDRICAL_SURFACE('',#8537,3.);
#240=CYLINDRICAL_SURFACE('',#8538,3.);
#241=CYLINDRICAL_SURFACE('',#8540,2.2);
#242=CYLINDRICAL_SURFACE('',#8545,2.2);
#243=CYLINDRICAL_SURFACE('',#8552,6.5);
#244=CYLINDRICAL_SURFACE('',#8564,0.249999999999999);
#245=CYLINDRICAL_SURFACE('',#8567,1.25);
#246=CYLINDRICAL_SURFACE('',#8571,0.25);
#247=CYLINDRICAL_SURFACE('',#8574,0.25);
#248=CYLINDRICAL_SURFACE('',#8575,1.25);
#249=CYLINDRICAL_SURFACE('',#8577,0.25);
#250=CYLINDRICAL_SURFACE('',#8578,3.);
#251=CYLINDRICAL_SURFACE('',#8579,3.);
#252=CYLINDRICAL_SURFACE('',#8581,3.);
#253=CYLINDRICAL_SURFACE('',#8582,3.);
#254=CYLINDRICAL_SURFACE('',#8583,3.);
#255=CYLINDRICAL_SURFACE('',#8584,3.);
#256=CYLINDRICAL_SURFACE('',#8585,3.);
#257=CYLINDRICAL_SURFACE('',#8589,2.);
#258=CYLINDRICAL_SURFACE('',#8593,2.);
#259=CYLINDRICAL_SURFACE('',#8597,2.);
#260=CYLINDRICAL_SURFACE('',#8600,2.);
#261=CYLINDRICAL_SURFACE('',#8602,1.25);
#262=CYLINDRICAL_SURFACE('',#8605,1.25);
#263=CYLINDRICAL_SURFACE('',#8656,1.);
#264=CYLINDRICAL_SURFACE('',#8658,1.);
#265=CYLINDRICAL_SURFACE('',#8660,6.5);
#266=CYLINDRICAL_SURFACE('',#8663,1.);
#267=CYLINDRICAL_SURFACE('',#8665,1.);
#268=CYLINDRICAL_SURFACE('',#8667,6.5);
#269=CYLINDRICAL_SURFACE('',#8694,1.);
#270=CYLINDRICAL_SURFACE('',#8696,1.);
#271=CYLINDRICAL_SURFACE('',#8700,1.);
#272=CYLINDRICAL_SURFACE('',#8702,1.);
#273=CYLINDRICAL_SURFACE('',#8704,1.);
#274=CYLINDRICAL_SURFACE('',#8706,1.);
#275=CYLINDRICAL_SURFACE('',#8708,1.);
#276=CYLINDRICAL_SURFACE('',#8710,1.);
#277=CYLINDRICAL_SURFACE('',#8720,6.5);
#278=CYLINDRICAL_SURFACE('',#8721,6.5);
#279=CYLINDRICAL_SURFACE('',#8725,3.5);
#280=CYLINDRICAL_SURFACE('',#8736,2.75);
#281=CYLINDRICAL_SURFACE('',#8741,3.50000000000001);
#282=CYLINDRICAL_SURFACE('',#8752,2.75);
#283=CYLINDRICAL_SURFACE('',#8773,0.75);
#284=CYLINDRICAL_SURFACE('',#8778,0.75);
#285=CYLINDRICAL_SURFACE('',#8780,1.25);
#286=CYLINDRICAL_SURFACE('',#8783,1.25);
#287=CYLINDRICAL_SURFACE('',#8800,0.75);
#288=CYLINDRICAL_SURFACE('',#8806,0.75);
#289=CYLINDRICAL_SURFACE('',#8810,1.25);
#290=CYLINDRICAL_SURFACE('',#8813,1.25);
#291=CONICAL_SURFACE('',#8024,1.35,0.78539816339745);
#292=CONICAL_SURFACE('',#8028,1.35,0.78539816339745);
#293=CONICAL_SURFACE('',#8032,1.35,0.78539816339745);
#294=CONICAL_SURFACE('',#8036,1.35,0.78539816339745);
#295=CONICAL_SURFACE('',#8070,1.35,0.785398163397438);
#296=CONICAL_SURFACE('',#8073,1.35,0.785398163397443);
#297=CONICAL_SURFACE('',#8076,1.35,0.78539816339745);
#298=CONICAL_SURFACE('',#8079,1.35,0.78539816339745);
#299=CONICAL_SURFACE('',#8087,3.1,0.785398163397437);
#300=CONICAL_SURFACE('',#8091,3.1,0.785398163397437);
#301=CONICAL_SURFACE('',#8096,0.9,0.78539816339745);
#302=CONICAL_SURFACE('',#8099,1.1,0.78539816339745);
#303=CONICAL_SURFACE('',#8102,1.1,0.785398163397448);
#304=CONICAL_SURFACE('',#8105,0.9,0.785398163397449);
#305=CONICAL_SURFACE('',#8108,1.1,0.78539816339745);
#306=CONICAL_SURFACE('',#8111,1.1,0.785398163397449);
#307=CONICAL_SURFACE('',#8114,0.9,0.785398163397448);
#308=CONICAL_SURFACE('',#8117,1.1,0.785398163397449);
#309=CONICAL_SURFACE('',#8120,1.1,0.78539816339745);
#310=CONICAL_SURFACE('',#8123,0.9,0.785398163397446);
#311=CONICAL_SURFACE('',#8126,1.1,0.78539816339745);
#312=CONICAL_SURFACE('',#8129,1.1,0.78539816339745);
#313=CONICAL_SURFACE('',#8149,1.35,0.78539816339745);
#314=CONICAL_SURFACE('',#8152,1.35,0.78539816339745);
#315=CONICAL_SURFACE('',#8155,1.35,0.78539816339745);
#316=CONICAL_SURFACE('',#8159,1.35,0.78539816339745);
#317=CONICAL_SURFACE('',#8175,1.35,0.785398163397438);
#318=CONICAL_SURFACE('',#8178,1.35,0.78539816339745);
#319=CONICAL_SURFACE('',#8180,1.35,0.78539816339745);
#320=CONICAL_SURFACE('',#8182,1.35,0.785398163397443);
#321=CONICAL_SURFACE('',#8189,3.1,0.785398163397437);
#322=CONICAL_SURFACE('',#8213,3.1,0.785398163397437);
#323=CONICAL_SURFACE('',#8215,1.1,0.78539816339745);
#324=CONICAL_SURFACE('',#8217,0.9,0.78539816339745);
#325=CONICAL_SURFACE('',#8220,1.1,0.78539816339745);
#326=CONICAL_SURFACE('',#8223,1.1,0.785398163397448);
#327=CONICAL_SURFACE('',#8226,0.9,0.785398163397449);
#328=CONICAL_SURFACE('',#8229,1.1,0.78539816339745);
#329=CONICAL_SURFACE('',#8232,1.1,0.785398163397449);
#330=CONICAL_SURFACE('',#8235,0.9,0.785398163397448);
#331=CONICAL_SURFACE('',#8237,1.1,0.785398163397449);
#332=CONICAL_SURFACE('',#8239,1.1,0.78539816339745);
#333=CONICAL_SURFACE('',#8241,0.9,0.785398163397446);
#334=CONICAL_SURFACE('',#8243,1.1,0.78539816339745);
#335=CONICAL_SURFACE('',#8253,1.05,0.785398163397449);
#336=CONICAL_SURFACE('',#8259,1.05,0.785398163397449);
#337=CONICAL_SURFACE('',#8265,1.05,0.785398163397438);
#338=CONICAL_SURFACE('',#8271,1.05,0.785398163397438);
#339=CONICAL_SURFACE('',#8289,2.5,0.785398163397449);
#340=CONICAL_SURFACE('',#8297,2.5,0.785398163397447);
#341=CONICAL_SURFACE('',#8305,1.99999999999999,0.785398163397447);
#342=CONICAL_SURFACE('',#8313,2.,0.785398163397448);
#343=CONICAL_SURFACE('',#8493,2.575,0.785398163397449);
#344=CONICAL_SURFACE('',#8498,2.575,0.78539816339745);
#345=CONICAL_SURFACE('',#8502,3.375,0.785398163397449);
#346=CONICAL_SURFACE('',#8505,2.625,0.785398163397448);
#347=CONICAL_SURFACE('',#8509,2.625,0.785398163397448);
#348=CONICAL_SURFACE('',#8512,3.375,0.785398163397448);
#349=CONICAL_SURFACE('',#8515,2.625,0.785398163397448);
#350=CONICAL_SURFACE('',#8519,2.625,0.785398163397449);
#351=CONICAL_SURFACE('',#8522,3.375,0.785398163397448);
#352=CONICAL_SURFACE('',#8525,2.625,0.785398163397448);
#353=CONICAL_SURFACE('',#8529,2.625,0.785398163397447);
#354=CONICAL_SURFACE('',#8532,3.375,0.785398163397449);
#355=CONICAL_SURFACE('',#8549,6.35,0.785398163397449);
#356=CONICAL_SURFACE('',#8554,2.05,0.785398163397454);
#357=CONICAL_SURFACE('',#8562,2.05,0.785398163397453);
#358=CONICAL_SURFACE('',#8586,1.625,0.785398163397449);
#359=CONICAL_SURFACE('',#8590,1.625,0.785398163397449);
#360=CONICAL_SURFACE('',#8594,1.625,0.785398163397446);
#361=CONICAL_SURFACE('',#8598,1.625,0.78539816339745);
#362=CONICAL_SURFACE('',#8607,6.4,0.785398163397448);
#363=CONICAL_SURFACE('',#8610,6.4,0.785398163397448);
#364=CONICAL_SURFACE('',#8613,6.4,0.785398163397445);
#365=CONICAL_SURFACE('',#8616,6.4,0.785398163397448);
#366=CONICAL_SURFACE('',#8620,0.9,0.78539816339745);
#367=CONICAL_SURFACE('',#8624,0.9,0.785398163397446);
#368=CONICAL_SURFACE('',#8629,0.9,0.785398163397449);
#369=CONICAL_SURFACE('',#8633,0.9,0.78539816339745);
#370=CONICAL_SURFACE('',#8638,0.9,0.78539816339745);
#371=CONICAL_SURFACE('',#8642,0.9,0.785398163397448);
#372=CONICAL_SURFACE('',#8647,0.9,0.785398163397449);
#373=CONICAL_SURFACE('',#8651,0.9,0.785398163397449);
#374=CONICAL_SURFACE('',#8722,3.4,0.785398163397437);
#375=CONICAL_SURFACE('',#8729,3.4,0.785398163397437);
#376=CONICAL_SURFACE('',#8738,3.40000000000001,0.785398163397437);
#377=CONICAL_SURFACE('',#8744,3.40000000000001,0.785398163397437);
#378=LINE('',#11165,#1091);
#379=LINE('',#11167,#1092);
#380=LINE('',#11169,#1093);
#381=LINE('',#11170,#1094);
#382=LINE('',#11173,#1095);
#383=LINE('',#11175,#1096);
#384=LINE('',#11176,#1097);
#385=LINE('',#11179,#1098);
#386=LINE('',#11181,#1099);
#387=LINE('',#11182,#1100);
#388=LINE('',#11185,#1101);
#389=LINE('',#11187,#1102);
#390=LINE('',#11188,#1103);
#391=LINE('',#11191,#1104);
#392=LINE('',#11193,#1105);
#393=LINE('',#11194,#1106);
#394=LINE('',#11197,#1107);
#395=LINE('',#11199,#1108);
#396=LINE('',#11200,#1109);
#397=LINE('',#11203,#1110);
#398=LINE('',#11205,#1111);
#399=LINE('',#11206,#1112);
#400=LINE('',#11208,#1113);
#401=LINE('',#11209,#1114);
#402=LINE('',#11214,#1115);
#403=LINE('',#11218,#1116);
#404=LINE('',#11223,#1117);
#405=LINE('',#11224,#1118);
#406=LINE('',#11225,#1119);
#407=LINE('',#11229,#1120);
#408=LINE('',#11235,#1121);
#409=LINE('',#11236,#1122);
#410=LINE('',#11237,#1123);
#411=LINE('',#11241,#1124);
#412=LINE('',#11247,#1125);
#413=LINE('',#11248,#1126);
#414=LINE('',#11249,#1127);
#415=LINE('',#11253,#1128);
#416=LINE('',#11257,#1129);
#417=LINE('',#11258,#1130);
#418=LINE('',#11261,#1131);
#419=LINE('',#11263,#1132);
#420=LINE('',#11264,#1133);
#421=LINE('',#11267,#1134);
#422=LINE('',#11271,#1135);
#423=LINE('',#11272,#1136);
#424=LINE('',#11275,#1137);
#425=LINE('',#11280,#1138);
#426=LINE('',#11282,#1139);
#427=LINE('',#11296,#1140);
#428=LINE('',#11298,#1141);
#429=LINE('',#11302,#1142);
#430=LINE('',#11304,#1143);
#431=LINE('',#11306,#1144);
#432=LINE('',#11310,#1145);
#433=LINE('',#11312,#1146);
#434=LINE('',#11314,#1147);
#435=LINE('',#11318,#1148);
#436=LINE('',#11320,#1149);
#437=LINE('',#11322,#1150);
#438=LINE('',#11326,#1151);
#439=LINE('',#11330,#1152);
#440=LINE('',#11334,#1153);
#441=LINE('',#11338,#1154);
#442=LINE('',#11344,#1155);
#443=LINE('',#11348,#1156);
#444=LINE('',#11352,#1157);
#445=LINE('',#11356,#1158);
#446=LINE('',#11360,#1159);
#447=LINE('',#11364,#1160);
#448=LINE('',#11368,#1161);
#449=LINE('',#11372,#1162);
#450=LINE('',#11376,#1163);
#451=LINE('',#11380,#1164);
#452=LINE('',#11384,#1165);
#453=LINE('',#11388,#1166);
#454=LINE('',#11394,#1167);
#455=LINE('',#11396,#1168);
#456=LINE('',#11397,#1169);
#457=LINE('',#11400,#1170);
#458=LINE('',#11404,#1171);
#459=LINE('',#11405,#1172);
#460=LINE('',#11408,#1173);
#461=LINE('',#11412,#1174);
#462=LINE('',#11413,#1175);
#463=LINE('',#11416,#1176);
#464=LINE('',#11420,#1177);
#465=LINE('',#11421,#1178);
#466=LINE('',#11426,#1179);
#467=LINE('',#11429,#1180);
#468=LINE('',#11432,#1181);
#469=LINE('',#11433,#1182);
#470=LINE('',#11436,#1183);
#471=LINE('',#11440,#1184);
#472=LINE('',#11441,#1185);
#473=LINE('',#11445,#1186);
#474=LINE('',#11449,#1187);
#475=LINE('',#11453,#1188);
#476=LINE('',#11457,#1189);
#477=LINE('',#11460,#1190);
#478=LINE('',#11462,#1191);
#479=LINE('',#11463,#1192);
#480=LINE('',#11466,#1193);
#481=LINE('',#11470,#1194);
#482=LINE('',#11471,#1195);
#483=LINE('',#11474,#1196);
#484=LINE('',#11478,#1197);
#485=LINE('',#11479,#1198);
#486=LINE('',#11482,#1199);
#487=LINE('',#11486,#1200);
#488=LINE('',#11487,#1201);
#489=LINE('',#11490,#1202);
#490=LINE('',#11494,#1203);
#491=LINE('',#11495,#1204);
#492=LINE('',#11498,#1205);
#493=LINE('',#11502,#1206);
#494=LINE('',#11503,#1207);
#495=LINE('',#11506,#1208);
#496=LINE('',#11510,#1209);
#497=LINE('',#11511,#1210);
#498=LINE('',#11514,#1211);
#499=LINE('',#11518,#1212);
#500=LINE('',#11519,#1213);
#501=LINE('',#11522,#1214);
#502=LINE('',#11526,#1215);
#503=LINE('',#11527,#1216);
#504=LINE('',#11530,#1217);
#505=LINE('',#11534,#1218);
#506=LINE('',#11535,#1219);
#507=LINE('',#11538,#1220);
#508=LINE('',#11542,#1221);
#509=LINE('',#11543,#1222);
#510=LINE('',#11546,#1223);
#511=LINE('',#11550,#1224);
#512=LINE('',#11551,#1225);
#513=LINE('',#11556,#1226);
#514=LINE('',#11559,#1227);
#515=LINE('',#11562,#1228);
#516=LINE('',#11563,#1229);
#517=LINE('',#11566,#1230);
#518=LINE('',#11570,#1231);
#519=LINE('',#11571,#1232);
#520=LINE('',#11574,#1233);
#521=LINE('',#11578,#1234);
#522=LINE('',#11579,#1235);
#523=LINE('',#11582,#1236);
#524=LINE('',#11586,#1237);
#525=LINE('',#11587,#1238);
#526=LINE('',#11590,#1239);
#527=LINE('',#11594,#1240);
#528=LINE('',#11595,#1241);
#529=LINE('',#11598,#1242);
#530=LINE('',#11602,#1243);
#531=LINE('',#11603,#1244);
#532=LINE('',#11606,#1245);
#533=LINE('',#11608,#1246);
#534=LINE('',#11612,#1247);
#535=LINE('',#11613,#1248);
#536=LINE('',#11616,#1249);
#537=LINE('',#11620,#1250);
#538=LINE('',#11621,#1251);
#539=LINE('',#11625,#1252);
#540=LINE('',#11630,#1253);
#541=LINE('',#11632,#1254);
#542=LINE('',#11633,#1255);
#543=LINE('',#11637,#1256);
#544=LINE('',#11641,#1257);
#545=LINE('',#11642,#1258);
#546=LINE('',#11644,#1259);
#547=LINE('',#11645,#1260);
#548=LINE('',#11647,#1261);
#549=LINE('',#11654,#1262);
#550=LINE('',#11658,#1263);
#551=LINE('',#11662,#1264);
#552=LINE('',#11665,#1265);
#553=LINE('',#11670,#1266);
#554=LINE('',#11674,#1267);
#555=LINE('',#11678,#1268);
#556=LINE('',#11681,#1269);
#557=LINE('',#11683,#1270);
#558=LINE('',#11686,#1271);
#559=LINE('',#11688,#1272);
#560=LINE('',#11690,#1273);
#561=LINE('',#11692,#1274);
#562=LINE('',#11694,#1275);
#563=LINE('',#11697,#1276);
#564=LINE('',#11698,#1277);
#565=LINE('',#11701,#1278);
#566=LINE('',#11704,#1279);
#567=LINE('',#11706,#1280);
#568=LINE('',#11708,#1281);
#569=LINE('',#11710,#1282);
#570=LINE('',#11715,#1283);
#571=LINE('',#11721,#1284);
#572=LINE('',#11725,#1285);
#573=LINE('',#11729,#1286);
#574=LINE('',#11732,#1287);
#575=LINE('',#11737,#1288);
#576=LINE('',#11741,#1289);
#577=LINE('',#11745,#1290);
#578=LINE('',#11749,#1291);
#579=LINE('',#11753,#1292);
#580=LINE('',#11757,#1293);
#581=LINE('',#11761,#1294);
#582=LINE('',#11765,#1295);
#583=LINE('',#11769,#1296);
#584=LINE('',#11773,#1297);
#585=LINE('',#11777,#1298);
#586=LINE('',#11781,#1299);
#587=LINE('',#11785,#1300);
#588=LINE('',#11789,#1301);
#589=LINE('',#11793,#1302);
#590=LINE('',#11797,#1303);
#591=LINE('',#11800,#1304);
#592=LINE('',#11802,#1305);
#593=LINE('',#11803,#1306);
#594=LINE('',#11805,#1307);
#595=LINE('',#11807,#1308);
#596=LINE('',#11811,#1309);
#597=LINE('',#11814,#1310);
#598=LINE('',#11815,#1311);
#599=LINE('',#11819,#1312);
#600=LINE('',#11822,#1313);
#601=LINE('',#11823,#1314);
#602=LINE('',#11827,#1315);
#603=LINE('',#11830,#1316);
#604=LINE('',#11831,#1317);
#605=LINE('',#11835,#1318);
#606=LINE('',#11838,#1319);
#607=LINE('',#11839,#1320);
#608=LINE('',#11843,#1321);
#609=LINE('',#11846,#1322);
#610=LINE('',#11847,#1323);
#611=LINE('',#11851,#1324);
#612=LINE('',#11853,#1325);
#613=LINE('',#11854,#1326);
#614=LINE('',#11856,#1327);
#615=LINE('',#11858,#1328);
#616=LINE('',#11860,#1329);
#617=LINE('',#11862,#1330);
#618=LINE('',#11864,#1331);
#619=LINE('',#11866,#1332);
#620=LINE('',#11868,#1333);
#621=LINE('',#11870,#1334);
#622=LINE('',#11873,#1335);
#623=LINE('',#11874,#1336);
#624=LINE('',#11876,#1337);
#625=LINE('',#11878,#1338);
#626=LINE('',#11880,#1339);
#627=LINE('',#11882,#1340);
#628=LINE('',#11884,#1341);
#629=LINE('',#11886,#1342);
#630=LINE('',#11888,#1343);
#631=LINE('',#11894,#1344);
#632=LINE('',#11897,#1345);
#633=LINE('',#11903,#1346);
#634=LINE('',#11905,#1347);
#635=LINE('',#11907,#1348);
#636=LINE('',#11908,#1349);
#637=LINE('',#11913,#1350);
#638=LINE('',#11916,#1351);
#639=LINE('',#11920,#1352);
#640=LINE('',#11924,#1353);
#641=LINE('',#11926,#1354);
#642=LINE('',#11927,#1355);
#643=LINE('',#11932,#1356);
#644=LINE('',#11935,#1357);
#645=LINE('',#11941,#1358);
#646=LINE('',#11943,#1359);
#647=LINE('',#11945,#1360);
#648=LINE('',#11946,#1361);
#649=LINE('',#11951,#1362);
#650=LINE('',#11954,#1363);
#651=LINE('',#11958,#1364);
#652=LINE('',#11962,#1365);
#653=LINE('',#11964,#1366);
#654=LINE('',#11965,#1367);
#655=LINE('',#11984,#1368);
#656=LINE('',#11986,#1369);
#657=LINE('',#11987,#1370);
#658=LINE('',#11989,#1371);
#659=LINE('',#11990,#1372);
#660=LINE('',#11993,#1373);
#661=LINE('',#12000,#1374);
#662=LINE('',#12001,#1375);
#663=LINE('',#12013,#1376);
#664=LINE('',#12015,#1377);
#665=LINE('',#12017,#1378);
#666=LINE('',#12019,#1379);
#667=LINE('',#12021,#1380);
#668=LINE('',#12022,#1381);
#669=LINE('',#12024,#1382);
#670=LINE('',#12027,#1383);
#671=LINE('',#12029,#1384);
#672=LINE('',#12030,#1385);
#673=LINE('',#12033,#1386);
#674=LINE('',#12037,#1387);
#675=LINE('',#12038,#1388);
#676=LINE('',#12040,#1389);
#677=LINE('',#12042,#1390);
#678=LINE('',#12044,#1391);
#679=LINE('',#12045,#1392);
#680=LINE('',#12047,#1393);
#681=LINE('',#12049,#1394);
#682=LINE('',#12051,#1395);
#683=LINE('',#12054,#1396);
#684=LINE('',#12056,#1397);
#685=LINE('',#12057,#1398);
#686=LINE('',#12060,#1399);
#687=LINE('',#12064,#1400);
#688=LINE('',#12065,#1401);
#689=LINE('',#12067,#1402);
#690=LINE('',#12069,#1403);
#691=LINE('',#12070,#1404);
#692=LINE('',#12072,#1405);
#693=LINE('',#12074,#1406);
#694=LINE('',#12076,#1407);
#695=LINE('',#12079,#1408);
#696=LINE('',#12081,#1409);
#697=LINE('',#12082,#1410);
#698=LINE('',#12085,#1411);
#699=LINE('',#12089,#1412);
#700=LINE('',#12090,#1413);
#701=LINE('',#12092,#1414);
#702=LINE('',#12094,#1415);
#703=LINE('',#12095,#1416);
#704=LINE('',#12097,#1417);
#705=LINE('',#12099,#1418);
#706=LINE('',#12101,#1419);
#707=LINE('',#12104,#1420);
#708=LINE('',#12105,#1421);
#709=LINE('',#12108,#1422);
#710=LINE('',#12112,#1423);
#711=LINE('',#12113,#1424);
#712=LINE('',#12115,#1425);
#713=LINE('',#12116,#1426);
#714=LINE('',#12118,#1427);
#715=LINE('',#12120,#1428);
#716=LINE('',#12124,#1429);
#717=LINE('',#12127,#1430);
#718=LINE('',#12130,#1431);
#719=LINE('',#12131,#1432);
#720=LINE('',#12137,#1433);
#721=LINE('',#12140,#1434);
#722=LINE('',#12143,#1435);
#723=LINE('',#12145,#1436);
#724=LINE('',#12146,#1437);
#725=LINE('',#12149,#1438);
#726=LINE('',#12153,#1439);
#727=LINE('',#12154,#1440);
#728=LINE('',#12160,#1441);
#729=LINE('',#12163,#1442);
#730=LINE('',#12165,#1443);
#731=LINE('',#12166,#1444);
#732=LINE('',#12172,#1445);
#733=LINE('',#12175,#1446);
#734=LINE('',#12177,#1447);
#735=LINE('',#12178,#1448);
#736=LINE('',#12181,#1449);
#737=LINE('',#12185,#1450);
#738=LINE('',#12186,#1451);
#739=LINE('',#12192,#1452);
#740=LINE('',#12194,#1453);
#741=LINE('',#12195,#1454);
#742=LINE('',#12198,#1455);
#743=LINE('',#12202,#1456);
#744=LINE('',#12205,#1457);
#745=LINE('',#12208,#1458);
#746=LINE('',#12209,#1459);
#747=LINE('',#12214,#1460);
#748=LINE('',#12215,#1461);
#749=LINE('',#12218,#1462);
#750=LINE('',#12219,#1463);
#751=LINE('',#12222,#1464);
#752=LINE('',#12226,#1465);
#753=LINE('',#12227,#1466);
#754=LINE('',#12232,#1467);
#755=LINE('',#12233,#1468);
#756=LINE('',#12235,#1469);
#757=LINE('',#12240,#1470);
#758=LINE('',#12241,#1471);
#759=LINE('',#12243,#1472);
#760=LINE('',#12246,#1473);
#761=LINE('',#12250,#1474);
#762=LINE('',#12251,#1475);
#763=LINE('',#12255,#1476);
#764=LINE('',#12257,#1477);
#765=LINE('',#12260,#1478);
#766=LINE('',#12263,#1479);
#767=LINE('',#12268,#1480);
#768=LINE('',#12272,#1481);
#769=LINE('',#12276,#1482);
#770=LINE('',#12279,#1483);
#771=LINE('',#12282,#1484);
#772=LINE('',#12285,#1485);
#773=LINE('',#12287,#1486);
#774=LINE('',#12302,#1487);
#775=LINE('',#12303,#1488);
#776=LINE('',#12314,#1489);
#777=LINE('',#12315,#1490);
#778=LINE('',#12326,#1491);
#779=LINE('',#12327,#1492);
#780=LINE('',#12334,#1493);
#781=LINE('',#12336,#1494);
#782=LINE('',#12337,#1495);
#783=LINE('',#12340,#1496);
#784=LINE('',#12343,#1497);
#785=LINE('',#12344,#1498);
#786=LINE('',#12347,#1499);
#787=LINE('',#12352,#1500);
#788=LINE('',#12354,#1501);
#789=LINE('',#12356,#1502);
#790=LINE('',#12357,#1503);
#791=LINE('',#12360,#1504);
#792=LINE('',#12362,#1505);
#793=LINE('',#12363,#1506);
#794=LINE('',#12366,#1507);
#795=LINE('',#12368,#1508);
#796=LINE('',#12369,#1509);
#797=LINE('',#12371,#1510);
#798=LINE('',#12372,#1511);
#799=LINE('',#12407,#1512);
#800=LINE('',#12410,#1513);
#801=LINE('',#12413,#1514);
#802=LINE('',#12415,#1515);
#803=LINE('',#12417,#1516);
#804=LINE('',#12447,#1517);
#805=LINE('',#12449,#1518);
#806=LINE('',#12451,#1519);
#807=LINE('',#12453,#1520);
#808=LINE('',#12455,#1521);
#809=LINE('',#12456,#1522);
#810=LINE('',#12459,#1523);
#811=LINE('',#12460,#1524);
#812=LINE('',#12463,#1525);
#813=LINE('',#12467,#1526);
#814=LINE('',#12471,#1527);
#815=LINE('',#12475,#1528);
#816=LINE('',#12478,#1529);
#817=LINE('',#12484,#1530);
#818=LINE('',#12494,#1531);
#819=LINE('',#12496,#1532);
#820=LINE('',#12498,#1533);
#821=LINE('',#12508,#1534);
#822=LINE('',#12514,#1535);
#823=LINE('',#12522,#1536);
#824=LINE('',#12545,#1537);
#825=LINE('',#12546,#1538);
#826=LINE('',#12557,#1539);
#827=LINE('',#12558,#1540);
#828=LINE('',#12569,#1541);
#829=LINE('',#12570,#1542);
#830=LINE('',#12578,#1543);
#831=LINE('',#12579,#1544);
#832=LINE('',#12581,#1545);
#833=LINE('',#12582,#1546);
#834=LINE('',#12584,#1547);
#835=LINE('',#12586,#1548);
#836=LINE('',#12588,#1549);
#837=LINE('',#12599,#1550);
#838=LINE('',#12600,#1551);
#839=LINE('',#12602,#1552);
#840=LINE('',#12607,#1553);
#841=LINE('',#12609,#1554);
#842=LINE('',#12611,#1555);
#843=LINE('',#12633,#1556);
#844=LINE('',#12635,#1557);
#845=LINE('',#12636,#1558);
#846=LINE('',#12639,#1559);
#847=LINE('',#12641,#1560);
#848=LINE('',#12642,#1561);
#849=LINE('',#12648,#1562);
#850=LINE('',#12656,#1563);
#851=LINE('',#12657,#1564);
#852=LINE('',#12662,#1565);
#853=LINE('',#12666,#1566);
#854=LINE('',#12671,#1567);
#855=LINE('',#12672,#1568);
#856=LINE('',#12676,#1569);
#857=LINE('',#12683,#1570);
#858=LINE('',#12688,#1571);
#859=LINE('',#12694,#1572);
#860=LINE('',#12695,#1573);
#861=LINE('',#12696,#1574);
#862=LINE('',#12700,#1575);
#863=LINE('',#12707,#1576);
#864=LINE('',#12712,#1577);
#865=LINE('',#12718,#1578);
#866=LINE('',#12719,#1579);
#867=LINE('',#12720,#1580);
#868=LINE('',#12724,#1581);
#869=LINE('',#12731,#1582);
#870=LINE('',#12734,#1583);
#871=LINE('',#12735,#1584);
#872=LINE('',#12737,#1585);
#873=LINE('',#12739,#1586);
#874=LINE('',#12741,#1587);
#875=LINE('',#12744,#1588);
#876=LINE('',#12750,#1589);
#877=LINE('',#12751,#1590);
#878=LINE('',#12754,#1591);
#879=LINE('',#12758,#1592);
#880=LINE('',#12759,#1593);
#881=LINE('',#12762,#1594);
#882=LINE('',#12764,#1595);
#883=LINE('',#12766,#1596);
#884=LINE('',#12767,#1597);
#885=LINE('',#12769,#1598);
#886=LINE('',#12771,#1599);
#887=LINE('',#12772,#1600);
#888=LINE('',#12775,#1601);
#889=LINE('',#12776,#1602);
#890=LINE('',#12779,#1603);
#891=LINE('',#12788,#1604);
#892=LINE('',#12791,#1605);
#893=LINE('',#12807,#1606);
#894=LINE('',#12810,#1607);
#895=LINE('',#12818,#1608);
#896=LINE('',#12819,#1609);
#897=LINE('',#12828,#1610);
#898=LINE('',#12831,#1611);
#899=LINE('',#12833,#1612);
#900=LINE('',#12834,#1613);
#901=LINE('',#12840,#1614);
#902=LINE('',#12842,#1615);
#903=LINE('',#12846,#1616);
#904=LINE('',#12849,#1617);
#905=LINE('',#12851,#1618);
#906=LINE('',#12852,#1619);
#907=LINE('',#12856,#1620);
#908=LINE('',#12857,#1621);
#909=LINE('',#12860,#1622);
#910=LINE('',#12862,#1623);
#911=LINE('',#12864,#1624);
#912=LINE('',#12866,#1625);
#913=LINE('',#12868,#1626);
#914=LINE('',#12869,#1627);
#915=LINE('',#12871,#1628);
#916=LINE('',#12872,#1629);
#917=LINE('',#12879,#1630);
#918=LINE('',#12882,#1631);
#919=LINE('',#12887,#1632);
#920=LINE('',#12890,#1633);
#921=LINE('',#12893,#1634);
#922=LINE('',#12898,#1635);
#923=LINE('',#12901,#1636);
#924=LINE('',#12904,#1637);
#925=LINE('',#12907,#1638);
#926=LINE('',#12911,#1639);
#927=LINE('',#12975,#1640);
#928=LINE('',#12977,#1641);
#929=LINE('',#12978,#1642);
#930=LINE('',#12983,#1643);
#931=LINE('',#12988,#1644);
#932=LINE('',#12989,#1645);
#933=LINE('',#12990,#1646);
#934=LINE('',#12995,#1647);
#935=LINE('',#12998,#1648);
#936=LINE('',#12999,#1649);
#937=LINE('',#13002,#1650);
#938=LINE('',#13004,#1651);
#939=LINE('',#13005,#1652);
#940=LINE('',#13010,#1653);
#941=LINE('',#13015,#1654);
#942=LINE('',#13016,#1655);
#943=LINE('',#13017,#1656);
#944=LINE('',#13022,#1657);
#945=LINE('',#13025,#1658);
#946=LINE('',#13026,#1659);
#947=LINE('',#13029,#1660);
#948=LINE('',#13031,#1661);
#949=LINE('',#13032,#1662);
#950=LINE('',#13037,#1663);
#951=LINE('',#13042,#1664);
#952=LINE('',#13043,#1665);
#953=LINE('',#13044,#1666);
#954=LINE('',#13049,#1667);
#955=LINE('',#13052,#1668);
#956=LINE('',#13053,#1669);
#957=LINE('',#13056,#1670);
#958=LINE('',#13058,#1671);
#959=LINE('',#13059,#1672);
#960=LINE('',#13064,#1673);
#961=LINE('',#13069,#1674);
#962=LINE('',#13070,#1675);
#963=LINE('',#13071,#1676);
#964=LINE('',#13076,#1677);
#965=LINE('',#13079,#1678);
#966=LINE('',#13080,#1679);
#967=LINE('',#13083,#1680);
#968=LINE('',#13090,#1681);
#969=LINE('',#13092,#1682);
#970=LINE('',#13093,#1683);
#971=LINE('',#13096,#1684);
#972=LINE('',#13104,#1685);
#973=LINE('',#13111,#1686);
#974=LINE('',#13121,#1687);
#975=LINE('',#13123,#1688);
#976=LINE('',#13125,#1689);
#977=LINE('',#13132,#1690);
#978=LINE('',#13136,#1691);
#979=LINE('',#13143,#1692);
#980=LINE('',#13144,#1693);
#981=LINE('',#13147,#1694);
#982=LINE('',#13157,#1695);
#983=LINE('',#13164,#1696);
#984=LINE('',#13174,#1697);
#985=LINE('',#13176,#1698);
#986=LINE('',#13178,#1699);
#987=LINE('',#13185,#1700);
#988=LINE('',#14127,#1701);
#989=LINE('',#14164,#1702);
#990=LINE('',#14165,#1703);
#991=LINE('',#14167,#1704);
#992=LINE('',#14169,#1705);
#993=LINE('',#14172,#1706);
#994=LINE('',#14174,#1707);
#995=LINE('',#14175,#1708);
#996=LINE('',#14179,#1709);
#997=LINE('',#14181,#1710);
#998=LINE('',#14182,#1711);
#999=LINE('',#14184,#1712);
#1000=LINE('',#14186,#1713);
#1001=LINE('',#14189,#1714);
#1002=LINE('',#14191,#1715);
#1003=LINE('',#14192,#1716);
#1004=LINE('',#14200,#1717);
#1005=LINE('',#14201,#1718);
#1006=LINE('',#14203,#1719);
#1007=LINE('',#14213,#1720);
#1008=LINE('',#14217,#1721);
#1009=LINE('',#14224,#1722);
#1010=LINE('',#14234,#1723);
#1011=LINE('',#14240,#1724);
#1012=LINE('',#14245,#1725);
#1013=LINE('',#14250,#1726);
#1014=LINE('',#14261,#1727);
#1015=LINE('',#14266,#1728);
#1016=LINE('',#14268,#1729);
#1017=LINE('',#14270,#1730);
#1018=LINE('',#14271,#1731);
#1019=LINE('',#14274,#1732);
#1020=LINE('',#14276,#1733);
#1021=LINE('',#14277,#1734);
#1022=LINE('',#14280,#1735);
#1023=LINE('',#14282,#1736);
#1024=LINE('',#14283,#1737);
#1025=LINE('',#14285,#1738);
#1026=LINE('',#14286,#1739);
#1027=LINE('',#14289,#1740);
#1028=LINE('',#14291,#1741);
#1029=LINE('',#14292,#1742);
#1030=LINE('',#14295,#1743);
#1031=LINE('',#14296,#1744);
#1032=LINE('',#14301,#1745);
#1033=LINE('',#14303,#1746);
#1034=LINE('',#14304,#1747);
#1035=LINE('',#14305,#1748);
#1036=LINE('',#14308,#1749);
#1037=LINE('',#14309,#1750);
#1038=LINE('',#14310,#1751);
#1039=LINE('',#14313,#1752);
#1040=LINE('',#14314,#1753);
#1041=LINE('',#14316,#1754);
#1042=LINE('',#14318,#1755);
#1043=LINE('',#14324,#1756);
#1044=LINE('',#14327,#1757);
#1045=LINE('',#14355,#1758);
#1046=LINE('',#14356,#1759);
#1047=LINE('',#14378,#1760);
#1048=LINE('',#14379,#1761);
#1049=LINE('',#14381,#1762);
#1050=LINE('',#14382,#1763);
#1051=LINE('',#14384,#1764);
#1052=LINE('',#14387,#1765);
#1053=LINE('',#14393,#1766);
#1054=LINE('',#14395,#1767);
#1055=LINE('',#14397,#1768);
#1056=LINE('',#14398,#1769);
#1057=LINE('',#14401,#1770);
#1058=LINE('',#14403,#1771);
#1059=LINE('',#14404,#1772);
#1060=LINE('',#14407,#1773);
#1061=LINE('',#14409,#1774);
#1062=LINE('',#14410,#1775);
#1063=LINE('',#14412,#1776);
#1064=LINE('',#14413,#1777);
#1065=LINE('',#14416,#1778);
#1066=LINE('',#14418,#1779);
#1067=LINE('',#14419,#1780);
#1068=LINE('',#14422,#1781);
#1069=LINE('',#14423,#1782);
#1070=LINE('',#14428,#1783);
#1071=LINE('',#14430,#1784);
#1072=LINE('',#14431,#1785);
#1073=LINE('',#14432,#1786);
#1074=LINE('',#14435,#1787);
#1075=LINE('',#14436,#1788);
#1076=LINE('',#14437,#1789);
#1077=LINE('',#14440,#1790);
#1078=LINE('',#14441,#1791);
#1079=LINE('',#14443,#1792);
#1080=LINE('',#14445,#1793);
#1081=LINE('',#14449,#1794);
#1082=LINE('',#14453,#1795);
#1083=LINE('',#14460,#1796);
#1084=LINE('',#14463,#1797);
#1085=LINE('',#14488,#1798);
#1086=LINE('',#14489,#1799);
#1087=LINE('',#14508,#1800);
#1088=LINE('',#14509,#1801);
#1089=LINE('',#14511,#1802);
#1090=LINE('',#14514,#1803);
#1091=VECTOR('',#8836,10.);
#1092=VECTOR('',#8837,10.);
#1093=VECTOR('',#8838,10.);
#1094=VECTOR('',#8839,10.);
#1095=VECTOR('',#8842,10.);
#1096=VECTOR('',#8843,10.);
#1097=VECTOR('',#8844,10.);
#1098=VECTOR('',#8847,10.);
#1099=VECTOR('',#8848,10.);
#1100=VECTOR('',#8849,10.);
#1101=VECTOR('',#8852,10.);
#1102=VECTOR('',#8853,10.);
#1103=VECTOR('',#8854,10.);
#1104=VECTOR('',#8857,10.);
#1105=VECTOR('',#8858,10.);
#1106=VECTOR('',#8859,10.);
#1107=VECTOR('',#8862,10.);
#1108=VECTOR('',#8863,10.);
#1109=VECTOR('',#8864,10.);
#1110=VECTOR('',#8867,10.);
#1111=VECTOR('',#8868,10.);
#1112=VECTOR('',#8869,10.);
#1113=VECTOR('',#8872,10.);
#1114=VECTOR('',#8873,10.);
#1115=VECTOR('',#8878,10.);
#1116=VECTOR('',#8881,10.);
#1117=VECTOR('',#8886,10.);
#1118=VECTOR('',#8887,10.);
#1119=VECTOR('',#8888,10.);
#1120=VECTOR('',#8891,10.);
#1121=VECTOR('',#8898,10.);
#1122=VECTOR('',#8899,10.);
#1123=VECTOR('',#8900,10.);
#1124=VECTOR('',#8903,10.);
#1125=VECTOR('',#8910,10.);
#1126=VECTOR('',#8911,10.);
#1127=VECTOR('',#8912,10.);
#1128=VECTOR('',#8915,10.);
#1129=VECTOR('',#8922,10.);
#1130=VECTOR('',#8923,10.);
#1131=VECTOR('',#8926,10.);
#1132=VECTOR('',#8927,10.);
#1133=VECTOR('',#8928,10.);
#1134=VECTOR('',#8931,10.);
#1135=VECTOR('',#8936,10.);
#1136=VECTOR('',#8937,10.);
#1137=VECTOR('',#8940,10.);
#1138=VECTOR('',#8945,10.);
#1139=VECTOR('',#8946,10.);
#1140=VECTOR('',#8947,10.);
#1141=VECTOR('',#8948,10.);
#1142=VECTOR('',#8951,10.);
#1143=VECTOR('',#8952,10.);
#1144=VECTOR('',#8953,10.);
#1145=VECTOR('',#8956,10.);
#1146=VECTOR('',#8957,10.);
#1147=VECTOR('',#8958,10.);
#1148=VECTOR('',#8961,10.);
#1149=VECTOR('',#8962,10.);
#1150=VECTOR('',#8963,10.);
#1151=VECTOR('',#8966,10.);
#1152=VECTOR('',#8969,10.);
#1153=VECTOR('',#8972,10.);
#1154=VECTOR('',#8975,10.);
#1155=VECTOR('',#8980,10.);
#1156=VECTOR('',#8983,10.);
#1157=VECTOR('',#8986,10.);
#1158=VECTOR('',#8989,10.);
#1159=VECTOR('',#8992,10.);
#1160=VECTOR('',#8995,10.);
#1161=VECTOR('',#8998,10.);
#1162=VECTOR('',#9001,10.);
#1163=VECTOR('',#9004,10.);
#1164=VECTOR('',#9007,10.);
#1165=VECTOR('',#9010,10.);
#1166=VECTOR('',#9013,10.);
#1167=VECTOR('',#9020,10.);
#1168=VECTOR('',#9021,10.);
#1169=VECTOR('',#9022,10.);
#1170=VECTOR('',#9025,10.);
#1171=VECTOR('',#9030,10.);
#1172=VECTOR('',#9031,10.);
#1173=VECTOR('',#9034,10.);
#1174=VECTOR('',#9039,10.);
#1175=VECTOR('',#9040,10.);
#1176=VECTOR('',#9043,10.);
#1177=VECTOR('',#9048,10.);
#1178=VECTOR('',#9049,10.);
#1179=VECTOR('',#9056,10.);
#1180=VECTOR('',#9059,10.);
#1181=VECTOR('',#9062,10.);
#1182=VECTOR('',#9063,10.);
#1183=VECTOR('',#9066,10.);
#1184=VECTOR('',#9071,10.);
#1185=VECTOR('',#9072,10.);
#1186=VECTOR('',#9077,3.1);
#1187=VECTOR('',#9082,3.);
#1188=VECTOR('',#9087,3.1);
#1189=VECTOR('',#9092,3.);
#1190=VECTOR('',#9095,10.);
#1191=VECTOR('',#9096,10.);
#1192=VECTOR('',#9097,10.);
#1193=VECTOR('',#9100,10.);
#1194=VECTOR('',#9105,10.);
#1195=VECTOR('',#9106,10.);
#1196=VECTOR('',#9109,10.);
#1197=VECTOR('',#9114,10.);
#1198=VECTOR('',#9115,10.);
#1199=VECTOR('',#9118,10.);
#1200=VECTOR('',#9123,10.);
#1201=VECTOR('',#9124,10.);
#1202=VECTOR('',#9127,10.);
#1203=VECTOR('',#9132,10.);
#1204=VECTOR('',#9133,10.);
#1205=VECTOR('',#9136,10.);
#1206=VECTOR('',#9141,10.);
#1207=VECTOR('',#9142,10.);
#1208=VECTOR('',#9145,10.);
#1209=VECTOR('',#9150,10.);
#1210=VECTOR('',#9151,10.);
#1211=VECTOR('',#9154,10.);
#1212=VECTOR('',#9159,10.);
#1213=VECTOR('',#9160,10.);
#1214=VECTOR('',#9163,10.);
#1215=VECTOR('',#9168,10.);
#1216=VECTOR('',#9169,10.);
#1217=VECTOR('',#9172,10.);
#1218=VECTOR('',#9177,10.);
#1219=VECTOR('',#9178,10.);
#1220=VECTOR('',#9181,10.);
#1221=VECTOR('',#9186,10.);
#1222=VECTOR('',#9187,10.);
#1223=VECTOR('',#9190,10.);
#1224=VECTOR('',#9195,10.);
#1225=VECTOR('',#9196,10.);
#1226=VECTOR('',#9203,10.);
#1227=VECTOR('',#9206,10.);
#1228=VECTOR('',#9209,10.);
#1229=VECTOR('',#9210,10.);
#1230=VECTOR('',#9213,10.);
#1231=VECTOR('',#9218,10.);
#1232=VECTOR('',#9219,10.);
#1233=VECTOR('',#9222,10.);
#1234=VECTOR('',#9227,10.);
#1235=VECTOR('',#9228,10.);
#1236=VECTOR('',#9231,10.);
#1237=VECTOR('',#9236,10.);
#1238=VECTOR('',#9237,10.);
#1239=VECTOR('',#9240,10.);
#1240=VECTOR('',#9245,10.);
#1241=VECTOR('',#9246,10.);
#1242=VECTOR('',#9249,10.);
#1243=VECTOR('',#9254,10.);
#1244=VECTOR('',#9255,10.);
#1245=VECTOR('',#9258,10.);
#1246=VECTOR('',#9259,10.);
#1247=VECTOR('',#9264,10.);
#1248=VECTOR('',#9265,10.);
#1249=VECTOR('',#9268,10.);
#1250=VECTOR('',#9273,10.);
#1251=VECTOR('',#9274,10.);
#1252=VECTOR('',#9277,10.);
#1253=VECTOR('',#9284,10.);
#1254=VECTOR('',#9285,10.);
#1255=VECTOR('',#9286,10.);
#1256=VECTOR('',#9289,10.);
#1257=VECTOR('',#9296,10.);
#1258=VECTOR('',#9297,10.);
#1259=VECTOR('',#9300,10.);
#1260=VECTOR('',#9301,10.);
#1261=VECTOR('',#9304,10.);
#1262=VECTOR('',#9311,10.);
#1263=VECTOR('',#9314,10.);
#1264=VECTOR('',#9317,10.);
#1265=VECTOR('',#9320,10.);
#1266=VECTOR('',#9323,10.);
#1267=VECTOR('',#9326,10.);
#1268=VECTOR('',#9329,10.);
#1269=VECTOR('',#9332,10.);
#1270=VECTOR('',#9335,10.);
#1271=VECTOR('',#9338,10.);
#1272=VECTOR('',#9341,10.);
#1273=VECTOR('',#9344,10.);
#1274=VECTOR('',#9347,10.);
#1275=VECTOR('',#9350,10.);
#1276=VECTOR('',#9353,10.);
#1277=VECTOR('',#9354,10.);
#1278=VECTOR('',#9357,10.);
#1279=VECTOR('',#9362,10.);
#1280=VECTOR('',#9365,10.);
#1281=VECTOR('',#9368,10.);
#1282=VECTOR('',#9371,10.);
#1283=VECTOR('',#9378,3.1);
#1284=VECTOR('',#9383,10.);
#1285=VECTOR('',#9386,10.);
#1286=VECTOR('',#9389,10.);
#1287=VECTOR('',#9392,10.);
#1288=VECTOR('',#9395,10.);
#1289=VECTOR('',#9398,10.);
#1290=VECTOR('',#9401,10.);
#1291=VECTOR('',#9404,10.);
#1292=VECTOR('',#9407,10.);
#1293=VECTOR('',#9410,10.);
#1294=VECTOR('',#9413,10.);
#1295=VECTOR('',#9416,10.);
#1296=VECTOR('',#9419,10.);
#1297=VECTOR('',#9422,10.);
#1298=VECTOR('',#9425,10.);
#1299=VECTOR('',#9428,10.);
#1300=VECTOR('',#9431,10.);
#1301=VECTOR('',#9434,10.);
#1302=VECTOR('',#9437,10.);
#1303=VECTOR('',#9440,10.);
#1304=VECTOR('',#9445,3.1);
#1305=VECTOR('',#9448,10.);
#1306=VECTOR('',#9449,10.);
#1307=VECTOR('',#9452,10.);
#1308=VECTOR('',#9455,10.);
#1309=VECTOR('',#9460,10.);
#1310=VECTOR('',#9463,10.);
#1311=VECTOR('',#9464,10.);
#1312=VECTOR('',#9469,10.);
#1313=VECTOR('',#9472,10.);
#1314=VECTOR('',#9473,10.);
#1315=VECTOR('',#9478,10.);
#1316=VECTOR('',#9481,10.);
#1317=VECTOR('',#9482,10.);
#1318=VECTOR('',#9487,10.);
#1319=VECTOR('',#9490,10.);
#1320=VECTOR('',#9491,10.);
#1321=VECTOR('',#9496,10.);
#1322=VECTOR('',#9499,10.);
#1323=VECTOR('',#9500,10.);
#1324=VECTOR('',#9505,10.);
#1325=VECTOR('',#9508,10.);
#1326=VECTOR('',#9509,10.);
#1327=VECTOR('',#9512,10.);
#1328=VECTOR('',#9515,10.);
#1329=VECTOR('',#9518,10.);
#1330=VECTOR('',#9521,10.);
#1331=VECTOR('',#9524,10.);
#1332=VECTOR('',#9527,10.);
#1333=VECTOR('',#9530,10.);
#1334=VECTOR('',#9533,10.);
#1335=VECTOR('',#9538,10.);
#1336=VECTOR('',#9539,10.);
#1337=VECTOR('',#9542,10.);
#1338=VECTOR('',#9545,10.);
#1339=VECTOR('',#9548,10.);
#1340=VECTOR('',#9551,10.);
#1341=VECTOR('',#9554,10.);
#1342=VECTOR('',#9557,10.);
#1343=VECTOR('',#9560,10.);
#1344=VECTOR('',#9567,1.05);
#1345=VECTOR('',#9572,0.950000000000001);
#1346=VECTOR('',#9577,10.);
#1347=VECTOR('',#9578,10.);
#1348=VECTOR('',#9579,10.);
#1349=VECTOR('',#9580,10.);
#1350=VECTOR('',#9585,1.05);
#1351=VECTOR('',#9590,0.95);
#1352=VECTOR('',#9593,10.);
#1353=VECTOR('',#9596,10.);
#1354=VECTOR('',#9597,10.);
#1355=VECTOR('',#9598,10.);
#1356=VECTOR('',#9603,1.05);
#1357=VECTOR('',#9608,0.949999999999998);
#1358=VECTOR('',#9613,10.);
#1359=VECTOR('',#9614,10.);
#1360=VECTOR('',#9615,10.);
#1361=VECTOR('',#9616,10.);
#1362=VECTOR('',#9621,1.05);
#1363=VECTOR('',#9626,0.949999999999998);
#1364=VECTOR('',#9629,10.);
#1365=VECTOR('',#9632,10.);
#1366=VECTOR('',#9633,10.);
#1367=VECTOR('',#9634,10.);
#1368=VECTOR('',#9645,10.);
#1369=VECTOR('',#9646,10.);
#1370=VECTOR('',#9647,10.);
#1371=VECTOR('',#9648,10.);
#1372=VECTOR('',#9649,10.);
#1373=VECTOR('',#9652,10.);
#1374=VECTOR('',#9653,10.);
#1375=VECTOR('',#9654,10.);
#1376=VECTOR('',#9663,10.);
#1377=VECTOR('',#9664,10.);
#1378=VECTOR('',#9665,10.);
#1379=VECTOR('',#9666,10.);
#1380=VECTOR('',#9667,10.);
#1381=VECTOR('',#9668,10.);
#1382=VECTOR('',#9671,10.);
#1383=VECTOR('',#9674,10.);
#1384=VECTOR('',#9675,10.);
#1385=VECTOR('',#9676,10.);
#1386=VECTOR('',#9679,10.);
#1387=VECTOR('',#9684,10.);
#1388=VECTOR('',#9685,10.);
#1389=VECTOR('',#9688,10.);
#1390=VECTOR('',#9689,10.);
#1391=VECTOR('',#9690,10.);
#1392=VECTOR('',#9691,10.);
#1393=VECTOR('',#9694,10.);
#1394=VECTOR('',#9697,10.);
#1395=VECTOR('',#9700,10.);
#1396=VECTOR('',#9703,10.);
#1397=VECTOR('',#9704,10.);
#1398=VECTOR('',#9705,10.);
#1399=VECTOR('',#9708,10.);
#1400=VECTOR('',#9713,10.);
#1401=VECTOR('',#9714,10.);
#1402=VECTOR('',#9717,10.);
#1403=VECTOR('',#9718,10.);
#1404=VECTOR('',#9719,10.);
#1405=VECTOR('',#9722,10.);
#1406=VECTOR('',#9725,10.);
#1407=VECTOR('',#9728,10.);
#1408=VECTOR('',#9731,10.);
#1409=VECTOR('',#9732,10.);
#1410=VECTOR('',#9733,10.);
#1411=VECTOR('',#9736,10.);
#1412=VECTOR('',#9741,10.);
#1413=VECTOR('',#9742,10.);
#1414=VECTOR('',#9745,10.);
#1415=VECTOR('',#9746,10.);
#1416=VECTOR('',#9747,10.);
#1417=VECTOR('',#9750,10.);
#1418=VECTOR('',#9753,10.);
#1419=VECTOR('',#9756,10.);
#1420=VECTOR('',#9759,10.);
#1421=VECTOR('',#9760,10.);
#1422=VECTOR('',#9763,10.);
#1423=VECTOR('',#9768,10.);
#1424=VECTOR('',#9769,10.);
#1425=VECTOR('',#9772,10.);
#1426=VECTOR('',#9773,10.);
#1427=VECTOR('',#9776,10.);
#1428=VECTOR('',#9779,10.);
#1429=VECTOR('',#9784,10.);
#1430=VECTOR('',#9787,10.);
#1431=VECTOR('',#9790,10.);
#1432=VECTOR('',#9791,10.);
#1433=VECTOR('',#9796,10.);
#1434=VECTOR('',#9799,10.);
#1435=VECTOR('',#9802,10.);
#1436=VECTOR('',#9803,10.);
#1437=VECTOR('',#9804,10.);
#1438=VECTOR('',#9807,10.);
#1439=VECTOR('',#9812,10.);
#1440=VECTOR('',#9813,10.);
#1441=VECTOR('',#9818,10.);
#1442=VECTOR('',#9821,10.);
#1443=VECTOR('',#9824,10.);
#1444=VECTOR('',#9825,10.);
#1445=VECTOR('',#9830,10.);
#1446=VECTOR('',#9833,10.);
#1447=VECTOR('',#9836,10.);
#1448=VECTOR('',#9837,10.);
#1449=VECTOR('',#9840,10.);
#1450=VECTOR('',#9845,10.);
#1451=VECTOR('',#9846,10.);
#1452=VECTOR('',#9853,10.);
#1453=VECTOR('',#9856,10.);
#1454=VECTOR('',#9857,10.);
#1455=VECTOR('',#9860,10.);
#1456=VECTOR('',#9865,10.);
#1457=VECTOR('',#9868,10.);
#1458=VECTOR('',#9871,10.);
#1459=VECTOR('',#9872,10.);
#1460=VECTOR('',#9877,10.);
#1461=VECTOR('',#9878,10.);
#1462=VECTOR('',#9881,10.);
#1463=VECTOR('',#9882,10.);
#1464=VECTOR('',#9885,10.);
#1465=VECTOR('',#9890,10.);
#1466=VECTOR('',#9891,10.);
#1467=VECTOR('',#9896,10.);
#1468=VECTOR('',#9897,10.);
#1469=VECTOR('',#9900,10.);
#1470=VECTOR('',#9905,10.);
#1471=VECTOR('',#9906,10.);
#1472=VECTOR('',#9909,10.);
#1473=VECTOR('',#9912,10.);
#1474=VECTOR('',#9917,10.);
#1475=VECTOR('',#9918,10.);
#1476=VECTOR('',#9923,10.);
#1477=VECTOR('',#9926,10.);
#1478=VECTOR('',#9929,10.);
#1479=VECTOR('',#9934,10.);
#1480=VECTOR('',#9939,10.);
#1481=VECTOR('',#9942,10.);
#1482=VECTOR('',#9945,10.);
#1483=VECTOR('',#9950,10.);
#1484=VECTOR('',#9955,10.);
#1485=VECTOR('',#9960,10.);
#1486=VECTOR('',#9963,10.);
#1487=VECTOR('',#9982,10.);
#1488=VECTOR('',#9983,10.);
#1489=VECTOR('',#9996,10.);
#1490=VECTOR('',#9997,10.);
#1491=VECTOR('',#10010,10.);
#1492=VECTOR('',#10011,10.);
#1493=VECTOR('',#10022,10.);
#1494=VECTOR('',#10025,10.);
#1495=VECTOR('',#10026,10.);
#1496=VECTOR('',#10031,10.);
#1497=VECTOR('',#10036,10.);
#1498=VECTOR('',#10037,10.);
#1499=VECTOR('',#10042,10.);
#1500=VECTOR('',#10047,10.);
#1501=VECTOR('',#10048,10.);
#1502=VECTOR('',#10049,10.);
#1503=VECTOR('',#10050,10.);
#1504=VECTOR('',#10053,10.);
#1505=VECTOR('',#10054,10.);
#1506=VECTOR('',#10055,10.);
#1507=VECTOR('',#10058,10.);
#1508=VECTOR('',#10059,10.);
#1509=VECTOR('',#10060,10.);
#1510=VECTOR('',#10063,10.);
#1511=VECTOR('',#10064,10.);
#1512=VECTOR('',#10075,10.);
#1513=VECTOR('',#10078,10.);
#1514=VECTOR('',#10081,10.);
#1515=VECTOR('',#10082,10.);
#1516=VECTOR('',#10083,10.);
#1517=VECTOR('',#10090,10.);
#1518=VECTOR('',#10091,10.);
#1519=VECTOR('',#10092,10.);
#1520=VECTOR('',#10093,10.);
#1521=VECTOR('',#10094,3.);
#1522=VECTOR('',#10095,10.);
#1523=VECTOR('',#10098,10.);
#1524=VECTOR('',#10099,10.);
#1525=VECTOR('',#10102,10.);
#1526=VECTOR('',#10105,10.);
#1527=VECTOR('',#10108,10.);
#1528=VECTOR('',#10111,10.);
#1529=VECTOR('',#10114,10.);
#1530=VECTOR('',#10119,10.);
#1531=VECTOR('',#10128,10.);
#1532=VECTOR('',#10129,10.);
#1533=VECTOR('',#10130,10.);
#1534=VECTOR('',#10139,10.);
#1535=VECTOR('',#10144,10.);
#1536=VECTOR('',#10151,10.);
#1537=VECTOR('',#10176,10.);
#1538=VECTOR('',#10177,10.);
#1539=VECTOR('',#10190,10.);
#1540=VECTOR('',#10191,10.);
#1541=VECTOR('',#10204,10.);
#1542=VECTOR('',#10205,10.);
#1543=VECTOR('',#10216,10.);
#1544=VECTOR('',#10217,10.);
#1545=VECTOR('',#10220,10.);
#1546=VECTOR('',#10221,10.);
#1547=VECTOR('',#10224,10.);
#1548=VECTOR('',#10227,10.);
#1549=VECTOR('',#10230,10.);
#1550=VECTOR('',#10243,10.);
#1551=VECTOR('',#10244,10.);
#1552=VECTOR('',#10247,10.);
#1553=VECTOR('',#10252,10.);
#1554=VECTOR('',#10253,10.);
#1555=VECTOR('',#10254,10.);
#1556=VECTOR('',#10263,10.);
#1557=VECTOR('',#10264,10.);
#1558=VECTOR('',#10265,10.);
#1559=VECTOR('',#10268,10.);
#1560=VECTOR('',#10269,10.);
#1561=VECTOR('',#10270,10.);
#1562=VECTOR('',#10275,10.);
#1563=VECTOR('',#10280,10.);
#1564=VECTOR('',#10281,10.);
#1565=VECTOR('',#10286,10.);
#1566=VECTOR('',#10291,10.);
#1567=VECTOR('',#10298,10.);
#1568=VECTOR('',#10299,10.);
#1569=VECTOR('',#10302,10.);
#1570=VECTOR('',#10311,10.);
#1571=VECTOR('',#10316,10.);
#1572=VECTOR('',#10323,10.);
#1573=VECTOR('',#10324,10.);
#1574=VECTOR('',#10325,10.);
#1575=VECTOR('',#10328,10.);
#1576=VECTOR('',#10337,10.);
#1577=VECTOR('',#10342,10.);
#1578=VECTOR('',#10349,10.);
#1579=VECTOR('',#10350,10.);
#1580=VECTOR('',#10351,10.);
#1581=VECTOR('',#10354,10.);
#1582=VECTOR('',#10363,10.);
#1583=VECTOR('',#10368,10.);
#1584=VECTOR('',#10369,10.);
#1585=VECTOR('',#10372,10.);
#1586=VECTOR('',#10375,10.);
#1587=VECTOR('',#10378,10.);
#1588=VECTOR('',#10381,10.);
#1589=VECTOR('',#10382,10.);
#1590=VECTOR('',#10383,10.);
#1591=VECTOR('',#10386,10.);
#1592=VECTOR('',#10391,10.);
#1593=VECTOR('',#10392,10.);
#1594=VECTOR('',#10395,10.);
#1595=VECTOR('',#10396,10.);
#1596=VECTOR('',#10397,10.);
#1597=VECTOR('',#10398,10.);
#1598=VECTOR('',#10399,10.);
#1599=VECTOR('',#10400,10.);
#1600=VECTOR('',#10401,10.);
#1601=VECTOR('',#10404,10.);
#1602=VECTOR('',#10405,10.);
#1603=VECTOR('',#10408,10.);
#1604=VECTOR('',#10419,6.35);
#1605=VECTOR('',#10424,6.5);
#1606=VECTOR('',#10433,10.);
#1607=VECTOR('',#10436,10.);
#1608=VECTOR('',#10445,10.);
#1609=VECTOR('',#10446,10.);
#1610=VECTOR('',#10453,0.249999999999999);
#1611=VECTOR('',#10456,0.249999999999999);
#1612=VECTOR('',#10459,10.);
#1613=VECTOR('',#10460,10.);
#1614=VECTOR('',#10467,1.25);
#1615=VECTOR('',#10468,10.);
#1616=VECTOR('',#10473,10.);
#1617=VECTOR('',#10478,10.);
#1618=VECTOR('',#10481,10.);
#1619=VECTOR('',#10482,10.);
#1620=VECTOR('',#10487,1.25);
#1621=VECTOR('',#10488,10.);
#1622=VECTOR('',#10493,10.);
#1623=VECTOR('',#10496,3.);
#1624=VECTOR('',#10499,10.);
#1625=VECTOR('',#10502,10.);
#1626=VECTOR('',#10505,10.);
#1627=VECTOR('',#10506,10.);
#1628=VECTOR('',#10509,10.);
#1629=VECTOR('',#10510,10.);
#1630=VECTOR('',#10519,1.625);
#1631=VECTOR('',#10524,2.);
#1632=VECTOR('',#10529,1.625);
#1633=VECTOR('',#10534,2.);
#1634=VECTOR('',#10537,1.625);
#1635=VECTOR('',#10544,2.);
#1636=VECTOR('',#10547,1.625);
#1637=VECTOR('',#10552,2.);
#1638=VECTOR('',#10557,1.25);
#1639=VECTOR('',#10564,1.25);
#1640=VECTOR('',#10593,10.);
#1641=VECTOR('',#10594,10.);
#1642=VECTOR('',#10595,10.);
#1643=VECTOR('',#10600,10.);
#1644=VECTOR('',#10605,10.);
#1645=VECTOR('',#10606,10.);
#1646=VECTOR('',#10607,10.);
#1647=VECTOR('',#10612,10.);
#1648=VECTOR('',#10617,10.);
#1649=VECTOR('',#10618,10.);
#1650=VECTOR('',#10621,10.);
#1651=VECTOR('',#10622,10.);
#1652=VECTOR('',#10623,10.);
#1653=VECTOR('',#10628,10.);
#1654=VECTOR('',#10633,10.);
#1655=VECTOR('',#10634,10.);
#1656=VECTOR('',#10635,10.);
#1657=VECTOR('',#10640,10.);
#1658=VECTOR('',#10645,10.);
#1659=VECTOR('',#10646,10.);
#1660=VECTOR('',#10649,10.);
#1661=VECTOR('',#10650,10.);
#1662=VECTOR('',#10651,10.);
#1663=VECTOR('',#10656,10.);
#1664=VECTOR('',#10661,10.);
#1665=VECTOR('',#10662,10.);
#1666=VECTOR('',#10663,10.);
#1667=VECTOR('',#10668,10.);
#1668=VECTOR('',#10673,10.);
#1669=VECTOR('',#10674,10.);
#1670=VECTOR('',#10677,10.);
#1671=VECTOR('',#10678,10.);
#1672=VECTOR('',#10679,10.);
#1673=VECTOR('',#10684,10.);
#1674=VECTOR('',#10689,10.);
#1675=VECTOR('',#10690,10.);
#1676=VECTOR('',#10691,10.);
#1677=VECTOR('',#10696,10.);
#1678=VECTOR('',#10701,10.);
#1679=VECTOR('',#10702,10.);
#1680=VECTOR('',#10705,10.);
#1681=VECTOR('',#10706,10.);
#1682=VECTOR('',#10707,10.);
#1683=VECTOR('',#10708,10.);
#1684=VECTOR('',#10711,10.);
#1685=VECTOR('',#10714,10.);
#1686=VECTOR('',#10717,10.);
#1687=VECTOR('',#10720,10.);
#1688=VECTOR('',#10721,10.);
#1689=VECTOR('',#10722,10.);
#1690=VECTOR('',#10725,10.);
#1691=VECTOR('',#10730,10.);
#1692=VECTOR('',#10731,10.);
#1693=VECTOR('',#10732,10.);
#1694=VECTOR('',#10735,10.);
#1695=VECTOR('',#10738,10.);
#1696=VECTOR('',#10741,10.);
#1697=VECTOR('',#10744,10.);
#1698=VECTOR('',#10745,10.);
#1699=VECTOR('',#10746,10.);
#1700=VECTOR('',#10749,10.);
#1701=VECTOR('',#10806,10.);
#1702=VECTOR('',#10817,10.);
#1703=VECTOR('',#10818,10.);
#1704=VECTOR('',#10821,10.);
#1705=VECTOR('',#10824,10.);
#1706=VECTOR('',#10827,10.);
#1707=VECTOR('',#10828,10.);
#1708=VECTOR('',#10829,10.);
#1709=VECTOR('',#10834,10.);
#1710=VECTOR('',#10837,10.);
#1711=VECTOR('',#10838,10.);
#1712=VECTOR('',#10841,10.);
#1713=VECTOR('',#10844,10.);
#1714=VECTOR('',#10847,10.);
#1715=VECTOR('',#10848,10.);
#1716=VECTOR('',#10849,10.);
#1717=VECTOR('',#10862,10.);
#1718=VECTOR('',#10863,10.);
#1719=VECTOR('',#10866,10.);
#1720=VECTOR('',#10881,3.4);
#1721=VECTOR('',#10886,3.5);
#1722=VECTOR('',#10895,3.4);
#1723=VECTOR('',#10910,2.75);
#1724=VECTOR('',#10917,3.40000000000001);
#1725=VECTOR('',#10924,3.5);
#1726=VECTOR('',#10931,3.40000000000001);
#1727=VECTOR('',#10946,2.75);
#1728=VECTOR('',#10951,10.);
#1729=VECTOR('',#10952,10.);
#1730=VECTOR('',#10953,10.);
#1731=VECTOR('',#10954,10.);
#1732=VECTOR('',#10957,10.);
#1733=VECTOR('',#10958,10.);
#1734=VECTOR('',#10959,10.);
#1735=VECTOR('',#10962,10.);
#1736=VECTOR('',#10963,10.);
#1737=VECTOR('',#10964,10.);
#1738=VECTOR('',#10967,10.);
#1739=VECTOR('',#10968,10.);
#1740=VECTOR('',#10971,10.);
#1741=VECTOR('',#10972,10.);
#1742=VECTOR('',#10973,10.);
#1743=VECTOR('',#10976,10.);
#1744=VECTOR('',#10977,10.);
#1745=VECTOR('',#10982,10.);
#1746=VECTOR('',#10983,10.);
#1747=VECTOR('',#10984,10.);
#1748=VECTOR('',#10985,10.);
#1749=VECTOR('',#10988,10.);
#1750=VECTOR('',#10989,10.);
#1751=VECTOR('',#10990,10.);
#1752=VECTOR('',#10993,10.);
#1753=VECTOR('',#10994,10.);
#1754=VECTOR('',#10997,10.);
#1755=VECTOR('',#11000,10.);
#1756=VECTOR('',#11005,10.);
#1757=VECTOR('',#11008,10.);
#1758=VECTOR('',#11021,10.);
#1759=VECTOR('',#11022,10.);
#1760=VECTOR('',#11031,10.);
#1761=VECTOR('',#11032,10.);
#1762=VECTOR('',#11035,10.);
#1763=VECTOR('',#11036,10.);
#1764=VECTOR('',#11039,10.);
#1765=VECTOR('',#11044,10.);
#1766=VECTOR('',#11051,10.);
#1767=VECTOR('',#11052,10.);
#1768=VECTOR('',#11053,10.);
#1769=VECTOR('',#11054,10.);
#1770=VECTOR('',#11057,10.);
#1771=VECTOR('',#11058,10.);
#1772=VECTOR('',#11059,10.);
#1773=VECTOR('',#11062,10.);
#1774=VECTOR('',#11063,10.);
#1775=VECTOR('',#11064,10.);
#1776=VECTOR('',#11067,10.);
#1777=VECTOR('',#11068,10.);
#1778=VECTOR('',#11071,10.);
#1779=VECTOR('',#11072,10.);
#1780=VECTOR('',#11073,10.);
#1781=VECTOR('',#11076,10.);
#1782=VECTOR('',#11077,10.);
#1783=VECTOR('',#11082,10.);
#1784=VECTOR('',#11083,10.);
#1785=VECTOR('',#11084,10.);
#1786=VECTOR('',#11085,10.);
#1787=VECTOR('',#11088,10.);
#1788=VECTOR('',#11089,10.);
#1789=VECTOR('',#11090,10.);
#1790=VECTOR('',#11093,10.);
#1791=VECTOR('',#11094,10.);
#1792=VECTOR('',#11097,10.);
#1793=VECTOR('',#11100,10.);
#1794=VECTOR('',#11103,10.);
#1795=VECTOR('',#11106,10.);
#1796=VECTOR('',#11113,10.);
#1797=VECTOR('',#11116,10.);
#1798=VECTOR('',#11127,10.);
#1799=VECTOR('',#11128,10.);
#1800=VECTOR('',#11135,10.);
#1801=VECTOR('',#11136,10.);
#1802=VECTOR('',#11139,10.);
#1803=VECTOR('',#11144,10.);
#1804=FACE_OUTER_BOUND('',#2285,.T.);
#1805=FACE_OUTER_BOUND('',#2286,.T.);
#1806=FACE_OUTER_BOUND('',#2287,.T.);
#1807=FACE_OUTER_BOUND('',#2288,.T.);
#1808=FACE_OUTER_BOUND('',#2289,.T.);
#1809=FACE_OUTER_BOUND('',#2290,.T.);
#1810=FACE_OUTER_BOUND('',#2291,.T.);
#1811=FACE_OUTER_BOUND('',#2292,.T.);
#1812=FACE_OUTER_BOUND('',#2293,.T.);
#1813=FACE_OUTER_BOUND('',#2294,.T.);
#1814=FACE_OUTER_BOUND('',#2295,.T.);
#1815=FACE_OUTER_BOUND('',#2296,.T.);
#1816=FACE_OUTER_BOUND('',#2297,.T.);
#1817=FACE_OUTER_BOUND('',#2298,.T.);
#1818=FACE_OUTER_BOUND('',#2299,.T.);
#1819=FACE_OUTER_BOUND('',#2300,.T.);
#1820=FACE_OUTER_BOUND('',#2301,.T.);
#1821=FACE_OUTER_BOUND('',#2302,.T.);
#1822=FACE_OUTER_BOUND('',#2303,.T.);
#1823=FACE_OUTER_BOUND('',#2304,.T.);
#1824=FACE_OUTER_BOUND('',#2305,.T.);
#1825=FACE_OUTER_BOUND('',#2306,.T.);
#1826=FACE_OUTER_BOUND('',#2307,.T.);
#1827=FACE_OUTER_BOUND('',#2308,.T.);
#1828=FACE_OUTER_BOUND('',#2309,.T.);
#1829=FACE_OUTER_BOUND('',#2310,.T.);
#1830=FACE_OUTER_BOUND('',#2317,.T.);
#1831=FACE_OUTER_BOUND('',#2318,.T.);
#1832=FACE_OUTER_BOUND('',#2319,.T.);
#1833=FACE_OUTER_BOUND('',#2320,.T.);
#1834=FACE_OUTER_BOUND('',#2321,.T.);
#1835=FACE_OUTER_BOUND('',#2322,.T.);
#1836=FACE_OUTER_BOUND('',#2323,.T.);
#1837=FACE_OUTER_BOUND('',#2324,.T.);
#1838=FACE_OUTER_BOUND('',#2325,.T.);
#1839=FACE_OUTER_BOUND('',#2326,.T.);
#1840=FACE_OUTER_BOUND('',#2327,.T.);
#1841=FACE_OUTER_BOUND('',#2328,.T.);
#1842=FACE_OUTER_BOUND('',#2329,.T.);
#1843=FACE_OUTER_BOUND('',#2330,.T.);
#1844=FACE_OUTER_BOUND('',#2331,.T.);
#1845=FACE_OUTER_BOUND('',#2332,.T.);
#1846=FACE_OUTER_BOUND('',#2333,.T.);
#1847=FACE_OUTER_BOUND('',#2334,.T.);
#1848=FACE_OUTER_BOUND('',#2335,.T.);
#1849=FACE_OUTER_BOUND('',#2336,.T.);
#1850=FACE_OUTER_BOUND('',#2337,.T.);
#1851=FACE_OUTER_BOUND('',#2338,.T.);
#1852=FACE_OUTER_BOUND('',#2339,.T.);
#1853=FACE_OUTER_BOUND('',#2340,.T.);
#1854=FACE_OUTER_BOUND('',#2341,.T.);
#1855=FACE_OUTER_BOUND('',#2342,.T.);
#1856=FACE_OUTER_BOUND('',#2343,.T.);
#1857=FACE_OUTER_BOUND('',#2344,.T.);
#1858=FACE_OUTER_BOUND('',#2345,.T.);
#1859=FACE_OUTER_BOUND('',#2346,.T.);
#1860=FACE_OUTER_BOUND('',#2347,.T.);
#1861=FACE_OUTER_BOUND('',#2348,.T.);
#1862=FACE_OUTER_BOUND('',#2349,.T.);
#1863=FACE_OUTER_BOUND('',#2350,.T.);
#1864=FACE_OUTER_BOUND('',#2351,.T.);
#1865=FACE_OUTER_BOUND('',#2352,.T.);
#1866=FACE_OUTER_BOUND('',#2353,.T.);
#1867=FACE_OUTER_BOUND('',#2354,.T.);
#1868=FACE_OUTER_BOUND('',#2355,.T.);
#1869=FACE_OUTER_BOUND('',#2356,.T.);
#1870=FACE_OUTER_BOUND('',#2357,.T.);
#1871=FACE_OUTER_BOUND('',#2358,.T.);
#1872=FACE_OUTER_BOUND('',#2359,.T.);
#1873=FACE_OUTER_BOUND('',#2360,.T.);
#1874=FACE_OUTER_BOUND('',#2361,.T.);
#1875=FACE_OUTER_BOUND('',#2362,.T.);
#1876=FACE_OUTER_BOUND('',#2363,.T.);
#1877=FACE_OUTER_BOUND('',#2364,.T.);
#1878=FACE_OUTER_BOUND('',#2365,.T.);
#1879=FACE_OUTER_BOUND('',#2366,.T.);
#1880=FACE_OUTER_BOUND('',#2367,.T.);
#1881=FACE_OUTER_BOUND('',#2368,.T.);
#1882=FACE_OUTER_BOUND('',#2369,.T.);
#1883=FACE_OUTER_BOUND('',#2370,.T.);
#1884=FACE_OUTER_BOUND('',#2371,.T.);
#1885=FACE_OUTER_BOUND('',#2372,.T.);
#1886=FACE_OUTER_BOUND('',#2373,.T.);
#1887=FACE_OUTER_BOUND('',#2374,.T.);
#1888=FACE_OUTER_BOUND('',#2375,.T.);
#1889=FACE_OUTER_BOUND('',#2376,.T.);
#1890=FACE_OUTER_BOUND('',#2377,.T.);
#1891=FACE_OUTER_BOUND('',#2378,.T.);
#1892=FACE_OUTER_BOUND('',#2379,.T.);
#1893=FACE_OUTER_BOUND('',#2380,.T.);
#1894=FACE_OUTER_BOUND('',#2383,.T.);
#1895=FACE_OUTER_BOUND('',#2384,.T.);
#1896=FACE_OUTER_BOUND('',#2385,.T.);
#1897=FACE_OUTER_BOUND('',#2386,.T.);
#1898=FACE_OUTER_BOUND('',#2387,.T.);
#1899=FACE_OUTER_BOUND('',#2388,.T.);
#1900=FACE_OUTER_BOUND('',#2389,.T.);
#1901=FACE_OUTER_BOUND('',#2390,.T.);
#1902=FACE_OUTER_BOUND('',#2391,.T.);
#1903=FACE_OUTER_BOUND('',#2392,.T.);
#1904=FACE_OUTER_BOUND('',#2393,.T.);
#1905=FACE_OUTER_BOUND('',#2394,.T.);
#1906=FACE_OUTER_BOUND('',#2395,.T.);
#1907=FACE_OUTER_BOUND('',#2396,.T.);
#1908=FACE_OUTER_BOUND('',#2401,.T.);
#1909=FACE_OUTER_BOUND('',#2402,.T.);
#1910=FACE_OUTER_BOUND('',#2403,.T.);
#1911=FACE_OUTER_BOUND('',#2404,.T.);
#1912=FACE_OUTER_BOUND('',#2405,.T.);
#1913=FACE_OUTER_BOUND('',#2406,.T.);
#1914=FACE_OUTER_BOUND('',#2407,.T.);
#1915=FACE_OUTER_BOUND('',#2408,.T.);
#1916=FACE_OUTER_BOUND('',#2409,.T.);
#1917=FACE_OUTER_BOUND('',#2410,.T.);
#1918=FACE_OUTER_BOUND('',#2411,.T.);
#1919=FACE_OUTER_BOUND('',#2412,.T.);
#1920=FACE_OUTER_BOUND('',#2413,.T.);
#1921=FACE_OUTER_BOUND('',#2414,.T.);
#1922=FACE_OUTER_BOUND('',#2415,.T.);
#1923=FACE_OUTER_BOUND('',#2416,.T.);
#1924=FACE_OUTER_BOUND('',#2417,.T.);
#1925=FACE_OUTER_BOUND('',#2418,.T.);
#1926=FACE_OUTER_BOUND('',#2419,.T.);
#1927=FACE_OUTER_BOUND('',#2420,.T.);
#1928=FACE_OUTER_BOUND('',#2421,.T.);
#1929=FACE_OUTER_BOUND('',#2422,.T.);
#1930=FACE_OUTER_BOUND('',#2423,.T.);
#1931=FACE_OUTER_BOUND('',#2424,.T.);
#1932=FACE_OUTER_BOUND('',#2425,.T.);
#1933=FACE_OUTER_BOUND('',#2426,.T.);
#1934=FACE_OUTER_BOUND('',#2427,.T.);
#1935=FACE_OUTER_BOUND('',#2428,.T.);
#1936=FACE_OUTER_BOUND('',#2429,.T.);
#1937=FACE_OUTER_BOUND('',#2430,.T.);
#1938=FACE_OUTER_BOUND('',#2431,.T.);
#1939=FACE_OUTER_BOUND('',#2432,.T.);
#1940=FACE_OUTER_BOUND('',#2433,.T.);
#1941=FACE_OUTER_BOUND('',#2434,.T.);
#1942=FACE_OUTER_BOUND('',#2435,.T.);
#1943=FACE_OUTER_BOUND('',#2436,.T.);
#1944=FACE_OUTER_BOUND('',#2437,.T.);
#1945=FACE_OUTER_BOUND('',#2439,.T.);
#1946=FACE_OUTER_BOUND('',#2440,.T.);
#1947=FACE_OUTER_BOUND('',#2441,.T.);
#1948=FACE_OUTER_BOUND('',#2443,.T.);
#1949=FACE_OUTER_BOUND('',#2444,.T.);
#1950=FACE_OUTER_BOUND('',#2445,.T.);
#1951=FACE_OUTER_BOUND('',#2447,.T.);
#1952=FACE_OUTER_BOUND('',#2448,.T.);
#1953=FACE_OUTER_BOUND('',#2449,.T.);
#1954=FACE_OUTER_BOUND('',#2451,.T.);
#1955=FACE_OUTER_BOUND('',#2452,.T.);
#1956=FACE_OUTER_BOUND('',#2453,.T.);
#1957=FACE_OUTER_BOUND('',#2454,.T.);
#1958=FACE_OUTER_BOUND('',#2455,.T.);
#1959=FACE_OUTER_BOUND('',#2456,.T.);
#1960=FACE_OUTER_BOUND('',#2457,.T.);
#1961=FACE_OUTER_BOUND('',#2458,.T.);
#1962=FACE_OUTER_BOUND('',#2459,.T.);
#1963=FACE_OUTER_BOUND('',#2460,.T.);
#1964=FACE_OUTER_BOUND('',#2461,.T.);
#1965=FACE_OUTER_BOUND('',#2462,.T.);
#1966=FACE_OUTER_BOUND('',#2463,.T.);
#1967=FACE_OUTER_BOUND('',#2464,.T.);
#1968=FACE_OUTER_BOUND('',#2465,.T.);
#1969=FACE_OUTER_BOUND('',#2466,.T.);
#1970=FACE_OUTER_BOUND('',#2467,.T.);
#1971=FACE_OUTER_BOUND('',#2468,.T.);
#1972=FACE_OUTER_BOUND('',#2469,.T.);
#1973=FACE_OUTER_BOUND('',#2470,.T.);
#1974=FACE_OUTER_BOUND('',#2471,.T.);
#1975=FACE_OUTER_BOUND('',#2472,.T.);
#1976=FACE_OUTER_BOUND('',#2473,.T.);
#1977=FACE_OUTER_BOUND('',#2474,.T.);
#1978=FACE_OUTER_BOUND('',#2475,.T.);
#1979=FACE_OUTER_BOUND('',#2476,.T.);
#1980=FACE_OUTER_BOUND('',#2477,.T.);
#1981=FACE_OUTER_BOUND('',#2478,.T.);
#1982=FACE_OUTER_BOUND('',#2479,.T.);
#1983=FACE_OUTER_BOUND('',#2480,.T.);
#1984=FACE_OUTER_BOUND('',#2481,.T.);
#1985=FACE_OUTER_BOUND('',#2482,.T.);
#1986=FACE_OUTER_BOUND('',#2483,.T.);
#1987=FACE_OUTER_BOUND('',#2484,.T.);
#1988=FACE_OUTER_BOUND('',#2485,.T.);
#1989=FACE_OUTER_BOUND('',#2486,.T.);
#1990=FACE_OUTER_BOUND('',#2487,.T.);
#1991=FACE_OUTER_BOUND('',#2488,.T.);
#1992=FACE_OUTER_BOUND('',#2489,.T.);
#1993=FACE_OUTER_BOUND('',#2490,.T.);
#1994=FACE_OUTER_BOUND('',#2491,.T.);
#1995=FACE_OUTER_BOUND('',#2492,.T.);
#1996=FACE_OUTER_BOUND('',#2493,.T.);
#1997=FACE_OUTER_BOUND('',#2494,.T.);
#1998=FACE_OUTER_BOUND('',#2495,.T.);
#1999=FACE_OUTER_BOUND('',#2496,.T.);
#2000=FACE_OUTER_BOUND('',#2497,.T.);
#2001=FACE_OUTER_BOUND('',#2498,.T.);
#2002=FACE_OUTER_BOUND('',#2499,.T.);
#2003=FACE_OUTER_BOUND('',#2500,.T.);
#2004=FACE_OUTER_BOUND('',#2501,.T.);
#2005=FACE_OUTER_BOUND('',#2502,.T.);
#2006=FACE_OUTER_BOUND('',#2503,.T.);
#2007=FACE_OUTER_BOUND('',#2504,.T.);
#2008=FACE_OUTER_BOUND('',#2505,.T.);
#2009=FACE_OUTER_BOUND('',#2506,.T.);
#2010=FACE_OUTER_BOUND('',#2507,.T.);
#2011=FACE_OUTER_BOUND('',#2508,.T.);
#2012=FACE_OUTER_BOUND('',#2509,.T.);
#2013=FACE_OUTER_BOUND('',#2510,.T.);
#2014=FACE_OUTER_BOUND('',#2511,.T.);
#2015=FACE_OUTER_BOUND('',#2512,.T.);
#2016=FACE_OUTER_BOUND('',#2513,.T.);
#2017=FACE_OUTER_BOUND('',#2514,.T.);
#2018=FACE_OUTER_BOUND('',#2515,.T.);
#2019=FACE_OUTER_BOUND('',#2516,.T.);
#2020=FACE_OUTER_BOUND('',#2517,.T.);
#2021=FACE_OUTER_BOUND('',#2518,.T.);
#2022=FACE_OUTER_BOUND('',#2520,.T.);
#2023=FACE_OUTER_BOUND('',#2521,.T.);
#2024=FACE_OUTER_BOUND('',#2523,.T.);
#2025=FACE_OUTER_BOUND('',#2524,.T.);
#2026=FACE_OUTER_BOUND('',#2525,.T.);
#2027=FACE_OUTER_BOUND('',#2526,.T.);
#2028=FACE_OUTER_BOUND('',#2527,.T.);
#2029=FACE_OUTER_BOUND('',#2528,.T.);
#2030=FACE_OUTER_BOUND('',#2529,.T.);
#2031=FACE_OUTER_BOUND('',#2530,.T.);
#2032=FACE_OUTER_BOUND('',#2531,.T.);
#2033=FACE_OUTER_BOUND('',#2532,.T.);
#2034=FACE_OUTER_BOUND('',#2533,.T.);
#2035=FACE_OUTER_BOUND('',#2534,.T.);
#2036=FACE_OUTER_BOUND('',#2535,.T.);
#2037=FACE_OUTER_BOUND('',#2536,.T.);
#2038=FACE_OUTER_BOUND('',#2537,.T.);
#2039=FACE_OUTER_BOUND('',#2538,.T.);
#2040=FACE_OUTER_BOUND('',#2540,.T.);
#2041=FACE_OUTER_BOUND('',#2541,.T.);
#2042=FACE_OUTER_BOUND('',#2542,.T.);
#2043=FACE_OUTER_BOUND('',#2543,.T.);
#2044=FACE_OUTER_BOUND('',#2544,.T.);
#2045=FACE_OUTER_BOUND('',#2545,.T.);
#2046=FACE_OUTER_BOUND('',#2546,.T.);
#2047=FACE_OUTER_BOUND('',#2547,.T.);
#2048=FACE_OUTER_BOUND('',#2548,.T.);
#2049=FACE_OUTER_BOUND('',#2549,.T.);
#2050=FACE_OUTER_BOUND('',#2550,.T.);
#2051=FACE_OUTER_BOUND('',#2551,.T.);
#2052=FACE_OUTER_BOUND('',#2552,.T.);
#2053=FACE_OUTER_BOUND('',#2553,.T.);
#2054=FACE_OUTER_BOUND('',#2554,.T.);
#2055=FACE_OUTER_BOUND('',#2555,.T.);
#2056=FACE_OUTER_BOUND('',#2558,.T.);
#2057=FACE_OUTER_BOUND('',#2559,.T.);
#2058=FACE_OUTER_BOUND('',#2560,.T.);
#2059=FACE_OUTER_BOUND('',#2561,.T.);
#2060=FACE_OUTER_BOUND('',#2562,.T.);
#2061=FACE_OUTER_BOUND('',#2563,.T.);
#2062=FACE_OUTER_BOUND('',#2564,.T.);
#2063=FACE_OUTER_BOUND('',#2565,.T.);
#2064=FACE_OUTER_BOUND('',#2566,.T.);
#2065=FACE_OUTER_BOUND('',#2567,.T.);
#2066=FACE_OUTER_BOUND('',#2568,.T.);
#2067=FACE_OUTER_BOUND('',#2569,.T.);
#2068=FACE_OUTER_BOUND('',#2570,.T.);
#2069=FACE_OUTER_BOUND('',#2575,.T.);
#2070=FACE_OUTER_BOUND('',#2576,.T.);
#2071=FACE_OUTER_BOUND('',#2577,.T.);
#2072=FACE_OUTER_BOUND('',#2578,.T.);
#2073=FACE_OUTER_BOUND('',#2579,.T.);
#2074=FACE_OUTER_BOUND('',#2580,.T.);
#2075=FACE_OUTER_BOUND('',#2581,.T.);
#2076=FACE_OUTER_BOUND('',#2582,.T.);
#2077=FACE_OUTER_BOUND('',#2583,.T.);
#2078=FACE_OUTER_BOUND('',#2584,.T.);
#2079=FACE_OUTER_BOUND('',#2585,.T.);
#2080=FACE_OUTER_BOUND('',#2586,.T.);
#2081=FACE_OUTER_BOUND('',#2587,.T.);
#2082=FACE_OUTER_BOUND('',#2588,.T.);
#2083=FACE_OUTER_BOUND('',#2589,.T.);
#2084=FACE_OUTER_BOUND('',#2590,.T.);
#2085=FACE_OUTER_BOUND('',#2591,.T.);
#2086=FACE_OUTER_BOUND('',#2592,.T.);
#2087=FACE_OUTER_BOUND('',#2593,.T.);
#2088=FACE_OUTER_BOUND('',#2594,.T.);
#2089=FACE_OUTER_BOUND('',#2595,.T.);
#2090=FACE_OUTER_BOUND('',#2596,.T.);
#2091=FACE_OUTER_BOUND('',#2597,.T.);
#2092=FACE_OUTER_BOUND('',#2598,.T.);
#2093=FACE_OUTER_BOUND('',#2599,.T.);
#2094=FACE_OUTER_BOUND('',#2600,.T.);
#2095=FACE_OUTER_BOUND('',#2601,.T.);
#2096=FACE_OUTER_BOUND('',#2602,.T.);
#2097=FACE_OUTER_BOUND('',#2603,.T.);
#2098=FACE_OUTER_BOUND('',#2604,.T.);
#2099=FACE_OUTER_BOUND('',#2605,.T.);
#2100=FACE_OUTER_BOUND('',#2606,.T.);
#2101=FACE_OUTER_BOUND('',#2607,.T.);
#2102=FACE_OUTER_BOUND('',#2610,.T.);
#2103=FACE_OUTER_BOUND('',#2611,.T.);
#2104=FACE_OUTER_BOUND('',#2612,.T.);
#2105=FACE_OUTER_BOUND('',#2613,.T.);
#2106=FACE_OUTER_BOUND('',#2614,.T.);
#2107=FACE_OUTER_BOUND('',#2615,.T.);
#2108=FACE_OUTER_BOUND('',#2616,.T.);
#2109=FACE_OUTER_BOUND('',#2617,.T.);
#2110=FACE_OUTER_BOUND('',#2618,.T.);
#2111=FACE_OUTER_BOUND('',#2619,.T.);
#2112=FACE_OUTER_BOUND('',#2620,.T.);
#2113=FACE_OUTER_BOUND('',#2621,.T.);
#2114=FACE_OUTER_BOUND('',#2622,.T.);
#2115=FACE_OUTER_BOUND('',#2623,.T.);
#2116=FACE_OUTER_BOUND('',#2624,.T.);
#2117=FACE_OUTER_BOUND('',#2625,.T.);
#2118=FACE_OUTER_BOUND('',#2626,.T.);
#2119=FACE_OUTER_BOUND('',#2627,.T.);
#2120=FACE_OUTER_BOUND('',#2628,.T.);
#2121=FACE_OUTER_BOUND('',#2629,.T.);
#2122=FACE_OUTER_BOUND('',#2630,.T.);
#2123=FACE_OUTER_BOUND('',#2631,.T.);
#2124=FACE_OUTER_BOUND('',#2632,.T.);
#2125=FACE_OUTER_BOUND('',#2633,.T.);
#2126=FACE_OUTER_BOUND('',#2634,.T.);
#2127=FACE_OUTER_BOUND('',#2635,.T.);
#2128=FACE_OUTER_BOUND('',#2636,.T.);
#2129=FACE_OUTER_BOUND('',#2637,.T.);
#2130=FACE_OUTER_BOUND('',#2638,.T.);
#2131=FACE_OUTER_BOUND('',#2639,.T.);
#2132=FACE_OUTER_BOUND('',#2640,.T.);
#2133=FACE_OUTER_BOUND('',#2641,.T.);
#2134=FACE_OUTER_BOUND('',#2642,.T.);
#2135=FACE_OUTER_BOUND('',#2643,.T.);
#2136=FACE_OUTER_BOUND('',#2644,.T.);
#2137=FACE_OUTER_BOUND('',#2645,.T.);
#2138=FACE_OUTER_BOUND('',#2646,.T.);
#2139=FACE_OUTER_BOUND('',#2647,.T.);
#2140=FACE_OUTER_BOUND('',#2648,.T.);
#2141=FACE_OUTER_BOUND('',#2649,.T.);
#2142=FACE_OUTER_BOUND('',#2650,.T.);
#2143=FACE_OUTER_BOUND('',#2651,.T.);
#2144=FACE_OUTER_BOUND('',#2652,.T.);
#2145=FACE_OUTER_BOUND('',#2653,.T.);
#2146=FACE_OUTER_BOUND('',#2654,.T.);
#2147=FACE_OUTER_BOUND('',#2655,.T.);
#2148=FACE_OUTER_BOUND('',#2656,.T.);
#2149=FACE_OUTER_BOUND('',#2657,.T.);
#2150=FACE_OUTER_BOUND('',#2658,.T.);
#2151=FACE_OUTER_BOUND('',#2659,.T.);
#2152=FACE_OUTER_BOUND('',#2660,.T.);
#2153=FACE_OUTER_BOUND('',#2661,.T.);
#2154=FACE_OUTER_BOUND('',#2662,.T.);
#2155=FACE_OUTER_BOUND('',#2663,.T.);
#2156=FACE_OUTER_BOUND('',#2664,.T.);
#2157=FACE_OUTER_BOUND('',#2665,.T.);
#2158=FACE_OUTER_BOUND('',#2666,.T.);
#2159=FACE_OUTER_BOUND('',#2667,.T.);
#2160=FACE_OUTER_BOUND('',#2668,.T.);
#2161=FACE_OUTER_BOUND('',#2669,.T.);
#2162=FACE_OUTER_BOUND('',#2670,.T.);
#2163=FACE_OUTER_BOUND('',#2671,.T.);
#2164=FACE_OUTER_BOUND('',#2672,.T.);
#2165=FACE_OUTER_BOUND('',#2673,.T.);
#2166=FACE_OUTER_BOUND('',#2674,.T.);
#2167=FACE_OUTER_BOUND('',#2675,.T.);
#2168=FACE_OUTER_BOUND('',#2676,.T.);
#2169=FACE_OUTER_BOUND('',#2677,.T.);
#2170=FACE_OUTER_BOUND('',#2678,.T.);
#2171=FACE_OUTER_BOUND('',#2679,.T.);
#2172=FACE_OUTER_BOUND('',#2680,.T.);
#2173=FACE_OUTER_BOUND('',#2681,.T.);
#2174=FACE_OUTER_BOUND('',#2682,.T.);
#2175=FACE_OUTER_BOUND('',#2683,.T.);
#2176=FACE_OUTER_BOUND('',#2684,.T.);
#2177=FACE_OUTER_BOUND('',#2685,.T.);
#2178=FACE_OUTER_BOUND('',#2686,.T.);
#2179=FACE_OUTER_BOUND('',#2687,.T.);
#2180=FACE_OUTER_BOUND('',#2688,.T.);
#2181=FACE_OUTER_BOUND('',#2689,.T.);
#2182=FACE_OUTER_BOUND('',#2690,.T.);
#2183=FACE_OUTER_BOUND('',#2691,.T.);
#2184=FACE_OUTER_BOUND('',#2692,.T.);
#2185=FACE_OUTER_BOUND('',#2693,.T.);
#2186=FACE_OUTER_BOUND('',#2694,.T.);
#2187=FACE_OUTER_BOUND('',#2695,.T.);
#2188=FACE_OUTER_BOUND('',#2696,.T.);
#2189=FACE_OUTER_BOUND('',#2697,.T.);
#2190=FACE_OUTER_BOUND('',#2698,.T.);
#2191=FACE_OUTER_BOUND('',#2699,.T.);
#2192=FACE_OUTER_BOUND('',#2700,.T.);
#2193=FACE_OUTER_BOUND('',#2701,.T.);
#2194=FACE_OUTER_BOUND('',#2702,.T.);
#2195=FACE_OUTER_BOUND('',#2703,.T.);
#2196=FACE_OUTER_BOUND('',#2704,.T.);
#2197=FACE_OUTER_BOUND('',#2705,.T.);
#2198=FACE_OUTER_BOUND('',#2706,.T.);
#2199=FACE_OUTER_BOUND('',#2707,.T.);
#2200=FACE_OUTER_BOUND('',#2708,.T.);
#2201=FACE_OUTER_BOUND('',#2709,.T.);
#2202=FACE_OUTER_BOUND('',#2710,.T.);
#2203=FACE_OUTER_BOUND('',#2711,.T.);
#2204=FACE_OUTER_BOUND('',#2712,.T.);
#2205=FACE_OUTER_BOUND('',#2713,.T.);
#2206=FACE_OUTER_BOUND('',#2714,.T.);
#2207=FACE_OUTER_BOUND('',#2715,.T.);
#2208=FACE_OUTER_BOUND('',#2716,.T.);
#2209=FACE_OUTER_BOUND('',#2717,.T.);
#2210=FACE_OUTER_BOUND('',#2718,.T.);
#2211=FACE_OUTER_BOUND('',#2719,.T.);
#2212=FACE_OUTER_BOUND('',#2720,.T.);
#2213=FACE_OUTER_BOUND('',#2721,.T.);
#2214=FACE_OUTER_BOUND('',#2722,.T.);
#2215=FACE_OUTER_BOUND('',#2723,.T.);
#2216=FACE_OUTER_BOUND('',#2724,.T.);
#2217=FACE_OUTER_BOUND('',#2725,.T.);
#2218=FACE_OUTER_BOUND('',#2726,.T.);
#2219=FACE_OUTER_BOUND('',#2727,.T.);
#2220=FACE_OUTER_BOUND('',#2728,.T.);
#2221=FACE_OUTER_BOUND('',#2729,.T.);
#2222=FACE_OUTER_BOUND('',#2730,.T.);
#2223=FACE_OUTER_BOUND('',#2731,.T.);
#2224=FACE_OUTER_BOUND('',#2732,.T.);
#2225=FACE_OUTER_BOUND('',#2733,.T.);
#2226=FACE_OUTER_BOUND('',#2735,.T.);
#2227=FACE_OUTER_BOUND('',#2736,.T.);
#2228=FACE_OUTER_BOUND('',#2737,.T.);
#2229=FACE_OUTER_BOUND('',#2738,.T.);
#2230=FACE_OUTER_BOUND('',#2739,.T.);
#2231=FACE_OUTER_BOUND('',#2740,.T.);
#2232=FACE_OUTER_BOUND('',#2741,.T.);
#2233=FACE_OUTER_BOUND('',#2742,.T.);
#2234=FACE_OUTER_BOUND('',#2743,.T.);
#2235=FACE_OUTER_BOUND('',#2744,.T.);
#2236=FACE_OUTER_BOUND('',#2746,.T.);
#2237=FACE_OUTER_BOUND('',#2747,.T.);
#2238=FACE_OUTER_BOUND('',#2748,.T.);
#2239=FACE_OUTER_BOUND('',#2749,.T.);
#2240=FACE_OUTER_BOUND('',#2750,.T.);
#2241=FACE_OUTER_BOUND('',#2751,.T.);
#2242=FACE_OUTER_BOUND('',#2752,.T.);
#2243=FACE_OUTER_BOUND('',#2753,.T.);
#2244=FACE_OUTER_BOUND('',#2754,.T.);
#2245=FACE_OUTER_BOUND('',#2755,.T.);
#2246=FACE_OUTER_BOUND('',#2756,.T.);
#2247=FACE_OUTER_BOUND('',#2757,.T.);
#2248=FACE_OUTER_BOUND('',#2758,.T.);
#2249=FACE_OUTER_BOUND('',#2759,.T.);
#2250=FACE_OUTER_BOUND('',#2760,.T.);
#2251=FACE_OUTER_BOUND('',#2761,.T.);
#2252=FACE_OUTER_BOUND('',#2763,.T.);
#2253=FACE_OUTER_BOUND('',#2764,.T.);
#2254=FACE_OUTER_BOUND('',#2765,.T.);
#2255=FACE_OUTER_BOUND('',#2766,.T.);
#2256=FACE_OUTER_BOUND('',#2767,.T.);
#2257=FACE_OUTER_BOUND('',#2768,.T.);
#2258=FACE_OUTER_BOUND('',#2769,.T.);
#2259=FACE_OUTER_BOUND('',#2770,.T.);
#2260=FACE_OUTER_BOUND('',#2771,.T.);
#2261=FACE_OUTER_BOUND('',#2772,.T.);
#2262=FACE_OUTER_BOUND('',#2773,.T.);
#2263=FACE_OUTER_BOUND('',#2774,.T.);
#2264=FACE_OUTER_BOUND('',#2775,.T.);
#2265=FACE_OUTER_BOUND('',#2776,.T.);
#2266=FACE_OUTER_BOUND('',#2777,.T.);
#2267=FACE_OUTER_BOUND('',#2778,.T.);
#2268=FACE_OUTER_BOUND('',#2779,.T.);
#2269=FACE_OUTER_BOUND('',#2780,.T.);
#2270=FACE_OUTER_BOUND('',#2781,.T.);
#2271=FACE_OUTER_BOUND('',#2782,.T.);
#2272=FACE_OUTER_BOUND('',#2783,.T.);
#2273=FACE_OUTER_BOUND('',#2784,.T.);
#2274=FACE_OUTER_BOUND('',#2785,.T.);
#2275=FACE_OUTER_BOUND('',#2787,.T.);
#2276=FACE_OUTER_BOUND('',#2788,.T.);
#2277=FACE_OUTER_BOUND('',#2789,.T.);
#2278=FACE_OUTER_BOUND('',#2790,.T.);
#2279=FACE_OUTER_BOUND('',#2791,.T.);
#2280=FACE_OUTER_BOUND('',#2792,.T.);
#2281=FACE_OUTER_BOUND('',#2793,.T.);
#2282=FACE_OUTER_BOUND('',#2794,.T.);
#2283=FACE_OUTER_BOUND('',#2795,.T.);
#2284=FACE_OUTER_BOUND('',#2796,.T.);
#2285=EDGE_LOOP('',(#4986));
#2286=EDGE_LOOP('',(#4987));
#2287=EDGE_LOOP('',(#4988));
#2288=EDGE_LOOP('',(#4989));
#2289=EDGE_LOOP('',(#4990,#4991,#4992,#4993));
#2290=EDGE_LOOP('',(#4994,#4995,#4996,#4997));
#2291=EDGE_LOOP('',(#4998,#4999,#5000,#5001));
#2292=EDGE_LOOP('',(#5002,#5003,#5004,#5005));
#2293=EDGE_LOOP('',(#5006,#5007,#5008,#5009));
#2294=EDGE_LOOP('',(#5010,#5011,#5012,#5013));
#2295=EDGE_LOOP('',(#5014,#5015,#5016,#5017));
#2296=EDGE_LOOP('',(#5018,#5019,#5020,#5021));
#2297=EDGE_LOOP('',(#5022,#5023,#5024,#5025,#5026,#5027,#5028,#5029));
#2298=EDGE_LOOP('',(#5030,#5031,#5032,#5033));
#2299=EDGE_LOOP('',(#5034,#5035,#5036,#5037));
#2300=EDGE_LOOP('',(#5038,#5039,#5040,#5041));
#2301=EDGE_LOOP('',(#5042,#5043,#5044,#5045));
#2302=EDGE_LOOP('',(#5046,#5047,#5048,#5049));
#2303=EDGE_LOOP('',(#5050,#5051,#5052,#5053));
#2304=EDGE_LOOP('',(#5054,#5055,#5056,#5057));
#2305=EDGE_LOOP('',(#5058,#5059,#5060,#5061));
#2306=EDGE_LOOP('',(#5062,#5063,#5064,#5065));
#2307=EDGE_LOOP('',(#5066,#5067,#5068,#5069));
#2308=EDGE_LOOP('',(#5070,#5071,#5072,#5073));
#2309=EDGE_LOOP('',(#5074,#5075,#5076,#5077));
#2310=EDGE_LOOP('',(#5078,#5079,#5080,#5081,#5082,#5083,#5084,#5085,#5086,
#5087,#5088,#5089,#5090,#5091,#5092,#5093,#5094,#5095));
#2311=EDGE_LOOP('',(#5096,#5097,#5098,#5099,#5100,#5101,#5102,#5103));
#2312=EDGE_LOOP('',(#5104,#5105,#5106,#5107,#5108,#5109,#5110,#5111));
#2313=EDGE_LOOP('',(#5112));
#2314=EDGE_LOOP('',(#5113,#5114,#5115,#5116,#5117,#5118,#5119,#5120,#5121,
#5122,#5123,#5124,#5125,#5126,#5127,#5128,#5129,#5130,#5131,#5132,#5133,
#5134,#5135,#5136));
#2315=EDGE_LOOP('',(#5137));
#2316=EDGE_LOOP('',(#5138,#5139,#5140,#5141,#5142,#5143,#5144,#5145));
#2317=EDGE_LOOP('',(#5146,#5147,#5148,#5149));
#2318=EDGE_LOOP('',(#5150,#5151,#5152,#5153));
#2319=EDGE_LOOP('',(#5154,#5155,#5156,#5157));
#2320=EDGE_LOOP('',(#5158,#5159,#5160,#5161));
#2321=EDGE_LOOP('',(#5162,#5163,#5164,#5165));
#2322=EDGE_LOOP('',(#5166,#5167,#5168,#5169));
#2323=EDGE_LOOP('',(#5170,#5171,#5172,#5173));
#2324=EDGE_LOOP('',(#5174,#5175,#5176,#5177));
#2325=EDGE_LOOP('',(#5178,#5179,#5180,#5181));
#2326=EDGE_LOOP('',(#5182,#5183,#5184,#5185));
#2327=EDGE_LOOP('',(#5186,#5187,#5188,#5189));
#2328=EDGE_LOOP('',(#5190,#5191,#5192,#5193));
#2329=EDGE_LOOP('',(#5194,#5195,#5196,#5197));
#2330=EDGE_LOOP('',(#5198,#5199,#5200,#5201));
#2331=EDGE_LOOP('',(#5202,#5203,#5204,#5205));
#2332=EDGE_LOOP('',(#5206,#5207,#5208,#5209));
#2333=EDGE_LOOP('',(#5210,#5211,#5212,#5213));
#2334=EDGE_LOOP('',(#5214,#5215,#5216,#5217));
#2335=EDGE_LOOP('',(#5218,#5219,#5220,#5221));
#2336=EDGE_LOOP('',(#5222,#5223,#5224,#5225));
#2337=EDGE_LOOP('',(#5226,#5227,#5228,#5229));
#2338=EDGE_LOOP('',(#5230,#5231,#5232,#5233));
#2339=EDGE_LOOP('',(#5234,#5235,#5236,#5237));
#2340=EDGE_LOOP('',(#5238,#5239,#5240,#5241));
#2341=EDGE_LOOP('',(#5242,#5243,#5244,#5245));
#2342=EDGE_LOOP('',(#5246,#5247,#5248,#5249));
#2343=EDGE_LOOP('',(#5250,#5251,#5252,#5253));
#2344=EDGE_LOOP('',(#5254,#5255,#5256,#5257));
#2345=EDGE_LOOP('',(#5258,#5259,#5260,#5261));
#2346=EDGE_LOOP('',(#5262,#5263,#5264,#5265));
#2347=EDGE_LOOP('',(#5266,#5267,#5268,#5269));
#2348=EDGE_LOOP('',(#5270,#5271,#5272,#5273));
#2349=EDGE_LOOP('',(#5274,#5275,#5276,#5277));
#2350=EDGE_LOOP('',(#5278,#5279,#5280,#5281));
#2351=EDGE_LOOP('',(#5282,#5283,#5284,#5285));
#2352=EDGE_LOOP('',(#5286,#5287,#5288,#5289));
#2353=EDGE_LOOP('',(#5290,#5291,#5292,#5293));
#2354=EDGE_LOOP('',(#5294,#5295,#5296,#5297));
#2355=EDGE_LOOP('',(#5298,#5299,#5300,#5301));
#2356=EDGE_LOOP('',(#5302,#5303,#5304,#5305));
#2357=EDGE_LOOP('',(#5306,#5307,#5308,#5309));
#2358=EDGE_LOOP('',(#5310,#5311,#5312,#5313));
#2359=EDGE_LOOP('',(#5314,#5315,#5316,#5317));
#2360=EDGE_LOOP('',(#5318,#5319,#5320,#5321));
#2361=EDGE_LOOP('',(#5322,#5323,#5324,#5325));
#2362=EDGE_LOOP('',(#5326,#5327,#5328,#5329));
#2363=EDGE_LOOP('',(#5330,#5331,#5332,#5333));
#2364=EDGE_LOOP('',(#5334,#5335,#5336,#5337));
#2365=EDGE_LOOP('',(#5338,#5339,#5340,#5341));
#2366=EDGE_LOOP('',(#5342,#5343,#5344,#5345));
#2367=EDGE_LOOP('',(#5346,#5347,#5348,#5349));
#2368=EDGE_LOOP('',(#5350,#5351,#5352,#5353));
#2369=EDGE_LOOP('',(#5354,#5355,#5356,#5357));
#2370=EDGE_LOOP('',(#5358,#5359,#5360,#5361));
#2371=EDGE_LOOP('',(#5362,#5363,#5364,#5365));
#2372=EDGE_LOOP('',(#5366,#5367,#5368,#5369));
#2373=EDGE_LOOP('',(#5370,#5371,#5372,#5373));
#2374=EDGE_LOOP('',(#5374,#5375,#5376,#5377));
#2375=EDGE_LOOP('',(#5378,#5379,#5380,#5381));
#2376=EDGE_LOOP('',(#5382,#5383,#5384,#5385));
#2377=EDGE_LOOP('',(#5386,#5387,#5388,#5389));
#2378=EDGE_LOOP('',(#5390,#5391,#5392,#5393));
#2379=EDGE_LOOP('',(#5394,#5395,#5396,#5397));
#2380=EDGE_LOOP('',(#5398,#5399,#5400,#5401,#5402,#5403,#5404,#5405));
#2381=EDGE_LOOP('',(#5406,#5407,#5408,#5409,#5410,#5411,#5412,#5413));
#2382=EDGE_LOOP('',(#5414,#5415,#5416,#5417,#5418,#5419,#5420,#5421));
#2383=EDGE_LOOP('',(#5422,#5423,#5424,#5425));
#2384=EDGE_LOOP('',(#5426,#5427,#5428,#5429));
#2385=EDGE_LOOP('',(#5430,#5431,#5432,#5433));
#2386=EDGE_LOOP('',(#5434,#5435,#5436,#5437));
#2387=EDGE_LOOP('',(#5438,#5439,#5440,#5441));
#2388=EDGE_LOOP('',(#5442,#5443,#5444,#5445));
#2389=EDGE_LOOP('',(#5446,#5447,#5448,#5449));
#2390=EDGE_LOOP('',(#5450,#5451,#5452,#5453));
#2391=EDGE_LOOP('',(#5454,#5455,#5456,#5457));
#2392=EDGE_LOOP('',(#5458,#5459,#5460,#5461));
#2393=EDGE_LOOP('',(#5462,#5463,#5464,#5465));
#2394=EDGE_LOOP('',(#5466,#5467,#5468,#5469));
#2395=EDGE_LOOP('',(#5470,#5471,#5472,#5473));
#2396=EDGE_LOOP('',(#5474,#5475,#5476,#5477,#5478,#5479,#5480,#5481));
#2397=EDGE_LOOP('',(#5482));
#2398=EDGE_LOOP('',(#5483,#5484,#5485,#5486,#5487,#5488,#5489,#5490));
#2399=EDGE_LOOP('',(#5491,#5492,#5493,#5494,#5495,#5496,#5497,#5498,#5499,
#5500,#5501,#5502,#5503,#5504,#5505,#5506,#5507,#5508,#5509,#5510,#5511,
#5512,#5513,#5514));
#2400=EDGE_LOOP('',(#5515));
#2401=EDGE_LOOP('',(#5516,#5517,#5518,#5519));
#2402=EDGE_LOOP('',(#5520,#5521,#5522,#5523));
#2403=EDGE_LOOP('',(#5524,#5525,#5526,#5527));
#2404=EDGE_LOOP('',(#5528,#5529,#5530,#5531));
#2405=EDGE_LOOP('',(#5532,#5533,#5534,#5535));
#2406=EDGE_LOOP('',(#5536,#5537,#5538,#5539));
#2407=EDGE_LOOP('',(#5540,#5541,#5542,#5543));
#2408=EDGE_LOOP('',(#5544,#5545,#5546,#5547));
#2409=EDGE_LOOP('',(#5548,#5549,#5550,#5551));
#2410=EDGE_LOOP('',(#5552,#5553,#5554,#5555));
#2411=EDGE_LOOP('',(#5556,#5557,#5558,#5559));
#2412=EDGE_LOOP('',(#5560,#5561,#5562,#5563));
#2413=EDGE_LOOP('',(#5564,#5565,#5566,#5567));
#2414=EDGE_LOOP('',(#5568,#5569,#5570,#5571));
#2415=EDGE_LOOP('',(#5572,#5573,#5574,#5575));
#2416=EDGE_LOOP('',(#5576,#5577,#5578,#5579));
#2417=EDGE_LOOP('',(#5580,#5581,#5582,#5583));
#2418=EDGE_LOOP('',(#5584,#5585,#5586,#5587));
#2419=EDGE_LOOP('',(#5588,#5589,#5590,#5591));
#2420=EDGE_LOOP('',(#5592,#5593,#5594,#5595));
#2421=EDGE_LOOP('',(#5596,#5597,#5598,#5599));
#2422=EDGE_LOOP('',(#5600,#5601,#5602,#5603));
#2423=EDGE_LOOP('',(#5604,#5605,#5606,#5607));
#2424=EDGE_LOOP('',(#5608,#5609,#5610,#5611));
#2425=EDGE_LOOP('',(#5612,#5613,#5614,#5615));
#2426=EDGE_LOOP('',(#5616,#5617,#5618,#5619));
#2427=EDGE_LOOP('',(#5620,#5621,#5622,#5623));
#2428=EDGE_LOOP('',(#5624,#5625,#5626,#5627));
#2429=EDGE_LOOP('',(#5628,#5629,#5630,#5631));
#2430=EDGE_LOOP('',(#5632,#5633,#5634,#5635));
#2431=EDGE_LOOP('',(#5636,#5637,#5638,#5639));
#2432=EDGE_LOOP('',(#5640,#5641,#5642,#5643));
#2433=EDGE_LOOP('',(#5644,#5645,#5646,#5647));
#2434=EDGE_LOOP('',(#5648,#5649,#5650,#5651));
#2435=EDGE_LOOP('',(#5652,#5653,#5654,#5655));
#2436=EDGE_LOOP('',(#5656,#5657,#5658,#5659));
#2437=EDGE_LOOP('',(#5660,#5661,#5662,#5663,#5664));
#2438=EDGE_LOOP('',(#5665));
#2439=EDGE_LOOP('',(#5666,#5667,#5668,#5669));
#2440=EDGE_LOOP('',(#5670,#5671,#5672,#5673));
#2441=EDGE_LOOP('',(#5674,#5675,#5676,#5677,#5678));
#2442=EDGE_LOOP('',(#5679));
#2443=EDGE_LOOP('',(#5680,#5681,#5682,#5683));
#2444=EDGE_LOOP('',(#5684,#5685,#5686,#5687));
#2445=EDGE_LOOP('',(#5688,#5689,#5690,#5691,#5692));
#2446=EDGE_LOOP('',(#5693));
#2447=EDGE_LOOP('',(#5694,#5695,#5696,#5697));
#2448=EDGE_LOOP('',(#5698,#5699,#5700,#5701));
#2449=EDGE_LOOP('',(#5702,#5703,#5704,#5705,#5706));
#2450=EDGE_LOOP('',(#5707));
#2451=EDGE_LOOP('',(#5708,#5709,#5710,#5711,#5712,#5713));
#2452=EDGE_LOOP('',(#5714,#5715,#5716,#5717,#5718,#5719,#5720,#5721));
#2453=EDGE_LOOP('',(#5722,#5723,#5724,#5725,#5726,#5727));
#2454=EDGE_LOOP('',(#5728,#5729,#5730,#5731));
#2455=EDGE_LOOP('',(#5732,#5733,#5734,#5735,#5736,#5737,#5738,#5739));
#2456=EDGE_LOOP('',(#5740,#5741,#5742,#5743));
#2457=EDGE_LOOP('',(#5744,#5745,#5746,#5747));
#2458=EDGE_LOOP('',(#5748,#5749,#5750,#5751));
#2459=EDGE_LOOP('',(#5752,#5753,#5754,#5755));
#2460=EDGE_LOOP('',(#5756,#5757,#5758,#5759,#5760,#5761,#5762,#5763));
#2461=EDGE_LOOP('',(#5764,#5765,#5766,#5767));
#2462=EDGE_LOOP('',(#5768,#5769,#5770,#5771));
#2463=EDGE_LOOP('',(#5772,#5773,#5774,#5775));
#2464=EDGE_LOOP('',(#5776,#5777,#5778,#5779));
#2465=EDGE_LOOP('',(#5780,#5781,#5782,#5783));
#2466=EDGE_LOOP('',(#5784,#5785,#5786,#5787));
#2467=EDGE_LOOP('',(#5788,#5789,#5790,#5791,#5792,#5793,#5794,#5795,#5796,
#5797));
#2468=EDGE_LOOP('',(#5798,#5799,#5800,#5801));
#2469=EDGE_LOOP('',(#5802,#5803,#5804,#5805));
#2470=EDGE_LOOP('',(#5806,#5807,#5808,#5809));
#2471=EDGE_LOOP('',(#5810,#5811,#5812,#5813));
#2472=EDGE_LOOP('',(#5814,#5815,#5816,#5817));
#2473=EDGE_LOOP('',(#5818,#5819,#5820,#5821));
#2474=EDGE_LOOP('',(#5822,#5823,#5824,#5825,#5826,#5827,#5828,#5829,#5830,
#5831));
#2475=EDGE_LOOP('',(#5832,#5833,#5834,#5835));
#2476=EDGE_LOOP('',(#5836,#5837,#5838,#5839));
#2477=EDGE_LOOP('',(#5840,#5841,#5842,#5843));
#2478=EDGE_LOOP('',(#5844,#5845,#5846,#5847));
#2479=EDGE_LOOP('',(#5848,#5849,#5850,#5851));
#2480=EDGE_LOOP('',(#5852,#5853,#5854,#5855));
#2481=EDGE_LOOP('',(#5856,#5857,#5858,#5859,#5860,#5861,#5862,#5863,#5864,
#5865));
#2482=EDGE_LOOP('',(#5866,#5867,#5868,#5869));
#2483=EDGE_LOOP('',(#5870,#5871,#5872,#5873));
#2484=EDGE_LOOP('',(#5874,#5875,#5876,#5877));
#2485=EDGE_LOOP('',(#5878,#5879,#5880,#5881));
#2486=EDGE_LOOP('',(#5882,#5883,#5884,#5885));
#2487=EDGE_LOOP('',(#5886,#5887,#5888,#5889));
#2488=EDGE_LOOP('',(#5890,#5891,#5892,#5893));
#2489=EDGE_LOOP('',(#5894,#5895,#5896,#5897));
#2490=EDGE_LOOP('',(#5898,#5899,#5900,#5901));
#2491=EDGE_LOOP('',(#5902,#5903,#5904,#5905));
#2492=EDGE_LOOP('',(#5906,#5907,#5908,#5909));
#2493=EDGE_LOOP('',(#5910,#5911,#5912,#5913));
#2494=EDGE_LOOP('',(#5914,#5915,#5916,#5917));
#2495=EDGE_LOOP('',(#5918,#5919,#5920,#5921));
#2496=EDGE_LOOP('',(#5922,#5923,#5924,#5925));
#2497=EDGE_LOOP('',(#5926,#5927,#5928,#5929));
#2498=EDGE_LOOP('',(#5930,#5931,#5932,#5933));
#2499=EDGE_LOOP('',(#5934,#5935,#5936,#5937));
#2500=EDGE_LOOP('',(#5938,#5939,#5940,#5941));
#2501=EDGE_LOOP('',(#5942,#5943,#5944,#5945));
#2502=EDGE_LOOP('',(#5946,#5947,#5948,#5949));
#2503=EDGE_LOOP('',(#5950,#5951,#5952,#5953));
#2504=EDGE_LOOP('',(#5954,#5955,#5956,#5957));
#2505=EDGE_LOOP('',(#5958,#5959,#5960,#5961));
#2506=EDGE_LOOP('',(#5962,#5963,#5964,#5965));
#2507=EDGE_LOOP('',(#5966,#5967,#5968,#5969));
#2508=EDGE_LOOP('',(#5970,#5971,#5972,#5973));
#2509=EDGE_LOOP('',(#5974,#5975,#5976,#5977));
#2510=EDGE_LOOP('',(#5978,#5979,#5980,#5981));
#2511=EDGE_LOOP('',(#5982,#5983,#5984,#5985));
#2512=EDGE_LOOP('',(#5986,#5987,#5988,#5989));
#2513=EDGE_LOOP('',(#5990,#5991,#5992,#5993));
#2514=EDGE_LOOP('',(#5994,#5995,#5996,#5997));
#2515=EDGE_LOOP('',(#5998,#5999,#6000,#6001,#6002,#6003));
#2516=EDGE_LOOP('',(#6004,#6005,#6006,#6007,#6008,#6009,#6010,#6011,#6012,
#6013,#6014,#6015,#6016,#6017,#6018,#6019));
#2517=EDGE_LOOP('',(#6020,#6021,#6022,#6023));
#2518=EDGE_LOOP('',(#6024,#6025,#6026,#6027,#6028,#6029,#6030,#6031));
#2519=EDGE_LOOP('',(#6032,#6033,#6034,#6035,#6036,#6037,#6038,#6039));
#2520=EDGE_LOOP('',(#6040,#6041,#6042,#6043));
#2521=EDGE_LOOP('',(#6044,#6045,#6046,#6047,#6048,#6049,#6050,#6051));
#2522=EDGE_LOOP('',(#6052,#6053,#6054,#6055,#6056,#6057,#6058,#6059));
#2523=EDGE_LOOP('',(#6060,#6061,#6062,#6063));
#2524=EDGE_LOOP('',(#6064,#6065,#6066,#6067));
#2525=EDGE_LOOP('',(#6068,#6069,#6070,#6071));
#2526=EDGE_LOOP('',(#6072,#6073,#6074,#6075));
#2527=EDGE_LOOP('',(#6076,#6077,#6078,#6079));
#2528=EDGE_LOOP('',(#6080,#6081,#6082,#6083));
#2529=EDGE_LOOP('',(#6084,#6085,#6086,#6087));
#2530=EDGE_LOOP('',(#6088,#6089,#6090,#6091));
#2531=EDGE_LOOP('',(#6092,#6093,#6094,#6095));
#2532=EDGE_LOOP('',(#6096,#6097,#6098,#6099));
#2533=EDGE_LOOP('',(#6100,#6101,#6102,#6103));
#2534=EDGE_LOOP('',(#6104,#6105,#6106,#6107));
#2535=EDGE_LOOP('',(#6108,#6109,#6110,#6111));
#2536=EDGE_LOOP('',(#6112,#6113,#6114,#6115));
#2537=EDGE_LOOP('',(#6116,#6117,#6118,#6119));
#2538=EDGE_LOOP('',(#6120,#6121,#6122,#6123,#6124,#6125,#6126,#6127));
#2539=EDGE_LOOP('',(#6128,#6129,#6130,#6131,#6132,#6133,#6134,#6135));
#2540=EDGE_LOOP('',(#6136,#6137,#6138,#6139));
#2541=EDGE_LOOP('',(#6140,#6141,#6142,#6143));
#2542=EDGE_LOOP('',(#6144,#6145,#6146,#6147));
#2543=EDGE_LOOP('',(#6148,#6149,#6150,#6151));
#2544=EDGE_LOOP('',(#6152,#6153,#6154,#6155));
#2545=EDGE_LOOP('',(#6156,#6157,#6158,#6159));
#2546=EDGE_LOOP('',(#6160,#6161,#6162,#6163));
#2547=EDGE_LOOP('',(#6164,#6165,#6166,#6167));
#2548=EDGE_LOOP('',(#6168,#6169,#6170,#6171));
#2549=EDGE_LOOP('',(#6172,#6173,#6174,#6175));
#2550=EDGE_LOOP('',(#6176,#6177,#6178,#6179));
#2551=EDGE_LOOP('',(#6180,#6181,#6182,#6183,#6184,#6185));
#2552=EDGE_LOOP('',(#6186,#6187,#6188,#6189));
#2553=EDGE_LOOP('',(#6190,#6191,#6192,#6193,#6194,#6195,#6196,#6197));
#2554=EDGE_LOOP('',(#6198,#6199,#6200,#6201,#6202,#6203));
#2555=EDGE_LOOP('',(#6204,#6205,#6206,#6207,#6208,#6209,#6210,#6211,#6212,
#6213,#6214,#6215,#6216,#6217,#6218,#6219,#6220,#6221,#6222,#6223,#6224,
#6225,#6226,#6227,#6228,#6229,#6230,#6231,#6232,#6233,#6234,#6235,#6236,
#6237,#6238,#6239,#6240,#6241));
#2556=EDGE_LOOP('',(#6242));
#2557=EDGE_LOOP('',(#6243));
#2558=EDGE_LOOP('',(#6244,#6245,#6246,#6247));
#2559=EDGE_LOOP('',(#6248,#6249,#6250,#6251));
#2560=EDGE_LOOP('',(#6252,#6253,#6254,#6255));
#2561=EDGE_LOOP('',(#6256,#6257,#6258,#6259));
#2562=EDGE_LOOP('',(#6260,#6261,#6262,#6263));
#2563=EDGE_LOOP('',(#6264,#6265,#6266,#6267));
#2564=EDGE_LOOP('',(#6268,#6269,#6270,#6271));
#2565=EDGE_LOOP('',(#6272,#6273,#6274,#6275));
#2566=EDGE_LOOP('',(#6276,#6277,#6278,#6279));
#2567=EDGE_LOOP('',(#6280,#6281,#6282,#6283));
#2568=EDGE_LOOP('',(#6284,#6285,#6286,#6287));
#2569=EDGE_LOOP('',(#6288,#6289,#6290,#6291));
#2570=EDGE_LOOP('',(#6292,#6293,#6294,#6295,#6296,#6297,#6298,#6299));
#2571=EDGE_LOOP('',(#6300));
#2572=EDGE_LOOP('',(#6301));
#2573=EDGE_LOOP('',(#6302));
#2574=EDGE_LOOP('',(#6303));
#2575=EDGE_LOOP('',(#6304,#6305,#6306,#6307));
#2576=EDGE_LOOP('',(#6308,#6309,#6310,#6311,#6312,#6313,#6314,#6315));
#2577=EDGE_LOOP('',(#6316,#6317,#6318,#6319));
#2578=EDGE_LOOP('',(#6320,#6321,#6322,#6323));
#2579=EDGE_LOOP('',(#6324,#6325,#6326,#6327));
#2580=EDGE_LOOP('',(#6328,#6329,#6330,#6331));
#2581=EDGE_LOOP('',(#6332,#6333,#6334,#6335));
#2582=EDGE_LOOP('',(#6336,#6337,#6338,#6339));
#2583=EDGE_LOOP('',(#6340,#6341,#6342,#6343));
#2584=EDGE_LOOP('',(#6344,#6345,#6346,#6347));
#2585=EDGE_LOOP('',(#6348,#6349,#6350,#6351));
#2586=EDGE_LOOP('',(#6352,#6353,#6354,#6355));
#2587=EDGE_LOOP('',(#6356,#6357,#6358,#6359));
#2588=EDGE_LOOP('',(#6360,#6361,#6362,#6363));
#2589=EDGE_LOOP('',(#6364,#6365,#6366,#6367));
#2590=EDGE_LOOP('',(#6368,#6369,#6370,#6371));
#2591=EDGE_LOOP('',(#6372,#6373,#6374,#6375));
#2592=EDGE_LOOP('',(#6376,#6377,#6378,#6379));
#2593=EDGE_LOOP('',(#6380,#6381,#6382,#6383));
#2594=EDGE_LOOP('',(#6384,#6385,#6386,#6387));
#2595=EDGE_LOOP('',(#6388,#6389,#6390,#6391));
#2596=EDGE_LOOP('',(#6392,#6393,#6394,#6395));
#2597=EDGE_LOOP('',(#6396,#6397,#6398,#6399));
#2598=EDGE_LOOP('',(#6400,#6401,#6402,#6403));
#2599=EDGE_LOOP('',(#6404,#6405,#6406,#6407));
#2600=EDGE_LOOP('',(#6408,#6409,#6410,#6411));
#2601=EDGE_LOOP('',(#6412,#6413,#6414,#6415,#6416,#6417,#6418));
#2602=EDGE_LOOP('',(#6419,#6420,#6421,#6422));
#2603=EDGE_LOOP('',(#6423,#6424,#6425,#6426));
#2604=EDGE_LOOP('',(#6427,#6428,#6429,#6430,#6431,#6432,#6433,#6434,#6435,
#6436));
#2605=EDGE_LOOP('',(#6437,#6438,#6439,#6440));
#2606=EDGE_LOOP('',(#6441,#6442,#6443,#6444));
#2607=EDGE_LOOP('',(#6445,#6446,#6447,#6448,#6449,#6450,#6451,#6452,#6453,
#6454,#6455,#6456,#6457,#6458,#6459,#6460,#6461,#6462,#6463,#6464));
#2608=EDGE_LOOP('',(#6465,#6466,#6467,#6468));
#2609=EDGE_LOOP('',(#6469));
#2610=EDGE_LOOP('',(#6470,#6471,#6472,#6473));
#2611=EDGE_LOOP('',(#6474,#6475,#6476,#6477));
#2612=EDGE_LOOP('',(#6478));
#2613=EDGE_LOOP('',(#6479,#6480,#6481,#6482));
#2614=EDGE_LOOP('',(#6483,#6484,#6485,#6486));
#2615=EDGE_LOOP('',(#6487,#6488,#6489,#6490,#6491,#6492,#6493,#6494));
#2616=EDGE_LOOP('',(#6495,#6496,#6497,#6498));
#2617=EDGE_LOOP('',(#6499,#6500,#6501,#6502));
#2618=EDGE_LOOP('',(#6503,#6504,#6505,#6506));
#2619=EDGE_LOOP('',(#6507,#6508,#6509,#6510,#6511,#6512,#6513));
#2620=EDGE_LOOP('',(#6514,#6515,#6516,#6517,#6518,#6519,#6520,#6521,#6522));
#2621=EDGE_LOOP('',(#6523,#6524,#6525,#6526));
#2622=EDGE_LOOP('',(#6527,#6528,#6529,#6530));
#2623=EDGE_LOOP('',(#6531,#6532,#6533,#6534));
#2624=EDGE_LOOP('',(#6535,#6536,#6537,#6538,#6539,#6540,#6541,#6542));
#2625=EDGE_LOOP('',(#6543,#6544,#6545,#6546));
#2626=EDGE_LOOP('',(#6547,#6548,#6549,#6550));
#2627=EDGE_LOOP('',(#6551,#6552,#6553,#6554));
#2628=EDGE_LOOP('',(#6555,#6556,#6557,#6558));
#2629=EDGE_LOOP('',(#6559,#6560,#6561,#6562));
#2630=EDGE_LOOP('',(#6563,#6564,#6565,#6566));
#2631=EDGE_LOOP('',(#6567,#6568,#6569,#6570));
#2632=EDGE_LOOP('',(#6571,#6572,#6573,#6574));
#2633=EDGE_LOOP('',(#6575,#6576,#6577,#6578));
#2634=EDGE_LOOP('',(#6579,#6580,#6581,#6582));
#2635=EDGE_LOOP('',(#6583,#6584,#6585,#6586));
#2636=EDGE_LOOP('',(#6587,#6588,#6589,#6590));
#2637=EDGE_LOOP('',(#6591,#6592,#6593,#6594));
#2638=EDGE_LOOP('',(#6595,#6596,#6597,#6598,#6599,#6600));
#2639=EDGE_LOOP('',(#6601,#6602,#6603,#6604,#6605));
#2640=EDGE_LOOP('',(#6606,#6607,#6608,#6609));
#2641=EDGE_LOOP('',(#6610,#6611,#6612,#6613));
#2642=EDGE_LOOP('',(#6614,#6615,#6616,#6617,#6618,#6619,#6620,#6621));
#2643=EDGE_LOOP('',(#6622,#6623,#6624,#6625));
#2644=EDGE_LOOP('',(#6626,#6627,#6628,#6629));
#2645=EDGE_LOOP('',(#6630,#6631,#6632,#6633));
#2646=EDGE_LOOP('',(#6634,#6635,#6636,#6637));
#2647=EDGE_LOOP('',(#6638,#6639,#6640,#6641));
#2648=EDGE_LOOP('',(#6642,#6643,#6644,#6645));
#2649=EDGE_LOOP('',(#6646,#6647,#6648,#6649));
#2650=EDGE_LOOP('',(#6650,#6651,#6652,#6653));
#2651=EDGE_LOOP('',(#6654,#6655,#6656,#6657));
#2652=EDGE_LOOP('',(#6658,#6659,#6660,#6661));
#2653=EDGE_LOOP('',(#6662,#6663,#6664,#6665));
#2654=EDGE_LOOP('',(#6666,#6667,#6668,#6669));
#2655=EDGE_LOOP('',(#6670,#6671,#6672,#6673));
#2656=EDGE_LOOP('',(#6674,#6675,#6676,#6677));
#2657=EDGE_LOOP('',(#6678,#6679,#6680,#6681));
#2658=EDGE_LOOP('',(#6682,#6683,#6684,#6685));
#2659=EDGE_LOOP('',(#6686,#6687,#6688,#6689));
#2660=EDGE_LOOP('',(#6690,#6691,#6692,#6693));
#2661=EDGE_LOOP('',(#6694,#6695,#6696,#6697));
#2662=EDGE_LOOP('',(#6698,#6699,#6700,#6701));
#2663=EDGE_LOOP('',(#6702,#6703,#6704,#6705));
#2664=EDGE_LOOP('',(#6706,#6707,#6708,#6709));
#2665=EDGE_LOOP('',(#6710,#6711,#6712,#6713));
#2666=EDGE_LOOP('',(#6714,#6715,#6716,#6717));
#2667=EDGE_LOOP('',(#6718,#6719,#6720,#6721));
#2668=EDGE_LOOP('',(#6722,#6723,#6724,#6725));
#2669=EDGE_LOOP('',(#6726,#6727,#6728,#6729));
#2670=EDGE_LOOP('',(#6730,#6731,#6732,#6733));
#2671=EDGE_LOOP('',(#6734,#6735,#6736,#6737));
#2672=EDGE_LOOP('',(#6738,#6739,#6740,#6741,#6742,#6743));
#2673=EDGE_LOOP('',(#6744,#6745,#6746,#6747));
#2674=EDGE_LOOP('',(#6748,#6749,#6750,#6751));
#2675=EDGE_LOOP('',(#6752,#6753,#6754,#6755));
#2676=EDGE_LOOP('',(#6756,#6757,#6758,#6759,#6760,#6761));
#2677=EDGE_LOOP('',(#6762,#6763,#6764,#6765));
#2678=EDGE_LOOP('',(#6766,#6767,#6768,#6769,#6770,#6771));
#2679=EDGE_LOOP('',(#6772,#6773,#6774,#6775));
#2680=EDGE_LOOP('',(#6776,#6777,#6778,#6779));
#2681=EDGE_LOOP('',(#6780,#6781,#6782,#6783));
#2682=EDGE_LOOP('',(#6784,#6785,#6786,#6787,#6788,#6789));
#2683=EDGE_LOOP('',(#6790,#6791,#6792,#6793));
#2684=EDGE_LOOP('',(#6794,#6795,#6796,#6797,#6798,#6799,#6800,#6801,#6802,
#6803,#6804,#6805,#6806,#6807,#6808,#6809,#6810,#6811,#6812,#6813,#6814,
#6815,#6816,#6817));
#2685=EDGE_LOOP('',(#6818,#6819,#6820,#6821));
#2686=EDGE_LOOP('',(#6822,#6823,#6824,#6825));
#2687=EDGE_LOOP('',(#6826,#6827,#6828,#6829));
#2688=EDGE_LOOP('',(#6830,#6831,#6832,#6833));
#2689=EDGE_LOOP('',(#6834,#6835,#6836,#6837));
#2690=EDGE_LOOP('',(#6838,#6839,#6840,#6841));
#2691=EDGE_LOOP('',(#6842,#6843,#6844,#6845));
#2692=EDGE_LOOP('',(#6846,#6847,#6848,#6849));
#2693=EDGE_LOOP('',(#6850,#6851,#6852,#6853));
#2694=EDGE_LOOP('',(#6854,#6855,#6856,#6857,#6858));
#2695=EDGE_LOOP('',(#6859,#6860,#6861,#6862));
#2696=EDGE_LOOP('',(#6863,#6864,#6865,#6866));
#2697=EDGE_LOOP('',(#6867,#6868,#6869,#6870));
#2698=EDGE_LOOP('',(#6871,#6872,#6873,#6874));
#2699=EDGE_LOOP('',(#6875,#6876,#6877,#6878));
#2700=EDGE_LOOP('',(#6879,#6880,#6881,#6882));
#2701=EDGE_LOOP('',(#6883,#6884,#6885,#6886));
#2702=EDGE_LOOP('',(#6887,#6888,#6889,#6890));
#2703=EDGE_LOOP('',(#6891,#6892,#6893,#6894));
#2704=EDGE_LOOP('',(#6895,#6896,#6897,#6898));
#2705=EDGE_LOOP('',(#6899,#6900,#6901,#6902));
#2706=EDGE_LOOP('',(#6903,#6904,#6905,#6906));
#2707=EDGE_LOOP('',(#6907,#6908,#6909,#6910));
#2708=EDGE_LOOP('',(#6911,#6912,#6913,#6914));
#2709=EDGE_LOOP('',(#6915,#6916,#6917,#6918));
#2710=EDGE_LOOP('',(#6919,#6920,#6921,#6922));
#2711=EDGE_LOOP('',(#6923,#6924,#6925,#6926,#6927,#6928,#6929,#6930,#6931,
#6932,#6933,#6934,#6935,#6936,#6937,#6938,#6939,#6940,#6941,#6942,#6943,
#6944,#6945,#6946,#6947,#6948,#6949,#6950));
#2712=EDGE_LOOP('',(#6951));
#2713=EDGE_LOOP('',(#6952,#6953,#6954,#6955));
#2714=EDGE_LOOP('',(#6956,#6957,#6958,#6959));
#2715=EDGE_LOOP('',(#6960,#6961,#6962,#6963));
#2716=EDGE_LOOP('',(#6964,#6965,#6966,#6967,#6968,#6969));
#2717=EDGE_LOOP('',(#6970,#6971,#6972,#6973));
#2718=EDGE_LOOP('',(#6974,#6975,#6976,#6977));
#2719=EDGE_LOOP('',(#6978,#6979,#6980,#6981));
#2720=EDGE_LOOP('',(#6982,#6983,#6984,#6985));
#2721=EDGE_LOOP('',(#6986,#6987,#6988,#6989,#6990,#6991));
#2722=EDGE_LOOP('',(#6992,#6993,#6994,#6995));
#2723=EDGE_LOOP('',(#6996,#6997,#6998,#6999));
#2724=EDGE_LOOP('',(#7000,#7001,#7002,#7003));
#2725=EDGE_LOOP('',(#7004,#7005,#7006,#7007,#7008,#7009));
#2726=EDGE_LOOP('',(#7010,#7011,#7012,#7013,#7014,#7015));
#2727=EDGE_LOOP('',(#7016,#7017,#7018,#7019));
#2728=EDGE_LOOP('',(#7020,#7021,#7022,#7023));
#2729=EDGE_LOOP('',(#7024,#7025,#7026,#7027));
#2730=EDGE_LOOP('',(#7028,#7029,#7030,#7031));
#2731=EDGE_LOOP('',(#7032,#7033,#7034,#7035));
#2732=EDGE_LOOP('',(#7036,#7037,#7038,#7039));
#2733=EDGE_LOOP('',(#7040));
#2734=EDGE_LOOP('',(#7041));
#2735=EDGE_LOOP('',(#7042,#7043,#7044,#7045));
#2736=EDGE_LOOP('',(#7046));
#2737=EDGE_LOOP('',(#7047,#7048,#7049,#7050));
#2738=EDGE_LOOP('',(#7051,#7052,#7053,#7054));
#2739=EDGE_LOOP('',(#7055));
#2740=EDGE_LOOP('',(#7056,#7057,#7058,#7059));
#2741=EDGE_LOOP('',(#7060,#7061,#7062,#7063));
#2742=EDGE_LOOP('',(#7064));
#2743=EDGE_LOOP('',(#7065,#7066,#7067,#7068));
#2744=EDGE_LOOP('',(#7069));
#2745=EDGE_LOOP('',(#7070));
#2746=EDGE_LOOP('',(#7071,#7072,#7073,#7074));
#2747=EDGE_LOOP('',(#7075,#7076,#7077,#7078));
#2748=EDGE_LOOP('',(#7079));
#2749=EDGE_LOOP('',(#7080,#7081,#7082,#7083));
#2750=EDGE_LOOP('',(#7084,#7085,#7086,#7087));
#2751=EDGE_LOOP('',(#7088,#7089,#7090,#7091));
#2752=EDGE_LOOP('',(#7092,#7093,#7094,#7095));
#2753=EDGE_LOOP('',(#7096,#7097,#7098,#7099));
#2754=EDGE_LOOP('',(#7100,#7101,#7102,#7103));
#2755=EDGE_LOOP('',(#7104,#7105,#7106,#7107));
#2756=EDGE_LOOP('',(#7108,#7109,#7110,#7111));
#2757=EDGE_LOOP('',(#7112,#7113,#7114,#7115));
#2758=EDGE_LOOP('',(#7116,#7117,#7118,#7119));
#2759=EDGE_LOOP('',(#7120,#7121,#7122,#7123));
#2760=EDGE_LOOP('',(#7124,#7125,#7126,#7127));
#2761=EDGE_LOOP('',(#7128,#7129,#7130,#7131));
#2762=EDGE_LOOP('',(#7132,#7133,#7134,#7135));
#2763=EDGE_LOOP('',(#7136,#7137,#7138,#7139));
#2764=EDGE_LOOP('',(#7140,#7141,#7142,#7143));
#2765=EDGE_LOOP('',(#7144,#7145,#7146,#7147));
#2766=EDGE_LOOP('',(#7148,#7149,#7150,#7151));
#2767=EDGE_LOOP('',(#7152,#7153,#7154,#7155));
#2768=EDGE_LOOP('',(#7156,#7157,#7158,#7159));
#2769=EDGE_LOOP('',(#7160,#7161,#7162,#7163));
#2770=EDGE_LOOP('',(#7164,#7165,#7166,#7167));
#2771=EDGE_LOOP('',(#7168,#7169,#7170,#7171));
#2772=EDGE_LOOP('',(#7172,#7173,#7174,#7175));
#2773=EDGE_LOOP('',(#7176,#7177,#7178,#7179));
#2774=EDGE_LOOP('',(#7180,#7181,#7182,#7183));
#2775=EDGE_LOOP('',(#7184,#7185,#7186,#7187));
#2776=EDGE_LOOP('',(#7188,#7189,#7190,#7191));
#2777=EDGE_LOOP('',(#7192,#7193,#7194,#7195));
#2778=EDGE_LOOP('',(#7196,#7197,#7198,#7199));
#2779=EDGE_LOOP('',(#7200,#7201,#7202,#7203));
#2780=EDGE_LOOP('',(#7204,#7205,#7206,#7207));
#2781=EDGE_LOOP('',(#7208,#7209,#7210,#7211));
#2782=EDGE_LOOP('',(#7212,#7213,#7214,#7215));
#2783=EDGE_LOOP('',(#7216,#7217,#7218,#7219));
#2784=EDGE_LOOP('',(#7220,#7221,#7222,#7223));
#2785=EDGE_LOOP('',(#7224,#7225,#7226,#7227));
#2786=EDGE_LOOP('',(#7228,#7229,#7230,#7231));
#2787=EDGE_LOOP('',(#7232,#7233,#7234,#7235));
#2788=EDGE_LOOP('',(#7236,#7237,#7238,#7239));
#2789=EDGE_LOOP('',(#7240,#7241,#7242,#7243));
#2790=EDGE_LOOP('',(#7244,#7245,#7246,#7247));
#2791=EDGE_LOOP('',(#7248,#7249,#7250,#7251));
#2792=EDGE_LOOP('',(#7252,#7253,#7254,#7255));
#2793=EDGE_LOOP('',(#7256,#7257,#7258,#7259));
#2794=EDGE_LOOP('',(#7260,#7261,#7262,#7263));
#2795=EDGE_LOOP('',(#7264,#7265,#7266,#7267));
#2796=EDGE_LOOP('',(#7268,#7269,#7270,#7271));
#2797=CIRCLE('',#8008,0.95);
#2798=CIRCLE('',#8010,0.949999999999998);
#2799=CIRCLE('',#8012,0.950000000000001);
#2800=CIRCLE('',#8014,0.949999999999998);
#2801=CIRCLE('',#8025,1.25);
#2802=CIRCLE('',#8026,1.45);
#2803=CIRCLE('',#8029,1.25);
#2804=CIRCLE('',#8030,1.45);
#2805=CIRCLE('',#8033,1.25);
#2806=CIRCLE('',#8034,1.45);
#2807=CIRCLE('',#8037,1.25);
#2808=CIRCLE('',#8038,1.45);
#2809=CIRCLE('',#8042,1.25);
#2810=CIRCLE('',#8045,1.25);
#2811=CIRCLE('',#8047,2.5);
#2812=CIRCLE('',#8048,2.49999999999999);
#2813=CIRCLE('',#8049,3.);
#2814=CIRCLE('',#8050,3.);
#2815=CIRCLE('',#8051,1.45);
#2816=CIRCLE('',#8052,1.45);
#2817=CIRCLE('',#8053,1.45);
#2818=CIRCLE('',#8054,1.45);
#2819=CIRCLE('',#8055,3.19999999999999);
#2820=CIRCLE('',#8056,1.2);
#2821=CIRCLE('',#8057,1.2);
#2822=CIRCLE('',#8058,0.800000000000001);
#2823=CIRCLE('',#8059,1.2);
#2824=CIRCLE('',#8060,1.2);
#2825=CIRCLE('',#8061,0.8);
#2826=CIRCLE('',#8062,1.2);
#2827=CIRCLE('',#8063,1.2);
#2828=CIRCLE('',#8064,0.8);
#2829=CIRCLE('',#8065,1.2);
#2830=CIRCLE('',#8066,1.2);
#2831=CIRCLE('',#8067,0.799999999999999);
#2832=CIRCLE('',#8068,3.19999999999999);
#2833=CIRCLE('',#8071,1.25);
#2834=CIRCLE('',#8074,1.25);
#2835=CIRCLE('',#8077,1.25);
#2836=CIRCLE('',#8080,1.25);
#2837=CIRCLE('',#8082,1.25);
#2838=CIRCLE('',#8085,1.25);
#2839=CIRCLE('',#8088,3.);
#2840=CIRCLE('',#8090,3.);
#2841=CIRCLE('',#8092,3.);
#2842=CIRCLE('',#8094,3.);
#2843=CIRCLE('',#8097,1.);
#2844=CIRCLE('',#8100,1.);
#2845=CIRCLE('',#8103,1.);
#2846=CIRCLE('',#8106,1.);
#2847=CIRCLE('',#8109,1.);
#2848=CIRCLE('',#8112,1.);
#2849=CIRCLE('',#8115,1.);
#2850=CIRCLE('',#8118,1.);
#2851=CIRCLE('',#8121,1.);
#2852=CIRCLE('',#8124,1.);
#2853=CIRCLE('',#8127,1.);
#2854=CIRCLE('',#8130,1.);
#2855=CIRCLE('',#8132,1.);
#2856=CIRCLE('',#8135,1.);
#2857=CIRCLE('',#8138,1.);
#2858=CIRCLE('',#8141,1.);
#2859=CIRCLE('',#8144,1.);
#2860=CIRCLE('',#8147,1.);
#2861=CIRCLE('',#8150,1.45);
#2862=CIRCLE('',#8153,1.45);
#2863=CIRCLE('',#8156,1.25);
#2864=CIRCLE('',#8157,1.45);
#2865=CIRCLE('',#8160,1.25);
#2866=CIRCLE('',#8161,1.45);
#2867=CIRCLE('',#8167,0.75);
#2868=CIRCLE('',#8168,0.75);
#2869=CIRCLE('',#8169,0.75);
#2870=CIRCLE('',#8170,0.75);
#2871=CIRCLE('',#8171,1.45);
#2872=CIRCLE('',#8172,1.45);
#2873=CIRCLE('',#8173,1.45);
#2874=CIRCLE('',#8174,1.45);
#2875=CIRCLE('',#8176,1.25);
#2876=CIRCLE('',#8183,1.25);
#2877=CIRCLE('',#8190,3.19999999999999);
#2878=CIRCLE('',#8192,0.75);
#2879=CIRCLE('',#8193,0.75);
#2880=CIRCLE('',#8194,0.75);
#2881=CIRCLE('',#8195,0.75);
#2882=CIRCLE('',#8196,3.19999999999999);
#2883=CIRCLE('',#8197,0.75);
#2884=CIRCLE('',#8198,0.75);
#2885=CIRCLE('',#8199,0.75);
#2886=CIRCLE('',#8200,0.75);
#2887=CIRCLE('',#8201,1.2);
#2888=CIRCLE('',#8202,0.799999999999999);
#2889=CIRCLE('',#8203,1.2);
#2890=CIRCLE('',#8204,1.2);
#2891=CIRCLE('',#8205,0.8);
#2892=CIRCLE('',#8206,1.2);
#2893=CIRCLE('',#8207,1.2);
#2894=CIRCLE('',#8208,0.8);
#2895=CIRCLE('',#8209,1.2);
#2896=CIRCLE('',#8210,1.2);
#2897=CIRCLE('',#8211,0.800000000000001);
#2898=CIRCLE('',#8212,1.2);
#2899=CIRCLE('',#8218,1.);
#2900=CIRCLE('',#8221,1.);
#2901=CIRCLE('',#8224,1.);
#2902=CIRCLE('',#8227,1.);
#2903=CIRCLE('',#8230,1.);
#2904=CIRCLE('',#8233,1.);
#2905=CIRCLE('',#8254,0.950000000000001);
#2906=CIRCLE('',#8255,1.15);
#2907=CIRCLE('',#8258,2.);
#2908=CIRCLE('',#8260,0.95);
#2909=CIRCLE('',#8261,1.15);
#2910=CIRCLE('',#8264,2.);
#2911=CIRCLE('',#8266,0.949999999999998);
#2912=CIRCLE('',#8267,1.14999999999999);
#2913=CIRCLE('',#8270,1.5);
#2914=CIRCLE('',#8272,0.949999999999998);
#2915=CIRCLE('',#8273,1.14999999999999);
#2916=CIRCLE('',#8276,1.49999999999999);
#2917=CIRCLE('',#8278,2.25);
#2918=CIRCLE('',#8279,1.75);
#2919=CIRCLE('',#8280,2.25);
#2920=CIRCLE('',#8284,2.25);
#2921=CIRCLE('',#8285,1.75);
#2922=CIRCLE('',#8290,2.);
#2923=CIRCLE('',#8298,2.);
#2924=CIRCLE('',#8306,1.49999999999999);
#2925=CIRCLE('',#8314,1.5);
#2926=CIRCLE('',#8321,0.75);
#2927=CIRCLE('',#8324,0.75);
#2928=CIRCLE('',#8325,0.75);
#2929=CIRCLE('',#8328,0.75);
#2930=CIRCLE('',#8331,0.75);
#2931=CIRCLE('',#8332,0.75);
#2932=CIRCLE('',#8335,0.75);
#2933=CIRCLE('',#8336,0.75);
#2934=CIRCLE('',#8339,0.75);
#2935=CIRCLE('',#8342,0.75);
#2936=CIRCLE('',#8343,0.75);
#2937=CIRCLE('',#8346,0.75);
#2938=CIRCLE('',#8348,0.75);
#2939=CIRCLE('',#8351,0.75);
#2940=CIRCLE('',#8354,0.75);
#2941=CIRCLE('',#8357,0.75);
#2942=CIRCLE('',#8360,0.75);
#2943=CIRCLE('',#8363,0.75);
#2944=CIRCLE('',#8366,0.75);
#2945=CIRCLE('',#8369,0.75);
#2946=CIRCLE('',#8372,2.);
#2947=CIRCLE('',#8373,2.);
#2948=CIRCLE('',#8374,2.);
#2949=CIRCLE('',#8375,2.);
#2950=CIRCLE('',#8385,0.75);
#2951=CIRCLE('',#8386,1.25);
#2952=CIRCLE('',#8387,0.75);
#2953=CIRCLE('',#8388,2.);
#2954=CIRCLE('',#8390,0.75);
#2955=CIRCLE('',#8392,0.75);
#2956=CIRCLE('',#8393,2.);
#2957=CIRCLE('',#8394,1.25);
#2958=CIRCLE('',#8396,0.75);
#2959=CIRCLE('',#8398,0.75);
#2960=CIRCLE('',#8399,2.);
#2961=CIRCLE('',#8400,1.25);
#2962=CIRCLE('',#8402,0.75);
#2963=CIRCLE('',#8404,0.75);
#2964=CIRCLE('',#8405,2.);
#2965=CIRCLE('',#8406,1.25);
#2966=CIRCLE('',#8422,2.25);
#2967=CIRCLE('',#8423,1.75);
#2968=CIRCLE('',#8425,1.75);
#2969=CIRCLE('',#8428,2.25);
#2970=CIRCLE('',#8432,2.);
#2971=CIRCLE('',#8433,2.);
#2972=CIRCLE('',#8434,2.);
#2973=CIRCLE('',#8435,2.);
#2974=CIRCLE('',#8436,3.);
#2975=CIRCLE('',#8437,3.);
#2976=CIRCLE('',#8438,0.25);
#2977=CIRCLE('',#8439,1.25);
#2978=CIRCLE('',#8440,1.25);
#2979=CIRCLE('',#8441,0.25);
#2980=CIRCLE('',#8442,0.25);
#2981=CIRCLE('',#8443,1.25);
#2982=CIRCLE('',#8444,1.25);
#2983=CIRCLE('',#8445,0.249999999999999);
#2984=CIRCLE('',#8446,3.);
#2985=CIRCLE('',#8447,3.);
#2986=CIRCLE('',#8448,3.);
#2987=CIRCLE('',#8449,3.);
#2988=CIRCLE('',#8450,3.);
#2989=CIRCLE('',#8451,3.);
#2990=CIRCLE('',#8452,3.);
#2991=CIRCLE('',#8453,3.);
#2992=CIRCLE('',#8454,1.25);
#2993=CIRCLE('',#8455,1.25);
#2994=CIRCLE('',#8457,0.750000000000002);
#2995=CIRCLE('',#8458,1.25);
#2996=CIRCLE('',#8459,0.75);
#2997=CIRCLE('',#8460,2.);
#2998=CIRCLE('',#8462,0.75);
#2999=CIRCLE('',#8464,0.75);
#3000=CIRCLE('',#8465,2.);
#3001=CIRCLE('',#8466,1.25);
#3002=CIRCLE('',#8468,0.75);
#3003=CIRCLE('',#8470,0.75);
#3004=CIRCLE('',#8471,2.);
#3005=CIRCLE('',#8472,1.25);
#3006=CIRCLE('',#8474,0.75);
#3007=CIRCLE('',#8476,0.75);
#3008=CIRCLE('',#8477,2.);
#3009=CIRCLE('',#8478,1.25);
#3010=CIRCLE('',#8485,2.);
#3011=CIRCLE('',#8486,2.);
#3012=CIRCLE('',#8487,2.);
#3013=CIRCLE('',#8488,2.);
#3014=CIRCLE('',#8494,2.95);
#3015=CIRCLE('',#8495,2.2);
#3016=CIRCLE('',#8499,2.2);
#3017=CIRCLE('',#8500,2.95);
#3018=CIRCLE('',#8503,3.);
#3019=CIRCLE('',#8504,3.75);
#3020=CIRCLE('',#8506,2.25);
#3021=CIRCLE('',#8507,3.);
#3022=CIRCLE('',#8510,2.25);
#3023=CIRCLE('',#8511,3.);
#3024=CIRCLE('',#8513,3.);
#3025=CIRCLE('',#8514,3.75);
#3026=CIRCLE('',#8516,2.25);
#3027=CIRCLE('',#8517,3.);
#3028=CIRCLE('',#8520,2.25);
#3029=CIRCLE('',#8521,3.);
#3030=CIRCLE('',#8523,3.);
#3031=CIRCLE('',#8524,3.75);
#3032=CIRCLE('',#8526,2.25);
#3033=CIRCLE('',#8527,3.);
#3034=CIRCLE('',#8530,2.25000000000001);
#3035=CIRCLE('',#8531,3.);
#3036=CIRCLE('',#8533,3.);
#3037=CIRCLE('',#8534,3.75);
#3038=CIRCLE('',#8541,2.2);
#3039=CIRCLE('',#8546,2.2);
#3040=CIRCLE('',#8548,6.5);
#3041=CIRCLE('',#8550,6.2);
#3042=CIRCLE('',#8551,6.5);
#3043=CIRCLE('',#8555,1.89999999999999);
#3044=CIRCLE('',#8558,0.25);
#3045=CIRCLE('',#8559,1.25);
#3046=CIRCLE('',#8560,0.25);
#3047=CIRCLE('',#8563,1.89999999999999);
#3048=CIRCLE('',#8565,0.249999999999999);
#3049=CIRCLE('',#8568,1.25);
#3050=CIRCLE('',#8569,1.25);
#3051=CIRCLE('',#8570,1.25);
#3052=CIRCLE('',#8572,0.25);
#3053=CIRCLE('',#8576,1.25);
#3054=CIRCLE('',#8587,2.);
#3055=CIRCLE('',#8588,1.25);
#3056=CIRCLE('',#8591,2.);
#3057=CIRCLE('',#8592,1.25);
#3058=CIRCLE('',#8595,2.);
#3059=CIRCLE('',#8596,2.);
#3060=CIRCLE('',#8599,2.);
#3061=CIRCLE('',#8608,6.3);
#3062=CIRCLE('',#8609,6.5);
#3063=CIRCLE('',#8611,6.5);
#3064=CIRCLE('',#8612,6.3);
#3065=CIRCLE('',#8614,6.3);
#3066=CIRCLE('',#8615,6.5);
#3067=CIRCLE('',#8617,6.5);
#3068=CIRCLE('',#8618,6.3);
#3069=CIRCLE('',#8621,1.);
#3070=CIRCLE('',#8622,0.799999999999999);
#3071=CIRCLE('',#8625,1.);
#3072=CIRCLE('',#8626,0.800000000000001);
#3073=CIRCLE('',#8630,1.);
#3074=CIRCLE('',#8631,0.8);
#3075=CIRCLE('',#8634,1.);
#3076=CIRCLE('',#8635,0.799999999999999);
#3077=CIRCLE('',#8639,1.);
#3078=CIRCLE('',#8640,0.799999999999999);
#3079=CIRCLE('',#8643,1.);
#3080=CIRCLE('',#8644,0.8);
#3081=CIRCLE('',#8648,1.);
#3082=CIRCLE('',#8649,0.8);
#3083=CIRCLE('',#8652,1.);
#3084=CIRCLE('',#8653,0.799999999999999);
#3085=CIRCLE('',#8661,6.5);
#3086=CIRCLE('',#8668,6.5);
#3087=CIRCLE('',#8670,0.5);
#3088=CIRCLE('',#8671,0.500000000000002);
#3089=CIRCLE('',#8672,0.500000000000003);
#3090=CIRCLE('',#8673,0.499999999999998);
#3091=CIRCLE('',#8674,0.5);
#3092=CIRCLE('',#8675,0.5);
#3093=CIRCLE('',#8676,0.499999999999998);
#3094=CIRCLE('',#8677,0.5);
#3095=CIRCLE('',#8678,0.499999999999998);
#3096=CIRCLE('',#8679,0.499999999999998);
#3097=CIRCLE('',#8680,0.5);
#3098=CIRCLE('',#8681,0.5);
#3099=CIRCLE('',#8682,0.5);
#3100=CIRCLE('',#8683,0.5);
#3101=CIRCLE('',#8684,0.499999999999999);
#3102=CIRCLE('',#8685,0.499999999999999);
#3103=CIRCLE('',#8686,0.5);
#3104=CIRCLE('',#8687,0.5);
#3105=CIRCLE('',#8688,0.5);
#3106=CIRCLE('',#8689,0.5);
#3107=CIRCLE('',#8690,0.5);
#3108=CIRCLE('',#8691,0.5);
#3109=CIRCLE('',#8692,0.5);
#3110=CIRCLE('',#8693,0.5);
#3111=CIRCLE('',#8695,1.);
#3112=CIRCLE('',#8697,1.);
#3113=CIRCLE('',#8698,2.);
#3114=CIRCLE('',#8705,1.);
#3115=CIRCLE('',#8711,1.);
#3116=CIRCLE('',#8713,6.5);
#3117=CIRCLE('',#8719,6.5);
#3118=CIRCLE('',#8723,3.3);
#3119=CIRCLE('',#8724,3.5);
#3120=CIRCLE('',#8726,3.5);
#3121=CIRCLE('',#8728,2.75);
#3122=CIRCLE('',#8730,3.3);
#3123=CIRCLE('',#8733,2.);
#3124=CIRCLE('',#8734,0.75);
#3125=CIRCLE('',#8735,2.75);
#3126=CIRCLE('',#8739,3.50000000000001);
#3127=CIRCLE('',#8740,3.30000000000001);
#3128=CIRCLE('',#8742,3.50000000000001);
#3129=CIRCLE('',#8745,3.30000000000001);
#3130=CIRCLE('',#8747,2.75);
#3131=CIRCLE('',#8749,2.);
#3132=CIRCLE('',#8750,0.75);
#3133=CIRCLE('',#8751,2.75);
#3134=CIRCLE('',#8767,1.25);
#3135=CIRCLE('',#8768,1.25);
#3136=CIRCLE('',#8769,0.750000000000006);
#3137=CIRCLE('',#8770,0.5);
#3138=CIRCLE('',#8771,0.75);
#3139=CIRCLE('',#8772,1.25);
#3140=CIRCLE('',#8774,0.750000000000001);
#3141=CIRCLE('',#8775,0.75);
#3142=CIRCLE('',#8776,1.25);
#3143=CIRCLE('',#8777,0.5);
#3144=CIRCLE('',#8798,1.25);
#3145=CIRCLE('',#8799,1.25);
#3146=CIRCLE('',#8801,0.750000000000001);
#3147=CIRCLE('',#8802,0.75);
#3148=CIRCLE('',#8803,0.750000000000002);
#3149=CIRCLE('',#8804,0.5);
#3150=CIRCLE('',#8805,1.25);
#3151=CIRCLE('',#8807,0.750000000000002);
#3152=CIRCLE('',#8808,1.25);
#3153=CIRCLE('',#8809,0.5);
#3154=VERTEX_POINT('',#11151);
#3155=VERTEX_POINT('',#11154);
#3156=VERTEX_POINT('',#11157);
#3157=VERTEX_POINT('',#11160);
#3158=VERTEX_POINT('',#11163);
#3159=VERTEX_POINT('',#11164);
#3160=VERTEX_POINT('',#11166);
#3161=VERTEX_POINT('',#11168);
#3162=VERTEX_POINT('',#11172);
#3163=VERTEX_POINT('',#11174);
#3164=VERTEX_POINT('',#11178);
#3165=VERTEX_POINT('',#11180);
#3166=VERTEX_POINT('',#11184);
#3167=VERTEX_POINT('',#11186);
#3168=VERTEX_POINT('',#11190);
#3169=VERTEX_POINT('',#11192);
#3170=VERTEX_POINT('',#11196);
#3171=VERTEX_POINT('',#11198);
#3172=VERTEX_POINT('',#11202);
#3173=VERTEX_POINT('',#11204);
#3174=VERTEX_POINT('',#11212);
#3175=VERTEX_POINT('',#11213);
#3176=VERTEX_POINT('',#11215);
#3177=VERTEX_POINT('',#11217);
#3178=VERTEX_POINT('',#11221);
#3179=VERTEX_POINT('',#11222);
#3180=VERTEX_POINT('',#11227);
#3181=VERTEX_POINT('',#11228);
#3182=VERTEX_POINT('',#11233);
#3183=VERTEX_POINT('',#11234);
#3184=VERTEX_POINT('',#11239);
#3185=VERTEX_POINT('',#11240);
#3186=VERTEX_POINT('',#11245);
#3187=VERTEX_POINT('',#11246);
#3188=VERTEX_POINT('',#11251);
#3189=VERTEX_POINT('',#11252);
#3190=VERTEX_POINT('',#11260);
#3191=VERTEX_POINT('',#11262);
#3192=VERTEX_POINT('',#11266);
#3193=VERTEX_POINT('',#11270);
#3194=VERTEX_POINT('',#11274);
#3195=VERTEX_POINT('',#11278);
#3196=VERTEX_POINT('',#11279);
#3197=VERTEX_POINT('',#11281);
#3198=VERTEX_POINT('',#11283);
#3199=VERTEX_POINT('',#11295);
#3200=VERTEX_POINT('',#11297);
#3201=VERTEX_POINT('',#11299);
#3202=VERTEX_POINT('',#11301);
#3203=VERTEX_POINT('',#11303);
#3204=VERTEX_POINT('',#11305);
#3205=VERTEX_POINT('',#11307);
#3206=VERTEX_POINT('',#11309);
#3207=VERTEX_POINT('',#11311);
#3208=VERTEX_POINT('',#11313);
#3209=VERTEX_POINT('',#11315);
#3210=VERTEX_POINT('',#11317);
#3211=VERTEX_POINT('',#11319);
#3212=VERTEX_POINT('',#11321);
#3213=VERTEX_POINT('',#11324);
#3214=VERTEX_POINT('',#11325);
#3215=VERTEX_POINT('',#11327);
#3216=VERTEX_POINT('',#11329);
#3217=VERTEX_POINT('',#11331);
#3218=VERTEX_POINT('',#11333);
#3219=VERTEX_POINT('',#11335);
#3220=VERTEX_POINT('',#11337);
#3221=VERTEX_POINT('',#11340);
#3222=VERTEX_POINT('',#11342);
#3223=VERTEX_POINT('',#11343);
#3224=VERTEX_POINT('',#11345);
#3225=VERTEX_POINT('',#11347);
#3226=VERTEX_POINT('',#11349);
#3227=VERTEX_POINT('',#11351);
#3228=VERTEX_POINT('',#11353);
#3229=VERTEX_POINT('',#11355);
#3230=VERTEX_POINT('',#11357);
#3231=VERTEX_POINT('',#11359);
#3232=VERTEX_POINT('',#11361);
#3233=VERTEX_POINT('',#11363);
#3234=VERTEX_POINT('',#11365);
#3235=VERTEX_POINT('',#11367);
#3236=VERTEX_POINT('',#11369);
#3237=VERTEX_POINT('',#11371);
#3238=VERTEX_POINT('',#11373);
#3239=VERTEX_POINT('',#11375);
#3240=VERTEX_POINT('',#11377);
#3241=VERTEX_POINT('',#11379);
#3242=VERTEX_POINT('',#11381);
#3243=VERTEX_POINT('',#11383);
#3244=VERTEX_POINT('',#11385);
#3245=VERTEX_POINT('',#11387);
#3246=VERTEX_POINT('',#11390);
#3247=VERTEX_POINT('',#11393);
#3248=VERTEX_POINT('',#11395);
#3249=VERTEX_POINT('',#11399);
#3250=VERTEX_POINT('',#11403);
#3251=VERTEX_POINT('',#11407);
#3252=VERTEX_POINT('',#11411);
#3253=VERTEX_POINT('',#11415);
#3254=VERTEX_POINT('',#11419);
#3255=VERTEX_POINT('',#11425);
#3256=VERTEX_POINT('',#11427);
#3257=VERTEX_POINT('',#11431);
#3258=VERTEX_POINT('',#11435);
#3259=VERTEX_POINT('',#11439);
#3260=VERTEX_POINT('',#11443);
#3261=VERTEX_POINT('',#11447);
#3262=VERTEX_POINT('',#11451);
#3263=VERTEX_POINT('',#11455);
#3264=VERTEX_POINT('',#11459);
#3265=VERTEX_POINT('',#11461);
#3266=VERTEX_POINT('',#11465);
#3267=VERTEX_POINT('',#11469);
#3268=VERTEX_POINT('',#11473);
#3269=VERTEX_POINT('',#11477);
#3270=VERTEX_POINT('',#11481);
#3271=VERTEX_POINT('',#11485);
#3272=VERTEX_POINT('',#11489);
#3273=VERTEX_POINT('',#11493);
#3274=VERTEX_POINT('',#11497);
#3275=VERTEX_POINT('',#11501);
#3276=VERTEX_POINT('',#11505);
#3277=VERTEX_POINT('',#11509);
#3278=VERTEX_POINT('',#11513);
#3279=VERTEX_POINT('',#11517);
#3280=VERTEX_POINT('',#11521);
#3281=VERTEX_POINT('',#11525);
#3282=VERTEX_POINT('',#11529);
#3283=VERTEX_POINT('',#11533);
#3284=VERTEX_POINT('',#11537);
#3285=VERTEX_POINT('',#11541);
#3286=VERTEX_POINT('',#11545);
#3287=VERTEX_POINT('',#11549);
#3288=VERTEX_POINT('',#11555);
#3289=VERTEX_POINT('',#11557);
#3290=VERTEX_POINT('',#11561);
#3291=VERTEX_POINT('',#11565);
#3292=VERTEX_POINT('',#11569);
#3293=VERTEX_POINT('',#11573);
#3294=VERTEX_POINT('',#11577);
#3295=VERTEX_POINT('',#11581);
#3296=VERTEX_POINT('',#11585);
#3297=VERTEX_POINT('',#11589);
#3298=VERTEX_POINT('',#11593);
#3299=VERTEX_POINT('',#11597);
#3300=VERTEX_POINT('',#11601);
#3301=VERTEX_POINT('',#11605);
#3302=VERTEX_POINT('',#11607);
#3303=VERTEX_POINT('',#11611);
#3304=VERTEX_POINT('',#11615);
#3305=VERTEX_POINT('',#11619);
#3306=VERTEX_POINT('',#11623);
#3307=VERTEX_POINT('',#11624);
#3308=VERTEX_POINT('',#11629);
#3309=VERTEX_POINT('',#11631);
#3310=VERTEX_POINT('',#11635);
#3311=VERTEX_POINT('',#11636);
#3312=VERTEX_POINT('',#11650);
#3313=VERTEX_POINT('',#11651);
#3314=VERTEX_POINT('',#11653);
#3315=VERTEX_POINT('',#11655);
#3316=VERTEX_POINT('',#11657);
#3317=VERTEX_POINT('',#11659);
#3318=VERTEX_POINT('',#11661);
#3319=VERTEX_POINT('',#11663);
#3320=VERTEX_POINT('',#11666);
#3321=VERTEX_POINT('',#11667);
#3322=VERTEX_POINT('',#11669);
#3323=VERTEX_POINT('',#11671);
#3324=VERTEX_POINT('',#11673);
#3325=VERTEX_POINT('',#11675);
#3326=VERTEX_POINT('',#11677);
#3327=VERTEX_POINT('',#11679);
#3328=VERTEX_POINT('',#11684);
#3329=VERTEX_POINT('',#11696);
#3330=VERTEX_POINT('',#11700);
#3331=VERTEX_POINT('',#11713);
#3332=VERTEX_POINT('',#11717);
#3333=VERTEX_POINT('',#11718);
#3334=VERTEX_POINT('',#11720);
#3335=VERTEX_POINT('',#11722);
#3336=VERTEX_POINT('',#11724);
#3337=VERTEX_POINT('',#11726);
#3338=VERTEX_POINT('',#11728);
#3339=VERTEX_POINT('',#11730);
#3340=VERTEX_POINT('',#11733);
#3341=VERTEX_POINT('',#11735);
#3342=VERTEX_POINT('',#11736);
#3343=VERTEX_POINT('',#11738);
#3344=VERTEX_POINT('',#11740);
#3345=VERTEX_POINT('',#11742);
#3346=VERTEX_POINT('',#11744);
#3347=VERTEX_POINT('',#11746);
#3348=VERTEX_POINT('',#11748);
#3349=VERTEX_POINT('',#11751);
#3350=VERTEX_POINT('',#11752);
#3351=VERTEX_POINT('',#11754);
#3352=VERTEX_POINT('',#11756);
#3353=VERTEX_POINT('',#11758);
#3354=VERTEX_POINT('',#11760);
#3355=VERTEX_POINT('',#11762);
#3356=VERTEX_POINT('',#11764);
#3357=VERTEX_POINT('',#11766);
#3358=VERTEX_POINT('',#11768);
#3359=VERTEX_POINT('',#11770);
#3360=VERTEX_POINT('',#11772);
#3361=VERTEX_POINT('',#11774);
#3362=VERTEX_POINT('',#11776);
#3363=VERTEX_POINT('',#11778);
#3364=VERTEX_POINT('',#11780);
#3365=VERTEX_POINT('',#11782);
#3366=VERTEX_POINT('',#11784);
#3367=VERTEX_POINT('',#11786);
#3368=VERTEX_POINT('',#11788);
#3369=VERTEX_POINT('',#11790);
#3370=VERTEX_POINT('',#11792);
#3371=VERTEX_POINT('',#11794);
#3372=VERTEX_POINT('',#11796);
#3373=VERTEX_POINT('',#11809);
#3374=VERTEX_POINT('',#11813);
#3375=VERTEX_POINT('',#11817);
#3376=VERTEX_POINT('',#11821);
#3377=VERTEX_POINT('',#11825);
#3378=VERTEX_POINT('',#11829);
#3379=VERTEX_POINT('',#11833);
#3380=VERTEX_POINT('',#11837);
#3381=VERTEX_POINT('',#11841);
#3382=VERTEX_POINT('',#11845);
#3383=VERTEX_POINT('',#11849);
#3384=VERTEX_POINT('',#11891);
#3385=VERTEX_POINT('',#11893);
#3386=VERTEX_POINT('',#11899);
#3387=VERTEX_POINT('',#11900);
#3388=VERTEX_POINT('',#11902);
#3389=VERTEX_POINT('',#11904);
#3390=VERTEX_POINT('',#11906);
#3391=VERTEX_POINT('',#11910);
#3392=VERTEX_POINT('',#11912);
#3393=VERTEX_POINT('',#11918);
#3394=VERTEX_POINT('',#11919);
#3395=VERTEX_POINT('',#11921);
#3396=VERTEX_POINT('',#11923);
#3397=VERTEX_POINT('',#11925);
#3398=VERTEX_POINT('',#11929);
#3399=VERTEX_POINT('',#11931);
#3400=VERTEX_POINT('',#11937);
#3401=VERTEX_POINT('',#11938);
#3402=VERTEX_POINT('',#11940);
#3403=VERTEX_POINT('',#11942);
#3404=VERTEX_POINT('',#11944);
#3405=VERTEX_POINT('',#11948);
#3406=VERTEX_POINT('',#11950);
#3407=VERTEX_POINT('',#11956);
#3408=VERTEX_POINT('',#11957);
#3409=VERTEX_POINT('',#11959);
#3410=VERTEX_POINT('',#11961);
#3411=VERTEX_POINT('',#11963);
#3412=VERTEX_POINT('',#11967);
#3413=VERTEX_POINT('',#11969);
#3414=VERTEX_POINT('',#11974);
#3415=VERTEX_POINT('',#11976);
#3416=VERTEX_POINT('',#11983);
#3417=VERTEX_POINT('',#11985);
#3418=VERTEX_POINT('',#11988);
#3419=VERTEX_POINT('',#11992);
#3420=VERTEX_POINT('',#11994);
#3421=VERTEX_POINT('',#11999);
#3422=VERTEX_POINT('',#12003);
#3423=VERTEX_POINT('',#12004);
#3424=VERTEX_POINT('',#12012);
#3425=VERTEX_POINT('',#12014);
#3426=VERTEX_POINT('',#12016);
#3427=VERTEX_POINT('',#12018);
#3428=VERTEX_POINT('',#12020);
#3429=VERTEX_POINT('',#12026);
#3430=VERTEX_POINT('',#12028);
#3431=VERTEX_POINT('',#12032);
#3432=VERTEX_POINT('',#12036);
#3433=VERTEX_POINT('',#12041);
#3434=VERTEX_POINT('',#12043);
#3435=VERTEX_POINT('',#12053);
#3436=VERTEX_POINT('',#12055);
#3437=VERTEX_POINT('',#12059);
#3438=VERTEX_POINT('',#12063);
#3439=VERTEX_POINT('',#12068);
#3440=VERTEX_POINT('',#12078);
#3441=VERTEX_POINT('',#12080);
#3442=VERTEX_POINT('',#12084);
#3443=VERTEX_POINT('',#12088);
#3444=VERTEX_POINT('',#12093);
#3445=VERTEX_POINT('',#12103);
#3446=VERTEX_POINT('',#12107);
#3447=VERTEX_POINT('',#12111);
#3448=VERTEX_POINT('',#12123);
#3449=VERTEX_POINT('',#12125);
#3450=VERTEX_POINT('',#12129);
#3451=VERTEX_POINT('',#12133);
#3452=VERTEX_POINT('',#12134);
#3453=VERTEX_POINT('',#12136);
#3454=VERTEX_POINT('',#12138);
#3455=VERTEX_POINT('',#12142);
#3456=VERTEX_POINT('',#12144);
#3457=VERTEX_POINT('',#12148);
#3458=VERTEX_POINT('',#12152);
#3459=VERTEX_POINT('',#12156);
#3460=VERTEX_POINT('',#12157);
#3461=VERTEX_POINT('',#12159);
#3462=VERTEX_POINT('',#12161);
#3463=VERTEX_POINT('',#12168);
#3464=VERTEX_POINT('',#12169);
#3465=VERTEX_POINT('',#12171);
#3466=VERTEX_POINT('',#12173);
#3467=VERTEX_POINT('',#12180);
#3468=VERTEX_POINT('',#12184);
#3469=VERTEX_POINT('',#12188);
#3470=VERTEX_POINT('',#12190);
#3471=VERTEX_POINT('',#12197);
#3472=VERTEX_POINT('',#12201);
#3473=VERTEX_POINT('',#12203);
#3474=VERTEX_POINT('',#12207);
#3475=VERTEX_POINT('',#12211);
#3476=VERTEX_POINT('',#12212);
#3477=VERTEX_POINT('',#12217);
#3478=VERTEX_POINT('',#12221);
#3479=VERTEX_POINT('',#12225);
#3480=VERTEX_POINT('',#12229);
#3481=VERTEX_POINT('',#12230);
#3482=VERTEX_POINT('',#12237);
#3483=VERTEX_POINT('',#12238);
#3484=VERTEX_POINT('',#12245);
#3485=VERTEX_POINT('',#12249);
#3486=VERTEX_POINT('',#12253);
#3487=VERTEX_POINT('',#12259);
#3488=VERTEX_POINT('',#12265);
#3489=VERTEX_POINT('',#12267);
#3490=VERTEX_POINT('',#12269);
#3491=VERTEX_POINT('',#12271);
#3492=VERTEX_POINT('',#12273);
#3493=VERTEX_POINT('',#12275);
#3494=VERTEX_POINT('',#12291);
#3495=VERTEX_POINT('',#12293);
#3496=VERTEX_POINT('',#12295);
#3497=VERTEX_POINT('',#12299);
#3498=VERTEX_POINT('',#12300);
#3499=VERTEX_POINT('',#12305);
#3500=VERTEX_POINT('',#12306);
#3501=VERTEX_POINT('',#12311);
#3502=VERTEX_POINT('',#12312);
#3503=VERTEX_POINT('',#12317);
#3504=VERTEX_POINT('',#12318);
#3505=VERTEX_POINT('',#12323);
#3506=VERTEX_POINT('',#12324);
#3507=VERTEX_POINT('',#12329);
#3508=VERTEX_POINT('',#12350);
#3509=VERTEX_POINT('',#12351);
#3510=VERTEX_POINT('',#12353);
#3511=VERTEX_POINT('',#12355);
#3512=VERTEX_POINT('',#12359);
#3513=VERTEX_POINT('',#12361);
#3514=VERTEX_POINT('',#12365);
#3515=VERTEX_POINT('',#12367);
#3516=VERTEX_POINT('',#12375);
#3517=VERTEX_POINT('',#12376);
#3518=VERTEX_POINT('',#12389);
#3519=VERTEX_POINT('',#12391);
#3520=VERTEX_POINT('',#12406);
#3521=VERTEX_POINT('',#12408);
#3522=VERTEX_POINT('',#12412);
#3523=VERTEX_POINT('',#12414);
#3524=VERTEX_POINT('',#12416);
#3525=VERTEX_POINT('',#12431);
#3526=VERTEX_POINT('',#12446);
#3527=VERTEX_POINT('',#12448);
#3528=VERTEX_POINT('',#12450);
#3529=VERTEX_POINT('',#12452);
#3530=VERTEX_POINT('',#12454);
#3531=VERTEX_POINT('',#12458);
#3532=VERTEX_POINT('',#12462);
#3533=VERTEX_POINT('',#12464);
#3534=VERTEX_POINT('',#12466);
#3535=VERTEX_POINT('',#12468);
#3536=VERTEX_POINT('',#12470);
#3537=VERTEX_POINT('',#12472);
#3538=VERTEX_POINT('',#12474);
#3539=VERTEX_POINT('',#12476);
#3540=VERTEX_POINT('',#12479);
#3541=VERTEX_POINT('',#12481);
#3542=VERTEX_POINT('',#12483);
#3543=VERTEX_POINT('',#12485);
#3544=VERTEX_POINT('',#12487);
#3545=VERTEX_POINT('',#12489);
#3546=VERTEX_POINT('',#12491);
#3547=VERTEX_POINT('',#12493);
#3548=VERTEX_POINT('',#12495);
#3549=VERTEX_POINT('',#12497);
#3550=VERTEX_POINT('',#12499);
#3551=VERTEX_POINT('',#12501);
#3552=VERTEX_POINT('',#12503);
#3553=VERTEX_POINT('',#12505);
#3554=VERTEX_POINT('',#12507);
#3555=VERTEX_POINT('',#12509);
#3556=VERTEX_POINT('',#12511);
#3557=VERTEX_POINT('',#12513);
#3558=VERTEX_POINT('',#12515);
#3559=VERTEX_POINT('',#12517);
#3560=VERTEX_POINT('',#12519);
#3561=VERTEX_POINT('',#12521);
#3562=VERTEX_POINT('',#12523);
#3563=VERTEX_POINT('',#12525);
#3564=VERTEX_POINT('',#12528);
#3565=VERTEX_POINT('',#12530);
#3566=VERTEX_POINT('',#12533);
#3567=VERTEX_POINT('',#12534);
#3568=VERTEX_POINT('',#12536);
#3569=VERTEX_POINT('',#12538);
#3570=VERTEX_POINT('',#12542);
#3571=VERTEX_POINT('',#12543);
#3572=VERTEX_POINT('',#12548);
#3573=VERTEX_POINT('',#12549);
#3574=VERTEX_POINT('',#12554);
#3575=VERTEX_POINT('',#12555);
#3576=VERTEX_POINT('',#12560);
#3577=VERTEX_POINT('',#12561);
#3578=VERTEX_POINT('',#12566);
#3579=VERTEX_POINT('',#12567);
#3580=VERTEX_POINT('',#12572);
#3581=VERTEX_POINT('',#12573);
#3582=VERTEX_POINT('',#12590);
#3583=VERTEX_POINT('',#12592);
#3584=VERTEX_POINT('',#12594);
#3585=VERTEX_POINT('',#12596);
#3586=VERTEX_POINT('',#12605);
#3587=VERTEX_POINT('',#12606);
#3588=VERTEX_POINT('',#12608);
#3589=VERTEX_POINT('',#12610);
#3590=VERTEX_POINT('',#12617);
#3591=VERTEX_POINT('',#12619);
#3592=VERTEX_POINT('',#12632);
#3593=VERTEX_POINT('',#12634);
#3594=VERTEX_POINT('',#12638);
#3595=VERTEX_POINT('',#12640);
#3596=VERTEX_POINT('',#12644);
#3597=VERTEX_POINT('',#12645);
#3598=VERTEX_POINT('',#12647);
#3599=VERTEX_POINT('',#12649);
#3600=VERTEX_POINT('',#12659);
#3601=VERTEX_POINT('',#12661);
#3602=VERTEX_POINT('',#12665);
#3603=VERTEX_POINT('',#12670);
#3604=VERTEX_POINT('',#12674);
#3605=VERTEX_POINT('',#12675);
#3606=VERTEX_POINT('',#12680);
#3607=VERTEX_POINT('',#12682);
#3608=VERTEX_POINT('',#12686);
#3609=VERTEX_POINT('',#12687);
#3610=VERTEX_POINT('',#12692);
#3611=VERTEX_POINT('',#12693);
#3612=VERTEX_POINT('',#12698);
#3613=VERTEX_POINT('',#12699);
#3614=VERTEX_POINT('',#12704);
#3615=VERTEX_POINT('',#12706);
#3616=VERTEX_POINT('',#12710);
#3617=VERTEX_POINT('',#12711);
#3618=VERTEX_POINT('',#12716);
#3619=VERTEX_POINT('',#12717);
#3620=VERTEX_POINT('',#12722);
#3621=VERTEX_POINT('',#12723);
#3622=VERTEX_POINT('',#12728);
#3623=VERTEX_POINT('',#12730);
#3624=VERTEX_POINT('',#12743);
#3625=VERTEX_POINT('',#12745);
#3626=VERTEX_POINT('',#12749);
#3627=VERTEX_POINT('',#12753);
#3628=VERTEX_POINT('',#12757);
#3629=VERTEX_POINT('',#12761);
#3630=VERTEX_POINT('',#12763);
#3631=VERTEX_POINT('',#12765);
#3632=VERTEX_POINT('',#12768);
#3633=VERTEX_POINT('',#12770);
#3634=VERTEX_POINT('',#12774);
#3635=VERTEX_POINT('',#12778);
#3636=VERTEX_POINT('',#12782);
#3637=VERTEX_POINT('',#12785);
#3638=VERTEX_POINT('',#12787);
#3639=VERTEX_POINT('',#12794);
#3640=VERTEX_POINT('',#12809);
#3641=VERTEX_POINT('',#12811);
#3642=VERTEX_POINT('',#12813);
#3643=VERTEX_POINT('',#12817);
#3644=VERTEX_POINT('',#12821);
#3645=VERTEX_POINT('',#12827);
#3646=VERTEX_POINT('',#12829);
#3647=VERTEX_POINT('',#12836);
#3648=VERTEX_POINT('',#12837);
#3649=VERTEX_POINT('',#12841);
#3650=VERTEX_POINT('',#12845);
#3651=VERTEX_POINT('',#12854);
#3652=VERTEX_POINT('',#12876);
#3653=VERTEX_POINT('',#12878);
#3654=VERTEX_POINT('',#12884);
#3655=VERTEX_POINT('',#12886);
#3656=VERTEX_POINT('',#12892);
#3657=VERTEX_POINT('',#12894);
#3658=VERTEX_POINT('',#12900);
#3659=VERTEX_POINT('',#12914);
#3660=VERTEX_POINT('',#12915);
#3661=VERTEX_POINT('',#12917);
#3662=VERTEX_POINT('',#12922);
#3663=VERTEX_POINT('',#12929);
#3664=VERTEX_POINT('',#12930);
#3665=VERTEX_POINT('',#12932);
#3666=VERTEX_POINT('',#12937);
#3667=VERTEX_POINT('',#12944);
#3668=VERTEX_POINT('',#12945);
#3669=VERTEX_POINT('',#12947);
#3670=VERTEX_POINT('',#12952);
#3671=VERTEX_POINT('',#12959);
#3672=VERTEX_POINT('',#12960);
#3673=VERTEX_POINT('',#12962);
#3674=VERTEX_POINT('',#12967);
#3675=VERTEX_POINT('',#12974);
#3676=VERTEX_POINT('',#12976);
#3677=VERTEX_POINT('',#12980);
#3678=VERTEX_POINT('',#12982);
#3679=VERTEX_POINT('',#12986);
#3680=VERTEX_POINT('',#12987);
#3681=VERTEX_POINT('',#12992);
#3682=VERTEX_POINT('',#12994);
#3683=VERTEX_POINT('',#13001);
#3684=VERTEX_POINT('',#13003);
#3685=VERTEX_POINT('',#13007);
#3686=VERTEX_POINT('',#13009);
#3687=VERTEX_POINT('',#13013);
#3688=VERTEX_POINT('',#13014);
#3689=VERTEX_POINT('',#13019);
#3690=VERTEX_POINT('',#13021);
#3691=VERTEX_POINT('',#13028);
#3692=VERTEX_POINT('',#13030);
#3693=VERTEX_POINT('',#13034);
#3694=VERTEX_POINT('',#13036);
#3695=VERTEX_POINT('',#13040);
#3696=VERTEX_POINT('',#13041);
#3697=VERTEX_POINT('',#13046);
#3698=VERTEX_POINT('',#13048);
#3699=VERTEX_POINT('',#13055);
#3700=VERTEX_POINT('',#13057);
#3701=VERTEX_POINT('',#13061);
#3702=VERTEX_POINT('',#13063);
#3703=VERTEX_POINT('',#13067);
#3704=VERTEX_POINT('',#13068);
#3705=VERTEX_POINT('',#13073);
#3706=VERTEX_POINT('',#13075);
#3707=VERTEX_POINT('',#13082);
#3708=VERTEX_POINT('',#13084);
#3709=VERTEX_POINT('',#13089);
#3710=VERTEX_POINT('',#13091);
#3711=VERTEX_POINT('',#13095);
#3712=VERTEX_POINT('',#13103);
#3713=VERTEX_POINT('',#13110);
#3714=VERTEX_POINT('',#13120);
#3715=VERTEX_POINT('',#13122);
#3716=VERTEX_POINT('',#13124);
#3717=VERTEX_POINT('',#13131);
#3718=VERTEX_POINT('',#13135);
#3719=VERTEX_POINT('',#13137);
#3720=VERTEX_POINT('',#13142);
#3721=VERTEX_POINT('',#13146);
#3722=VERTEX_POINT('',#13156);
#3723=VERTEX_POINT('',#13163);
#3724=VERTEX_POINT('',#13173);
#3725=VERTEX_POINT('',#13175);
#3726=VERTEX_POINT('',#13177);
#3727=VERTEX_POINT('',#13184);
#3728=VERTEX_POINT('',#13208);
#3729=VERTEX_POINT('',#13210);
#3730=VERTEX_POINT('',#13241);
#3731=VERTEX_POINT('',#13268);
#3732=VERTEX_POINT('',#13299);
#3733=VERTEX_POINT('',#13361);
#3734=VERTEX_POINT('',#13397);
#3735=VERTEX_POINT('',#13429);
#3736=VERTEX_POINT('',#13460);
#3737=VERTEX_POINT('',#13522);
#3738=VERTEX_POINT('',#13553);
#3739=VERTEX_POINT('',#13555);
#3740=VERTEX_POINT('',#13617);
#3741=VERTEX_POINT('',#13653);
#3742=VERTEX_POINT('',#13654);
#3743=VERTEX_POINT('',#13686);
#3744=VERTEX_POINT('',#13687);
#3745=VERTEX_POINT('',#13722);
#3746=VERTEX_POINT('',#13723);
#3747=VERTEX_POINT('',#13792);
#3748=VERTEX_POINT('',#13793);
#3749=VERTEX_POINT('',#13828);
#3750=VERTEX_POINT('',#13829);
#3751=VERTEX_POINT('',#13861);
#3752=VERTEX_POINT('',#13862);
#3753=VERTEX_POINT('',#13902);
#3754=VERTEX_POINT('',#13903);
#3755=VERTEX_POINT('',#13935);
#3756=VERTEX_POINT('',#13936);
#3757=VERTEX_POINT('',#13971);
#3758=VERTEX_POINT('',#13972);
#3759=VERTEX_POINT('',#14004);
#3760=VERTEX_POINT('',#14005);
#3761=VERTEX_POINT('',#14040);
#3762=VERTEX_POINT('',#14041);
#3763=VERTEX_POINT('',#14073);
#3764=VERTEX_POINT('',#14074);
#3765=VERTEX_POINT('',#14125);
#3766=VERTEX_POINT('',#14157);
#3767=VERTEX_POINT('',#14171);
#3768=VERTEX_POINT('',#14173);
#3769=VERTEX_POINT('',#14177);
#3770=VERTEX_POINT('',#14188);
#3771=VERTEX_POINT('',#14190);
#3772=VERTEX_POINT('',#14199);
#3773=VERTEX_POINT('',#14210);
#3774=VERTEX_POINT('',#14212);
#3775=VERTEX_POINT('',#14216);
#3776=VERTEX_POINT('',#14220);
#3777=VERTEX_POINT('',#14223);
#3778=VERTEX_POINT('',#14228);
#3779=VERTEX_POINT('',#14230);
#3780=VERTEX_POINT('',#14237);
#3781=VERTEX_POINT('',#14239);
#3782=VERTEX_POINT('',#14243);
#3783=VERTEX_POINT('',#14248);
#3784=VERTEX_POINT('',#14252);
#3785=VERTEX_POINT('',#14255);
#3786=VERTEX_POINT('',#14257);
#3787=VERTEX_POINT('',#14264);
#3788=VERTEX_POINT('',#14265);
#3789=VERTEX_POINT('',#14267);
#3790=VERTEX_POINT('',#14269);
#3791=VERTEX_POINT('',#14273);
#3792=VERTEX_POINT('',#14275);
#3793=VERTEX_POINT('',#14279);
#3794=VERTEX_POINT('',#14281);
#3795=VERTEX_POINT('',#14288);
#3796=VERTEX_POINT('',#14290);
#3797=VERTEX_POINT('',#14294);
#3798=VERTEX_POINT('',#14299);
#3799=VERTEX_POINT('',#14300);
#3800=VERTEX_POINT('',#14302);
#3801=VERTEX_POINT('',#14307);
#3802=VERTEX_POINT('',#14312);
#3803=VERTEX_POINT('',#14320);
#3804=VERTEX_POINT('',#14321);
#3805=VERTEX_POINT('',#14323);
#3806=VERTEX_POINT('',#14325);
#3807=VERTEX_POINT('',#14343);
#3808=VERTEX_POINT('',#14344);
#3809=VERTEX_POINT('',#14346);
#3810=VERTEX_POINT('',#14348);
#3811=VERTEX_POINT('',#14352);
#3812=VERTEX_POINT('',#14353);
#3813=VERTEX_POINT('',#14372);
#3814=VERTEX_POINT('',#14373);
#3815=VERTEX_POINT('',#14391);
#3816=VERTEX_POINT('',#14392);
#3817=VERTEX_POINT('',#14394);
#3818=VERTEX_POINT('',#14396);
#3819=VERTEX_POINT('',#14400);
#3820=VERTEX_POINT('',#14402);
#3821=VERTEX_POINT('',#14406);
#3822=VERTEX_POINT('',#14408);
#3823=VERTEX_POINT('',#14415);
#3824=VERTEX_POINT('',#14417);
#3825=VERTEX_POINT('',#14421);
#3826=VERTEX_POINT('',#14426);
#3827=VERTEX_POINT('',#14427);
#3828=VERTEX_POINT('',#14429);
#3829=VERTEX_POINT('',#14434);
#3830=VERTEX_POINT('',#14439);
#3831=VERTEX_POINT('',#14447);
#3832=VERTEX_POINT('',#14448);
#3833=VERTEX_POINT('',#14450);
#3834=VERTEX_POINT('',#14452);
#3835=VERTEX_POINT('',#14456);
#3836=VERTEX_POINT('',#14457);
#3837=VERTEX_POINT('',#14459);
#3838=VERTEX_POINT('',#14461);
#3839=VERTEX_POINT('',#14479);
#3840=VERTEX_POINT('',#14480);
#3841=VERTEX_POINT('',#14485);
#3842=VERTEX_POINT('',#14486);
#3843=EDGE_CURVE('',#3154,#3154,#2797,.T.);
#3844=EDGE_CURVE('',#3155,#3155,#2798,.T.);
#3845=EDGE_CURVE('',#3156,#3156,#2799,.T.);
#3846=EDGE_CURVE('',#3157,#3157,#2800,.T.);
#3847=EDGE_CURVE('',#3158,#3159,#378,.T.);
#3848=EDGE_CURVE('',#3158,#3160,#379,.T.);
#3849=EDGE_CURVE('',#3161,#3160,#380,.T.);
#3850=EDGE_CURVE('',#3159,#3161,#381,.T.);
#3851=EDGE_CURVE('',#3159,#3162,#382,.T.);
#3852=EDGE_CURVE('',#3163,#3161,#383,.T.);
#3853=EDGE_CURVE('',#3162,#3163,#384,.T.);
#3854=EDGE_CURVE('',#3162,#3164,#385,.T.);
#3855=EDGE_CURVE('',#3165,#3163,#386,.T.);
#3856=EDGE_CURVE('',#3164,#3165,#387,.T.);
#3857=EDGE_CURVE('',#3164,#3166,#388,.T.);
#3858=EDGE_CURVE('',#3167,#3165,#389,.T.);
#3859=EDGE_CURVE('',#3166,#3167,#390,.T.);
#3860=EDGE_CURVE('',#3166,#3168,#391,.T.);
#3861=EDGE_CURVE('',#3169,#3167,#392,.T.);
#3862=EDGE_CURVE('',#3168,#3169,#393,.T.);
#3863=EDGE_CURVE('',#3168,#3170,#394,.T.);
#3864=EDGE_CURVE('',#3171,#3169,#395,.T.);
#3865=EDGE_CURVE('',#3170,#3171,#396,.T.);
#3866=EDGE_CURVE('',#3170,#3172,#397,.T.);
#3867=EDGE_CURVE('',#3173,#3171,#398,.T.);
#3868=EDGE_CURVE('',#3172,#3173,#399,.T.);
#3869=EDGE_CURVE('',#3172,#3158,#400,.T.);
#3870=EDGE_CURVE('',#3160,#3173,#401,.T.);
#3871=EDGE_CURVE('',#3174,#3175,#402,.T.);
#3872=EDGE_CURVE('',#3175,#3176,#2801,.T.);
#3873=EDGE_CURVE('',#3176,#3177,#403,.T.);
#3874=EDGE_CURVE('',#3177,#3174,#2802,.T.);
#3875=EDGE_CURVE('',#3178,#3179,#404,.T.);
#3876=EDGE_CURVE('',#3179,#3175,#405,.T.);
#3877=EDGE_CURVE('',#3174,#3178,#406,.T.);
#3878=EDGE_CURVE('',#3180,#3181,#407,.T.);
#3879=EDGE_CURVE('',#3181,#3179,#2803,.T.);
#3880=EDGE_CURVE('',#3178,#3180,#2804,.T.);
#3881=EDGE_CURVE('',#3182,#3183,#408,.T.);
#3882=EDGE_CURVE('',#3183,#3181,#409,.T.);
#3883=EDGE_CURVE('',#3180,#3182,#410,.T.);
#3884=EDGE_CURVE('',#3184,#3185,#411,.T.);
#3885=EDGE_CURVE('',#3185,#3183,#2805,.T.);
#3886=EDGE_CURVE('',#3182,#3184,#2806,.T.);
#3887=EDGE_CURVE('',#3186,#3187,#412,.T.);
#3888=EDGE_CURVE('',#3187,#3185,#413,.T.);
#3889=EDGE_CURVE('',#3184,#3186,#414,.T.);
#3890=EDGE_CURVE('',#3188,#3189,#415,.T.);
#3891=EDGE_CURVE('',#3189,#3187,#2807,.T.);
#3892=EDGE_CURVE('',#3186,#3188,#2808,.T.);
#3893=EDGE_CURVE('',#3176,#3189,#416,.T.);
#3894=EDGE_CURVE('',#3188,#3177,#417,.T.);
#3895=EDGE_CURVE('',#3190,#3187,#418,.T.);
#3896=EDGE_CURVE('',#3191,#3190,#419,.T.);
#3897=EDGE_CURVE('',#3185,#3191,#420,.T.);
#3898=EDGE_CURVE('',#3189,#3192,#421,.T.);
#3899=EDGE_CURVE('',#3190,#3192,#2809,.T.);
#3900=EDGE_CURVE('',#3193,#3176,#422,.T.);
#3901=EDGE_CURVE('',#3192,#3193,#423,.T.);
#3902=EDGE_CURVE('',#3175,#3194,#424,.T.);
#3903=EDGE_CURVE('',#3193,#3194,#2810,.T.);
#3904=EDGE_CURVE('',#3195,#3196,#425,.T.);
#3905=EDGE_CURVE('',#3197,#3195,#426,.T.);
#3906=EDGE_CURVE('',#3197,#3198,#104,.T.);
#3907=EDGE_CURVE('',#3199,#3198,#427,.T.);
#3908=EDGE_CURVE('',#3200,#3199,#428,.T.);
#3909=EDGE_CURVE('',#3201,#3200,#2811,.T.);
#3910=EDGE_CURVE('',#3202,#3201,#429,.T.);
#3911=EDGE_CURVE('',#3203,#3202,#430,.T.);
#3912=EDGE_CURVE('',#3204,#3203,#431,.T.);
#3913=EDGE_CURVE('',#3205,#3204,#2812,.T.);
#3914=EDGE_CURVE('',#3206,#3205,#432,.T.);
#3915=EDGE_CURVE('',#3207,#3206,#433,.T.);
#3916=EDGE_CURVE('',#3208,#3207,#434,.T.);
#3917=EDGE_CURVE('',#3209,#3208,#2813,.T.);
#3918=EDGE_CURVE('',#3210,#3209,#435,.T.);
#3919=EDGE_CURVE('',#3211,#3210,#436,.T.);
#3920=EDGE_CURVE('',#3212,#3211,#437,.T.);
#3921=EDGE_CURVE('',#3196,#3212,#2814,.T.);
#3922=EDGE_CURVE('',#3213,#3214,#438,.T.);
#3923=EDGE_CURVE('',#3215,#3213,#2815,.T.);
#3924=EDGE_CURVE('',#3216,#3215,#439,.T.);
#3925=EDGE_CURVE('',#3217,#3216,#2816,.T.);
#3926=EDGE_CURVE('',#3218,#3217,#440,.T.);
#3927=EDGE_CURVE('',#3219,#3218,#2817,.T.);
#3928=EDGE_CURVE('',#3220,#3219,#441,.T.);
#3929=EDGE_CURVE('',#3214,#3220,#2818,.T.);
#3930=EDGE_CURVE('',#3221,#3221,#2819,.T.);
#3931=EDGE_CURVE('',#3222,#3223,#442,.T.);
#3932=EDGE_CURVE('',#3224,#3222,#2820,.T.);
#3933=EDGE_CURVE('',#3225,#3224,#443,.T.);
#3934=EDGE_CURVE('',#3226,#3225,#2821,.T.);
#3935=EDGE_CURVE('',#3227,#3226,#444,.T.);
#3936=EDGE_CURVE('',#3228,#3227,#2822,.T.);
#3937=EDGE_CURVE('',#3229,#3228,#445,.T.);
#3938=EDGE_CURVE('',#3230,#3229,#2823,.T.);
#3939=EDGE_CURVE('',#3231,#3230,#446,.T.);
#3940=EDGE_CURVE('',#3232,#3231,#2824,.T.);
#3941=EDGE_CURVE('',#3233,#3232,#447,.T.);
#3942=EDGE_CURVE('',#3234,#3233,#2825,.T.);
#3943=EDGE_CURVE('',#3235,#3234,#448,.T.);
#3944=EDGE_CURVE('',#3236,#3235,#2826,.T.);
#3945=EDGE_CURVE('',#3237,#3236,#449,.T.);
#3946=EDGE_CURVE('',#3238,#3237,#2827,.T.);
#3947=EDGE_CURVE('',#3239,#3238,#450,.T.);
#3948=EDGE_CURVE('',#3240,#3239,#2828,.T.);
#3949=EDGE_CURVE('',#3241,#3240,#451,.T.);
#3950=EDGE_CURVE('',#3242,#3241,#2829,.T.);
#3951=EDGE_CURVE('',#3243,#3242,#452,.T.);
#3952=EDGE_CURVE('',#3244,#3243,#2830,.T.);
#3953=EDGE_CURVE('',#3245,#3244,#453,.T.);
#3954=EDGE_CURVE('',#3223,#3245,#2831,.T.);
#3955=EDGE_CURVE('',#3246,#3246,#2832,.T.);
#3956=EDGE_CURVE('',#3214,#3247,#454,.T.);
#3957=EDGE_CURVE('',#3247,#3248,#455,.T.);
#3958=EDGE_CURVE('',#3248,#3213,#456,.T.);
#3959=EDGE_CURVE('',#3220,#3249,#457,.T.);
#3960=EDGE_CURVE('',#3249,#3247,#2833,.T.);
#3961=EDGE_CURVE('',#3219,#3250,#458,.T.);
#3962=EDGE_CURVE('',#3250,#3249,#459,.T.);
#3963=EDGE_CURVE('',#3218,#3251,#460,.T.);
#3964=EDGE_CURVE('',#3251,#3250,#2834,.T.);
#3965=EDGE_CURVE('',#3217,#3252,#461,.T.);
#3966=EDGE_CURVE('',#3252,#3251,#462,.T.);
#3967=EDGE_CURVE('',#3216,#3253,#463,.T.);
#3968=EDGE_CURVE('',#3253,#3252,#2835,.T.);
#3969=EDGE_CURVE('',#3215,#3254,#464,.T.);
#3970=EDGE_CURVE('',#3254,#3253,#465,.T.);
#3971=EDGE_CURVE('',#3248,#3254,#2836,.T.);
#3972=EDGE_CURVE('',#3253,#3255,#466,.T.);
#3973=EDGE_CURVE('',#3256,#3255,#2837,.T.);
#3974=EDGE_CURVE('',#3256,#3252,#467,.T.);
#3975=EDGE_CURVE('',#3257,#3254,#468,.T.);
#3976=EDGE_CURVE('',#3255,#3257,#469,.T.);
#3977=EDGE_CURVE('',#3248,#3258,#470,.T.);
#3978=EDGE_CURVE('',#3257,#3258,#2838,.T.);
#3979=EDGE_CURVE('',#3259,#3247,#471,.T.);
#3980=EDGE_CURVE('',#3258,#3259,#472,.T.);
#3981=EDGE_CURVE('',#3260,#3260,#2839,.T.);
#3982=EDGE_CURVE('',#3260,#3246,#473,.T.);
#3983=EDGE_CURVE('',#3261,#3261,#2840,.T.);
#3984=EDGE_CURVE('',#3261,#3260,#474,.T.);
#3985=EDGE_CURVE('',#3262,#3262,#2841,.T.);
#3986=EDGE_CURVE('',#3262,#3221,#475,.T.);
#3987=EDGE_CURVE('',#3263,#3263,#2842,.T.);
#3988=EDGE_CURVE('',#3263,#3262,#476,.T.);
#3989=EDGE_CURVE('',#3223,#3264,#477,.T.);
#3990=EDGE_CURVE('',#3264,#3265,#478,.T.);
#3991=EDGE_CURVE('',#3265,#3222,#479,.T.);
#3992=EDGE_CURVE('',#3245,#3266,#480,.T.);
#3993=EDGE_CURVE('',#3266,#3264,#2843,.T.);
#3994=EDGE_CURVE('',#3244,#3267,#481,.T.);
#3995=EDGE_CURVE('',#3267,#3266,#482,.T.);
#3996=EDGE_CURVE('',#3243,#3268,#483,.T.);
#3997=EDGE_CURVE('',#3268,#3267,#2844,.T.);
#3998=EDGE_CURVE('',#3242,#3269,#484,.T.);
#3999=EDGE_CURVE('',#3269,#3268,#485,.T.);
#4000=EDGE_CURVE('',#3241,#3270,#486,.T.);
#4001=EDGE_CURVE('',#3270,#3269,#2845,.T.);
#4002=EDGE_CURVE('',#3240,#3271,#487,.T.);
#4003=EDGE_CURVE('',#3271,#3270,#488,.T.);
#4004=EDGE_CURVE('',#3239,#3272,#489,.T.);
#4005=EDGE_CURVE('',#3272,#3271,#2846,.T.);
#4006=EDGE_CURVE('',#3238,#3273,#490,.T.);
#4007=EDGE_CURVE('',#3273,#3272,#491,.T.);
#4008=EDGE_CURVE('',#3237,#3274,#492,.T.);
#4009=EDGE_CURVE('',#3274,#3273,#2847,.T.);
#4010=EDGE_CURVE('',#3236,#3275,#493,.T.);
#4011=EDGE_CURVE('',#3275,#3274,#494,.T.);
#4012=EDGE_CURVE('',#3235,#3276,#495,.T.);
#4013=EDGE_CURVE('',#3276,#3275,#2848,.T.);
#4014=EDGE_CURVE('',#3234,#3277,#496,.T.);
#4015=EDGE_CURVE('',#3277,#3276,#497,.T.);
#4016=EDGE_CURVE('',#3233,#3278,#498,.T.);
#4017=EDGE_CURVE('',#3278,#3277,#2849,.T.);
#4018=EDGE_CURVE('',#3232,#3279,#499,.T.);
#4019=EDGE_CURVE('',#3279,#3278,#500,.T.);
#4020=EDGE_CURVE('',#3231,#3280,#501,.T.);
#4021=EDGE_CURVE('',#3280,#3279,#2850,.T.);
#4022=EDGE_CURVE('',#3230,#3281,#502,.T.);
#4023=EDGE_CURVE('',#3281,#3280,#503,.T.);
#4024=EDGE_CURVE('',#3229,#3282,#504,.T.);
#4025=EDGE_CURVE('',#3282,#3281,#2851,.T.);
#4026=EDGE_CURVE('',#3228,#3283,#505,.T.);
#4027=EDGE_CURVE('',#3283,#3282,#506,.T.);
#4028=EDGE_CURVE('',#3227,#3284,#507,.T.);
#4029=EDGE_CURVE('',#3284,#3283,#2852,.T.);
#4030=EDGE_CURVE('',#3226,#3285,#508,.T.);
#4031=EDGE_CURVE('',#3285,#3284,#509,.T.);
#4032=EDGE_CURVE('',#3225,#3286,#510,.T.);
#4033=EDGE_CURVE('',#3286,#3285,#2853,.T.);
#4034=EDGE_CURVE('',#3224,#3287,#511,.T.);
#4035=EDGE_CURVE('',#3287,#3286,#512,.T.);
#4036=EDGE_CURVE('',#3265,#3287,#2854,.T.);
#4037=EDGE_CURVE('',#3278,#3288,#513,.T.);
#4038=EDGE_CURVE('',#3289,#3288,#2855,.T.);
#4039=EDGE_CURVE('',#3289,#3277,#514,.T.);
#4040=EDGE_CURVE('',#3290,#3279,#515,.T.);
#4041=EDGE_CURVE('',#3288,#3290,#516,.T.);
#4042=EDGE_CURVE('',#3280,#3291,#517,.T.);
#4043=EDGE_CURVE('',#3290,#3291,#2856,.T.);
#4044=EDGE_CURVE('',#3292,#3281,#518,.T.);
#4045=EDGE_CURVE('',#3291,#3292,#519,.T.);
#4046=EDGE_CURVE('',#3282,#3293,#520,.T.);
#4047=EDGE_CURVE('',#3292,#3293,#2857,.T.);
#4048=EDGE_CURVE('',#3294,#3283,#521,.T.);
#4049=EDGE_CURVE('',#3293,#3294,#522,.T.);
#4050=EDGE_CURVE('',#3284,#3295,#523,.T.);
#4051=EDGE_CURVE('',#3294,#3295,#2858,.T.);
#4052=EDGE_CURVE('',#3296,#3285,#524,.T.);
#4053=EDGE_CURVE('',#3295,#3296,#525,.T.);
#4054=EDGE_CURVE('',#3286,#3297,#526,.T.);
#4055=EDGE_CURVE('',#3296,#3297,#2859,.T.);
#4056=EDGE_CURVE('',#3298,#3287,#527,.T.);
#4057=EDGE_CURVE('',#3297,#3298,#528,.T.);
#4058=EDGE_CURVE('',#3265,#3299,#529,.T.);
#4059=EDGE_CURVE('',#3298,#3299,#2860,.T.);
#4060=EDGE_CURVE('',#3300,#3264,#530,.T.);
#4061=EDGE_CURVE('',#3299,#3300,#531,.T.);
#4062=EDGE_CURVE('',#3301,#3193,#532,.T.);
#4063=EDGE_CURVE('',#3194,#3302,#533,.T.);
#4064=EDGE_CURVE('',#3302,#3301,#2861,.T.);
#4065=EDGE_CURVE('',#3301,#3303,#534,.T.);
#4066=EDGE_CURVE('',#3303,#3192,#535,.T.);
#4067=EDGE_CURVE('',#3304,#3190,#536,.T.);
#4068=EDGE_CURVE('',#3303,#3304,#2862,.T.);
#4069=EDGE_CURVE('',#3304,#3305,#537,.T.);
#4070=EDGE_CURVE('',#3305,#3191,#538,.T.);
#4071=EDGE_CURVE('',#3306,#3307,#539,.T.);
#4072=EDGE_CURVE('',#3307,#3191,#2863,.T.);
#4073=EDGE_CURVE('',#3305,#3306,#2864,.T.);
#4074=EDGE_CURVE('',#3306,#3308,#540,.T.);
#4075=EDGE_CURVE('',#3308,#3309,#541,.T.);
#4076=EDGE_CURVE('',#3309,#3307,#542,.T.);
#4077=EDGE_CURVE('',#3310,#3311,#543,.T.);
#4078=EDGE_CURVE('',#3311,#3309,#2865,.T.);
#4079=EDGE_CURVE('',#3308,#3310,#2866,.T.);
#4080=EDGE_CURVE('',#3310,#3302,#544,.T.);
#4081=EDGE_CURVE('',#3194,#3311,#545,.T.);
#4082=EDGE_CURVE('',#3307,#3183,#546,.T.);
#4083=EDGE_CURVE('',#3181,#3309,#547,.T.);
#4084=EDGE_CURVE('',#3311,#3179,#548,.T.);
#4085=EDGE_CURVE('',#3312,#3313,#2867,.T.);
#4086=EDGE_CURVE('',#3312,#3314,#549,.T.);
#4087=EDGE_CURVE('',#3315,#3314,#2868,.T.);
#4088=EDGE_CURVE('',#3315,#3316,#550,.T.);
#4089=EDGE_CURVE('',#3317,#3316,#2869,.T.);
#4090=EDGE_CURVE('',#3317,#3318,#551,.T.);
#4091=EDGE_CURVE('',#3319,#3318,#2870,.T.);
#4092=EDGE_CURVE('',#3319,#3313,#552,.T.);
#4093=EDGE_CURVE('',#3320,#3321,#2871,.T.);
#4094=EDGE_CURVE('',#3322,#3320,#553,.T.);
#4095=EDGE_CURVE('',#3323,#3322,#2872,.T.);
#4096=EDGE_CURVE('',#3324,#3323,#554,.T.);
#4097=EDGE_CURVE('',#3325,#3324,#2873,.T.);
#4098=EDGE_CURVE('',#3326,#3325,#555,.T.);
#4099=EDGE_CURVE('',#3327,#3326,#2874,.T.);
#4100=EDGE_CURVE('',#3321,#3327,#556,.T.);
#4101=EDGE_CURVE('',#3321,#3259,#557,.T.);
#4102=EDGE_CURVE('',#3259,#3328,#2875,.T.);
#4103=EDGE_CURVE('',#3328,#3320,#558,.T.);
#4104=EDGE_CURVE('',#3327,#3258,#559,.T.);
#4105=EDGE_CURVE('',#3326,#3257,#560,.T.);
#4106=EDGE_CURVE('',#3325,#3255,#561,.T.);
#4107=EDGE_CURVE('',#3324,#3256,#562,.T.);
#4108=EDGE_CURVE('',#3323,#3329,#563,.T.);
#4109=EDGE_CURVE('',#3329,#3256,#564,.T.);
#4110=EDGE_CURVE('',#3322,#3330,#565,.T.);
#4111=EDGE_CURVE('',#3330,#3329,#2876,.T.);
#4112=EDGE_CURVE('',#3328,#3330,#566,.T.);
#4113=EDGE_CURVE('',#3251,#3329,#567,.T.);
#4114=EDGE_CURVE('',#3330,#3250,#568,.T.);
#4115=EDGE_CURVE('',#3249,#3328,#569,.T.);
#4116=EDGE_CURVE('',#3331,#3331,#2877,.T.);
#4117=EDGE_CURVE('',#3331,#3261,#570,.T.);
#4118=EDGE_CURVE('',#3332,#3333,#2878,.T.);
#4119=EDGE_CURVE('',#3332,#3334,#571,.T.);
#4120=EDGE_CURVE('',#3335,#3334,#2879,.T.);
#4121=EDGE_CURVE('',#3335,#3336,#572,.T.);
#4122=EDGE_CURVE('',#3337,#3336,#2880,.T.);
#4123=EDGE_CURVE('',#3337,#3338,#573,.T.);
#4124=EDGE_CURVE('',#3339,#3338,#2881,.T.);
#4125=EDGE_CURVE('',#3339,#3333,#574,.T.);
#4126=EDGE_CURVE('',#3340,#3340,#2882,.T.);
#4127=EDGE_CURVE('',#3341,#3342,#575,.T.);
#4128=EDGE_CURVE('',#3343,#3342,#2883,.T.);
#4129=EDGE_CURVE('',#3343,#3344,#576,.T.);
#4130=EDGE_CURVE('',#3345,#3344,#2884,.T.);
#4131=EDGE_CURVE('',#3345,#3346,#577,.T.);
#4132=EDGE_CURVE('',#3347,#3346,#2885,.T.);
#4133=EDGE_CURVE('',#3347,#3348,#578,.T.);
#4134=EDGE_CURVE('',#3341,#3348,#2886,.T.);
#4135=EDGE_CURVE('',#3349,#3350,#579,.T.);
#4136=EDGE_CURVE('',#3351,#3349,#2887,.T.);
#4137=EDGE_CURVE('',#3352,#3351,#580,.T.);
#4138=EDGE_CURVE('',#3353,#3352,#2888,.T.);
#4139=EDGE_CURVE('',#3354,#3353,#581,.T.);
#4140=EDGE_CURVE('',#3355,#3354,#2889,.T.);
#4141=EDGE_CURVE('',#3356,#3355,#582,.T.);
#4142=EDGE_CURVE('',#3357,#3356,#2890,.T.);
#4143=EDGE_CURVE('',#3358,#3357,#583,.T.);
#4144=EDGE_CURVE('',#3359,#3358,#2891,.T.);
#4145=EDGE_CURVE('',#3360,#3359,#584,.T.);
#4146=EDGE_CURVE('',#3361,#3360,#2892,.T.);
#4147=EDGE_CURVE('',#3362,#3361,#585,.T.);
#4148=EDGE_CURVE('',#3363,#3362,#2893,.T.);
#4149=EDGE_CURVE('',#3364,#3363,#586,.T.);
#4150=EDGE_CURVE('',#3365,#3364,#2894,.T.);
#4151=EDGE_CURVE('',#3366,#3365,#587,.T.);
#4152=EDGE_CURVE('',#3367,#3366,#2895,.T.);
#4153=EDGE_CURVE('',#3368,#3367,#588,.T.);
#4154=EDGE_CURVE('',#3369,#3368,#2896,.T.);
#4155=EDGE_CURVE('',#3370,#3369,#589,.T.);
#4156=EDGE_CURVE('',#3371,#3370,#2897,.T.);
#4157=EDGE_CURVE('',#3372,#3371,#590,.T.);
#4158=EDGE_CURVE('',#3350,#3372,#2898,.T.);
#4159=EDGE_CURVE('',#3340,#3263,#591,.T.);
#4160=EDGE_CURVE('',#3298,#3349,#592,.T.);
#4161=EDGE_CURVE('',#3350,#3297,#593,.T.);
#4162=EDGE_CURVE('',#3299,#3351,#594,.T.);
#4163=EDGE_CURVE('',#3300,#3352,#595,.T.);
#4164=EDGE_CURVE('',#3300,#3373,#2899,.T.);
#4165=EDGE_CURVE('',#3373,#3353,#596,.T.);
#4166=EDGE_CURVE('',#3374,#3354,#597,.T.);
#4167=EDGE_CURVE('',#3373,#3374,#598,.T.);
#4168=EDGE_CURVE('',#3374,#3375,#2900,.T.);
#4169=EDGE_CURVE('',#3375,#3355,#599,.T.);
#4170=EDGE_CURVE('',#3376,#3356,#600,.T.);
#4171=EDGE_CURVE('',#3375,#3376,#601,.T.);
#4172=EDGE_CURVE('',#3376,#3377,#2901,.T.);
#4173=EDGE_CURVE('',#3377,#3357,#602,.T.);
#4174=EDGE_CURVE('',#3378,#3358,#603,.T.);
#4175=EDGE_CURVE('',#3377,#3378,#604,.T.);
#4176=EDGE_CURVE('',#3378,#3379,#2902,.T.);
#4177=EDGE_CURVE('',#3379,#3359,#605,.T.);
#4178=EDGE_CURVE('',#3380,#3360,#606,.T.);
#4179=EDGE_CURVE('',#3379,#3380,#607,.T.);
#4180=EDGE_CURVE('',#3380,#3381,#2903,.T.);
#4181=EDGE_CURVE('',#3381,#3361,#608,.T.);
#4182=EDGE_CURVE('',#3382,#3362,#609,.T.);
#4183=EDGE_CURVE('',#3381,#3382,#610,.T.);
#4184=EDGE_CURVE('',#3382,#3383,#2904,.T.);
#4185=EDGE_CURVE('',#3383,#3363,#611,.T.);
#4186=EDGE_CURVE('',#3289,#3364,#612,.T.);
#4187=EDGE_CURVE('',#3383,#3289,#613,.T.);
#4188=EDGE_CURVE('',#3288,#3365,#614,.T.);
#4189=EDGE_CURVE('',#3290,#3366,#615,.T.);
#4190=EDGE_CURVE('',#3291,#3367,#616,.T.);
#4191=EDGE_CURVE('',#3292,#3368,#617,.T.);
#4192=EDGE_CURVE('',#3293,#3369,#618,.T.);
#4193=EDGE_CURVE('',#3294,#3370,#619,.T.);
#4194=EDGE_CURVE('',#3295,#3371,#620,.T.);
#4195=EDGE_CURVE('',#3296,#3372,#621,.T.);
#4196=EDGE_CURVE('',#3274,#3381,#622,.T.);
#4197=EDGE_CURVE('',#3380,#3273,#623,.T.);
#4198=EDGE_CURVE('',#3272,#3379,#624,.T.);
#4199=EDGE_CURVE('',#3378,#3271,#625,.T.);
#4200=EDGE_CURVE('',#3270,#3377,#626,.T.);
#4201=EDGE_CURVE('',#3376,#3269,#627,.T.);
#4202=EDGE_CURVE('',#3268,#3375,#628,.T.);
#4203=EDGE_CURVE('',#3374,#3267,#629,.T.);
#4204=EDGE_CURVE('',#3266,#3373,#630,.T.);
#4205=EDGE_CURVE('',#3384,#3384,#2905,.T.);
#4206=EDGE_CURVE('',#3384,#3385,#631,.T.);
#4207=EDGE_CURVE('',#3385,#3385,#2906,.T.);
#4208=EDGE_CURVE('',#3156,#3384,#632,.T.);
#4209=EDGE_CURVE('',#3386,#3387,#2907,.T.);
#4210=EDGE_CURVE('',#3386,#3388,#633,.T.);
#4211=EDGE_CURVE('',#3389,#3388,#634,.T.);
#4212=EDGE_CURVE('',#3390,#3389,#635,.T.);
#4213=EDGE_CURVE('',#3387,#3390,#636,.T.);
#4214=EDGE_CURVE('',#3391,#3391,#2908,.T.);
#4215=EDGE_CURVE('',#3391,#3392,#637,.T.);
#4216=EDGE_CURVE('',#3392,#3392,#2909,.T.);
#4217=EDGE_CURVE('',#3154,#3391,#638,.T.);
#4218=EDGE_CURVE('',#3393,#3394,#639,.T.);
#4219=EDGE_CURVE('',#3395,#3393,#2910,.T.);
#4220=EDGE_CURVE('',#3395,#3396,#640,.T.);
#4221=EDGE_CURVE('',#3397,#3396,#641,.T.);
#4222=EDGE_CURVE('',#3394,#3397,#642,.T.);
#4223=EDGE_CURVE('',#3398,#3398,#2911,.T.);
#4224=EDGE_CURVE('',#3398,#3399,#643,.T.);
#4225=EDGE_CURVE('',#3399,#3399,#2912,.T.);
#4226=EDGE_CURVE('',#3155,#3398,#644,.T.);
#4227=EDGE_CURVE('',#3400,#3401,#2913,.T.);
#4228=EDGE_CURVE('',#3400,#3402,#645,.T.);
#4229=EDGE_CURVE('',#3403,#3402,#646,.T.);
#4230=EDGE_CURVE('',#3404,#3403,#647,.T.);
#4231=EDGE_CURVE('',#3401,#3404,#648,.T.);
#4232=EDGE_CURVE('',#3405,#3405,#2914,.T.);
#4233=EDGE_CURVE('',#3405,#3406,#649,.T.);
#4234=EDGE_CURVE('',#3406,#3406,#2915,.T.);
#4235=EDGE_CURVE('',#3157,#3405,#650,.T.);
#4236=EDGE_CURVE('',#3407,#3408,#651,.T.);
#4237=EDGE_CURVE('',#3409,#3407,#2916,.T.);
#4238=EDGE_CURVE('',#3409,#3410,#652,.T.);
#4239=EDGE_CURVE('',#3411,#3410,#653,.T.);
#4240=EDGE_CURVE('',#3408,#3411,#654,.T.);
#4241=EDGE_CURVE('',#3197,#3412,#2917,.T.);
#4242=EDGE_CURVE('',#3412,#3413,#105,.T.);
#4243=EDGE_CURVE('',#3413,#3414,#2918,.T.);
#4244=EDGE_CURVE('',#3414,#3415,#106,.T.);
#4245=EDGE_CURVE('',#3415,#3198,#2919,.T.);
#4246=EDGE_CURVE('',#3415,#3416,#655,.T.);
#4247=EDGE_CURVE('',#3417,#3416,#656,.T.);
#4248=EDGE_CURVE('',#3417,#3403,#657,.T.);
#4249=EDGE_CURVE('',#3402,#3418,#658,.T.);
#4250=EDGE_CURVE('',#3418,#3199,#659,.T.);
#4251=EDGE_CURVE('',#3414,#3419,#660,.T.);
#4252=EDGE_CURVE('',#3420,#3419,#107,.T.);
#4253=EDGE_CURVE('',#3421,#3420,#661,.T.);
#4254=EDGE_CURVE('',#3416,#3421,#662,.T.);
#4255=EDGE_CURVE('',#3422,#3423,#108,.T.);
#4256=EDGE_CURVE('',#3423,#3420,#2920,.T.);
#4257=EDGE_CURVE('',#3419,#3422,#2921,.T.);
#4258=EDGE_CURVE('',#3423,#3424,#663,.T.);
#4259=EDGE_CURVE('',#3425,#3424,#664,.T.);
#4260=EDGE_CURVE('',#3426,#3425,#665,.T.);
#4261=EDGE_CURVE('',#3427,#3426,#666,.T.);
#4262=EDGE_CURVE('',#3428,#3427,#667,.T.);
#4263=EDGE_CURVE('',#3421,#3428,#668,.T.);
#4264=EDGE_CURVE('',#3422,#3413,#669,.T.);
#4265=EDGE_CURVE('',#3429,#3211,#670,.T.);
#4266=EDGE_CURVE('',#3429,#3430,#671,.T.);
#4267=EDGE_CURVE('',#3430,#3212,#672,.T.);
#4268=EDGE_CURVE('',#3431,#3196,#673,.T.);
#4269=EDGE_CURVE('',#3430,#3431,#2922,.T.);
#4270=EDGE_CURVE('',#3195,#3432,#674,.T.);
#4271=EDGE_CURVE('',#3431,#3432,#675,.T.);
#4272=EDGE_CURVE('',#3432,#3394,#676,.T.);
#4273=EDGE_CURVE('',#3397,#3433,#677,.T.);
#4274=EDGE_CURVE('',#3434,#3433,#678,.T.);
#4275=EDGE_CURVE('',#3434,#3412,#679,.T.);
#4276=EDGE_CURVE('',#3393,#3431,#680,.T.);
#4277=EDGE_CURVE('',#3395,#3430,#681,.T.);
#4278=EDGE_CURVE('',#3396,#3429,#682,.T.);
#4279=EDGE_CURVE('',#3435,#3207,#683,.T.);
#4280=EDGE_CURVE('',#3435,#3436,#684,.T.);
#4281=EDGE_CURVE('',#3436,#3208,#685,.T.);
#4282=EDGE_CURVE('',#3437,#3209,#686,.T.);
#4283=EDGE_CURVE('',#3436,#3437,#2923,.T.);
#4284=EDGE_CURVE('',#3210,#3438,#687,.T.);
#4285=EDGE_CURVE('',#3437,#3438,#688,.T.);
#4286=EDGE_CURVE('',#3438,#3390,#689,.T.);
#4287=EDGE_CURVE('',#3439,#3389,#690,.T.);
#4288=EDGE_CURVE('',#3433,#3439,#691,.T.);
#4289=EDGE_CURVE('',#3387,#3437,#692,.T.);
#4290=EDGE_CURVE('',#3386,#3436,#693,.T.);
#4291=EDGE_CURVE('',#3388,#3435,#694,.T.);
#4292=EDGE_CURVE('',#3440,#3203,#695,.T.);
#4293=EDGE_CURVE('',#3440,#3441,#696,.T.);
#4294=EDGE_CURVE('',#3441,#3204,#697,.T.);
#4295=EDGE_CURVE('',#3442,#3205,#698,.T.);
#4296=EDGE_CURVE('',#3441,#3442,#2924,.T.);
#4297=EDGE_CURVE('',#3206,#3443,#699,.T.);
#4298=EDGE_CURVE('',#3442,#3443,#700,.T.);
#4299=EDGE_CURVE('',#3443,#3408,#701,.T.);
#4300=EDGE_CURVE('',#3444,#3411,#702,.T.);
#4301=EDGE_CURVE('',#3439,#3444,#703,.T.);
#4302=EDGE_CURVE('',#3407,#3442,#704,.T.);
#4303=EDGE_CURVE('',#3409,#3441,#705,.T.);
#4304=EDGE_CURVE('',#3410,#3440,#706,.T.);
#4305=EDGE_CURVE('',#3418,#3445,#707,.T.);
#4306=EDGE_CURVE('',#3445,#3200,#708,.T.);
#4307=EDGE_CURVE('',#3446,#3201,#709,.T.);
#4308=EDGE_CURVE('',#3445,#3446,#2925,.T.);
#4309=EDGE_CURVE('',#3202,#3447,#710,.T.);
#4310=EDGE_CURVE('',#3446,#3447,#711,.T.);
#4311=EDGE_CURVE('',#3447,#3404,#712,.T.);
#4312=EDGE_CURVE('',#3444,#3417,#713,.T.);
#4313=EDGE_CURVE('',#3401,#3446,#714,.T.);
#4314=EDGE_CURVE('',#3400,#3445,#715,.T.);
#4315=EDGE_CURVE('',#3333,#3448,#716,.T.);
#4316=EDGE_CURVE('',#3448,#3449,#2926,.F.);
#4317=EDGE_CURVE('',#3449,#3332,#717,.T.);
#4318=EDGE_CURVE('',#3450,#3339,#718,.T.);
#4319=EDGE_CURVE('',#3450,#3448,#719,.T.);
#4320=EDGE_CURVE('',#3451,#3452,#2927,.T.);
#4321=EDGE_CURVE('',#3451,#3453,#720,.T.);
#4322=EDGE_CURVE('',#3453,#3454,#2928,.T.);
#4323=EDGE_CURVE('',#3454,#3452,#721,.T.);
#4324=EDGE_CURVE('',#3455,#3454,#722,.T.);
#4325=EDGE_CURVE('',#3456,#3455,#723,.T.);
#4326=EDGE_CURVE('',#3456,#3452,#724,.T.);
#4327=EDGE_CURVE('',#3338,#3457,#725,.T.);
#4328=EDGE_CURVE('',#3457,#3450,#2929,.F.);
#4329=EDGE_CURVE('',#3458,#3337,#726,.T.);
#4330=EDGE_CURVE('',#3458,#3457,#727,.T.);
#4331=EDGE_CURVE('',#3459,#3460,#2930,.T.);
#4332=EDGE_CURVE('',#3459,#3461,#728,.T.);
#4333=EDGE_CURVE('',#3461,#3462,#2931,.T.);
#4334=EDGE_CURVE('',#3462,#3460,#729,.T.);
#4335=EDGE_CURVE('',#3451,#3460,#730,.T.);
#4336=EDGE_CURVE('',#3453,#3462,#731,.T.);
#4337=EDGE_CURVE('',#3463,#3464,#2932,.T.);
#4338=EDGE_CURVE('',#3463,#3465,#732,.T.);
#4339=EDGE_CURVE('',#3465,#3466,#2933,.T.);
#4340=EDGE_CURVE('',#3466,#3464,#733,.T.);
#4341=EDGE_CURVE('',#3459,#3464,#734,.T.);
#4342=EDGE_CURVE('',#3461,#3466,#735,.T.);
#4343=EDGE_CURVE('',#3336,#3467,#736,.T.);
#4344=EDGE_CURVE('',#3467,#3458,#2934,.F.);
#4345=EDGE_CURVE('',#3468,#3335,#737,.T.);
#4346=EDGE_CURVE('',#3468,#3467,#738,.T.);
#4347=EDGE_CURVE('',#3456,#3469,#2935,.T.);
#4348=EDGE_CURVE('',#3455,#3470,#2936,.T.);
#4349=EDGE_CURVE('',#3470,#3469,#739,.T.);
#4350=EDGE_CURVE('',#3463,#3469,#740,.T.);
#4351=EDGE_CURVE('',#3465,#3470,#741,.T.);
#4352=EDGE_CURVE('',#3334,#3471,#742,.T.);
#4353=EDGE_CURVE('',#3471,#3468,#2937,.F.);
#4354=EDGE_CURVE('',#3313,#3472,#743,.T.);
#4355=EDGE_CURVE('',#3472,#3473,#2938,.F.);
#4356=EDGE_CURVE('',#3473,#3312,#744,.T.);
#4357=EDGE_CURVE('',#3474,#3319,#745,.T.);
#4358=EDGE_CURVE('',#3474,#3472,#746,.T.);
#4359=EDGE_CURVE('',#3475,#3476,#2939,.T.);
#4360=EDGE_CURVE('',#3475,#3341,#747,.T.);
#4361=EDGE_CURVE('',#3348,#3476,#748,.T.);
#4362=EDGE_CURVE('',#3477,#3347,#749,.T.);
#4363=EDGE_CURVE('',#3477,#3476,#750,.T.);
#4364=EDGE_CURVE('',#3318,#3478,#751,.T.);
#4365=EDGE_CURVE('',#3478,#3474,#2940,.F.);
#4366=EDGE_CURVE('',#3479,#3317,#752,.T.);
#4367=EDGE_CURVE('',#3479,#3478,#753,.T.);
#4368=EDGE_CURVE('',#3480,#3481,#2941,.T.);
#4369=EDGE_CURVE('',#3480,#3343,#754,.T.);
#4370=EDGE_CURVE('',#3342,#3481,#755,.T.);
#4371=EDGE_CURVE('',#3475,#3481,#756,.T.);
#4372=EDGE_CURVE('',#3482,#3483,#2942,.T.);
#4373=EDGE_CURVE('',#3482,#3345,#757,.T.);
#4374=EDGE_CURVE('',#3344,#3483,#758,.T.);
#4375=EDGE_CURVE('',#3480,#3483,#759,.T.);
#4376=EDGE_CURVE('',#3316,#3484,#760,.T.);
#4377=EDGE_CURVE('',#3484,#3479,#2943,.F.);
#4378=EDGE_CURVE('',#3485,#3315,#761,.T.);
#4379=EDGE_CURVE('',#3485,#3484,#762,.T.);
#4380=EDGE_CURVE('',#3477,#3486,#2944,.T.);
#4381=EDGE_CURVE('',#3346,#3486,#763,.T.);
#4382=EDGE_CURVE('',#3482,#3486,#764,.T.);
#4383=EDGE_CURVE('',#3314,#3487,#765,.T.);
#4384=EDGE_CURVE('',#3487,#3485,#2945,.F.);
#4385=EDGE_CURVE('',#3424,#3434,#766,.T.);
#4386=EDGE_CURVE('',#3488,#3428,#2946,.T.);
#4387=EDGE_CURVE('',#3488,#3489,#767,.T.);
#4388=EDGE_CURVE('',#3490,#3489,#2947,.T.);
#4389=EDGE_CURVE('',#3490,#3491,#768,.T.);
#4390=EDGE_CURVE('',#3492,#3491,#2948,.T.);
#4391=EDGE_CURVE('',#3492,#3493,#769,.T.);
#4392=EDGE_CURVE('',#3425,#3493,#2949,.T.);
#4393=EDGE_CURVE('',#3449,#3471,#770,.T.);
#4394=EDGE_CURVE('',#3473,#3487,#771,.T.);
#4395=EDGE_CURVE('',#3276,#3383,#772,.T.);
#4396=EDGE_CURVE('',#3382,#3275,#773,.T.);
#4397=EDGE_CURVE('',#3427,#3494,#2950,.T.);
#4398=EDGE_CURVE('',#3494,#3495,#2951,.T.);
#4399=EDGE_CURVE('',#3495,#3496,#2952,.T.);
#4400=EDGE_CURVE('',#3496,#3427,#2953,.T.);
#4401=EDGE_CURVE('',#3497,#3498,#2954,.T.);
#4402=EDGE_CURVE('',#3498,#3496,#774,.T.);
#4403=EDGE_CURVE('',#3495,#3497,#775,.T.);
#4404=EDGE_CURVE('',#3499,#3500,#2955,.T.);
#4405=EDGE_CURVE('',#3500,#3498,#2956,.T.);
#4406=EDGE_CURVE('',#3497,#3499,#2957,.T.);
#4407=EDGE_CURVE('',#3501,#3502,#2958,.T.);
#4408=EDGE_CURVE('',#3502,#3500,#776,.T.);
#4409=EDGE_CURVE('',#3499,#3501,#777,.T.);
#4410=EDGE_CURVE('',#3503,#3504,#2959,.T.);
#4411=EDGE_CURVE('',#3504,#3502,#2960,.T.);
#4412=EDGE_CURVE('',#3501,#3503,#2961,.T.);
#4413=EDGE_CURVE('',#3505,#3506,#2962,.T.);
#4414=EDGE_CURVE('',#3506,#3504,#778,.T.);
#4415=EDGE_CURVE('',#3503,#3505,#779,.T.);
#4416=EDGE_CURVE('',#3507,#3426,#2963,.T.);
#4417=EDGE_CURVE('',#3426,#3506,#2964,.T.);
#4418=EDGE_CURVE('',#3505,#3507,#2965,.T.);
#4419=EDGE_CURVE('',#3507,#3494,#780,.T.);
#4420=EDGE_CURVE('',#3493,#3506,#781,.T.);
#4421=EDGE_CURVE('',#3504,#3492,#782,.T.);
#4422=EDGE_CURVE('',#3496,#3488,#783,.T.);
#4423=EDGE_CURVE('',#3500,#3490,#784,.T.);
#4424=EDGE_CURVE('',#3489,#3498,#785,.T.);
#4425=EDGE_CURVE('',#3491,#3502,#786,.T.);
#4426=EDGE_CURVE('',#3508,#3509,#787,.T.);
#4427=EDGE_CURVE('',#3508,#3510,#788,.T.);
#4428=EDGE_CURVE('',#3510,#3511,#789,.T.);
#4429=EDGE_CURVE('',#3509,#3511,#790,.T.);
#4430=EDGE_CURVE('',#3512,#3508,#791,.T.);
#4431=EDGE_CURVE('',#3512,#3513,#792,.T.);
#4432=EDGE_CURVE('',#3513,#3510,#793,.T.);
#4433=EDGE_CURVE('',#3514,#3512,#794,.T.);
#4434=EDGE_CURVE('',#3514,#3515,#795,.T.);
#4435=EDGE_CURVE('',#3515,#3513,#796,.T.);
#4436=EDGE_CURVE('',#3509,#3514,#797,.T.);
#4437=EDGE_CURVE('',#3511,#3515,#798,.T.);
#4438=EDGE_CURVE('',#3516,#3517,#109,.T.);
#4439=EDGE_CURVE('',#3517,#3518,#2966,.T.);
#4440=EDGE_CURVE('',#3518,#3519,#110,.T.);
#4441=EDGE_CURVE('',#3519,#3516,#2967,.T.);
#4442=EDGE_CURVE('',#3520,#3519,#799,.T.);
#4443=EDGE_CURVE('',#3521,#3520,#2968,.T.);
#4444=EDGE_CURVE('',#3516,#3521,#800,.T.);
#4445=EDGE_CURVE('',#3522,#3518,#801,.T.);
#4446=EDGE_CURVE('',#3523,#3522,#802,.T.);
#4447=EDGE_CURVE('',#3523,#3524,#803,.T.);
#4448=EDGE_CURVE('',#3520,#3524,#111,.T.);
#4449=EDGE_CURVE('',#3524,#3525,#2969,.T.);
#4450=EDGE_CURVE('',#3525,#3521,#112,.T.);
#4451=EDGE_CURVE('',#3526,#3517,#804,.T.);
#4452=EDGE_CURVE('',#3527,#3526,#805,.T.);
#4453=EDGE_CURVE('',#3528,#3527,#806,.T.);
#4454=EDGE_CURVE('',#3529,#3528,#807,.T.);
#4455=EDGE_CURVE('',#3530,#3529,#808,.T.);
#4456=EDGE_CURVE('',#3522,#3530,#809,.T.);
#4457=EDGE_CURVE('',#3525,#3531,#810,.T.);
#4458=EDGE_CURVE('',#3526,#3531,#811,.T.);
#4459=EDGE_CURVE('',#3532,#3531,#812,.T.);
#4460=EDGE_CURVE('',#3533,#3532,#2970,.T.);
#4461=EDGE_CURVE('',#3534,#3533,#813,.T.);
#4462=EDGE_CURVE('',#3535,#3534,#2971,.T.);
#4463=EDGE_CURVE('',#3536,#3535,#814,.T.);
#4464=EDGE_CURVE('',#3537,#3536,#2972,.T.);
#4465=EDGE_CURVE('',#3538,#3537,#815,.T.);
#4466=EDGE_CURVE('',#3539,#3538,#2973,.T.);
#4467=EDGE_CURVE('',#3523,#3539,#816,.T.);
#4468=EDGE_CURVE('',#3540,#3530,#2974,.T.);
#4469=EDGE_CURVE('',#3541,#3540,#2975,.T.);
#4470=EDGE_CURVE('',#3541,#3542,#817,.T.);
#4471=EDGE_CURVE('',#3543,#3542,#2976,.T.);
#4472=EDGE_CURVE('',#3544,#3543,#2977,.T.);
#4473=EDGE_CURVE('',#3545,#3544,#2978,.T.);
#4474=EDGE_CURVE('',#3546,#3545,#2979,.T.);
#4475=EDGE_CURVE('',#3546,#3547,#818,.T.);
#4476=EDGE_CURVE('',#3548,#3547,#819,.T.);
#4477=EDGE_CURVE('',#3549,#3548,#820,.T.);
#4478=EDGE_CURVE('',#3550,#3549,#2980,.T.);
#4479=EDGE_CURVE('',#3551,#3550,#2981,.T.);
#4480=EDGE_CURVE('',#3552,#3551,#2982,.T.);
#4481=EDGE_CURVE('',#3553,#3552,#2983,.T.);
#4482=EDGE_CURVE('',#3553,#3554,#821,.T.);
#4483=EDGE_CURVE('',#3555,#3554,#2984,.T.);
#4484=EDGE_CURVE('',#3555,#3556,#2985,.F.);
#4485=EDGE_CURVE('',#3556,#3557,#822,.T.);
#4486=EDGE_CURVE('',#3558,#3557,#2986,.T.);
#4487=EDGE_CURVE('',#3559,#3558,#2987,.T.);
#4488=EDGE_CURVE('',#3560,#3559,#2988,.T.);
#4489=EDGE_CURVE('',#3560,#3561,#823,.T.);
#4490=EDGE_CURVE('',#3562,#3561,#2989,.T.);
#4491=EDGE_CURVE('',#3563,#3562,#2990,.T.);
#4492=EDGE_CURVE('',#3527,#3563,#2991,.T.);
#4493=EDGE_CURVE('',#3564,#3564,#2992,.T.);
#4494=EDGE_CURVE('',#3565,#3565,#2993,.T.);
#4495=EDGE_CURVE('',#3566,#3567,#2994,.T.);
#4496=EDGE_CURVE('',#3567,#3568,#2995,.T.);
#4497=EDGE_CURVE('',#3568,#3569,#2996,.T.);
#4498=EDGE_CURVE('',#3569,#3566,#2997,.T.);
#4499=EDGE_CURVE('',#3570,#3571,#2998,.T.);
#4500=EDGE_CURVE('',#3571,#3569,#824,.T.);
#4501=EDGE_CURVE('',#3568,#3570,#825,.T.);
#4502=EDGE_CURVE('',#3572,#3573,#2999,.T.);
#4503=EDGE_CURVE('',#3573,#3571,#3000,.T.);
#4504=EDGE_CURVE('',#3570,#3572,#3001,.T.);
#4505=EDGE_CURVE('',#3574,#3575,#3002,.T.);
#4506=EDGE_CURVE('',#3575,#3573,#826,.T.);
#4507=EDGE_CURVE('',#3572,#3574,#827,.T.);
#4508=EDGE_CURVE('',#3576,#3577,#3003,.T.);
#4509=EDGE_CURVE('',#3577,#3575,#3004,.T.);
#4510=EDGE_CURVE('',#3574,#3576,#3005,.T.);
#4511=EDGE_CURVE('',#3578,#3579,#3006,.T.);
#4512=EDGE_CURVE('',#3579,#3577,#828,.T.);
#4513=EDGE_CURVE('',#3576,#3578,#829,.T.);
#4514=EDGE_CURVE('',#3580,#3581,#3007,.T.);
#4515=EDGE_CURVE('',#3581,#3579,#3008,.T.);
#4516=EDGE_CURVE('',#3578,#3580,#3009,.T.);
#4517=EDGE_CURVE('',#3580,#3567,#830,.T.);
#4518=EDGE_CURVE('',#3566,#3581,#831,.T.);
#4519=EDGE_CURVE('',#3534,#3579,#832,.T.);
#4520=EDGE_CURVE('',#3577,#3533,#833,.T.);
#4521=EDGE_CURVE('',#3581,#3535,#834,.T.);
#4522=EDGE_CURVE('',#3536,#3566,#835,.T.);
#4523=EDGE_CURVE('',#3569,#3537,#836,.T.);
#4524=EDGE_CURVE('',#3582,#3582,#3010,.T.);
#4525=EDGE_CURVE('',#3583,#3583,#3011,.T.);
#4526=EDGE_CURVE('',#3584,#3584,#3012,.T.);
#4527=EDGE_CURVE('',#3585,#3585,#3013,.T.);
#4528=EDGE_CURVE('',#3573,#3539,#837,.T.);
#4529=EDGE_CURVE('',#3538,#3571,#838,.T.);
#4530=EDGE_CURVE('',#3532,#3575,#839,.T.);
#4531=EDGE_CURVE('',#3586,#3587,#840,.T.);
#4532=EDGE_CURVE('',#3587,#3588,#841,.T.);
#4533=EDGE_CURVE('',#3588,#3589,#842,.T.);
#4534=EDGE_CURVE('',#3589,#3586,#113,.T.);
#4535=EDGE_CURVE('',#3589,#3590,#3014,.T.);
#4536=EDGE_CURVE('',#3590,#3591,#114,.T.);
#4537=EDGE_CURVE('',#3591,#3586,#3015,.T.);
#4538=EDGE_CURVE('',#3590,#3592,#843,.T.);
#4539=EDGE_CURVE('',#3592,#3593,#844,.T.);
#4540=EDGE_CURVE('',#3593,#3591,#845,.T.);
#4541=EDGE_CURVE('',#3594,#3593,#846,.T.);
#4542=EDGE_CURVE('',#3592,#3595,#847,.T.);
#4543=EDGE_CURVE('',#3595,#3594,#848,.T.);
#4544=EDGE_CURVE('',#3596,#3597,#3016,.T.);
#4545=EDGE_CURVE('',#3597,#3598,#849,.T.);
#4546=EDGE_CURVE('',#3598,#3599,#3017,.T.);
#4547=EDGE_CURVE('',#3599,#3596,#115,.T.);
#4548=EDGE_CURVE('',#3595,#3598,#850,.T.);
#4549=EDGE_CURVE('',#3597,#3594,#851,.T.);
#4550=EDGE_CURVE('',#3587,#3600,#3018,.T.);
#4551=EDGE_CURVE('',#3600,#3601,#852,.T.);
#4552=EDGE_CURVE('',#3601,#3588,#3019,.T.);
#4553=EDGE_CURVE('',#3529,#3602,#853,.T.);
#4554=EDGE_CURVE('',#3602,#3601,#3020,.T.);
#4555=EDGE_CURVE('',#3600,#3529,#3021,.T.);
#4556=EDGE_CURVE('',#3528,#3603,#854,.T.);
#4557=EDGE_CURVE('',#3603,#3602,#855,.T.);
#4558=EDGE_CURVE('',#3604,#3605,#856,.T.);
#4559=EDGE_CURVE('',#3605,#3603,#3022,.T.);
#4560=EDGE_CURVE('',#3528,#3604,#3023,.T.);
#4561=EDGE_CURVE('',#3604,#3606,#3024,.T.);
#4562=EDGE_CURVE('',#3606,#3607,#857,.T.);
#4563=EDGE_CURVE('',#3607,#3605,#3025,.T.);
#4564=EDGE_CURVE('',#3608,#3609,#858,.T.);
#4565=EDGE_CURVE('',#3609,#3607,#3026,.T.);
#4566=EDGE_CURVE('',#3606,#3608,#3027,.T.);
#4567=EDGE_CURVE('',#3610,#3611,#859,.T.);
#4568=EDGE_CURVE('',#3611,#3609,#860,.T.);
#4569=EDGE_CURVE('',#3608,#3610,#861,.T.);
#4570=EDGE_CURVE('',#3612,#3613,#862,.T.);
#4571=EDGE_CURVE('',#3613,#3611,#3028,.T.);
#4572=EDGE_CURVE('',#3610,#3612,#3029,.T.);
#4573=EDGE_CURVE('',#3612,#3614,#3030,.T.);
#4574=EDGE_CURVE('',#3614,#3615,#863,.T.);
#4575=EDGE_CURVE('',#3615,#3613,#3031,.T.);
#4576=EDGE_CURVE('',#3616,#3617,#864,.T.);
#4577=EDGE_CURVE('',#3617,#3615,#3032,.T.);
#4578=EDGE_CURVE('',#3614,#3616,#3033,.T.);
#4579=EDGE_CURVE('',#3618,#3619,#865,.T.);
#4580=EDGE_CURVE('',#3619,#3617,#866,.T.);
#4581=EDGE_CURVE('',#3616,#3618,#867,.T.);
#4582=EDGE_CURVE('',#3620,#3621,#868,.T.);
#4583=EDGE_CURVE('',#3621,#3619,#3034,.T.);
#4584=EDGE_CURVE('',#3618,#3620,#3035,.T.);
#4585=EDGE_CURVE('',#3620,#3622,#3036,.T.);
#4586=EDGE_CURVE('',#3622,#3623,#869,.T.);
#4587=EDGE_CURVE('',#3623,#3621,#3037,.T.);
#4588=EDGE_CURVE('',#3599,#3623,#870,.T.);
#4589=EDGE_CURVE('',#3622,#3596,#871,.T.);
#4590=EDGE_CURVE('',#3604,#3563,#872,.T.);
#4591=EDGE_CURVE('',#3540,#3600,#873,.T.);
#4592=EDGE_CURVE('',#3587,#3541,#874,.T.);
#4593=EDGE_CURVE('',#3586,#3624,#875,.T.);
#4594=EDGE_CURVE('',#3625,#3624,#42,.F.);
#4595=EDGE_CURVE('',#3625,#3626,#876,.T.);
#4596=EDGE_CURVE('',#3542,#3626,#877,.T.);
#4597=EDGE_CURVE('',#3591,#3627,#878,.T.);
#4598=EDGE_CURVE('',#3624,#3627,#3038,.T.);
#4599=EDGE_CURVE('',#3628,#3593,#879,.T.);
#4600=EDGE_CURVE('',#3627,#3628,#880,.T.);
#4601=EDGE_CURVE('',#3594,#3629,#881,.T.);
#4602=EDGE_CURVE('',#3630,#3629,#882,.F.);
#4603=EDGE_CURVE('',#3630,#3631,#883,.T.);
#4604=EDGE_CURVE('',#3631,#3548,#884,.T.);
#4605=EDGE_CURVE('',#3547,#3632,#885,.T.);
#4606=EDGE_CURVE('',#3632,#3633,#886,.T.);
#4607=EDGE_CURVE('',#3628,#3633,#887,.F.);
#4608=EDGE_CURVE('',#3597,#3634,#888,.T.);
#4609=EDGE_CURVE('',#3629,#3634,#889,.T.);
#4610=EDGE_CURVE('',#3635,#3596,#890,.T.);
#4611=EDGE_CURVE('',#3634,#3635,#3039,.T.);
#4612=EDGE_CURVE('',#3636,#3636,#3040,.T.);
#4613=EDGE_CURVE('',#3637,#3637,#3041,.T.);
#4614=EDGE_CURVE('',#3637,#3638,#891,.T.);
#4615=EDGE_CURVE('',#3638,#3638,#3042,.T.);
#4616=EDGE_CURVE('',#3636,#3638,#892,.T.);
#4617=EDGE_CURVE('',#3627,#3639,#116,.T.);
#4618=EDGE_CURVE('',#3639,#3625,#3043,.T.);
#4619=EDGE_CURVE('',#3633,#3639,#893,.T.);
#4620=EDGE_CURVE('',#3640,#3632,#894,.T.);
#4621=EDGE_CURVE('',#3641,#3640,#3044,.F.);
#4622=EDGE_CURVE('',#3641,#3642,#3045,.T.);
#4623=EDGE_CURVE('',#3626,#3642,#3046,.F.);
#4624=EDGE_CURVE('',#3634,#3643,#895,.T.);
#4625=EDGE_CURVE('',#3643,#3630,#896,.T.);
#4626=EDGE_CURVE('',#3635,#3644,#43,.F.);
#4627=EDGE_CURVE('',#3644,#3643,#3047,.T.);
#4628=EDGE_CURVE('',#3552,#3645,#897,.T.);
#4629=EDGE_CURVE('',#3645,#3646,#3048,.F.);
#4630=EDGE_CURVE('',#3646,#3553,#898,.T.);
#4631=EDGE_CURVE('',#3554,#3622,#899,.T.);
#4632=EDGE_CURVE('',#3646,#3644,#900,.T.);
#4633=EDGE_CURVE('',#3647,#3648,#3049,.T.);
#4634=EDGE_CURVE('',#3648,#3647,#3050,.T.);
#4635=EDGE_CURVE('',#3648,#3551,#901,.T.);
#4636=EDGE_CURVE('',#3649,#3550,#902,.T.);
#4637=EDGE_CURVE('',#3645,#3649,#3051,.T.);
#4638=EDGE_CURVE('',#3549,#3650,#903,.T.);
#4639=EDGE_CURVE('',#3650,#3649,#3052,.F.);
#4640=EDGE_CURVE('',#3631,#3650,#904,.T.);
#4641=EDGE_CURVE('',#3545,#3641,#905,.T.);
#4642=EDGE_CURVE('',#3640,#3546,#906,.T.);
#4643=EDGE_CURVE('',#3651,#3651,#3053,.T.);
#4644=EDGE_CURVE('',#3651,#3544,#907,.T.);
#4645=EDGE_CURVE('',#3642,#3543,#908,.T.);
#4646=EDGE_CURVE('',#3620,#3555,#909,.T.);
#4647=EDGE_CURVE('',#3618,#3556,#910,.T.);
#4648=EDGE_CURVE('',#3557,#3616,#911,.T.);
#4649=EDGE_CURVE('',#3558,#3614,#912,.T.);
#4650=EDGE_CURVE('',#3562,#3606,#913,.T.);
#4651=EDGE_CURVE('',#3561,#3608,#914,.T.);
#4652=EDGE_CURVE('',#3610,#3560,#915,.T.);
#4653=EDGE_CURVE('',#3612,#3559,#916,.T.);
#4654=EDGE_CURVE('',#3652,#3652,#3054,.T.);
#4655=EDGE_CURVE('',#3652,#3653,#917,.T.);
#4656=EDGE_CURVE('',#3653,#3653,#3055,.T.);
#4657=EDGE_CURVE('',#3582,#3652,#918,.T.);
#4658=EDGE_CURVE('',#3654,#3654,#3056,.T.);
#4659=EDGE_CURVE('',#3654,#3655,#919,.T.);
#4660=EDGE_CURVE('',#3655,#3655,#3057,.T.);
#4661=EDGE_CURVE('',#3584,#3654,#920,.T.);
#4662=EDGE_CURVE('',#3647,#3656,#921,.T.);
#4663=EDGE_CURVE('',#3656,#3657,#3058,.T.);
#4664=EDGE_CURVE('',#3657,#3656,#3059,.T.);
#4665=EDGE_CURVE('',#3583,#3657,#922,.T.);
#4666=EDGE_CURVE('',#3651,#3658,#923,.T.);
#4667=EDGE_CURVE('',#3658,#3658,#3060,.T.);
#4668=EDGE_CURVE('',#3585,#3658,#924,.T.);
#4669=EDGE_CURVE('',#3653,#3565,#925,.T.);
#4670=EDGE_CURVE('',#3655,#3564,#926,.T.);
#4671=EDGE_CURVE('',#3659,#3660,#3061,.T.);
#4672=EDGE_CURVE('',#3660,#3661,#117,.T.);
#4673=EDGE_CURVE('',#3661,#3662,#3062,.T.);
#4674=EDGE_CURVE('',#3662,#3659,#118,.T.);
#4675=EDGE_CURVE('',#3663,#3664,#3063,.T.);
#4676=EDGE_CURVE('',#3664,#3665,#119,.T.);
#4677=EDGE_CURVE('',#3665,#3666,#3064,.T.);
#4678=EDGE_CURVE('',#3666,#3663,#120,.T.);
#4679=EDGE_CURVE('',#3667,#3668,#3065,.T.);
#4680=EDGE_CURVE('',#3668,#3669,#121,.T.);
#4681=EDGE_CURVE('',#3669,#3670,#3066,.T.);
#4682=EDGE_CURVE('',#3670,#3667,#122,.T.);
#4683=EDGE_CURVE('',#3671,#3672,#3067,.T.);
#4684=EDGE_CURVE('',#3672,#3673,#123,.T.);
#4685=EDGE_CURVE('',#3673,#3674,#3068,.T.);
#4686=EDGE_CURVE('',#3674,#3671,#124,.T.);
#4687=EDGE_CURVE('',#3672,#3675,#927,.T.);
#4688=EDGE_CURVE('',#3675,#3676,#928,.T.);
#4689=EDGE_CURVE('',#3676,#3673,#929,.T.);
#4690=EDGE_CURVE('',#3675,#3677,#3069,.T.);
#4691=EDGE_CURVE('',#3677,#3678,#930,.T.);
#4692=EDGE_CURVE('',#3678,#3676,#3070,.T.);
#4693=EDGE_CURVE('',#3679,#3680,#931,.T.);
#4694=EDGE_CURVE('',#3680,#3678,#932,.T.);
#4695=EDGE_CURVE('',#3677,#3679,#933,.T.);
#4696=EDGE_CURVE('',#3679,#3681,#3071,.T.);
#4697=EDGE_CURVE('',#3681,#3682,#934,.T.);
#4698=EDGE_CURVE('',#3682,#3680,#3072,.T.);
#4699=EDGE_CURVE('',#3668,#3682,#935,.T.);
#4700=EDGE_CURVE('',#3681,#3669,#936,.T.);
#4701=EDGE_CURVE('',#3664,#3683,#937,.T.);
#4702=EDGE_CURVE('',#3683,#3684,#938,.T.);
#4703=EDGE_CURVE('',#3684,#3665,#939,.T.);
#4704=EDGE_CURVE('',#3683,#3685,#3073,.T.);
#4705=EDGE_CURVE('',#3685,#3686,#940,.T.);
#4706=EDGE_CURVE('',#3686,#3684,#3074,.T.);
#4707=EDGE_CURVE('',#3687,#3688,#941,.T.);
#4708=EDGE_CURVE('',#3688,#3686,#942,.T.);
#4709=EDGE_CURVE('',#3685,#3687,#943,.T.);
#4710=EDGE_CURVE('',#3687,#3689,#3075,.T.);
#4711=EDGE_CURVE('',#3689,#3690,#944,.T.);
#4712=EDGE_CURVE('',#3690,#3688,#3076,.T.);
#4713=EDGE_CURVE('',#3674,#3690,#945,.T.);
#4714=EDGE_CURVE('',#3689,#3671,#946,.T.);
#4715=EDGE_CURVE('',#3670,#3691,#947,.T.);
#4716=EDGE_CURVE('',#3691,#3692,#948,.T.);
#4717=EDGE_CURVE('',#3692,#3667,#949,.T.);
#4718=EDGE_CURVE('',#3691,#3693,#3077,.T.);
#4719=EDGE_CURVE('',#3693,#3694,#950,.T.);
#4720=EDGE_CURVE('',#3694,#3692,#3078,.T.);
#4721=EDGE_CURVE('',#3695,#3696,#951,.T.);
#4722=EDGE_CURVE('',#3696,#3694,#952,.T.);
#4723=EDGE_CURVE('',#3693,#3695,#953,.T.);
#4724=EDGE_CURVE('',#3695,#3697,#3079,.T.);
#4725=EDGE_CURVE('',#3697,#3698,#954,.T.);
#4726=EDGE_CURVE('',#3698,#3696,#3080,.T.);
#4727=EDGE_CURVE('',#3660,#3698,#955,.T.);
#4728=EDGE_CURVE('',#3697,#3661,#956,.T.);
#4729=EDGE_CURVE('',#3662,#3699,#957,.T.);
#4730=EDGE_CURVE('',#3699,#3700,#958,.T.);
#4731=EDGE_CURVE('',#3700,#3659,#959,.T.);
#4732=EDGE_CURVE('',#3699,#3701,#3081,.T.);
#4733=EDGE_CURVE('',#3701,#3702,#960,.T.);
#4734=EDGE_CURVE('',#3702,#3700,#3082,.T.);
#4735=EDGE_CURVE('',#3703,#3704,#961,.T.);
#4736=EDGE_CURVE('',#3704,#3702,#962,.T.);
#4737=EDGE_CURVE('',#3701,#3703,#963,.T.);
#4738=EDGE_CURVE('',#3703,#3705,#3083,.T.);
#4739=EDGE_CURVE('',#3705,#3706,#964,.T.);
#4740=EDGE_CURVE('',#3706,#3704,#3084,.T.);
#4741=EDGE_CURVE('',#3666,#3706,#965,.T.);
#4742=EDGE_CURVE('',#3705,#3663,#966,.T.);
#4743=EDGE_CURVE('',#3707,#3697,#967,.T.);
#4744=EDGE_CURVE('',#3708,#3707,#125,.T.);
#4745=EDGE_CURVE('',#3709,#3708,#968,.T.);
#4746=EDGE_CURVE('',#3710,#3709,#969,.T.);
#4747=EDGE_CURVE('',#3661,#3710,#970,.T.);
#4748=EDGE_CURVE('',#3695,#3711,#971,.T.);
#4749=EDGE_CURVE('',#3707,#3711,#126,.T.);
#4750=EDGE_CURVE('',#3712,#3693,#972,.T.);
#4751=EDGE_CURVE('',#3711,#3712,#127,.T.);
#4752=EDGE_CURVE('',#3691,#3713,#973,.T.);
#4753=EDGE_CURVE('',#3712,#3713,#128,.T.);
#4754=EDGE_CURVE('',#3714,#3670,#974,.T.);
#4755=EDGE_CURVE('',#3715,#3714,#975,.T.);
#4756=EDGE_CURVE('',#3716,#3715,#976,.T.);
#4757=EDGE_CURVE('',#3713,#3716,#129,.T.);
#4758=EDGE_CURVE('',#3669,#3717,#977,.T.);
#4759=EDGE_CURVE('',#3714,#3717,#3085,.T.);
#4760=EDGE_CURVE('',#3718,#3681,#978,.T.);
#4761=EDGE_CURVE('',#3719,#3718,#130,.T.);
#4762=EDGE_CURVE('',#3720,#3719,#979,.T.);
#4763=EDGE_CURVE('',#3717,#3720,#980,.T.);
#4764=EDGE_CURVE('',#3679,#3721,#981,.T.);
#4765=EDGE_CURVE('',#3718,#3721,#131,.T.);
#4766=EDGE_CURVE('',#3722,#3677,#982,.T.);
#4767=EDGE_CURVE('',#3721,#3722,#132,.T.);
#4768=EDGE_CURVE('',#3675,#3723,#983,.T.);
#4769=EDGE_CURVE('',#3722,#3723,#133,.T.);
#4770=EDGE_CURVE('',#3724,#3672,#984,.T.);
#4771=EDGE_CURVE('',#3725,#3724,#985,.T.);
#4772=EDGE_CURVE('',#3726,#3725,#986,.T.);
#4773=EDGE_CURVE('',#3723,#3726,#134,.T.);
#4774=EDGE_CURVE('',#3671,#3727,#987,.T.);
#4775=EDGE_CURVE('',#3724,#3727,#3086,.T.);
#4776=EDGE_CURVE('',#3707,#3728,#3087,.T.);
#4777=EDGE_CURVE('',#3728,#3729,#135,.T.);
#4778=EDGE_CURVE('',#3729,#3708,#3088,.T.);
#4779=EDGE_CURVE('',#3711,#3730,#3089,.T.);
#4780=EDGE_CURVE('',#3730,#3728,#136,.T.);
#4781=EDGE_CURVE('',#3712,#3731,#3090,.T.);
#4782=EDGE_CURVE('',#3731,#3730,#137,.T.);
#4783=EDGE_CURVE('',#3713,#3732,#3091,.T.);
#4784=EDGE_CURVE('',#3732,#3731,#138,.T.);
#4785=EDGE_CURVE('',#3716,#3733,#3092,.T.);
#4786=EDGE_CURVE('',#3733,#3732,#139,.T.);
#4787=EDGE_CURVE('',#3719,#3734,#3093,.T.);
#4788=EDGE_CURVE('',#3734,#3733,#140,.T.);
#4789=EDGE_CURVE('',#3716,#3719,#141,.T.);
#4790=EDGE_CURVE('',#3718,#3735,#3094,.T.);
#4791=EDGE_CURVE('',#3735,#3734,#142,.T.);
#4792=EDGE_CURVE('',#3721,#3736,#3095,.T.);
#4793=EDGE_CURVE('',#3736,#3735,#143,.T.);
#4794=EDGE_CURVE('',#3722,#3737,#3096,.T.);
#4795=EDGE_CURVE('',#3737,#3736,#144,.T.);
#4796=EDGE_CURVE('',#3723,#3738,#3097,.T.);
#4797=EDGE_CURVE('',#3738,#3739,#145,.T.);
#4798=EDGE_CURVE('',#3739,#3737,#146,.T.);
#4799=EDGE_CURVE('',#3726,#3740,#3098,.T.);
#4800=EDGE_CURVE('',#3740,#3738,#147,.T.);
#4801=EDGE_CURVE('',#3741,#3742,#3099,.T.);
#4802=EDGE_CURVE('',#3742,#3740,#148,.T.);
#4803=EDGE_CURVE('',#3726,#3741,#149,.T.);
#4804=EDGE_CURVE('',#3743,#3744,#3100,.T.);
#4805=EDGE_CURVE('',#3744,#3742,#150,.T.);
#4806=EDGE_CURVE('',#3741,#3743,#151,.T.);
#4807=EDGE_CURVE('',#3745,#3746,#3101,.T.);
#4808=EDGE_CURVE('',#3746,#3744,#152,.T.);
#4809=EDGE_CURVE('',#3743,#3745,#153,.T.);
#4810=EDGE_CURVE('',#3747,#3748,#3102,.T.);
#4811=EDGE_CURVE('',#3748,#3746,#154,.T.);
#4812=EDGE_CURVE('',#3745,#3747,#155,.T.);
#4813=EDGE_CURVE('',#3749,#3750,#3103,.T.);
#4814=EDGE_CURVE('',#3750,#3748,#156,.T.);
#4815=EDGE_CURVE('',#3747,#3749,#157,.T.);
#4816=EDGE_CURVE('',#3751,#3752,#3104,.T.);
#4817=EDGE_CURVE('',#3752,#3750,#158,.T.);
#4818=EDGE_CURVE('',#3749,#3751,#159,.T.);
#4819=EDGE_CURVE('',#3753,#3754,#3105,.T.);
#4820=EDGE_CURVE('',#3754,#3752,#160,.T.);
#4821=EDGE_CURVE('',#3751,#3753,#161,.T.);
#4822=EDGE_CURVE('',#3755,#3756,#3106,.T.);
#4823=EDGE_CURVE('',#3756,#3754,#162,.T.);
#4824=EDGE_CURVE('',#3753,#3755,#163,.T.);
#4825=EDGE_CURVE('',#3757,#3758,#3107,.T.);
#4826=EDGE_CURVE('',#3758,#3756,#164,.T.);
#4827=EDGE_CURVE('',#3755,#3757,#165,.T.);
#4828=EDGE_CURVE('',#3759,#3760,#3108,.T.);
#4829=EDGE_CURVE('',#3760,#3758,#166,.T.);
#4830=EDGE_CURVE('',#3757,#3759,#167,.T.);
#4831=EDGE_CURVE('',#3761,#3762,#3109,.T.);
#4832=EDGE_CURVE('',#3762,#3760,#168,.T.);
#4833=EDGE_CURVE('',#3759,#3761,#169,.T.);
#4834=EDGE_CURVE('',#3763,#3764,#3110,.T.);
#4835=EDGE_CURVE('',#3764,#3762,#170,.T.);
#4836=EDGE_CURVE('',#3761,#3763,#171,.T.);
#4837=EDGE_CURVE('',#3729,#3764,#172,.T.);
#4838=EDGE_CURVE('',#3763,#3708,#173,.T.);
#4839=EDGE_CURVE('',#3765,#3725,#3111,.T.);
#4840=EDGE_CURVE('',#3765,#3741,#988,.T.);
#4841=EDGE_CURVE('',#3720,#3715,#3112,.T.);
#4842=EDGE_CURVE('',#3766,#3766,#3113,.T.);
#4843=EDGE_CURVE('',#3766,#3739,#44,.T.);
#4844=EDGE_CURVE('',#3687,#3745,#989,.T.);
#4845=EDGE_CURVE('',#3743,#3689,#990,.T.);
#4846=EDGE_CURVE('',#3747,#3685,#991,.T.);
#4847=EDGE_CURVE('',#3683,#3749,#992,.T.);
#4848=EDGE_CURVE('',#3767,#3664,#993,.T.);
#4849=EDGE_CURVE('',#3768,#3767,#994,.T.);
#4850=EDGE_CURVE('',#3751,#3768,#995,.T.);
#4851=EDGE_CURVE('',#3769,#3768,#3114,.T.);
#4852=EDGE_CURVE('',#3769,#3753,#996,.T.);
#4853=EDGE_CURVE('',#3703,#3757,#997,.T.);
#4854=EDGE_CURVE('',#3755,#3705,#998,.T.);
#4855=EDGE_CURVE('',#3759,#3701,#999,.T.);
#4856=EDGE_CURVE('',#3699,#3761,#1000,.T.);
#4857=EDGE_CURVE('',#3770,#3662,#1001,.T.);
#4858=EDGE_CURVE('',#3771,#3770,#1002,.T.);
#4859=EDGE_CURVE('',#3763,#3771,#1003,.T.);
#4860=EDGE_CURVE('',#3709,#3771,#3115,.T.);
#4861=EDGE_CURVE('',#3770,#3710,#3116,.T.);
#4862=EDGE_CURVE('',#3772,#3769,#1004,.T.);
#4863=EDGE_CURVE('',#3663,#3772,#1005,.T.);
#4864=EDGE_CURVE('',#3727,#3765,#1006,.T.);
#4865=EDGE_CURVE('',#3767,#3772,#3117,.T.);
#4866=EDGE_CURVE('',#3773,#3773,#3118,.T.);
#4867=EDGE_CURVE('',#3773,#3774,#1007,.T.);
#4868=EDGE_CURVE('',#3774,#3774,#3119,.T.);
#4869=EDGE_CURVE('',#3774,#3775,#1008,.T.);
#4870=EDGE_CURVE('',#3775,#3775,#3120,.T.);
#4871=EDGE_CURVE('',#3776,#3776,#3121,.T.);
#4872=EDGE_CURVE('',#3775,#3777,#1009,.T.);
#4873=EDGE_CURVE('',#3777,#3777,#3122,.T.);
#4874=EDGE_CURVE('',#3778,#3778,#3123,.T.);
#4875=EDGE_CURVE('',#3778,#3779,#3124,.T.);
#4876=EDGE_CURVE('',#3779,#3779,#3125,.T.);
#4877=EDGE_CURVE('',#3779,#3776,#1010,.T.);
#4878=EDGE_CURVE('',#3780,#3780,#3126,.T.);
#4879=EDGE_CURVE('',#3780,#3781,#1011,.T.);
#4880=EDGE_CURVE('',#3781,#3781,#3127,.T.);
#4881=EDGE_CURVE('',#3782,#3782,#3128,.T.);
#4882=EDGE_CURVE('',#3782,#3780,#1012,.T.);
#4883=EDGE_CURVE('',#3783,#3783,#3129,.T.);
#4884=EDGE_CURVE('',#3783,#3782,#1013,.T.);
#4885=EDGE_CURVE('',#3784,#3784,#3130,.T.);
#4886=EDGE_CURVE('',#3785,#3785,#3131,.T.);
#4887=EDGE_CURVE('',#3785,#3786,#3132,.T.);
#4888=EDGE_CURVE('',#3786,#3786,#3133,.T.);
#4889=EDGE_CURVE('',#3786,#3784,#1014,.T.);
#4890=EDGE_CURVE('',#3787,#3788,#1015,.T.);
#4891=EDGE_CURVE('',#3788,#3789,#1016,.T.);
#4892=EDGE_CURVE('',#3789,#3790,#1017,.T.);
#4893=EDGE_CURVE('',#3790,#3787,#1018,.T.);
#4894=EDGE_CURVE('',#3791,#3789,#1019,.T.);
#4895=EDGE_CURVE('',#3788,#3792,#1020,.T.);
#4896=EDGE_CURVE('',#3791,#3792,#1021,.T.);
#4897=EDGE_CURVE('',#3793,#3787,#1022,.T.);
#4898=EDGE_CURVE('',#3790,#3794,#1023,.T.);
#4899=EDGE_CURVE('',#3794,#3793,#1024,.T.);
#4900=EDGE_CURVE('',#3792,#3793,#1025,.T.);
#4901=EDGE_CURVE('',#3794,#3791,#1026,.T.);
#4902=EDGE_CURVE('',#3788,#3795,#1027,.T.);
#4903=EDGE_CURVE('',#3796,#3795,#1028,.T.);
#4904=EDGE_CURVE('',#3792,#3796,#1029,.T.);
#4905=EDGE_CURVE('',#3787,#3797,#1030,.T.);
#4906=EDGE_CURVE('',#3795,#3797,#1031,.T.);
#4907=EDGE_CURVE('',#3798,#3799,#1032,.T.);
#4908=EDGE_CURVE('',#3799,#3800,#1033,.T.);
#4909=EDGE_CURVE('',#3800,#3796,#1034,.T.);
#4910=EDGE_CURVE('',#3798,#3796,#1035,.T.);
#4911=EDGE_CURVE('',#3799,#3801,#1036,.T.);
#4912=EDGE_CURVE('',#3801,#3797,#1037,.T.);
#4913=EDGE_CURVE('',#3797,#3800,#1038,.T.);
#4914=EDGE_CURVE('',#3801,#3802,#1039,.T.);
#4915=EDGE_CURVE('',#3802,#3795,#1040,.T.);
#4916=EDGE_CURVE('',#3802,#3798,#1041,.T.);
#4917=EDGE_CURVE('',#3793,#3800,#1042,.T.);
#4918=EDGE_CURVE('',#3803,#3804,#3134,.F.);
#4919=EDGE_CURVE('',#3803,#3805,#1043,.T.);
#4920=EDGE_CURVE('',#3806,#3805,#3135,.F.);
#4921=EDGE_CURVE('',#3806,#3804,#1044,.T.);
#4922=EDGE_CURVE('',#3807,#3808,#3136,.T.);
#4923=EDGE_CURVE('',#3808,#3809,#3137,.T.);
#4924=EDGE_CURVE('',#3809,#3810,#3138,.T.);
#4925=EDGE_CURVE('',#3810,#3807,#3139,.T.);
#4926=EDGE_CURVE('',#3811,#3812,#3140,.T.);
#4927=EDGE_CURVE('',#3812,#3810,#1045,.T.);
#4928=EDGE_CURVE('',#3809,#3811,#1046,.T.);
#4929=EDGE_CURVE('',#3813,#3814,#3141,.T.);
#4930=EDGE_CURVE('',#3814,#3812,#3142,.T.);
#4931=EDGE_CURVE('',#3811,#3813,#3143,.T.);
#4932=EDGE_CURVE('',#3813,#3808,#1047,.T.);
#4933=EDGE_CURVE('',#3807,#3814,#1048,.T.);
#4934=EDGE_CURVE('',#3804,#3807,#1049,.T.);
#4935=EDGE_CURVE('',#3814,#3806,#1050,.T.);
#4936=EDGE_CURVE('',#3810,#3803,#1051,.T.);
#4937=EDGE_CURVE('',#3805,#3812,#1052,.T.);
#4938=EDGE_CURVE('',#3815,#3816,#1053,.T.);
#4939=EDGE_CURVE('',#3816,#3817,#1054,.T.);
#4940=EDGE_CURVE('',#3817,#3818,#1055,.T.);
#4941=EDGE_CURVE('',#3818,#3815,#1056,.T.);
#4942=EDGE_CURVE('',#3819,#3817,#1057,.T.);
#4943=EDGE_CURVE('',#3816,#3820,#1058,.T.);
#4944=EDGE_CURVE('',#3819,#3820,#1059,.T.);
#4945=EDGE_CURVE('',#3821,#3815,#1060,.T.);
#4946=EDGE_CURVE('',#3818,#3822,#1061,.T.);
#4947=EDGE_CURVE('',#3822,#3821,#1062,.T.);
#4948=EDGE_CURVE('',#3820,#3821,#1063,.T.);
#4949=EDGE_CURVE('',#3822,#3819,#1064,.T.);
#4950=EDGE_CURVE('',#3816,#3823,#1065,.T.);
#4951=EDGE_CURVE('',#3824,#3823,#1066,.T.);
#4952=EDGE_CURVE('',#3820,#3824,#1067,.T.);
#4953=EDGE_CURVE('',#3815,#3825,#1068,.T.);
#4954=EDGE_CURVE('',#3823,#3825,#1069,.T.);
#4955=EDGE_CURVE('',#3826,#3827,#1070,.T.);
#4956=EDGE_CURVE('',#3827,#3828,#1071,.T.);
#4957=EDGE_CURVE('',#3828,#3824,#1072,.T.);
#4958=EDGE_CURVE('',#3826,#3824,#1073,.T.);
#4959=EDGE_CURVE('',#3827,#3829,#1074,.T.);
#4960=EDGE_CURVE('',#3829,#3825,#1075,.T.);
#4961=EDGE_CURVE('',#3825,#3828,#1076,.T.);
#4962=EDGE_CURVE('',#3829,#3830,#1077,.T.);
#4963=EDGE_CURVE('',#3830,#3823,#1078,.T.);
#4964=EDGE_CURVE('',#3830,#3826,#1079,.T.);
#4965=EDGE_CURVE('',#3821,#3828,#1080,.T.);
#4966=EDGE_CURVE('',#3831,#3832,#1081,.T.);
#4967=EDGE_CURVE('',#3833,#3832,#3144,.F.);
#4968=EDGE_CURVE('',#3833,#3834,#1082,.T.);
#4969=EDGE_CURVE('',#3831,#3834,#3145,.F.);
#4970=EDGE_CURVE('',#3835,#3836,#3146,.T.);
#4971=EDGE_CURVE('',#3836,#3837,#1083,.T.);
#4972=EDGE_CURVE('',#3837,#3838,#3147,.T.);
#4973=EDGE_CURVE('',#3838,#3835,#1084,.T.);
#4974=EDGE_CURVE('',#3839,#3840,#3148,.T.);
#4975=EDGE_CURVE('',#3840,#3838,#3149,.T.);
#4976=EDGE_CURVE('',#3837,#3839,#3150,.T.);
#4977=EDGE_CURVE('',#3841,#3842,#3151,.T.);
#4978=EDGE_CURVE('',#3842,#3840,#1085,.T.);
#4979=EDGE_CURVE('',#3839,#3841,#1086,.T.);
#4980=EDGE_CURVE('',#3841,#3836,#3152,.T.);
#4981=EDGE_CURVE('',#3835,#3842,#3153,.T.);
#4982=EDGE_CURVE('',#3837,#3831,#1087,.T.);
#4983=EDGE_CURVE('',#3834,#3839,#1088,.T.);
#4984=EDGE_CURVE('',#3832,#3836,#1089,.T.);
#4985=EDGE_CURVE('',#3841,#3833,#1090,.T.);
#4986=ORIENTED_EDGE('',*,*,#3843,.F.);
#4987=ORIENTED_EDGE('',*,*,#3844,.F.);
#4988=ORIENTED_EDGE('',*,*,#3845,.F.);
#4989=ORIENTED_EDGE('',*,*,#3846,.F.);
#4990=ORIENTED_EDGE('',*,*,#3847,.F.);
#4991=ORIENTED_EDGE('',*,*,#3848,.T.);
#4992=ORIENTED_EDGE('',*,*,#3849,.F.);
#4993=ORIENTED_EDGE('',*,*,#3850,.F.);
#4994=ORIENTED_EDGE('',*,*,#3851,.F.);
#4995=ORIENTED_EDGE('',*,*,#3850,.T.);
#4996=ORIENTED_EDGE('',*,*,#3852,.F.);
#4997=ORIENTED_EDGE('',*,*,#3853,.F.);
#4998=ORIENTED_EDGE('',*,*,#3854,.F.);
#4999=ORIENTED_EDGE('',*,*,#3853,.T.);
#5000=ORIENTED_EDGE('',*,*,#3855,.F.);
#5001=ORIENTED_EDGE('',*,*,#3856,.F.);
#5002=ORIENTED_EDGE('',*,*,#3857,.F.);
#5003=ORIENTED_EDGE('',*,*,#3856,.T.);
#5004=ORIENTED_EDGE('',*,*,#3858,.F.);
#5005=ORIENTED_EDGE('',*,*,#3859,.F.);
#5006=ORIENTED_EDGE('',*,*,#3860,.F.);
#5007=ORIENTED_EDGE('',*,*,#3859,.T.);
#5008=ORIENTED_EDGE('',*,*,#3861,.F.);
#5009=ORIENTED_EDGE('',*,*,#3862,.F.);
#5010=ORIENTED_EDGE('',*,*,#3863,.F.);
#5011=ORIENTED_EDGE('',*,*,#3862,.T.);
#5012=ORIENTED_EDGE('',*,*,#3864,.F.);
#5013=ORIENTED_EDGE('',*,*,#3865,.F.);
#5014=ORIENTED_EDGE('',*,*,#3866,.F.);
#5015=ORIENTED_EDGE('',*,*,#3865,.T.);
#5016=ORIENTED_EDGE('',*,*,#3867,.F.);
#5017=ORIENTED_EDGE('',*,*,#3868,.F.);
#5018=ORIENTED_EDGE('',*,*,#3869,.F.);
#5019=ORIENTED_EDGE('',*,*,#3868,.T.);
#5020=ORIENTED_EDGE('',*,*,#3870,.F.);
#5021=ORIENTED_EDGE('',*,*,#3848,.F.);
#5022=ORIENTED_EDGE('',*,*,#3870,.T.);
#5023=ORIENTED_EDGE('',*,*,#3867,.T.);
#5024=ORIENTED_EDGE('',*,*,#3864,.T.);
#5025=ORIENTED_EDGE('',*,*,#3861,.T.);
#5026=ORIENTED_EDGE('',*,*,#3858,.T.);
#5027=ORIENTED_EDGE('',*,*,#3855,.T.);
#5028=ORIENTED_EDGE('',*,*,#3852,.T.);
#5029=ORIENTED_EDGE('',*,*,#3849,.T.);
#5030=ORIENTED_EDGE('',*,*,#3871,.T.);
#5031=ORIENTED_EDGE('',*,*,#3872,.T.);
#5032=ORIENTED_EDGE('',*,*,#3873,.T.);
#5033=ORIENTED_EDGE('',*,*,#3874,.T.);
#5034=ORIENTED_EDGE('',*,*,#3875,.T.);
#5035=ORIENTED_EDGE('',*,*,#3876,.T.);
#5036=ORIENTED_EDGE('',*,*,#3871,.F.);
#5037=ORIENTED_EDGE('',*,*,#3877,.T.);
#5038=ORIENTED_EDGE('',*,*,#3878,.T.);
#5039=ORIENTED_EDGE('',*,*,#3879,.T.);
#5040=ORIENTED_EDGE('',*,*,#3875,.F.);
#5041=ORIENTED_EDGE('',*,*,#3880,.T.);
#5042=ORIENTED_EDGE('',*,*,#3881,.T.);
#5043=ORIENTED_EDGE('',*,*,#3882,.T.);
#5044=ORIENTED_EDGE('',*,*,#3878,.F.);
#5045=ORIENTED_EDGE('',*,*,#3883,.T.);
#5046=ORIENTED_EDGE('',*,*,#3884,.T.);
#5047=ORIENTED_EDGE('',*,*,#3885,.T.);
#5048=ORIENTED_EDGE('',*,*,#3881,.F.);
#5049=ORIENTED_EDGE('',*,*,#3886,.T.);
#5050=ORIENTED_EDGE('',*,*,#3887,.T.);
#5051=ORIENTED_EDGE('',*,*,#3888,.T.);
#5052=ORIENTED_EDGE('',*,*,#3884,.F.);
#5053=ORIENTED_EDGE('',*,*,#3889,.T.);
#5054=ORIENTED_EDGE('',*,*,#3890,.T.);
#5055=ORIENTED_EDGE('',*,*,#3891,.T.);
#5056=ORIENTED_EDGE('',*,*,#3887,.F.);
#5057=ORIENTED_EDGE('',*,*,#3892,.T.);
#5058=ORIENTED_EDGE('',*,*,#3873,.F.);
#5059=ORIENTED_EDGE('',*,*,#3893,.T.);
#5060=ORIENTED_EDGE('',*,*,#3890,.F.);
#5061=ORIENTED_EDGE('',*,*,#3894,.T.);
#5062=ORIENTED_EDGE('',*,*,#3888,.F.);
#5063=ORIENTED_EDGE('',*,*,#3895,.F.);
#5064=ORIENTED_EDGE('',*,*,#3896,.F.);
#5065=ORIENTED_EDGE('',*,*,#3897,.F.);
#5066=ORIENTED_EDGE('',*,*,#3891,.F.);
#5067=ORIENTED_EDGE('',*,*,#3898,.T.);
#5068=ORIENTED_EDGE('',*,*,#3899,.F.);
#5069=ORIENTED_EDGE('',*,*,#3895,.T.);
#5070=ORIENTED_EDGE('',*,*,#3893,.F.);
#5071=ORIENTED_EDGE('',*,*,#3900,.F.);
#5072=ORIENTED_EDGE('',*,*,#3901,.F.);
#5073=ORIENTED_EDGE('',*,*,#3898,.F.);
#5074=ORIENTED_EDGE('',*,*,#3872,.F.);
#5075=ORIENTED_EDGE('',*,*,#3902,.T.);
#5076=ORIENTED_EDGE('',*,*,#3903,.F.);
#5077=ORIENTED_EDGE('',*,*,#3900,.T.);
#5078=ORIENTED_EDGE('',*,*,#3904,.F.);
#5079=ORIENTED_EDGE('',*,*,#3905,.F.);
#5080=ORIENTED_EDGE('',*,*,#3906,.T.);
#5081=ORIENTED_EDGE('',*,*,#3907,.F.);
#5082=ORIENTED_EDGE('',*,*,#3908,.F.);
#5083=ORIENTED_EDGE('',*,*,#3909,.F.);
#5084=ORIENTED_EDGE('',*,*,#3910,.F.);
#5085=ORIENTED_EDGE('',*,*,#3911,.F.);
#5086=ORIENTED_EDGE('',*,*,#3912,.F.);
#5087=ORIENTED_EDGE('',*,*,#3913,.F.);
#5088=ORIENTED_EDGE('',*,*,#3914,.F.);
#5089=ORIENTED_EDGE('',*,*,#3915,.F.);
#5090=ORIENTED_EDGE('',*,*,#3916,.F.);
#5091=ORIENTED_EDGE('',*,*,#3917,.F.);
#5092=ORIENTED_EDGE('',*,*,#3918,.F.);
#5093=ORIENTED_EDGE('',*,*,#3919,.F.);
#5094=ORIENTED_EDGE('',*,*,#3920,.F.);
#5095=ORIENTED_EDGE('',*,*,#3921,.F.);
#5096=ORIENTED_EDGE('',*,*,#3847,.T.);
#5097=ORIENTED_EDGE('',*,*,#3851,.T.);
#5098=ORIENTED_EDGE('',*,*,#3854,.T.);
#5099=ORIENTED_EDGE('',*,*,#3857,.T.);
#5100=ORIENTED_EDGE('',*,*,#3860,.T.);
#5101=ORIENTED_EDGE('',*,*,#3863,.T.);
#5102=ORIENTED_EDGE('',*,*,#3866,.T.);
#5103=ORIENTED_EDGE('',*,*,#3869,.T.);
#5104=ORIENTED_EDGE('',*,*,#3922,.F.);
#5105=ORIENTED_EDGE('',*,*,#3923,.F.);
#5106=ORIENTED_EDGE('',*,*,#3924,.F.);
#5107=ORIENTED_EDGE('',*,*,#3925,.F.);
#5108=ORIENTED_EDGE('',*,*,#3926,.F.);
#5109=ORIENTED_EDGE('',*,*,#3927,.F.);
#5110=ORIENTED_EDGE('',*,*,#3928,.F.);
#5111=ORIENTED_EDGE('',*,*,#3929,.F.);
#5112=ORIENTED_EDGE('',*,*,#3930,.F.);
#5113=ORIENTED_EDGE('',*,*,#3931,.F.);
#5114=ORIENTED_EDGE('',*,*,#3932,.F.);
#5115=ORIENTED_EDGE('',*,*,#3933,.F.);
#5116=ORIENTED_EDGE('',*,*,#3934,.F.);
#5117=ORIENTED_EDGE('',*,*,#3935,.F.);
#5118=ORIENTED_EDGE('',*,*,#3936,.F.);
#5119=ORIENTED_EDGE('',*,*,#3937,.F.);
#5120=ORIENTED_EDGE('',*,*,#3938,.F.);
#5121=ORIENTED_EDGE('',*,*,#3939,.F.);
#5122=ORIENTED_EDGE('',*,*,#3940,.F.);
#5123=ORIENTED_EDGE('',*,*,#3941,.F.);
#5124=ORIENTED_EDGE('',*,*,#3942,.F.);
#5125=ORIENTED_EDGE('',*,*,#3943,.F.);
#5126=ORIENTED_EDGE('',*,*,#3944,.F.);
#5127=ORIENTED_EDGE('',*,*,#3945,.F.);
#5128=ORIENTED_EDGE('',*,*,#3946,.F.);
#5129=ORIENTED_EDGE('',*,*,#3947,.F.);
#5130=ORIENTED_EDGE('',*,*,#3948,.F.);
#5131=ORIENTED_EDGE('',*,*,#3949,.F.);
#5132=ORIENTED_EDGE('',*,*,#3950,.F.);
#5133=ORIENTED_EDGE('',*,*,#3951,.F.);
#5134=ORIENTED_EDGE('',*,*,#3952,.F.);
#5135=ORIENTED_EDGE('',*,*,#3953,.F.);
#5136=ORIENTED_EDGE('',*,*,#3954,.F.);
#5137=ORIENTED_EDGE('',*,*,#3955,.F.);
#5138=ORIENTED_EDGE('',*,*,#3874,.F.);
#5139=ORIENTED_EDGE('',*,*,#3894,.F.);
#5140=ORIENTED_EDGE('',*,*,#3892,.F.);
#5141=ORIENTED_EDGE('',*,*,#3889,.F.);
#5142=ORIENTED_EDGE('',*,*,#3886,.F.);
#5143=ORIENTED_EDGE('',*,*,#3883,.F.);
#5144=ORIENTED_EDGE('',*,*,#3880,.F.);
#5145=ORIENTED_EDGE('',*,*,#3877,.F.);
#5146=ORIENTED_EDGE('',*,*,#3956,.T.);
#5147=ORIENTED_EDGE('',*,*,#3957,.T.);
#5148=ORIENTED_EDGE('',*,*,#3958,.T.);
#5149=ORIENTED_EDGE('',*,*,#3922,.T.);
#5150=ORIENTED_EDGE('',*,*,#3959,.T.);
#5151=ORIENTED_EDGE('',*,*,#3960,.T.);
#5152=ORIENTED_EDGE('',*,*,#3956,.F.);
#5153=ORIENTED_EDGE('',*,*,#3929,.T.);
#5154=ORIENTED_EDGE('',*,*,#3961,.T.);
#5155=ORIENTED_EDGE('',*,*,#3962,.T.);
#5156=ORIENTED_EDGE('',*,*,#3959,.F.);
#5157=ORIENTED_EDGE('',*,*,#3928,.T.);
#5158=ORIENTED_EDGE('',*,*,#3963,.T.);
#5159=ORIENTED_EDGE('',*,*,#3964,.T.);
#5160=ORIENTED_EDGE('',*,*,#3961,.F.);
#5161=ORIENTED_EDGE('',*,*,#3927,.T.);
#5162=ORIENTED_EDGE('',*,*,#3965,.T.);
#5163=ORIENTED_EDGE('',*,*,#3966,.T.);
#5164=ORIENTED_EDGE('',*,*,#3963,.F.);
#5165=ORIENTED_EDGE('',*,*,#3926,.T.);
#5166=ORIENTED_EDGE('',*,*,#3967,.T.);
#5167=ORIENTED_EDGE('',*,*,#3968,.T.);
#5168=ORIENTED_EDGE('',*,*,#3965,.F.);
#5169=ORIENTED_EDGE('',*,*,#3925,.T.);
#5170=ORIENTED_EDGE('',*,*,#3969,.T.);
#5171=ORIENTED_EDGE('',*,*,#3970,.T.);
#5172=ORIENTED_EDGE('',*,*,#3967,.F.);
#5173=ORIENTED_EDGE('',*,*,#3924,.T.);
#5174=ORIENTED_EDGE('',*,*,#3958,.F.);
#5175=ORIENTED_EDGE('',*,*,#3971,.T.);
#5176=ORIENTED_EDGE('',*,*,#3969,.F.);
#5177=ORIENTED_EDGE('',*,*,#3923,.T.);
#5178=ORIENTED_EDGE('',*,*,#3968,.F.);
#5179=ORIENTED_EDGE('',*,*,#3972,.T.);
#5180=ORIENTED_EDGE('',*,*,#3973,.F.);
#5181=ORIENTED_EDGE('',*,*,#3974,.T.);
#5182=ORIENTED_EDGE('',*,*,#3970,.F.);
#5183=ORIENTED_EDGE('',*,*,#3975,.F.);
#5184=ORIENTED_EDGE('',*,*,#3976,.F.);
#5185=ORIENTED_EDGE('',*,*,#3972,.F.);
#5186=ORIENTED_EDGE('',*,*,#3971,.F.);
#5187=ORIENTED_EDGE('',*,*,#3977,.T.);
#5188=ORIENTED_EDGE('',*,*,#3978,.F.);
#5189=ORIENTED_EDGE('',*,*,#3975,.T.);
#5190=ORIENTED_EDGE('',*,*,#3957,.F.);
#5191=ORIENTED_EDGE('',*,*,#3979,.F.);
#5192=ORIENTED_EDGE('',*,*,#3980,.F.);
#5193=ORIENTED_EDGE('',*,*,#3977,.F.);
#5194=ORIENTED_EDGE('',*,*,#3981,.T.);
#5195=ORIENTED_EDGE('',*,*,#3982,.T.);
#5196=ORIENTED_EDGE('',*,*,#3955,.T.);
#5197=ORIENTED_EDGE('',*,*,#3982,.F.);
#5198=ORIENTED_EDGE('',*,*,#3983,.F.);
#5199=ORIENTED_EDGE('',*,*,#3984,.T.);
#5200=ORIENTED_EDGE('',*,*,#3981,.F.);
#5201=ORIENTED_EDGE('',*,*,#3984,.F.);
#5202=ORIENTED_EDGE('',*,*,#3985,.T.);
#5203=ORIENTED_EDGE('',*,*,#3986,.T.);
#5204=ORIENTED_EDGE('',*,*,#3930,.T.);
#5205=ORIENTED_EDGE('',*,*,#3986,.F.);
#5206=ORIENTED_EDGE('',*,*,#3987,.F.);
#5207=ORIENTED_EDGE('',*,*,#3988,.T.);
#5208=ORIENTED_EDGE('',*,*,#3985,.F.);
#5209=ORIENTED_EDGE('',*,*,#3988,.F.);
#5210=ORIENTED_EDGE('',*,*,#3989,.T.);
#5211=ORIENTED_EDGE('',*,*,#3990,.T.);
#5212=ORIENTED_EDGE('',*,*,#3991,.T.);
#5213=ORIENTED_EDGE('',*,*,#3931,.T.);
#5214=ORIENTED_EDGE('',*,*,#3992,.T.);
#5215=ORIENTED_EDGE('',*,*,#3993,.T.);
#5216=ORIENTED_EDGE('',*,*,#3989,.F.);
#5217=ORIENTED_EDGE('',*,*,#3954,.T.);
#5218=ORIENTED_EDGE('',*,*,#3994,.T.);
#5219=ORIENTED_EDGE('',*,*,#3995,.T.);
#5220=ORIENTED_EDGE('',*,*,#3992,.F.);
#5221=ORIENTED_EDGE('',*,*,#3953,.T.);
#5222=ORIENTED_EDGE('',*,*,#3996,.T.);
#5223=ORIENTED_EDGE('',*,*,#3997,.T.);
#5224=ORIENTED_EDGE('',*,*,#3994,.F.);
#5225=ORIENTED_EDGE('',*,*,#3952,.T.);
#5226=ORIENTED_EDGE('',*,*,#3998,.T.);
#5227=ORIENTED_EDGE('',*,*,#3999,.T.);
#5228=ORIENTED_EDGE('',*,*,#3996,.F.);
#5229=ORIENTED_EDGE('',*,*,#3951,.T.);
#5230=ORIENTED_EDGE('',*,*,#4000,.T.);
#5231=ORIENTED_EDGE('',*,*,#4001,.T.);
#5232=ORIENTED_EDGE('',*,*,#3998,.F.);
#5233=ORIENTED_EDGE('',*,*,#3950,.T.);
#5234=ORIENTED_EDGE('',*,*,#4002,.T.);
#5235=ORIENTED_EDGE('',*,*,#4003,.T.);
#5236=ORIENTED_EDGE('',*,*,#4000,.F.);
#5237=ORIENTED_EDGE('',*,*,#3949,.T.);
#5238=ORIENTED_EDGE('',*,*,#4004,.T.);
#5239=ORIENTED_EDGE('',*,*,#4005,.T.);
#5240=ORIENTED_EDGE('',*,*,#4002,.F.);
#5241=ORIENTED_EDGE('',*,*,#3948,.T.);
#5242=ORIENTED_EDGE('',*,*,#4006,.T.);
#5243=ORIENTED_EDGE('',*,*,#4007,.T.);
#5244=ORIENTED_EDGE('',*,*,#4004,.F.);
#5245=ORIENTED_EDGE('',*,*,#3947,.T.);
#5246=ORIENTED_EDGE('',*,*,#4008,.T.);
#5247=ORIENTED_EDGE('',*,*,#4009,.T.);
#5248=ORIENTED_EDGE('',*,*,#4006,.F.);
#5249=ORIENTED_EDGE('',*,*,#3946,.T.);
#5250=ORIENTED_EDGE('',*,*,#4010,.T.);
#5251=ORIENTED_EDGE('',*,*,#4011,.T.);
#5252=ORIENTED_EDGE('',*,*,#4008,.F.);
#5253=ORIENTED_EDGE('',*,*,#3945,.T.);
#5254=ORIENTED_EDGE('',*,*,#4012,.T.);
#5255=ORIENTED_EDGE('',*,*,#4013,.T.);
#5256=ORIENTED_EDGE('',*,*,#4010,.F.);
#5257=ORIENTED_EDGE('',*,*,#3944,.T.);
#5258=ORIENTED_EDGE('',*,*,#4014,.T.);
#5259=ORIENTED_EDGE('',*,*,#4015,.T.);
#5260=ORIENTED_EDGE('',*,*,#4012,.F.);
#5261=ORIENTED_EDGE('',*,*,#3943,.T.);
#5262=ORIENTED_EDGE('',*,*,#4016,.T.);
#5263=ORIENTED_EDGE('',*,*,#4017,.T.);
#5264=ORIENTED_EDGE('',*,*,#4014,.F.);
#5265=ORIENTED_EDGE('',*,*,#3942,.T.);
#5266=ORIENTED_EDGE('',*,*,#4018,.T.);
#5267=ORIENTED_EDGE('',*,*,#4019,.T.);
#5268=ORIENTED_EDGE('',*,*,#4016,.F.);
#5269=ORIENTED_EDGE('',*,*,#3941,.T.);
#5270=ORIENTED_EDGE('',*,*,#4020,.T.);
#5271=ORIENTED_EDGE('',*,*,#4021,.T.);
#5272=ORIENTED_EDGE('',*,*,#4018,.F.);
#5273=ORIENTED_EDGE('',*,*,#3940,.T.);
#5274=ORIENTED_EDGE('',*,*,#4022,.T.);
#5275=ORIENTED_EDGE('',*,*,#4023,.T.);
#5276=ORIENTED_EDGE('',*,*,#4020,.F.);
#5277=ORIENTED_EDGE('',*,*,#3939,.T.);
#5278=ORIENTED_EDGE('',*,*,#4024,.T.);
#5279=ORIENTED_EDGE('',*,*,#4025,.T.);
#5280=ORIENTED_EDGE('',*,*,#4022,.F.);
#5281=ORIENTED_EDGE('',*,*,#3938,.T.);
#5282=ORIENTED_EDGE('',*,*,#4026,.T.);
#5283=ORIENTED_EDGE('',*,*,#4027,.T.);
#5284=ORIENTED_EDGE('',*,*,#4024,.F.);
#5285=ORIENTED_EDGE('',*,*,#3937,.T.);
#5286=ORIENTED_EDGE('',*,*,#4028,.T.);
#5287=ORIENTED_EDGE('',*,*,#4029,.T.);
#5288=ORIENTED_EDGE('',*,*,#4026,.F.);
#5289=ORIENTED_EDGE('',*,*,#3936,.T.);
#5290=ORIENTED_EDGE('',*,*,#4030,.T.);
#5291=ORIENTED_EDGE('',*,*,#4031,.T.);
#5292=ORIENTED_EDGE('',*,*,#4028,.F.);
#5293=ORIENTED_EDGE('',*,*,#3935,.T.);
#5294=ORIENTED_EDGE('',*,*,#4032,.T.);
#5295=ORIENTED_EDGE('',*,*,#4033,.T.);
#5296=ORIENTED_EDGE('',*,*,#4030,.F.);
#5297=ORIENTED_EDGE('',*,*,#3934,.T.);
#5298=ORIENTED_EDGE('',*,*,#4034,.T.);
#5299=ORIENTED_EDGE('',*,*,#4035,.T.);
#5300=ORIENTED_EDGE('',*,*,#4032,.F.);
#5301=ORIENTED_EDGE('',*,*,#3933,.T.);
#5302=ORIENTED_EDGE('',*,*,#3991,.F.);
#5303=ORIENTED_EDGE('',*,*,#4036,.T.);
#5304=ORIENTED_EDGE('',*,*,#4034,.F.);
#5305=ORIENTED_EDGE('',*,*,#3932,.T.);
#5306=ORIENTED_EDGE('',*,*,#4017,.F.);
#5307=ORIENTED_EDGE('',*,*,#4037,.T.);
#5308=ORIENTED_EDGE('',*,*,#4038,.F.);
#5309=ORIENTED_EDGE('',*,*,#4039,.T.);
#5310=ORIENTED_EDGE('',*,*,#4019,.F.);
#5311=ORIENTED_EDGE('',*,*,#4040,.F.);
#5312=ORIENTED_EDGE('',*,*,#4041,.F.);
#5313=ORIENTED_EDGE('',*,*,#4037,.F.);
#5314=ORIENTED_EDGE('',*,*,#4021,.F.);
#5315=ORIENTED_EDGE('',*,*,#4042,.T.);
#5316=ORIENTED_EDGE('',*,*,#4043,.F.);
#5317=ORIENTED_EDGE('',*,*,#4040,.T.);
#5318=ORIENTED_EDGE('',*,*,#4023,.F.);
#5319=ORIENTED_EDGE('',*,*,#4044,.F.);
#5320=ORIENTED_EDGE('',*,*,#4045,.F.);
#5321=ORIENTED_EDGE('',*,*,#4042,.F.);
#5322=ORIENTED_EDGE('',*,*,#4025,.F.);
#5323=ORIENTED_EDGE('',*,*,#4046,.T.);
#5324=ORIENTED_EDGE('',*,*,#4047,.F.);
#5325=ORIENTED_EDGE('',*,*,#4044,.T.);
#5326=ORIENTED_EDGE('',*,*,#4027,.F.);
#5327=ORIENTED_EDGE('',*,*,#4048,.F.);
#5328=ORIENTED_EDGE('',*,*,#4049,.F.);
#5329=ORIENTED_EDGE('',*,*,#4046,.F.);
#5330=ORIENTED_EDGE('',*,*,#4029,.F.);
#5331=ORIENTED_EDGE('',*,*,#4050,.T.);
#5332=ORIENTED_EDGE('',*,*,#4051,.F.);
#5333=ORIENTED_EDGE('',*,*,#4048,.T.);
#5334=ORIENTED_EDGE('',*,*,#4031,.F.);
#5335=ORIENTED_EDGE('',*,*,#4052,.F.);
#5336=ORIENTED_EDGE('',*,*,#4053,.F.);
#5337=ORIENTED_EDGE('',*,*,#4050,.F.);
#5338=ORIENTED_EDGE('',*,*,#4033,.F.);
#5339=ORIENTED_EDGE('',*,*,#4054,.T.);
#5340=ORIENTED_EDGE('',*,*,#4055,.F.);
#5341=ORIENTED_EDGE('',*,*,#4052,.T.);
#5342=ORIENTED_EDGE('',*,*,#4035,.F.);
#5343=ORIENTED_EDGE('',*,*,#4056,.F.);
#5344=ORIENTED_EDGE('',*,*,#4057,.F.);
#5345=ORIENTED_EDGE('',*,*,#4054,.F.);
#5346=ORIENTED_EDGE('',*,*,#4036,.F.);
#5347=ORIENTED_EDGE('',*,*,#4058,.T.);
#5348=ORIENTED_EDGE('',*,*,#4059,.F.);
#5349=ORIENTED_EDGE('',*,*,#4056,.T.);
#5350=ORIENTED_EDGE('',*,*,#3990,.F.);
#5351=ORIENTED_EDGE('',*,*,#4060,.F.);
#5352=ORIENTED_EDGE('',*,*,#4061,.F.);
#5353=ORIENTED_EDGE('',*,*,#4058,.F.);
#5354=ORIENTED_EDGE('',*,*,#4062,.T.);
#5355=ORIENTED_EDGE('',*,*,#3903,.T.);
#5356=ORIENTED_EDGE('',*,*,#4063,.T.);
#5357=ORIENTED_EDGE('',*,*,#4064,.T.);
#5358=ORIENTED_EDGE('',*,*,#4062,.F.);
#5359=ORIENTED_EDGE('',*,*,#4065,.T.);
#5360=ORIENTED_EDGE('',*,*,#4066,.T.);
#5361=ORIENTED_EDGE('',*,*,#3901,.T.);
#5362=ORIENTED_EDGE('',*,*,#4067,.T.);
#5363=ORIENTED_EDGE('',*,*,#3899,.T.);
#5364=ORIENTED_EDGE('',*,*,#4066,.F.);
#5365=ORIENTED_EDGE('',*,*,#4068,.T.);
#5366=ORIENTED_EDGE('',*,*,#4067,.F.);
#5367=ORIENTED_EDGE('',*,*,#4069,.T.);
#5368=ORIENTED_EDGE('',*,*,#4070,.T.);
#5369=ORIENTED_EDGE('',*,*,#3896,.T.);
#5370=ORIENTED_EDGE('',*,*,#4071,.T.);
#5371=ORIENTED_EDGE('',*,*,#4072,.T.);
#5372=ORIENTED_EDGE('',*,*,#4070,.F.);
#5373=ORIENTED_EDGE('',*,*,#4073,.T.);
#5374=ORIENTED_EDGE('',*,*,#4071,.F.);
#5375=ORIENTED_EDGE('',*,*,#4074,.T.);
#5376=ORIENTED_EDGE('',*,*,#4075,.T.);
#5377=ORIENTED_EDGE('',*,*,#4076,.T.);
#5378=ORIENTED_EDGE('',*,*,#4077,.T.);
#5379=ORIENTED_EDGE('',*,*,#4078,.T.);
#5380=ORIENTED_EDGE('',*,*,#4075,.F.);
#5381=ORIENTED_EDGE('',*,*,#4079,.T.);
#5382=ORIENTED_EDGE('',*,*,#4077,.F.);
#5383=ORIENTED_EDGE('',*,*,#4080,.T.);
#5384=ORIENTED_EDGE('',*,*,#4063,.F.);
#5385=ORIENTED_EDGE('',*,*,#4081,.T.);
#5386=ORIENTED_EDGE('',*,*,#3882,.F.);
#5387=ORIENTED_EDGE('',*,*,#4082,.F.);
#5388=ORIENTED_EDGE('',*,*,#4076,.F.);
#5389=ORIENTED_EDGE('',*,*,#4083,.F.);
#5390=ORIENTED_EDGE('',*,*,#3879,.F.);
#5391=ORIENTED_EDGE('',*,*,#4083,.T.);
#5392=ORIENTED_EDGE('',*,*,#4078,.F.);
#5393=ORIENTED_EDGE('',*,*,#4084,.T.);
#5394=ORIENTED_EDGE('',*,*,#3876,.F.);
#5395=ORIENTED_EDGE('',*,*,#4084,.F.);
#5396=ORIENTED_EDGE('',*,*,#4081,.F.);
#5397=ORIENTED_EDGE('',*,*,#3902,.F.);
#5398=ORIENTED_EDGE('',*,*,#4085,.F.);
#5399=ORIENTED_EDGE('',*,*,#4086,.T.);
#5400=ORIENTED_EDGE('',*,*,#4087,.F.);
#5401=ORIENTED_EDGE('',*,*,#4088,.T.);
#5402=ORIENTED_EDGE('',*,*,#4089,.F.);
#5403=ORIENTED_EDGE('',*,*,#4090,.T.);
#5404=ORIENTED_EDGE('',*,*,#4091,.F.);
#5405=ORIENTED_EDGE('',*,*,#4092,.T.);
#5406=ORIENTED_EDGE('',*,*,#4093,.F.);
#5407=ORIENTED_EDGE('',*,*,#4094,.F.);
#5408=ORIENTED_EDGE('',*,*,#4095,.F.);
#5409=ORIENTED_EDGE('',*,*,#4096,.F.);
#5410=ORIENTED_EDGE('',*,*,#4097,.F.);
#5411=ORIENTED_EDGE('',*,*,#4098,.F.);
#5412=ORIENTED_EDGE('',*,*,#4099,.F.);
#5413=ORIENTED_EDGE('',*,*,#4100,.F.);
#5414=ORIENTED_EDGE('',*,*,#4064,.F.);
#5415=ORIENTED_EDGE('',*,*,#4080,.F.);
#5416=ORIENTED_EDGE('',*,*,#4079,.F.);
#5417=ORIENTED_EDGE('',*,*,#4074,.F.);
#5418=ORIENTED_EDGE('',*,*,#4073,.F.);
#5419=ORIENTED_EDGE('',*,*,#4069,.F.);
#5420=ORIENTED_EDGE('',*,*,#4068,.F.);
#5421=ORIENTED_EDGE('',*,*,#4065,.F.);
#5422=ORIENTED_EDGE('',*,*,#4101,.T.);
#5423=ORIENTED_EDGE('',*,*,#4102,.T.);
#5424=ORIENTED_EDGE('',*,*,#4103,.T.);
#5425=ORIENTED_EDGE('',*,*,#4093,.T.);
#5426=ORIENTED_EDGE('',*,*,#4101,.F.);
#5427=ORIENTED_EDGE('',*,*,#4100,.T.);
#5428=ORIENTED_EDGE('',*,*,#4104,.T.);
#5429=ORIENTED_EDGE('',*,*,#3980,.T.);
#5430=ORIENTED_EDGE('',*,*,#4105,.T.);
#5431=ORIENTED_EDGE('',*,*,#3978,.T.);
#5432=ORIENTED_EDGE('',*,*,#4104,.F.);
#5433=ORIENTED_EDGE('',*,*,#4099,.T.);
#5434=ORIENTED_EDGE('',*,*,#4105,.F.);
#5435=ORIENTED_EDGE('',*,*,#4098,.T.);
#5436=ORIENTED_EDGE('',*,*,#4106,.T.);
#5437=ORIENTED_EDGE('',*,*,#3976,.T.);
#5438=ORIENTED_EDGE('',*,*,#4107,.T.);
#5439=ORIENTED_EDGE('',*,*,#3973,.T.);
#5440=ORIENTED_EDGE('',*,*,#4106,.F.);
#5441=ORIENTED_EDGE('',*,*,#4097,.T.);
#5442=ORIENTED_EDGE('',*,*,#4107,.F.);
#5443=ORIENTED_EDGE('',*,*,#4096,.T.);
#5444=ORIENTED_EDGE('',*,*,#4108,.T.);
#5445=ORIENTED_EDGE('',*,*,#4109,.T.);
#5446=ORIENTED_EDGE('',*,*,#4110,.T.);
#5447=ORIENTED_EDGE('',*,*,#4111,.T.);
#5448=ORIENTED_EDGE('',*,*,#4108,.F.);
#5449=ORIENTED_EDGE('',*,*,#4095,.T.);
#5450=ORIENTED_EDGE('',*,*,#4110,.F.);
#5451=ORIENTED_EDGE('',*,*,#4094,.T.);
#5452=ORIENTED_EDGE('',*,*,#4103,.F.);
#5453=ORIENTED_EDGE('',*,*,#4112,.T.);
#5454=ORIENTED_EDGE('',*,*,#3966,.F.);
#5455=ORIENTED_EDGE('',*,*,#3974,.F.);
#5456=ORIENTED_EDGE('',*,*,#4109,.F.);
#5457=ORIENTED_EDGE('',*,*,#4113,.F.);
#5458=ORIENTED_EDGE('',*,*,#3964,.F.);
#5459=ORIENTED_EDGE('',*,*,#4113,.T.);
#5460=ORIENTED_EDGE('',*,*,#4111,.F.);
#5461=ORIENTED_EDGE('',*,*,#4114,.T.);
#5462=ORIENTED_EDGE('',*,*,#3962,.F.);
#5463=ORIENTED_EDGE('',*,*,#4114,.F.);
#5464=ORIENTED_EDGE('',*,*,#4112,.F.);
#5465=ORIENTED_EDGE('',*,*,#4115,.F.);
#5466=ORIENTED_EDGE('',*,*,#3960,.F.);
#5467=ORIENTED_EDGE('',*,*,#4115,.T.);
#5468=ORIENTED_EDGE('',*,*,#4102,.F.);
#5469=ORIENTED_EDGE('',*,*,#3979,.T.);
#5470=ORIENTED_EDGE('',*,*,#4116,.T.);
#5471=ORIENTED_EDGE('',*,*,#4117,.T.);
#5472=ORIENTED_EDGE('',*,*,#3983,.T.);
#5473=ORIENTED_EDGE('',*,*,#4117,.F.);
#5474=ORIENTED_EDGE('',*,*,#4118,.F.);
#5475=ORIENTED_EDGE('',*,*,#4119,.T.);
#5476=ORIENTED_EDGE('',*,*,#4120,.F.);
#5477=ORIENTED_EDGE('',*,*,#4121,.T.);
#5478=ORIENTED_EDGE('',*,*,#4122,.F.);
#5479=ORIENTED_EDGE('',*,*,#4123,.T.);
#5480=ORIENTED_EDGE('',*,*,#4124,.F.);
#5481=ORIENTED_EDGE('',*,*,#4125,.T.);
#5482=ORIENTED_EDGE('',*,*,#4126,.F.);
#5483=ORIENTED_EDGE('',*,*,#4127,.T.);
#5484=ORIENTED_EDGE('',*,*,#4128,.F.);
#5485=ORIENTED_EDGE('',*,*,#4129,.T.);
#5486=ORIENTED_EDGE('',*,*,#4130,.F.);
#5487=ORIENTED_EDGE('',*,*,#4131,.T.);
#5488=ORIENTED_EDGE('',*,*,#4132,.F.);
#5489=ORIENTED_EDGE('',*,*,#4133,.T.);
#5490=ORIENTED_EDGE('',*,*,#4134,.F.);
#5491=ORIENTED_EDGE('',*,*,#4135,.F.);
#5492=ORIENTED_EDGE('',*,*,#4136,.F.);
#5493=ORIENTED_EDGE('',*,*,#4137,.F.);
#5494=ORIENTED_EDGE('',*,*,#4138,.F.);
#5495=ORIENTED_EDGE('',*,*,#4139,.F.);
#5496=ORIENTED_EDGE('',*,*,#4140,.F.);
#5497=ORIENTED_EDGE('',*,*,#4141,.F.);
#5498=ORIENTED_EDGE('',*,*,#4142,.F.);
#5499=ORIENTED_EDGE('',*,*,#4143,.F.);
#5500=ORIENTED_EDGE('',*,*,#4144,.F.);
#5501=ORIENTED_EDGE('',*,*,#4145,.F.);
#5502=ORIENTED_EDGE('',*,*,#4146,.F.);
#5503=ORIENTED_EDGE('',*,*,#4147,.F.);
#5504=ORIENTED_EDGE('',*,*,#4148,.F.);
#5505=ORIENTED_EDGE('',*,*,#4149,.F.);
#5506=ORIENTED_EDGE('',*,*,#4150,.F.);
#5507=ORIENTED_EDGE('',*,*,#4151,.F.);
#5508=ORIENTED_EDGE('',*,*,#4152,.F.);
#5509=ORIENTED_EDGE('',*,*,#4153,.F.);
#5510=ORIENTED_EDGE('',*,*,#4154,.F.);
#5511=ORIENTED_EDGE('',*,*,#4155,.F.);
#5512=ORIENTED_EDGE('',*,*,#4156,.F.);
#5513=ORIENTED_EDGE('',*,*,#4157,.F.);
#5514=ORIENTED_EDGE('',*,*,#4158,.F.);
#5515=ORIENTED_EDGE('',*,*,#4116,.F.);
#5516=ORIENTED_EDGE('',*,*,#4126,.T.);
#5517=ORIENTED_EDGE('',*,*,#4159,.T.);
#5518=ORIENTED_EDGE('',*,*,#3987,.T.);
#5519=ORIENTED_EDGE('',*,*,#4159,.F.);
#5520=ORIENTED_EDGE('',*,*,#4160,.T.);
#5521=ORIENTED_EDGE('',*,*,#4135,.T.);
#5522=ORIENTED_EDGE('',*,*,#4161,.T.);
#5523=ORIENTED_EDGE('',*,*,#4057,.T.);
#5524=ORIENTED_EDGE('',*,*,#4160,.F.);
#5525=ORIENTED_EDGE('',*,*,#4059,.T.);
#5526=ORIENTED_EDGE('',*,*,#4162,.T.);
#5527=ORIENTED_EDGE('',*,*,#4136,.T.);
#5528=ORIENTED_EDGE('',*,*,#4163,.T.);
#5529=ORIENTED_EDGE('',*,*,#4137,.T.);
#5530=ORIENTED_EDGE('',*,*,#4162,.F.);
#5531=ORIENTED_EDGE('',*,*,#4061,.T.);
#5532=ORIENTED_EDGE('',*,*,#4163,.F.);
#5533=ORIENTED_EDGE('',*,*,#4164,.T.);
#5534=ORIENTED_EDGE('',*,*,#4165,.T.);
#5535=ORIENTED_EDGE('',*,*,#4138,.T.);
#5536=ORIENTED_EDGE('',*,*,#4166,.T.);
#5537=ORIENTED_EDGE('',*,*,#4139,.T.);
#5538=ORIENTED_EDGE('',*,*,#4165,.F.);
#5539=ORIENTED_EDGE('',*,*,#4167,.T.);
#5540=ORIENTED_EDGE('',*,*,#4166,.F.);
#5541=ORIENTED_EDGE('',*,*,#4168,.T.);
#5542=ORIENTED_EDGE('',*,*,#4169,.T.);
#5543=ORIENTED_EDGE('',*,*,#4140,.T.);
#5544=ORIENTED_EDGE('',*,*,#4170,.T.);
#5545=ORIENTED_EDGE('',*,*,#4141,.T.);
#5546=ORIENTED_EDGE('',*,*,#4169,.F.);
#5547=ORIENTED_EDGE('',*,*,#4171,.T.);
#5548=ORIENTED_EDGE('',*,*,#4170,.F.);
#5549=ORIENTED_EDGE('',*,*,#4172,.T.);
#5550=ORIENTED_EDGE('',*,*,#4173,.T.);
#5551=ORIENTED_EDGE('',*,*,#4142,.T.);
#5552=ORIENTED_EDGE('',*,*,#4174,.T.);
#5553=ORIENTED_EDGE('',*,*,#4143,.T.);
#5554=ORIENTED_EDGE('',*,*,#4173,.F.);
#5555=ORIENTED_EDGE('',*,*,#4175,.T.);
#5556=ORIENTED_EDGE('',*,*,#4174,.F.);
#5557=ORIENTED_EDGE('',*,*,#4176,.T.);
#5558=ORIENTED_EDGE('',*,*,#4177,.T.);
#5559=ORIENTED_EDGE('',*,*,#4144,.T.);
#5560=ORIENTED_EDGE('',*,*,#4178,.T.);
#5561=ORIENTED_EDGE('',*,*,#4145,.T.);
#5562=ORIENTED_EDGE('',*,*,#4177,.F.);
#5563=ORIENTED_EDGE('',*,*,#4179,.T.);
#5564=ORIENTED_EDGE('',*,*,#4178,.F.);
#5565=ORIENTED_EDGE('',*,*,#4180,.T.);
#5566=ORIENTED_EDGE('',*,*,#4181,.T.);
#5567=ORIENTED_EDGE('',*,*,#4146,.T.);
#5568=ORIENTED_EDGE('',*,*,#4182,.T.);
#5569=ORIENTED_EDGE('',*,*,#4147,.T.);
#5570=ORIENTED_EDGE('',*,*,#4181,.F.);
#5571=ORIENTED_EDGE('',*,*,#4183,.T.);
#5572=ORIENTED_EDGE('',*,*,#4182,.F.);
#5573=ORIENTED_EDGE('',*,*,#4184,.T.);
#5574=ORIENTED_EDGE('',*,*,#4185,.T.);
#5575=ORIENTED_EDGE('',*,*,#4148,.T.);
#5576=ORIENTED_EDGE('',*,*,#4186,.T.);
#5577=ORIENTED_EDGE('',*,*,#4149,.T.);
#5578=ORIENTED_EDGE('',*,*,#4185,.F.);
#5579=ORIENTED_EDGE('',*,*,#4187,.T.);
#5580=ORIENTED_EDGE('',*,*,#4186,.F.);
#5581=ORIENTED_EDGE('',*,*,#4038,.T.);
#5582=ORIENTED_EDGE('',*,*,#4188,.T.);
#5583=ORIENTED_EDGE('',*,*,#4150,.T.);
#5584=ORIENTED_EDGE('',*,*,#4189,.T.);
#5585=ORIENTED_EDGE('',*,*,#4151,.T.);
#5586=ORIENTED_EDGE('',*,*,#4188,.F.);
#5587=ORIENTED_EDGE('',*,*,#4041,.T.);
#5588=ORIENTED_EDGE('',*,*,#4189,.F.);
#5589=ORIENTED_EDGE('',*,*,#4043,.T.);
#5590=ORIENTED_EDGE('',*,*,#4190,.T.);
#5591=ORIENTED_EDGE('',*,*,#4152,.T.);
#5592=ORIENTED_EDGE('',*,*,#4191,.T.);
#5593=ORIENTED_EDGE('',*,*,#4153,.T.);
#5594=ORIENTED_EDGE('',*,*,#4190,.F.);
#5595=ORIENTED_EDGE('',*,*,#4045,.T.);
#5596=ORIENTED_EDGE('',*,*,#4191,.F.);
#5597=ORIENTED_EDGE('',*,*,#4047,.T.);
#5598=ORIENTED_EDGE('',*,*,#4192,.T.);
#5599=ORIENTED_EDGE('',*,*,#4154,.T.);
#5600=ORIENTED_EDGE('',*,*,#4193,.T.);
#5601=ORIENTED_EDGE('',*,*,#4155,.T.);
#5602=ORIENTED_EDGE('',*,*,#4192,.F.);
#5603=ORIENTED_EDGE('',*,*,#4049,.T.);
#5604=ORIENTED_EDGE('',*,*,#4193,.F.);
#5605=ORIENTED_EDGE('',*,*,#4051,.T.);
#5606=ORIENTED_EDGE('',*,*,#4194,.T.);
#5607=ORIENTED_EDGE('',*,*,#4156,.T.);
#5608=ORIENTED_EDGE('',*,*,#4195,.T.);
#5609=ORIENTED_EDGE('',*,*,#4157,.T.);
#5610=ORIENTED_EDGE('',*,*,#4194,.F.);
#5611=ORIENTED_EDGE('',*,*,#4053,.T.);
#5612=ORIENTED_EDGE('',*,*,#4195,.F.);
#5613=ORIENTED_EDGE('',*,*,#4055,.T.);
#5614=ORIENTED_EDGE('',*,*,#4161,.F.);
#5615=ORIENTED_EDGE('',*,*,#4158,.T.);
#5616=ORIENTED_EDGE('',*,*,#4009,.F.);
#5617=ORIENTED_EDGE('',*,*,#4196,.T.);
#5618=ORIENTED_EDGE('',*,*,#4180,.F.);
#5619=ORIENTED_EDGE('',*,*,#4197,.T.);
#5620=ORIENTED_EDGE('',*,*,#4007,.F.);
#5621=ORIENTED_EDGE('',*,*,#4197,.F.);
#5622=ORIENTED_EDGE('',*,*,#4179,.F.);
#5623=ORIENTED_EDGE('',*,*,#4198,.F.);
#5624=ORIENTED_EDGE('',*,*,#4005,.F.);
#5625=ORIENTED_EDGE('',*,*,#4198,.T.);
#5626=ORIENTED_EDGE('',*,*,#4176,.F.);
#5627=ORIENTED_EDGE('',*,*,#4199,.T.);
#5628=ORIENTED_EDGE('',*,*,#4003,.F.);
#5629=ORIENTED_EDGE('',*,*,#4199,.F.);
#5630=ORIENTED_EDGE('',*,*,#4175,.F.);
#5631=ORIENTED_EDGE('',*,*,#4200,.F.);
#5632=ORIENTED_EDGE('',*,*,#4001,.F.);
#5633=ORIENTED_EDGE('',*,*,#4200,.T.);
#5634=ORIENTED_EDGE('',*,*,#4172,.F.);
#5635=ORIENTED_EDGE('',*,*,#4201,.T.);
#5636=ORIENTED_EDGE('',*,*,#3999,.F.);
#5637=ORIENTED_EDGE('',*,*,#4201,.F.);
#5638=ORIENTED_EDGE('',*,*,#4171,.F.);
#5639=ORIENTED_EDGE('',*,*,#4202,.F.);
#5640=ORIENTED_EDGE('',*,*,#3997,.F.);
#5641=ORIENTED_EDGE('',*,*,#4202,.T.);
#5642=ORIENTED_EDGE('',*,*,#4168,.F.);
#5643=ORIENTED_EDGE('',*,*,#4203,.T.);
#5644=ORIENTED_EDGE('',*,*,#3995,.F.);
#5645=ORIENTED_EDGE('',*,*,#4203,.F.);
#5646=ORIENTED_EDGE('',*,*,#4167,.F.);
#5647=ORIENTED_EDGE('',*,*,#4204,.F.);
#5648=ORIENTED_EDGE('',*,*,#3993,.F.);
#5649=ORIENTED_EDGE('',*,*,#4204,.T.);
#5650=ORIENTED_EDGE('',*,*,#4164,.F.);
#5651=ORIENTED_EDGE('',*,*,#4060,.T.);
#5652=ORIENTED_EDGE('',*,*,#4205,.T.);
#5653=ORIENTED_EDGE('',*,*,#4206,.T.);
#5654=ORIENTED_EDGE('',*,*,#4207,.T.);
#5655=ORIENTED_EDGE('',*,*,#4206,.F.);
#5656=ORIENTED_EDGE('',*,*,#3845,.T.);
#5657=ORIENTED_EDGE('',*,*,#4208,.T.);
#5658=ORIENTED_EDGE('',*,*,#4205,.F.);
#5659=ORIENTED_EDGE('',*,*,#4208,.F.);
#5660=ORIENTED_EDGE('',*,*,#4209,.F.);
#5661=ORIENTED_EDGE('',*,*,#4210,.T.);
#5662=ORIENTED_EDGE('',*,*,#4211,.F.);
#5663=ORIENTED_EDGE('',*,*,#4212,.F.);
#5664=ORIENTED_EDGE('',*,*,#4213,.F.);
#5665=ORIENTED_EDGE('',*,*,#4207,.F.);
#5666=ORIENTED_EDGE('',*,*,#4214,.T.);
#5667=ORIENTED_EDGE('',*,*,#4215,.T.);
#5668=ORIENTED_EDGE('',*,*,#4216,.T.);
#5669=ORIENTED_EDGE('',*,*,#4215,.F.);
#5670=ORIENTED_EDGE('',*,*,#3843,.T.);
#5671=ORIENTED_EDGE('',*,*,#4217,.T.);
#5672=ORIENTED_EDGE('',*,*,#4214,.F.);
#5673=ORIENTED_EDGE('',*,*,#4217,.F.);
#5674=ORIENTED_EDGE('',*,*,#4218,.F.);
#5675=ORIENTED_EDGE('',*,*,#4219,.F.);
#5676=ORIENTED_EDGE('',*,*,#4220,.T.);
#5677=ORIENTED_EDGE('',*,*,#4221,.F.);
#5678=ORIENTED_EDGE('',*,*,#4222,.F.);
#5679=ORIENTED_EDGE('',*,*,#4216,.F.);
#5680=ORIENTED_EDGE('',*,*,#4223,.T.);
#5681=ORIENTED_EDGE('',*,*,#4224,.T.);
#5682=ORIENTED_EDGE('',*,*,#4225,.T.);
#5683=ORIENTED_EDGE('',*,*,#4224,.F.);
#5684=ORIENTED_EDGE('',*,*,#3844,.T.);
#5685=ORIENTED_EDGE('',*,*,#4226,.T.);
#5686=ORIENTED_EDGE('',*,*,#4223,.F.);
#5687=ORIENTED_EDGE('',*,*,#4226,.F.);
#5688=ORIENTED_EDGE('',*,*,#4227,.F.);
#5689=ORIENTED_EDGE('',*,*,#4228,.T.);
#5690=ORIENTED_EDGE('',*,*,#4229,.F.);
#5691=ORIENTED_EDGE('',*,*,#4230,.F.);
#5692=ORIENTED_EDGE('',*,*,#4231,.F.);
#5693=ORIENTED_EDGE('',*,*,#4225,.F.);
#5694=ORIENTED_EDGE('',*,*,#4232,.T.);
#5695=ORIENTED_EDGE('',*,*,#4233,.T.);
#5696=ORIENTED_EDGE('',*,*,#4234,.T.);
#5697=ORIENTED_EDGE('',*,*,#4233,.F.);
#5698=ORIENTED_EDGE('',*,*,#3846,.T.);
#5699=ORIENTED_EDGE('',*,*,#4235,.T.);
#5700=ORIENTED_EDGE('',*,*,#4232,.F.);
#5701=ORIENTED_EDGE('',*,*,#4235,.F.);
#5702=ORIENTED_EDGE('',*,*,#4236,.F.);
#5703=ORIENTED_EDGE('',*,*,#4237,.F.);
#5704=ORIENTED_EDGE('',*,*,#4238,.T.);
#5705=ORIENTED_EDGE('',*,*,#4239,.F.);
#5706=ORIENTED_EDGE('',*,*,#4240,.F.);
#5707=ORIENTED_EDGE('',*,*,#4234,.F.);
#5708=ORIENTED_EDGE('',*,*,#3906,.F.);
#5709=ORIENTED_EDGE('',*,*,#4241,.T.);
#5710=ORIENTED_EDGE('',*,*,#4242,.T.);
#5711=ORIENTED_EDGE('',*,*,#4243,.T.);
#5712=ORIENTED_EDGE('',*,*,#4244,.T.);
#5713=ORIENTED_EDGE('',*,*,#4245,.T.);
#5714=ORIENTED_EDGE('',*,*,#4245,.F.);
#5715=ORIENTED_EDGE('',*,*,#4246,.T.);
#5716=ORIENTED_EDGE('',*,*,#4247,.F.);
#5717=ORIENTED_EDGE('',*,*,#4248,.T.);
#5718=ORIENTED_EDGE('',*,*,#4229,.T.);
#5719=ORIENTED_EDGE('',*,*,#4249,.T.);
#5720=ORIENTED_EDGE('',*,*,#4250,.T.);
#5721=ORIENTED_EDGE('',*,*,#3907,.T.);
#5722=ORIENTED_EDGE('',*,*,#4244,.F.);
#5723=ORIENTED_EDGE('',*,*,#4251,.T.);
#5724=ORIENTED_EDGE('',*,*,#4252,.F.);
#5725=ORIENTED_EDGE('',*,*,#4253,.F.);
#5726=ORIENTED_EDGE('',*,*,#4254,.F.);
#5727=ORIENTED_EDGE('',*,*,#4246,.F.);
#5728=ORIENTED_EDGE('',*,*,#4255,.T.);
#5729=ORIENTED_EDGE('',*,*,#4256,.T.);
#5730=ORIENTED_EDGE('',*,*,#4252,.T.);
#5731=ORIENTED_EDGE('',*,*,#4257,.T.);
#5732=ORIENTED_EDGE('',*,*,#4256,.F.);
#5733=ORIENTED_EDGE('',*,*,#4258,.T.);
#5734=ORIENTED_EDGE('',*,*,#4259,.F.);
#5735=ORIENTED_EDGE('',*,*,#4260,.F.);
#5736=ORIENTED_EDGE('',*,*,#4261,.F.);
#5737=ORIENTED_EDGE('',*,*,#4262,.F.);
#5738=ORIENTED_EDGE('',*,*,#4263,.F.);
#5739=ORIENTED_EDGE('',*,*,#4253,.T.);
#5740=ORIENTED_EDGE('',*,*,#4243,.F.);
#5741=ORIENTED_EDGE('',*,*,#4264,.F.);
#5742=ORIENTED_EDGE('',*,*,#4257,.F.);
#5743=ORIENTED_EDGE('',*,*,#4251,.F.);
#5744=ORIENTED_EDGE('',*,*,#4265,.F.);
#5745=ORIENTED_EDGE('',*,*,#4266,.T.);
#5746=ORIENTED_EDGE('',*,*,#4267,.T.);
#5747=ORIENTED_EDGE('',*,*,#3920,.T.);
#5748=ORIENTED_EDGE('',*,*,#4268,.T.);
#5749=ORIENTED_EDGE('',*,*,#3921,.T.);
#5750=ORIENTED_EDGE('',*,*,#4267,.F.);
#5751=ORIENTED_EDGE('',*,*,#4269,.T.);
#5752=ORIENTED_EDGE('',*,*,#4270,.F.);
#5753=ORIENTED_EDGE('',*,*,#3904,.T.);
#5754=ORIENTED_EDGE('',*,*,#4268,.F.);
#5755=ORIENTED_EDGE('',*,*,#4271,.T.);
#5756=ORIENTED_EDGE('',*,*,#4241,.F.);
#5757=ORIENTED_EDGE('',*,*,#3905,.T.);
#5758=ORIENTED_EDGE('',*,*,#4270,.T.);
#5759=ORIENTED_EDGE('',*,*,#4272,.T.);
#5760=ORIENTED_EDGE('',*,*,#4222,.T.);
#5761=ORIENTED_EDGE('',*,*,#4273,.T.);
#5762=ORIENTED_EDGE('',*,*,#4274,.F.);
#5763=ORIENTED_EDGE('',*,*,#4275,.T.);
#5764=ORIENTED_EDGE('',*,*,#4271,.F.);
#5765=ORIENTED_EDGE('',*,*,#4276,.F.);
#5766=ORIENTED_EDGE('',*,*,#4218,.T.);
#5767=ORIENTED_EDGE('',*,*,#4272,.F.);
#5768=ORIENTED_EDGE('',*,*,#4269,.F.);
#5769=ORIENTED_EDGE('',*,*,#4277,.F.);
#5770=ORIENTED_EDGE('',*,*,#4219,.T.);
#5771=ORIENTED_EDGE('',*,*,#4276,.T.);
#5772=ORIENTED_EDGE('',*,*,#4266,.F.);
#5773=ORIENTED_EDGE('',*,*,#4278,.F.);
#5774=ORIENTED_EDGE('',*,*,#4220,.F.);
#5775=ORIENTED_EDGE('',*,*,#4277,.T.);
#5776=ORIENTED_EDGE('',*,*,#4279,.F.);
#5777=ORIENTED_EDGE('',*,*,#4280,.T.);
#5778=ORIENTED_EDGE('',*,*,#4281,.T.);
#5779=ORIENTED_EDGE('',*,*,#3916,.T.);
#5780=ORIENTED_EDGE('',*,*,#4282,.T.);
#5781=ORIENTED_EDGE('',*,*,#3917,.T.);
#5782=ORIENTED_EDGE('',*,*,#4281,.F.);
#5783=ORIENTED_EDGE('',*,*,#4283,.T.);
#5784=ORIENTED_EDGE('',*,*,#4284,.F.);
#5785=ORIENTED_EDGE('',*,*,#3918,.T.);
#5786=ORIENTED_EDGE('',*,*,#4282,.F.);
#5787=ORIENTED_EDGE('',*,*,#4285,.T.);
#5788=ORIENTED_EDGE('',*,*,#4265,.T.);
#5789=ORIENTED_EDGE('',*,*,#3919,.T.);
#5790=ORIENTED_EDGE('',*,*,#4284,.T.);
#5791=ORIENTED_EDGE('',*,*,#4286,.T.);
#5792=ORIENTED_EDGE('',*,*,#4212,.T.);
#5793=ORIENTED_EDGE('',*,*,#4287,.F.);
#5794=ORIENTED_EDGE('',*,*,#4288,.F.);
#5795=ORIENTED_EDGE('',*,*,#4273,.F.);
#5796=ORIENTED_EDGE('',*,*,#4221,.T.);
#5797=ORIENTED_EDGE('',*,*,#4278,.T.);
#5798=ORIENTED_EDGE('',*,*,#4285,.F.);
#5799=ORIENTED_EDGE('',*,*,#4289,.F.);
#5800=ORIENTED_EDGE('',*,*,#4213,.T.);
#5801=ORIENTED_EDGE('',*,*,#4286,.F.);
#5802=ORIENTED_EDGE('',*,*,#4283,.F.);
#5803=ORIENTED_EDGE('',*,*,#4290,.F.);
#5804=ORIENTED_EDGE('',*,*,#4209,.T.);
#5805=ORIENTED_EDGE('',*,*,#4289,.T.);
#5806=ORIENTED_EDGE('',*,*,#4280,.F.);
#5807=ORIENTED_EDGE('',*,*,#4291,.F.);
#5808=ORIENTED_EDGE('',*,*,#4210,.F.);
#5809=ORIENTED_EDGE('',*,*,#4290,.T.);
#5810=ORIENTED_EDGE('',*,*,#4292,.F.);
#5811=ORIENTED_EDGE('',*,*,#4293,.T.);
#5812=ORIENTED_EDGE('',*,*,#4294,.T.);
#5813=ORIENTED_EDGE('',*,*,#3912,.T.);
#5814=ORIENTED_EDGE('',*,*,#4295,.T.);
#5815=ORIENTED_EDGE('',*,*,#3913,.T.);
#5816=ORIENTED_EDGE('',*,*,#4294,.F.);
#5817=ORIENTED_EDGE('',*,*,#4296,.T.);
#5818=ORIENTED_EDGE('',*,*,#4297,.F.);
#5819=ORIENTED_EDGE('',*,*,#3914,.T.);
#5820=ORIENTED_EDGE('',*,*,#4295,.F.);
#5821=ORIENTED_EDGE('',*,*,#4298,.T.);
#5822=ORIENTED_EDGE('',*,*,#4279,.T.);
#5823=ORIENTED_EDGE('',*,*,#3915,.T.);
#5824=ORIENTED_EDGE('',*,*,#4297,.T.);
#5825=ORIENTED_EDGE('',*,*,#4299,.T.);
#5826=ORIENTED_EDGE('',*,*,#4240,.T.);
#5827=ORIENTED_EDGE('',*,*,#4300,.F.);
#5828=ORIENTED_EDGE('',*,*,#4301,.F.);
#5829=ORIENTED_EDGE('',*,*,#4287,.T.);
#5830=ORIENTED_EDGE('',*,*,#4211,.T.);
#5831=ORIENTED_EDGE('',*,*,#4291,.T.);
#5832=ORIENTED_EDGE('',*,*,#4298,.F.);
#5833=ORIENTED_EDGE('',*,*,#4302,.F.);
#5834=ORIENTED_EDGE('',*,*,#4236,.T.);
#5835=ORIENTED_EDGE('',*,*,#4299,.F.);
#5836=ORIENTED_EDGE('',*,*,#4296,.F.);
#5837=ORIENTED_EDGE('',*,*,#4303,.F.);
#5838=ORIENTED_EDGE('',*,*,#4237,.T.);
#5839=ORIENTED_EDGE('',*,*,#4302,.T.);
#5840=ORIENTED_EDGE('',*,*,#4293,.F.);
#5841=ORIENTED_EDGE('',*,*,#4304,.F.);
#5842=ORIENTED_EDGE('',*,*,#4238,.F.);
#5843=ORIENTED_EDGE('',*,*,#4303,.T.);
#5844=ORIENTED_EDGE('',*,*,#4250,.F.);
#5845=ORIENTED_EDGE('',*,*,#4305,.T.);
#5846=ORIENTED_EDGE('',*,*,#4306,.T.);
#5847=ORIENTED_EDGE('',*,*,#3908,.T.);
#5848=ORIENTED_EDGE('',*,*,#4307,.T.);
#5849=ORIENTED_EDGE('',*,*,#3909,.T.);
#5850=ORIENTED_EDGE('',*,*,#4306,.F.);
#5851=ORIENTED_EDGE('',*,*,#4308,.T.);
#5852=ORIENTED_EDGE('',*,*,#4309,.F.);
#5853=ORIENTED_EDGE('',*,*,#3910,.T.);
#5854=ORIENTED_EDGE('',*,*,#4307,.F.);
#5855=ORIENTED_EDGE('',*,*,#4310,.T.);
#5856=ORIENTED_EDGE('',*,*,#4292,.T.);
#5857=ORIENTED_EDGE('',*,*,#3911,.T.);
#5858=ORIENTED_EDGE('',*,*,#4309,.T.);
#5859=ORIENTED_EDGE('',*,*,#4311,.T.);
#5860=ORIENTED_EDGE('',*,*,#4230,.T.);
#5861=ORIENTED_EDGE('',*,*,#4248,.F.);
#5862=ORIENTED_EDGE('',*,*,#4312,.F.);
#5863=ORIENTED_EDGE('',*,*,#4300,.T.);
#5864=ORIENTED_EDGE('',*,*,#4239,.T.);
#5865=ORIENTED_EDGE('',*,*,#4304,.T.);
#5866=ORIENTED_EDGE('',*,*,#4310,.F.);
#5867=ORIENTED_EDGE('',*,*,#4313,.F.);
#5868=ORIENTED_EDGE('',*,*,#4231,.T.);
#5869=ORIENTED_EDGE('',*,*,#4311,.F.);
#5870=ORIENTED_EDGE('',*,*,#4308,.F.);
#5871=ORIENTED_EDGE('',*,*,#4314,.F.);
#5872=ORIENTED_EDGE('',*,*,#4227,.T.);
#5873=ORIENTED_EDGE('',*,*,#4313,.T.);
#5874=ORIENTED_EDGE('',*,*,#4305,.F.);
#5875=ORIENTED_EDGE('',*,*,#4249,.F.);
#5876=ORIENTED_EDGE('',*,*,#4228,.F.);
#5877=ORIENTED_EDGE('',*,*,#4314,.T.);
#5878=ORIENTED_EDGE('',*,*,#4118,.T.);
#5879=ORIENTED_EDGE('',*,*,#4315,.T.);
#5880=ORIENTED_EDGE('',*,*,#4316,.T.);
#5881=ORIENTED_EDGE('',*,*,#4317,.T.);
#5882=ORIENTED_EDGE('',*,*,#4315,.F.);
#5883=ORIENTED_EDGE('',*,*,#4125,.F.);
#5884=ORIENTED_EDGE('',*,*,#4318,.F.);
#5885=ORIENTED_EDGE('',*,*,#4319,.T.);
#5886=ORIENTED_EDGE('',*,*,#4320,.F.);
#5887=ORIENTED_EDGE('',*,*,#4321,.T.);
#5888=ORIENTED_EDGE('',*,*,#4322,.T.);
#5889=ORIENTED_EDGE('',*,*,#4323,.T.);
#5890=ORIENTED_EDGE('',*,*,#4323,.F.);
#5891=ORIENTED_EDGE('',*,*,#4324,.F.);
#5892=ORIENTED_EDGE('',*,*,#4325,.F.);
#5893=ORIENTED_EDGE('',*,*,#4326,.T.);
#5894=ORIENTED_EDGE('',*,*,#4124,.T.);
#5895=ORIENTED_EDGE('',*,*,#4327,.T.);
#5896=ORIENTED_EDGE('',*,*,#4328,.T.);
#5897=ORIENTED_EDGE('',*,*,#4318,.T.);
#5898=ORIENTED_EDGE('',*,*,#4327,.F.);
#5899=ORIENTED_EDGE('',*,*,#4123,.F.);
#5900=ORIENTED_EDGE('',*,*,#4329,.F.);
#5901=ORIENTED_EDGE('',*,*,#4330,.T.);
#5902=ORIENTED_EDGE('',*,*,#4331,.F.);
#5903=ORIENTED_EDGE('',*,*,#4332,.T.);
#5904=ORIENTED_EDGE('',*,*,#4333,.T.);
#5905=ORIENTED_EDGE('',*,*,#4334,.T.);
#5906=ORIENTED_EDGE('',*,*,#4321,.F.);
#5907=ORIENTED_EDGE('',*,*,#4335,.T.);
#5908=ORIENTED_EDGE('',*,*,#4334,.F.);
#5909=ORIENTED_EDGE('',*,*,#4336,.F.);
#5910=ORIENTED_EDGE('',*,*,#4337,.F.);
#5911=ORIENTED_EDGE('',*,*,#4338,.T.);
#5912=ORIENTED_EDGE('',*,*,#4339,.T.);
#5913=ORIENTED_EDGE('',*,*,#4340,.T.);
#5914=ORIENTED_EDGE('',*,*,#4332,.F.);
#5915=ORIENTED_EDGE('',*,*,#4341,.T.);
#5916=ORIENTED_EDGE('',*,*,#4340,.F.);
#5917=ORIENTED_EDGE('',*,*,#4342,.F.);
#5918=ORIENTED_EDGE('',*,*,#4122,.T.);
#5919=ORIENTED_EDGE('',*,*,#4343,.T.);
#5920=ORIENTED_EDGE('',*,*,#4344,.T.);
#5921=ORIENTED_EDGE('',*,*,#4329,.T.);
#5922=ORIENTED_EDGE('',*,*,#4343,.F.);
#5923=ORIENTED_EDGE('',*,*,#4121,.F.);
#5924=ORIENTED_EDGE('',*,*,#4345,.F.);
#5925=ORIENTED_EDGE('',*,*,#4346,.T.);
#5926=ORIENTED_EDGE('',*,*,#4347,.F.);
#5927=ORIENTED_EDGE('',*,*,#4325,.T.);
#5928=ORIENTED_EDGE('',*,*,#4348,.T.);
#5929=ORIENTED_EDGE('',*,*,#4349,.T.);
#5930=ORIENTED_EDGE('',*,*,#4338,.F.);
#5931=ORIENTED_EDGE('',*,*,#4350,.T.);
#5932=ORIENTED_EDGE('',*,*,#4349,.F.);
#5933=ORIENTED_EDGE('',*,*,#4351,.F.);
#5934=ORIENTED_EDGE('',*,*,#4120,.T.);
#5935=ORIENTED_EDGE('',*,*,#4352,.T.);
#5936=ORIENTED_EDGE('',*,*,#4353,.T.);
#5937=ORIENTED_EDGE('',*,*,#4345,.T.);
#5938=ORIENTED_EDGE('',*,*,#4085,.T.);
#5939=ORIENTED_EDGE('',*,*,#4354,.T.);
#5940=ORIENTED_EDGE('',*,*,#4355,.T.);
#5941=ORIENTED_EDGE('',*,*,#4356,.T.);
#5942=ORIENTED_EDGE('',*,*,#4354,.F.);
#5943=ORIENTED_EDGE('',*,*,#4092,.F.);
#5944=ORIENTED_EDGE('',*,*,#4357,.F.);
#5945=ORIENTED_EDGE('',*,*,#4358,.T.);
#5946=ORIENTED_EDGE('',*,*,#4359,.F.);
#5947=ORIENTED_EDGE('',*,*,#4360,.T.);
#5948=ORIENTED_EDGE('',*,*,#4134,.T.);
#5949=ORIENTED_EDGE('',*,*,#4361,.T.);
#5950=ORIENTED_EDGE('',*,*,#4361,.F.);
#5951=ORIENTED_EDGE('',*,*,#4133,.F.);
#5952=ORIENTED_EDGE('',*,*,#4362,.F.);
#5953=ORIENTED_EDGE('',*,*,#4363,.T.);
#5954=ORIENTED_EDGE('',*,*,#4091,.T.);
#5955=ORIENTED_EDGE('',*,*,#4364,.T.);
#5956=ORIENTED_EDGE('',*,*,#4365,.T.);
#5957=ORIENTED_EDGE('',*,*,#4357,.T.);
#5958=ORIENTED_EDGE('',*,*,#4364,.F.);
#5959=ORIENTED_EDGE('',*,*,#4090,.F.);
#5960=ORIENTED_EDGE('',*,*,#4366,.F.);
#5961=ORIENTED_EDGE('',*,*,#4367,.T.);
#5962=ORIENTED_EDGE('',*,*,#4368,.F.);
#5963=ORIENTED_EDGE('',*,*,#4369,.T.);
#5964=ORIENTED_EDGE('',*,*,#4128,.T.);
#5965=ORIENTED_EDGE('',*,*,#4370,.T.);
#5966=ORIENTED_EDGE('',*,*,#4360,.F.);
#5967=ORIENTED_EDGE('',*,*,#4371,.T.);
#5968=ORIENTED_EDGE('',*,*,#4370,.F.);
#5969=ORIENTED_EDGE('',*,*,#4127,.F.);
#5970=ORIENTED_EDGE('',*,*,#4372,.F.);
#5971=ORIENTED_EDGE('',*,*,#4373,.T.);
#5972=ORIENTED_EDGE('',*,*,#4130,.T.);
#5973=ORIENTED_EDGE('',*,*,#4374,.T.);
#5974=ORIENTED_EDGE('',*,*,#4369,.F.);
#5975=ORIENTED_EDGE('',*,*,#4375,.T.);
#5976=ORIENTED_EDGE('',*,*,#4374,.F.);
#5977=ORIENTED_EDGE('',*,*,#4129,.F.);
#5978=ORIENTED_EDGE('',*,*,#4089,.T.);
#5979=ORIENTED_EDGE('',*,*,#4376,.T.);
#5980=ORIENTED_EDGE('',*,*,#4377,.T.);
#5981=ORIENTED_EDGE('',*,*,#4366,.T.);
#5982=ORIENTED_EDGE('',*,*,#4376,.F.);
#5983=ORIENTED_EDGE('',*,*,#4088,.F.);
#5984=ORIENTED_EDGE('',*,*,#4378,.F.);
#5985=ORIENTED_EDGE('',*,*,#4379,.T.);
#5986=ORIENTED_EDGE('',*,*,#4380,.F.);
#5987=ORIENTED_EDGE('',*,*,#4362,.T.);
#5988=ORIENTED_EDGE('',*,*,#4132,.T.);
#5989=ORIENTED_EDGE('',*,*,#4381,.T.);
#5990=ORIENTED_EDGE('',*,*,#4373,.F.);
#5991=ORIENTED_EDGE('',*,*,#4382,.T.);
#5992=ORIENTED_EDGE('',*,*,#4381,.F.);
#5993=ORIENTED_EDGE('',*,*,#4131,.F.);
#5994=ORIENTED_EDGE('',*,*,#4087,.T.);
#5995=ORIENTED_EDGE('',*,*,#4383,.T.);
#5996=ORIENTED_EDGE('',*,*,#4384,.T.);
#5997=ORIENTED_EDGE('',*,*,#4378,.T.);
#5998=ORIENTED_EDGE('',*,*,#4242,.F.);
#5999=ORIENTED_EDGE('',*,*,#4275,.F.);
#6000=ORIENTED_EDGE('',*,*,#4385,.F.);
#6001=ORIENTED_EDGE('',*,*,#4258,.F.);
#6002=ORIENTED_EDGE('',*,*,#4255,.F.);
#6003=ORIENTED_EDGE('',*,*,#4264,.T.);
#6004=ORIENTED_EDGE('',*,*,#4254,.T.);
#6005=ORIENTED_EDGE('',*,*,#4263,.T.);
#6006=ORIENTED_EDGE('',*,*,#4386,.F.);
#6007=ORIENTED_EDGE('',*,*,#4387,.T.);
#6008=ORIENTED_EDGE('',*,*,#4388,.F.);
#6009=ORIENTED_EDGE('',*,*,#4389,.T.);
#6010=ORIENTED_EDGE('',*,*,#4390,.F.);
#6011=ORIENTED_EDGE('',*,*,#4391,.T.);
#6012=ORIENTED_EDGE('',*,*,#4392,.F.);
#6013=ORIENTED_EDGE('',*,*,#4259,.T.);
#6014=ORIENTED_EDGE('',*,*,#4385,.T.);
#6015=ORIENTED_EDGE('',*,*,#4274,.T.);
#6016=ORIENTED_EDGE('',*,*,#4288,.T.);
#6017=ORIENTED_EDGE('',*,*,#4301,.T.);
#6018=ORIENTED_EDGE('',*,*,#4312,.T.);
#6019=ORIENTED_EDGE('',*,*,#4247,.T.);
#6020=ORIENTED_EDGE('',*,*,#4317,.F.);
#6021=ORIENTED_EDGE('',*,*,#4393,.T.);
#6022=ORIENTED_EDGE('',*,*,#4352,.F.);
#6023=ORIENTED_EDGE('',*,*,#4119,.F.);
#6024=ORIENTED_EDGE('',*,*,#4320,.T.);
#6025=ORIENTED_EDGE('',*,*,#4326,.F.);
#6026=ORIENTED_EDGE('',*,*,#4347,.T.);
#6027=ORIENTED_EDGE('',*,*,#4350,.F.);
#6028=ORIENTED_EDGE('',*,*,#4337,.T.);
#6029=ORIENTED_EDGE('',*,*,#4341,.F.);
#6030=ORIENTED_EDGE('',*,*,#4331,.T.);
#6031=ORIENTED_EDGE('',*,*,#4335,.F.);
#6032=ORIENTED_EDGE('',*,*,#4346,.F.);
#6033=ORIENTED_EDGE('',*,*,#4353,.F.);
#6034=ORIENTED_EDGE('',*,*,#4393,.F.);
#6035=ORIENTED_EDGE('',*,*,#4316,.F.);
#6036=ORIENTED_EDGE('',*,*,#4319,.F.);
#6037=ORIENTED_EDGE('',*,*,#4328,.F.);
#6038=ORIENTED_EDGE('',*,*,#4330,.F.);
#6039=ORIENTED_EDGE('',*,*,#4344,.F.);
#6040=ORIENTED_EDGE('',*,*,#4356,.F.);
#6041=ORIENTED_EDGE('',*,*,#4394,.T.);
#6042=ORIENTED_EDGE('',*,*,#4383,.F.);
#6043=ORIENTED_EDGE('',*,*,#4086,.F.);
#6044=ORIENTED_EDGE('',*,*,#4359,.T.);
#6045=ORIENTED_EDGE('',*,*,#4363,.F.);
#6046=ORIENTED_EDGE('',*,*,#4380,.T.);
#6047=ORIENTED_EDGE('',*,*,#4382,.F.);
#6048=ORIENTED_EDGE('',*,*,#4372,.T.);
#6049=ORIENTED_EDGE('',*,*,#4375,.F.);
#6050=ORIENTED_EDGE('',*,*,#4368,.T.);
#6051=ORIENTED_EDGE('',*,*,#4371,.F.);
#6052=ORIENTED_EDGE('',*,*,#4358,.F.);
#6053=ORIENTED_EDGE('',*,*,#4365,.F.);
#6054=ORIENTED_EDGE('',*,*,#4367,.F.);
#6055=ORIENTED_EDGE('',*,*,#4377,.F.);
#6056=ORIENTED_EDGE('',*,*,#4379,.F.);
#6057=ORIENTED_EDGE('',*,*,#4384,.F.);
#6058=ORIENTED_EDGE('',*,*,#4394,.F.);
#6059=ORIENTED_EDGE('',*,*,#4355,.F.);
#6060=ORIENTED_EDGE('',*,*,#4015,.F.);
#6061=ORIENTED_EDGE('',*,*,#4039,.F.);
#6062=ORIENTED_EDGE('',*,*,#4187,.F.);
#6063=ORIENTED_EDGE('',*,*,#4395,.F.);
#6064=ORIENTED_EDGE('',*,*,#4013,.F.);
#6065=ORIENTED_EDGE('',*,*,#4395,.T.);
#6066=ORIENTED_EDGE('',*,*,#4184,.F.);
#6067=ORIENTED_EDGE('',*,*,#4396,.T.);
#6068=ORIENTED_EDGE('',*,*,#4011,.F.);
#6069=ORIENTED_EDGE('',*,*,#4396,.F.);
#6070=ORIENTED_EDGE('',*,*,#4183,.F.);
#6071=ORIENTED_EDGE('',*,*,#4196,.F.);
#6072=ORIENTED_EDGE('',*,*,#3885,.F.);
#6073=ORIENTED_EDGE('',*,*,#3897,.T.);
#6074=ORIENTED_EDGE('',*,*,#4072,.F.);
#6075=ORIENTED_EDGE('',*,*,#4082,.T.);
#6076=ORIENTED_EDGE('',*,*,#4397,.T.);
#6077=ORIENTED_EDGE('',*,*,#4398,.T.);
#6078=ORIENTED_EDGE('',*,*,#4399,.T.);
#6079=ORIENTED_EDGE('',*,*,#4400,.T.);
#6080=ORIENTED_EDGE('',*,*,#4401,.T.);
#6081=ORIENTED_EDGE('',*,*,#4402,.T.);
#6082=ORIENTED_EDGE('',*,*,#4399,.F.);
#6083=ORIENTED_EDGE('',*,*,#4403,.T.);
#6084=ORIENTED_EDGE('',*,*,#4404,.T.);
#6085=ORIENTED_EDGE('',*,*,#4405,.T.);
#6086=ORIENTED_EDGE('',*,*,#4401,.F.);
#6087=ORIENTED_EDGE('',*,*,#4406,.T.);
#6088=ORIENTED_EDGE('',*,*,#4407,.T.);
#6089=ORIENTED_EDGE('',*,*,#4408,.T.);
#6090=ORIENTED_EDGE('',*,*,#4404,.F.);
#6091=ORIENTED_EDGE('',*,*,#4409,.T.);
#6092=ORIENTED_EDGE('',*,*,#4410,.T.);
#6093=ORIENTED_EDGE('',*,*,#4411,.T.);
#6094=ORIENTED_EDGE('',*,*,#4407,.F.);
#6095=ORIENTED_EDGE('',*,*,#4412,.T.);
#6096=ORIENTED_EDGE('',*,*,#4413,.T.);
#6097=ORIENTED_EDGE('',*,*,#4414,.T.);
#6098=ORIENTED_EDGE('',*,*,#4410,.F.);
#6099=ORIENTED_EDGE('',*,*,#4415,.T.);
#6100=ORIENTED_EDGE('',*,*,#4416,.T.);
#6101=ORIENTED_EDGE('',*,*,#4417,.T.);
#6102=ORIENTED_EDGE('',*,*,#4413,.F.);
#6103=ORIENTED_EDGE('',*,*,#4418,.T.);
#6104=ORIENTED_EDGE('',*,*,#4416,.F.);
#6105=ORIENTED_EDGE('',*,*,#4419,.T.);
#6106=ORIENTED_EDGE('',*,*,#4397,.F.);
#6107=ORIENTED_EDGE('',*,*,#4261,.T.);
#6108=ORIENTED_EDGE('',*,*,#4414,.F.);
#6109=ORIENTED_EDGE('',*,*,#4420,.F.);
#6110=ORIENTED_EDGE('',*,*,#4391,.F.);
#6111=ORIENTED_EDGE('',*,*,#4421,.F.);
#6112=ORIENTED_EDGE('',*,*,#4417,.F.);
#6113=ORIENTED_EDGE('',*,*,#4260,.T.);
#6114=ORIENTED_EDGE('',*,*,#4392,.T.);
#6115=ORIENTED_EDGE('',*,*,#4420,.T.);
#6116=ORIENTED_EDGE('',*,*,#4400,.F.);
#6117=ORIENTED_EDGE('',*,*,#4422,.T.);
#6118=ORIENTED_EDGE('',*,*,#4386,.T.);
#6119=ORIENTED_EDGE('',*,*,#4262,.T.);
#6120=ORIENTED_EDGE('',*,*,#4398,.F.);
#6121=ORIENTED_EDGE('',*,*,#4419,.F.);
#6122=ORIENTED_EDGE('',*,*,#4418,.F.);
#6123=ORIENTED_EDGE('',*,*,#4415,.F.);
#6124=ORIENTED_EDGE('',*,*,#4412,.F.);
#6125=ORIENTED_EDGE('',*,*,#4409,.F.);
#6126=ORIENTED_EDGE('',*,*,#4406,.F.);
#6127=ORIENTED_EDGE('',*,*,#4403,.F.);
#6128=ORIENTED_EDGE('',*,*,#4336,.T.);
#6129=ORIENTED_EDGE('',*,*,#4333,.F.);
#6130=ORIENTED_EDGE('',*,*,#4342,.T.);
#6131=ORIENTED_EDGE('',*,*,#4339,.F.);
#6132=ORIENTED_EDGE('',*,*,#4351,.T.);
#6133=ORIENTED_EDGE('',*,*,#4348,.F.);
#6134=ORIENTED_EDGE('',*,*,#4324,.T.);
#6135=ORIENTED_EDGE('',*,*,#4322,.F.);
#6136=ORIENTED_EDGE('',*,*,#4405,.F.);
#6137=ORIENTED_EDGE('',*,*,#4423,.T.);
#6138=ORIENTED_EDGE('',*,*,#4388,.T.);
#6139=ORIENTED_EDGE('',*,*,#4424,.T.);
#6140=ORIENTED_EDGE('',*,*,#4402,.F.);
#6141=ORIENTED_EDGE('',*,*,#4424,.F.);
#6142=ORIENTED_EDGE('',*,*,#4387,.F.);
#6143=ORIENTED_EDGE('',*,*,#4422,.F.);
#6144=ORIENTED_EDGE('',*,*,#4411,.F.);
#6145=ORIENTED_EDGE('',*,*,#4421,.T.);
#6146=ORIENTED_EDGE('',*,*,#4390,.T.);
#6147=ORIENTED_EDGE('',*,*,#4425,.T.);
#6148=ORIENTED_EDGE('',*,*,#4408,.F.);
#6149=ORIENTED_EDGE('',*,*,#4425,.F.);
#6150=ORIENTED_EDGE('',*,*,#4389,.F.);
#6151=ORIENTED_EDGE('',*,*,#4423,.F.);
#6152=ORIENTED_EDGE('',*,*,#4426,.F.);
#6153=ORIENTED_EDGE('',*,*,#4427,.T.);
#6154=ORIENTED_EDGE('',*,*,#4428,.T.);
#6155=ORIENTED_EDGE('',*,*,#4429,.F.);
#6156=ORIENTED_EDGE('',*,*,#4430,.F.);
#6157=ORIENTED_EDGE('',*,*,#4431,.T.);
#6158=ORIENTED_EDGE('',*,*,#4432,.T.);
#6159=ORIENTED_EDGE('',*,*,#4427,.F.);
#6160=ORIENTED_EDGE('',*,*,#4433,.F.);
#6161=ORIENTED_EDGE('',*,*,#4434,.T.);
#6162=ORIENTED_EDGE('',*,*,#4435,.T.);
#6163=ORIENTED_EDGE('',*,*,#4431,.F.);
#6164=ORIENTED_EDGE('',*,*,#4436,.F.);
#6165=ORIENTED_EDGE('',*,*,#4429,.T.);
#6166=ORIENTED_EDGE('',*,*,#4437,.T.);
#6167=ORIENTED_EDGE('',*,*,#4434,.F.);
#6168=ORIENTED_EDGE('',*,*,#4437,.F.);
#6169=ORIENTED_EDGE('',*,*,#4428,.F.);
#6170=ORIENTED_EDGE('',*,*,#4432,.F.);
#6171=ORIENTED_EDGE('',*,*,#4435,.F.);
#6172=ORIENTED_EDGE('',*,*,#4438,.T.);
#6173=ORIENTED_EDGE('',*,*,#4439,.T.);
#6174=ORIENTED_EDGE('',*,*,#4440,.T.);
#6175=ORIENTED_EDGE('',*,*,#4441,.T.);
#6176=ORIENTED_EDGE('',*,*,#4441,.F.);
#6177=ORIENTED_EDGE('',*,*,#4442,.F.);
#6178=ORIENTED_EDGE('',*,*,#4443,.F.);
#6179=ORIENTED_EDGE('',*,*,#4444,.F.);
#6180=ORIENTED_EDGE('',*,*,#4440,.F.);
#6181=ORIENTED_EDGE('',*,*,#4445,.F.);
#6182=ORIENTED_EDGE('',*,*,#4446,.F.);
#6183=ORIENTED_EDGE('',*,*,#4447,.T.);
#6184=ORIENTED_EDGE('',*,*,#4448,.F.);
#6185=ORIENTED_EDGE('',*,*,#4442,.T.);
#6186=ORIENTED_EDGE('',*,*,#4448,.T.);
#6187=ORIENTED_EDGE('',*,*,#4449,.T.);
#6188=ORIENTED_EDGE('',*,*,#4450,.T.);
#6189=ORIENTED_EDGE('',*,*,#4443,.T.);
#6190=ORIENTED_EDGE('',*,*,#4439,.F.);
#6191=ORIENTED_EDGE('',*,*,#4451,.F.);
#6192=ORIENTED_EDGE('',*,*,#4452,.F.);
#6193=ORIENTED_EDGE('',*,*,#4453,.F.);
#6194=ORIENTED_EDGE('',*,*,#4454,.F.);
#6195=ORIENTED_EDGE('',*,*,#4455,.F.);
#6196=ORIENTED_EDGE('',*,*,#4456,.F.);
#6197=ORIENTED_EDGE('',*,*,#4445,.T.);
#6198=ORIENTED_EDGE('',*,*,#4438,.F.);
#6199=ORIENTED_EDGE('',*,*,#4444,.T.);
#6200=ORIENTED_EDGE('',*,*,#4450,.F.);
#6201=ORIENTED_EDGE('',*,*,#4457,.T.);
#6202=ORIENTED_EDGE('',*,*,#4458,.F.);
#6203=ORIENTED_EDGE('',*,*,#4451,.T.);
#6204=ORIENTED_EDGE('',*,*,#4458,.T.);
#6205=ORIENTED_EDGE('',*,*,#4459,.F.);
#6206=ORIENTED_EDGE('',*,*,#4460,.F.);
#6207=ORIENTED_EDGE('',*,*,#4461,.F.);
#6208=ORIENTED_EDGE('',*,*,#4462,.F.);
#6209=ORIENTED_EDGE('',*,*,#4463,.F.);
#6210=ORIENTED_EDGE('',*,*,#4464,.F.);
#6211=ORIENTED_EDGE('',*,*,#4465,.F.);
#6212=ORIENTED_EDGE('',*,*,#4466,.F.);
#6213=ORIENTED_EDGE('',*,*,#4467,.F.);
#6214=ORIENTED_EDGE('',*,*,#4446,.T.);
#6215=ORIENTED_EDGE('',*,*,#4456,.T.);
#6216=ORIENTED_EDGE('',*,*,#4468,.F.);
#6217=ORIENTED_EDGE('',*,*,#4469,.F.);
#6218=ORIENTED_EDGE('',*,*,#4470,.T.);
#6219=ORIENTED_EDGE('',*,*,#4471,.F.);
#6220=ORIENTED_EDGE('',*,*,#4472,.F.);
#6221=ORIENTED_EDGE('',*,*,#4473,.F.);
#6222=ORIENTED_EDGE('',*,*,#4474,.F.);
#6223=ORIENTED_EDGE('',*,*,#4475,.T.);
#6224=ORIENTED_EDGE('',*,*,#4476,.F.);
#6225=ORIENTED_EDGE('',*,*,#4477,.F.);
#6226=ORIENTED_EDGE('',*,*,#4478,.F.);
#6227=ORIENTED_EDGE('',*,*,#4479,.F.);
#6228=ORIENTED_EDGE('',*,*,#4480,.F.);
#6229=ORIENTED_EDGE('',*,*,#4481,.F.);
#6230=ORIENTED_EDGE('',*,*,#4482,.T.);
#6231=ORIENTED_EDGE('',*,*,#4483,.F.);
#6232=ORIENTED_EDGE('',*,*,#4484,.T.);
#6233=ORIENTED_EDGE('',*,*,#4485,.T.);
#6234=ORIENTED_EDGE('',*,*,#4486,.F.);
#6235=ORIENTED_EDGE('',*,*,#4487,.F.);
#6236=ORIENTED_EDGE('',*,*,#4488,.F.);
#6237=ORIENTED_EDGE('',*,*,#4489,.T.);
#6238=ORIENTED_EDGE('',*,*,#4490,.F.);
#6239=ORIENTED_EDGE('',*,*,#4491,.F.);
#6240=ORIENTED_EDGE('',*,*,#4492,.F.);
#6241=ORIENTED_EDGE('',*,*,#4452,.T.);
#6242=ORIENTED_EDGE('',*,*,#4493,.T.);
#6243=ORIENTED_EDGE('',*,*,#4494,.T.);
#6244=ORIENTED_EDGE('',*,*,#4495,.T.);
#6245=ORIENTED_EDGE('',*,*,#4496,.T.);
#6246=ORIENTED_EDGE('',*,*,#4497,.T.);
#6247=ORIENTED_EDGE('',*,*,#4498,.T.);
#6248=ORIENTED_EDGE('',*,*,#4499,.T.);
#6249=ORIENTED_EDGE('',*,*,#4500,.T.);
#6250=ORIENTED_EDGE('',*,*,#4497,.F.);
#6251=ORIENTED_EDGE('',*,*,#4501,.T.);
#6252=ORIENTED_EDGE('',*,*,#4502,.T.);
#6253=ORIENTED_EDGE('',*,*,#4503,.T.);
#6254=ORIENTED_EDGE('',*,*,#4499,.F.);
#6255=ORIENTED_EDGE('',*,*,#4504,.T.);
#6256=ORIENTED_EDGE('',*,*,#4505,.T.);
#6257=ORIENTED_EDGE('',*,*,#4506,.T.);
#6258=ORIENTED_EDGE('',*,*,#4502,.F.);
#6259=ORIENTED_EDGE('',*,*,#4507,.T.);
#6260=ORIENTED_EDGE('',*,*,#4508,.T.);
#6261=ORIENTED_EDGE('',*,*,#4509,.T.);
#6262=ORIENTED_EDGE('',*,*,#4505,.F.);
#6263=ORIENTED_EDGE('',*,*,#4510,.T.);
#6264=ORIENTED_EDGE('',*,*,#4511,.T.);
#6265=ORIENTED_EDGE('',*,*,#4512,.T.);
#6266=ORIENTED_EDGE('',*,*,#4508,.F.);
#6267=ORIENTED_EDGE('',*,*,#4513,.T.);
#6268=ORIENTED_EDGE('',*,*,#4514,.T.);
#6269=ORIENTED_EDGE('',*,*,#4515,.T.);
#6270=ORIENTED_EDGE('',*,*,#4511,.F.);
#6271=ORIENTED_EDGE('',*,*,#4516,.T.);
#6272=ORIENTED_EDGE('',*,*,#4514,.F.);
#6273=ORIENTED_EDGE('',*,*,#4517,.T.);
#6274=ORIENTED_EDGE('',*,*,#4495,.F.);
#6275=ORIENTED_EDGE('',*,*,#4518,.T.);
#6276=ORIENTED_EDGE('',*,*,#4512,.F.);
#6277=ORIENTED_EDGE('',*,*,#4519,.F.);
#6278=ORIENTED_EDGE('',*,*,#4461,.T.);
#6279=ORIENTED_EDGE('',*,*,#4520,.F.);
#6280=ORIENTED_EDGE('',*,*,#4515,.F.);
#6281=ORIENTED_EDGE('',*,*,#4521,.T.);
#6282=ORIENTED_EDGE('',*,*,#4462,.T.);
#6283=ORIENTED_EDGE('',*,*,#4519,.T.);
#6284=ORIENTED_EDGE('',*,*,#4518,.F.);
#6285=ORIENTED_EDGE('',*,*,#4522,.F.);
#6286=ORIENTED_EDGE('',*,*,#4463,.T.);
#6287=ORIENTED_EDGE('',*,*,#4521,.F.);
#6288=ORIENTED_EDGE('',*,*,#4498,.F.);
#6289=ORIENTED_EDGE('',*,*,#4523,.T.);
#6290=ORIENTED_EDGE('',*,*,#4464,.T.);
#6291=ORIENTED_EDGE('',*,*,#4522,.T.);
#6292=ORIENTED_EDGE('',*,*,#4496,.F.);
#6293=ORIENTED_EDGE('',*,*,#4517,.F.);
#6294=ORIENTED_EDGE('',*,*,#4516,.F.);
#6295=ORIENTED_EDGE('',*,*,#4513,.F.);
#6296=ORIENTED_EDGE('',*,*,#4510,.F.);
#6297=ORIENTED_EDGE('',*,*,#4507,.F.);
#6298=ORIENTED_EDGE('',*,*,#4504,.F.);
#6299=ORIENTED_EDGE('',*,*,#4501,.F.);
#6300=ORIENTED_EDGE('',*,*,#4524,.T.);
#6301=ORIENTED_EDGE('',*,*,#4525,.T.);
#6302=ORIENTED_EDGE('',*,*,#4526,.T.);
#6303=ORIENTED_EDGE('',*,*,#4527,.T.);
#6304=ORIENTED_EDGE('',*,*,#4503,.F.);
#6305=ORIENTED_EDGE('',*,*,#4528,.T.);
#6306=ORIENTED_EDGE('',*,*,#4466,.T.);
#6307=ORIENTED_EDGE('',*,*,#4529,.T.);
#6308=ORIENTED_EDGE('',*,*,#4449,.F.);
#6309=ORIENTED_EDGE('',*,*,#4447,.F.);
#6310=ORIENTED_EDGE('',*,*,#4467,.T.);
#6311=ORIENTED_EDGE('',*,*,#4528,.F.);
#6312=ORIENTED_EDGE('',*,*,#4506,.F.);
#6313=ORIENTED_EDGE('',*,*,#4530,.F.);
#6314=ORIENTED_EDGE('',*,*,#4459,.T.);
#6315=ORIENTED_EDGE('',*,*,#4457,.F.);
#6316=ORIENTED_EDGE('',*,*,#4509,.F.);
#6317=ORIENTED_EDGE('',*,*,#4520,.T.);
#6318=ORIENTED_EDGE('',*,*,#4460,.T.);
#6319=ORIENTED_EDGE('',*,*,#4530,.T.);
#6320=ORIENTED_EDGE('',*,*,#4531,.T.);
#6321=ORIENTED_EDGE('',*,*,#4532,.T.);
#6322=ORIENTED_EDGE('',*,*,#4533,.T.);
#6323=ORIENTED_EDGE('',*,*,#4534,.T.);
#6324=ORIENTED_EDGE('',*,*,#4535,.T.);
#6325=ORIENTED_EDGE('',*,*,#4536,.T.);
#6326=ORIENTED_EDGE('',*,*,#4537,.T.);
#6327=ORIENTED_EDGE('',*,*,#4534,.F.);
#6328=ORIENTED_EDGE('',*,*,#4536,.F.);
#6329=ORIENTED_EDGE('',*,*,#4538,.T.);
#6330=ORIENTED_EDGE('',*,*,#4539,.T.);
#6331=ORIENTED_EDGE('',*,*,#4540,.T.);
#6332=ORIENTED_EDGE('',*,*,#4541,.T.);
#6333=ORIENTED_EDGE('',*,*,#4539,.F.);
#6334=ORIENTED_EDGE('',*,*,#4542,.T.);
#6335=ORIENTED_EDGE('',*,*,#4543,.T.);
#6336=ORIENTED_EDGE('',*,*,#4544,.T.);
#6337=ORIENTED_EDGE('',*,*,#4545,.T.);
#6338=ORIENTED_EDGE('',*,*,#4546,.T.);
#6339=ORIENTED_EDGE('',*,*,#4547,.T.);
#6340=ORIENTED_EDGE('',*,*,#4548,.T.);
#6341=ORIENTED_EDGE('',*,*,#4545,.F.);
#6342=ORIENTED_EDGE('',*,*,#4549,.T.);
#6343=ORIENTED_EDGE('',*,*,#4543,.F.);
#6344=ORIENTED_EDGE('',*,*,#4532,.F.);
#6345=ORIENTED_EDGE('',*,*,#4550,.T.);
#6346=ORIENTED_EDGE('',*,*,#4551,.T.);
#6347=ORIENTED_EDGE('',*,*,#4552,.T.);
#6348=ORIENTED_EDGE('',*,*,#4553,.T.);
#6349=ORIENTED_EDGE('',*,*,#4554,.T.);
#6350=ORIENTED_EDGE('',*,*,#4551,.F.);
#6351=ORIENTED_EDGE('',*,*,#4555,.T.);
#6352=ORIENTED_EDGE('',*,*,#4556,.T.);
#6353=ORIENTED_EDGE('',*,*,#4557,.T.);
#6354=ORIENTED_EDGE('',*,*,#4553,.F.);
#6355=ORIENTED_EDGE('',*,*,#4454,.T.);
#6356=ORIENTED_EDGE('',*,*,#4558,.T.);
#6357=ORIENTED_EDGE('',*,*,#4559,.T.);
#6358=ORIENTED_EDGE('',*,*,#4556,.F.);
#6359=ORIENTED_EDGE('',*,*,#4560,.T.);
#6360=ORIENTED_EDGE('',*,*,#4558,.F.);
#6361=ORIENTED_EDGE('',*,*,#4561,.T.);
#6362=ORIENTED_EDGE('',*,*,#4562,.T.);
#6363=ORIENTED_EDGE('',*,*,#4563,.T.);
#6364=ORIENTED_EDGE('',*,*,#4564,.T.);
#6365=ORIENTED_EDGE('',*,*,#4565,.T.);
#6366=ORIENTED_EDGE('',*,*,#4562,.F.);
#6367=ORIENTED_EDGE('',*,*,#4566,.T.);
#6368=ORIENTED_EDGE('',*,*,#4567,.T.);
#6369=ORIENTED_EDGE('',*,*,#4568,.T.);
#6370=ORIENTED_EDGE('',*,*,#4564,.F.);
#6371=ORIENTED_EDGE('',*,*,#4569,.T.);
#6372=ORIENTED_EDGE('',*,*,#4570,.T.);
#6373=ORIENTED_EDGE('',*,*,#4571,.T.);
#6374=ORIENTED_EDGE('',*,*,#4567,.F.);
#6375=ORIENTED_EDGE('',*,*,#4572,.T.);
#6376=ORIENTED_EDGE('',*,*,#4570,.F.);
#6377=ORIENTED_EDGE('',*,*,#4573,.T.);
#6378=ORIENTED_EDGE('',*,*,#4574,.T.);
#6379=ORIENTED_EDGE('',*,*,#4575,.T.);
#6380=ORIENTED_EDGE('',*,*,#4576,.T.);
#6381=ORIENTED_EDGE('',*,*,#4577,.T.);
#6382=ORIENTED_EDGE('',*,*,#4574,.F.);
#6383=ORIENTED_EDGE('',*,*,#4578,.T.);
#6384=ORIENTED_EDGE('',*,*,#4579,.T.);
#6385=ORIENTED_EDGE('',*,*,#4580,.T.);
#6386=ORIENTED_EDGE('',*,*,#4576,.F.);
#6387=ORIENTED_EDGE('',*,*,#4581,.T.);
#6388=ORIENTED_EDGE('',*,*,#4582,.T.);
#6389=ORIENTED_EDGE('',*,*,#4583,.T.);
#6390=ORIENTED_EDGE('',*,*,#4579,.F.);
#6391=ORIENTED_EDGE('',*,*,#4584,.T.);
#6392=ORIENTED_EDGE('',*,*,#4582,.F.);
#6393=ORIENTED_EDGE('',*,*,#4585,.T.);
#6394=ORIENTED_EDGE('',*,*,#4586,.T.);
#6395=ORIENTED_EDGE('',*,*,#4587,.T.);
#6396=ORIENTED_EDGE('',*,*,#4588,.T.);
#6397=ORIENTED_EDGE('',*,*,#4586,.F.);
#6398=ORIENTED_EDGE('',*,*,#4589,.T.);
#6399=ORIENTED_EDGE('',*,*,#4547,.F.);
#6400=ORIENTED_EDGE('',*,*,#4560,.F.);
#6401=ORIENTED_EDGE('',*,*,#4453,.T.);
#6402=ORIENTED_EDGE('',*,*,#4492,.T.);
#6403=ORIENTED_EDGE('',*,*,#4590,.F.);
#6404=ORIENTED_EDGE('',*,*,#4555,.F.);
#6405=ORIENTED_EDGE('',*,*,#4591,.F.);
#6406=ORIENTED_EDGE('',*,*,#4468,.T.);
#6407=ORIENTED_EDGE('',*,*,#4455,.T.);
#6408=ORIENTED_EDGE('',*,*,#4550,.F.);
#6409=ORIENTED_EDGE('',*,*,#4592,.T.);
#6410=ORIENTED_EDGE('',*,*,#4469,.T.);
#6411=ORIENTED_EDGE('',*,*,#4591,.T.);
#6412=ORIENTED_EDGE('',*,*,#4531,.F.);
#6413=ORIENTED_EDGE('',*,*,#4593,.T.);
#6414=ORIENTED_EDGE('',*,*,#4594,.F.);
#6415=ORIENTED_EDGE('',*,*,#4595,.T.);
#6416=ORIENTED_EDGE('',*,*,#4596,.F.);
#6417=ORIENTED_EDGE('',*,*,#4470,.F.);
#6418=ORIENTED_EDGE('',*,*,#4592,.F.);
#6419=ORIENTED_EDGE('',*,*,#4537,.F.);
#6420=ORIENTED_EDGE('',*,*,#4597,.T.);
#6421=ORIENTED_EDGE('',*,*,#4598,.F.);
#6422=ORIENTED_EDGE('',*,*,#4593,.F.);
#6423=ORIENTED_EDGE('',*,*,#4540,.F.);
#6424=ORIENTED_EDGE('',*,*,#4599,.F.);
#6425=ORIENTED_EDGE('',*,*,#4600,.F.);
#6426=ORIENTED_EDGE('',*,*,#4597,.F.);
#6427=ORIENTED_EDGE('',*,*,#4541,.F.);
#6428=ORIENTED_EDGE('',*,*,#4601,.T.);
#6429=ORIENTED_EDGE('',*,*,#4602,.F.);
#6430=ORIENTED_EDGE('',*,*,#4603,.T.);
#6431=ORIENTED_EDGE('',*,*,#4604,.T.);
#6432=ORIENTED_EDGE('',*,*,#4476,.T.);
#6433=ORIENTED_EDGE('',*,*,#4605,.T.);
#6434=ORIENTED_EDGE('',*,*,#4606,.T.);
#6435=ORIENTED_EDGE('',*,*,#4607,.F.);
#6436=ORIENTED_EDGE('',*,*,#4599,.T.);
#6437=ORIENTED_EDGE('',*,*,#4549,.F.);
#6438=ORIENTED_EDGE('',*,*,#4608,.T.);
#6439=ORIENTED_EDGE('',*,*,#4609,.F.);
#6440=ORIENTED_EDGE('',*,*,#4601,.F.);
#6441=ORIENTED_EDGE('',*,*,#4544,.F.);
#6442=ORIENTED_EDGE('',*,*,#4610,.F.);
#6443=ORIENTED_EDGE('',*,*,#4611,.F.);
#6444=ORIENTED_EDGE('',*,*,#4608,.F.);
#6445=ORIENTED_EDGE('',*,*,#4546,.F.);
#6446=ORIENTED_EDGE('',*,*,#4548,.F.);
#6447=ORIENTED_EDGE('',*,*,#4542,.F.);
#6448=ORIENTED_EDGE('',*,*,#4538,.F.);
#6449=ORIENTED_EDGE('',*,*,#4535,.F.);
#6450=ORIENTED_EDGE('',*,*,#4533,.F.);
#6451=ORIENTED_EDGE('',*,*,#4552,.F.);
#6452=ORIENTED_EDGE('',*,*,#4554,.F.);
#6453=ORIENTED_EDGE('',*,*,#4557,.F.);
#6454=ORIENTED_EDGE('',*,*,#4559,.F.);
#6455=ORIENTED_EDGE('',*,*,#4563,.F.);
#6456=ORIENTED_EDGE('',*,*,#4565,.F.);
#6457=ORIENTED_EDGE('',*,*,#4568,.F.);
#6458=ORIENTED_EDGE('',*,*,#4571,.F.);
#6459=ORIENTED_EDGE('',*,*,#4575,.F.);
#6460=ORIENTED_EDGE('',*,*,#4577,.F.);
#6461=ORIENTED_EDGE('',*,*,#4580,.F.);
#6462=ORIENTED_EDGE('',*,*,#4583,.F.);
#6463=ORIENTED_EDGE('',*,*,#4587,.F.);
#6464=ORIENTED_EDGE('',*,*,#4588,.F.);
#6465=ORIENTED_EDGE('',*,*,#4426,.T.);
#6466=ORIENTED_EDGE('',*,*,#4436,.T.);
#6467=ORIENTED_EDGE('',*,*,#4433,.T.);
#6468=ORIENTED_EDGE('',*,*,#4430,.T.);
#6469=ORIENTED_EDGE('',*,*,#4612,.T.);
#6470=ORIENTED_EDGE('',*,*,#4613,.T.);
#6471=ORIENTED_EDGE('',*,*,#4614,.T.);
#6472=ORIENTED_EDGE('',*,*,#4615,.T.);
#6473=ORIENTED_EDGE('',*,*,#4614,.F.);
#6474=ORIENTED_EDGE('',*,*,#4612,.F.);
#6475=ORIENTED_EDGE('',*,*,#4616,.T.);
#6476=ORIENTED_EDGE('',*,*,#4615,.F.);
#6477=ORIENTED_EDGE('',*,*,#4616,.F.);
#6478=ORIENTED_EDGE('',*,*,#4613,.F.);
#6479=ORIENTED_EDGE('',*,*,#4617,.T.);
#6480=ORIENTED_EDGE('',*,*,#4618,.T.);
#6481=ORIENTED_EDGE('',*,*,#4594,.T.);
#6482=ORIENTED_EDGE('',*,*,#4598,.T.);
#6483=ORIENTED_EDGE('',*,*,#4617,.F.);
#6484=ORIENTED_EDGE('',*,*,#4600,.T.);
#6485=ORIENTED_EDGE('',*,*,#4607,.T.);
#6486=ORIENTED_EDGE('',*,*,#4619,.T.);
#6487=ORIENTED_EDGE('',*,*,#4618,.F.);
#6488=ORIENTED_EDGE('',*,*,#4619,.F.);
#6489=ORIENTED_EDGE('',*,*,#4606,.F.);
#6490=ORIENTED_EDGE('',*,*,#4620,.F.);
#6491=ORIENTED_EDGE('',*,*,#4621,.F.);
#6492=ORIENTED_EDGE('',*,*,#4622,.T.);
#6493=ORIENTED_EDGE('',*,*,#4623,.F.);
#6494=ORIENTED_EDGE('',*,*,#4595,.F.);
#6495=ORIENTED_EDGE('',*,*,#4602,.T.);
#6496=ORIENTED_EDGE('',*,*,#4609,.T.);
#6497=ORIENTED_EDGE('',*,*,#4624,.T.);
#6498=ORIENTED_EDGE('',*,*,#4625,.T.);
#6499=ORIENTED_EDGE('',*,*,#4626,.T.);
#6500=ORIENTED_EDGE('',*,*,#4627,.T.);
#6501=ORIENTED_EDGE('',*,*,#4624,.F.);
#6502=ORIENTED_EDGE('',*,*,#4611,.T.);
#6503=ORIENTED_EDGE('',*,*,#4481,.T.);
#6504=ORIENTED_EDGE('',*,*,#4628,.T.);
#6505=ORIENTED_EDGE('',*,*,#4629,.T.);
#6506=ORIENTED_EDGE('',*,*,#4630,.T.);
#6507=ORIENTED_EDGE('',*,*,#4589,.F.);
#6508=ORIENTED_EDGE('',*,*,#4631,.F.);
#6509=ORIENTED_EDGE('',*,*,#4482,.F.);
#6510=ORIENTED_EDGE('',*,*,#4630,.F.);
#6511=ORIENTED_EDGE('',*,*,#4632,.T.);
#6512=ORIENTED_EDGE('',*,*,#4626,.F.);
#6513=ORIENTED_EDGE('',*,*,#4610,.T.);
#6514=ORIENTED_EDGE('',*,*,#4633,.F.);
#6515=ORIENTED_EDGE('',*,*,#4634,.F.);
#6516=ORIENTED_EDGE('',*,*,#4635,.T.);
#6517=ORIENTED_EDGE('',*,*,#4479,.T.);
#6518=ORIENTED_EDGE('',*,*,#4636,.F.);
#6519=ORIENTED_EDGE('',*,*,#4637,.F.);
#6520=ORIENTED_EDGE('',*,*,#4628,.F.);
#6521=ORIENTED_EDGE('',*,*,#4480,.T.);
#6522=ORIENTED_EDGE('',*,*,#4635,.F.);
#6523=ORIENTED_EDGE('',*,*,#4478,.T.);
#6524=ORIENTED_EDGE('',*,*,#4638,.T.);
#6525=ORIENTED_EDGE('',*,*,#4639,.T.);
#6526=ORIENTED_EDGE('',*,*,#4636,.T.);
#6527=ORIENTED_EDGE('',*,*,#4638,.F.);
#6528=ORIENTED_EDGE('',*,*,#4477,.T.);
#6529=ORIENTED_EDGE('',*,*,#4604,.F.);
#6530=ORIENTED_EDGE('',*,*,#4640,.T.);
#6531=ORIENTED_EDGE('',*,*,#4474,.T.);
#6532=ORIENTED_EDGE('',*,*,#4641,.T.);
#6533=ORIENTED_EDGE('',*,*,#4621,.T.);
#6534=ORIENTED_EDGE('',*,*,#4642,.T.);
#6535=ORIENTED_EDGE('',*,*,#4643,.F.);
#6536=ORIENTED_EDGE('',*,*,#4644,.T.);
#6537=ORIENTED_EDGE('',*,*,#4472,.T.);
#6538=ORIENTED_EDGE('',*,*,#4645,.F.);
#6539=ORIENTED_EDGE('',*,*,#4622,.F.);
#6540=ORIENTED_EDGE('',*,*,#4641,.F.);
#6541=ORIENTED_EDGE('',*,*,#4473,.T.);
#6542=ORIENTED_EDGE('',*,*,#4644,.F.);
#6543=ORIENTED_EDGE('',*,*,#4471,.T.);
#6544=ORIENTED_EDGE('',*,*,#4596,.T.);
#6545=ORIENTED_EDGE('',*,*,#4623,.T.);
#6546=ORIENTED_EDGE('',*,*,#4645,.T.);
#6547=ORIENTED_EDGE('',*,*,#4585,.F.);
#6548=ORIENTED_EDGE('',*,*,#4646,.T.);
#6549=ORIENTED_EDGE('',*,*,#4483,.T.);
#6550=ORIENTED_EDGE('',*,*,#4631,.T.);
#6551=ORIENTED_EDGE('',*,*,#4584,.F.);
#6552=ORIENTED_EDGE('',*,*,#4647,.T.);
#6553=ORIENTED_EDGE('',*,*,#4484,.F.);
#6554=ORIENTED_EDGE('',*,*,#4646,.F.);
#6555=ORIENTED_EDGE('',*,*,#4581,.F.);
#6556=ORIENTED_EDGE('',*,*,#4648,.F.);
#6557=ORIENTED_EDGE('',*,*,#4485,.F.);
#6558=ORIENTED_EDGE('',*,*,#4647,.F.);
#6559=ORIENTED_EDGE('',*,*,#4578,.F.);
#6560=ORIENTED_EDGE('',*,*,#4649,.F.);
#6561=ORIENTED_EDGE('',*,*,#4486,.T.);
#6562=ORIENTED_EDGE('',*,*,#4648,.T.);
#6563=ORIENTED_EDGE('',*,*,#4566,.F.);
#6564=ORIENTED_EDGE('',*,*,#4650,.F.);
#6565=ORIENTED_EDGE('',*,*,#4490,.T.);
#6566=ORIENTED_EDGE('',*,*,#4651,.T.);
#6567=ORIENTED_EDGE('',*,*,#4572,.F.);
#6568=ORIENTED_EDGE('',*,*,#4652,.T.);
#6569=ORIENTED_EDGE('',*,*,#4488,.T.);
#6570=ORIENTED_EDGE('',*,*,#4653,.F.);
#6571=ORIENTED_EDGE('',*,*,#4573,.F.);
#6572=ORIENTED_EDGE('',*,*,#4653,.T.);
#6573=ORIENTED_EDGE('',*,*,#4487,.T.);
#6574=ORIENTED_EDGE('',*,*,#4649,.T.);
#6575=ORIENTED_EDGE('',*,*,#4561,.F.);
#6576=ORIENTED_EDGE('',*,*,#4590,.T.);
#6577=ORIENTED_EDGE('',*,*,#4491,.T.);
#6578=ORIENTED_EDGE('',*,*,#4650,.T.);
#6579=ORIENTED_EDGE('',*,*,#4654,.T.);
#6580=ORIENTED_EDGE('',*,*,#4655,.T.);
#6581=ORIENTED_EDGE('',*,*,#4656,.F.);
#6582=ORIENTED_EDGE('',*,*,#4655,.F.);
#6583=ORIENTED_EDGE('',*,*,#4524,.F.);
#6584=ORIENTED_EDGE('',*,*,#4657,.T.);
#6585=ORIENTED_EDGE('',*,*,#4654,.F.);
#6586=ORIENTED_EDGE('',*,*,#4657,.F.);
#6587=ORIENTED_EDGE('',*,*,#4658,.T.);
#6588=ORIENTED_EDGE('',*,*,#4659,.T.);
#6589=ORIENTED_EDGE('',*,*,#4660,.F.);
#6590=ORIENTED_EDGE('',*,*,#4659,.F.);
#6591=ORIENTED_EDGE('',*,*,#4526,.F.);
#6592=ORIENTED_EDGE('',*,*,#4661,.T.);
#6593=ORIENTED_EDGE('',*,*,#4658,.F.);
#6594=ORIENTED_EDGE('',*,*,#4661,.F.);
#6595=ORIENTED_EDGE('',*,*,#4633,.T.);
#6596=ORIENTED_EDGE('',*,*,#4634,.T.);
#6597=ORIENTED_EDGE('',*,*,#4662,.T.);
#6598=ORIENTED_EDGE('',*,*,#4663,.T.);
#6599=ORIENTED_EDGE('',*,*,#4664,.T.);
#6600=ORIENTED_EDGE('',*,*,#4662,.F.);
#6601=ORIENTED_EDGE('',*,*,#4525,.F.);
#6602=ORIENTED_EDGE('',*,*,#4665,.T.);
#6603=ORIENTED_EDGE('',*,*,#4663,.F.);
#6604=ORIENTED_EDGE('',*,*,#4664,.F.);
#6605=ORIENTED_EDGE('',*,*,#4665,.F.);
#6606=ORIENTED_EDGE('',*,*,#4643,.T.);
#6607=ORIENTED_EDGE('',*,*,#4666,.T.);
#6608=ORIENTED_EDGE('',*,*,#4667,.T.);
#6609=ORIENTED_EDGE('',*,*,#4666,.F.);
#6610=ORIENTED_EDGE('',*,*,#4527,.F.);
#6611=ORIENTED_EDGE('',*,*,#4668,.T.);
#6612=ORIENTED_EDGE('',*,*,#4667,.F.);
#6613=ORIENTED_EDGE('',*,*,#4668,.F.);
#6614=ORIENTED_EDGE('',*,*,#4627,.F.);
#6615=ORIENTED_EDGE('',*,*,#4632,.F.);
#6616=ORIENTED_EDGE('',*,*,#4629,.F.);
#6617=ORIENTED_EDGE('',*,*,#4637,.T.);
#6618=ORIENTED_EDGE('',*,*,#4639,.F.);
#6619=ORIENTED_EDGE('',*,*,#4640,.F.);
#6620=ORIENTED_EDGE('',*,*,#4603,.F.);
#6621=ORIENTED_EDGE('',*,*,#4625,.F.);
#6622=ORIENTED_EDGE('',*,*,#4656,.T.);
#6623=ORIENTED_EDGE('',*,*,#4669,.T.);
#6624=ORIENTED_EDGE('',*,*,#4494,.F.);
#6625=ORIENTED_EDGE('',*,*,#4669,.F.);
#6626=ORIENTED_EDGE('',*,*,#4569,.F.);
#6627=ORIENTED_EDGE('',*,*,#4651,.F.);
#6628=ORIENTED_EDGE('',*,*,#4489,.F.);
#6629=ORIENTED_EDGE('',*,*,#4652,.F.);
#6630=ORIENTED_EDGE('',*,*,#4642,.F.);
#6631=ORIENTED_EDGE('',*,*,#4620,.T.);
#6632=ORIENTED_EDGE('',*,*,#4605,.F.);
#6633=ORIENTED_EDGE('',*,*,#4475,.F.);
#6634=ORIENTED_EDGE('',*,*,#4660,.T.);
#6635=ORIENTED_EDGE('',*,*,#4670,.T.);
#6636=ORIENTED_EDGE('',*,*,#4493,.F.);
#6637=ORIENTED_EDGE('',*,*,#4670,.F.);
#6638=ORIENTED_EDGE('',*,*,#4500,.F.);
#6639=ORIENTED_EDGE('',*,*,#4529,.F.);
#6640=ORIENTED_EDGE('',*,*,#4465,.T.);
#6641=ORIENTED_EDGE('',*,*,#4523,.F.);
#6642=ORIENTED_EDGE('',*,*,#4671,.T.);
#6643=ORIENTED_EDGE('',*,*,#4672,.T.);
#6644=ORIENTED_EDGE('',*,*,#4673,.T.);
#6645=ORIENTED_EDGE('',*,*,#4674,.T.);
#6646=ORIENTED_EDGE('',*,*,#4675,.T.);
#6647=ORIENTED_EDGE('',*,*,#4676,.T.);
#6648=ORIENTED_EDGE('',*,*,#4677,.T.);
#6649=ORIENTED_EDGE('',*,*,#4678,.T.);
#6650=ORIENTED_EDGE('',*,*,#4679,.T.);
#6651=ORIENTED_EDGE('',*,*,#4680,.T.);
#6652=ORIENTED_EDGE('',*,*,#4681,.T.);
#6653=ORIENTED_EDGE('',*,*,#4682,.T.);
#6654=ORIENTED_EDGE('',*,*,#4683,.T.);
#6655=ORIENTED_EDGE('',*,*,#4684,.T.);
#6656=ORIENTED_EDGE('',*,*,#4685,.T.);
#6657=ORIENTED_EDGE('',*,*,#4686,.T.);
#6658=ORIENTED_EDGE('',*,*,#4687,.T.);
#6659=ORIENTED_EDGE('',*,*,#4688,.T.);
#6660=ORIENTED_EDGE('',*,*,#4689,.T.);
#6661=ORIENTED_EDGE('',*,*,#4684,.F.);
#6662=ORIENTED_EDGE('',*,*,#4688,.F.);
#6663=ORIENTED_EDGE('',*,*,#4690,.T.);
#6664=ORIENTED_EDGE('',*,*,#4691,.T.);
#6665=ORIENTED_EDGE('',*,*,#4692,.T.);
#6666=ORIENTED_EDGE('',*,*,#4693,.T.);
#6667=ORIENTED_EDGE('',*,*,#4694,.T.);
#6668=ORIENTED_EDGE('',*,*,#4691,.F.);
#6669=ORIENTED_EDGE('',*,*,#4695,.T.);
#6670=ORIENTED_EDGE('',*,*,#4693,.F.);
#6671=ORIENTED_EDGE('',*,*,#4696,.T.);
#6672=ORIENTED_EDGE('',*,*,#4697,.T.);
#6673=ORIENTED_EDGE('',*,*,#4698,.T.);
#6674=ORIENTED_EDGE('',*,*,#4699,.T.);
#6675=ORIENTED_EDGE('',*,*,#4697,.F.);
#6676=ORIENTED_EDGE('',*,*,#4700,.T.);
#6677=ORIENTED_EDGE('',*,*,#4680,.F.);
#6678=ORIENTED_EDGE('',*,*,#4701,.T.);
#6679=ORIENTED_EDGE('',*,*,#4702,.T.);
#6680=ORIENTED_EDGE('',*,*,#4703,.T.);
#6681=ORIENTED_EDGE('',*,*,#4676,.F.);
#6682=ORIENTED_EDGE('',*,*,#4702,.F.);
#6683=ORIENTED_EDGE('',*,*,#4704,.T.);
#6684=ORIENTED_EDGE('',*,*,#4705,.T.);
#6685=ORIENTED_EDGE('',*,*,#4706,.T.);
#6686=ORIENTED_EDGE('',*,*,#4707,.T.);
#6687=ORIENTED_EDGE('',*,*,#4708,.T.);
#6688=ORIENTED_EDGE('',*,*,#4705,.F.);
#6689=ORIENTED_EDGE('',*,*,#4709,.T.);
#6690=ORIENTED_EDGE('',*,*,#4707,.F.);
#6691=ORIENTED_EDGE('',*,*,#4710,.T.);
#6692=ORIENTED_EDGE('',*,*,#4711,.T.);
#6693=ORIENTED_EDGE('',*,*,#4712,.T.);
#6694=ORIENTED_EDGE('',*,*,#4713,.T.);
#6695=ORIENTED_EDGE('',*,*,#4711,.F.);
#6696=ORIENTED_EDGE('',*,*,#4714,.T.);
#6697=ORIENTED_EDGE('',*,*,#4686,.F.);
#6698=ORIENTED_EDGE('',*,*,#4715,.T.);
#6699=ORIENTED_EDGE('',*,*,#4716,.T.);
#6700=ORIENTED_EDGE('',*,*,#4717,.T.);
#6701=ORIENTED_EDGE('',*,*,#4682,.F.);
#6702=ORIENTED_EDGE('',*,*,#4716,.F.);
#6703=ORIENTED_EDGE('',*,*,#4718,.T.);
#6704=ORIENTED_EDGE('',*,*,#4719,.T.);
#6705=ORIENTED_EDGE('',*,*,#4720,.T.);
#6706=ORIENTED_EDGE('',*,*,#4721,.T.);
#6707=ORIENTED_EDGE('',*,*,#4722,.T.);
#6708=ORIENTED_EDGE('',*,*,#4719,.F.);
#6709=ORIENTED_EDGE('',*,*,#4723,.T.);
#6710=ORIENTED_EDGE('',*,*,#4721,.F.);
#6711=ORIENTED_EDGE('',*,*,#4724,.T.);
#6712=ORIENTED_EDGE('',*,*,#4725,.T.);
#6713=ORIENTED_EDGE('',*,*,#4726,.T.);
#6714=ORIENTED_EDGE('',*,*,#4727,.T.);
#6715=ORIENTED_EDGE('',*,*,#4725,.F.);
#6716=ORIENTED_EDGE('',*,*,#4728,.T.);
#6717=ORIENTED_EDGE('',*,*,#4672,.F.);
#6718=ORIENTED_EDGE('',*,*,#4729,.T.);
#6719=ORIENTED_EDGE('',*,*,#4730,.T.);
#6720=ORIENTED_EDGE('',*,*,#4731,.T.);
#6721=ORIENTED_EDGE('',*,*,#4674,.F.);
#6722=ORIENTED_EDGE('',*,*,#4730,.F.);
#6723=ORIENTED_EDGE('',*,*,#4732,.T.);
#6724=ORIENTED_EDGE('',*,*,#4733,.T.);
#6725=ORIENTED_EDGE('',*,*,#4734,.T.);
#6726=ORIENTED_EDGE('',*,*,#4735,.T.);
#6727=ORIENTED_EDGE('',*,*,#4736,.T.);
#6728=ORIENTED_EDGE('',*,*,#4733,.F.);
#6729=ORIENTED_EDGE('',*,*,#4737,.T.);
#6730=ORIENTED_EDGE('',*,*,#4735,.F.);
#6731=ORIENTED_EDGE('',*,*,#4738,.T.);
#6732=ORIENTED_EDGE('',*,*,#4739,.T.);
#6733=ORIENTED_EDGE('',*,*,#4740,.T.);
#6734=ORIENTED_EDGE('',*,*,#4741,.T.);
#6735=ORIENTED_EDGE('',*,*,#4739,.F.);
#6736=ORIENTED_EDGE('',*,*,#4742,.T.);
#6737=ORIENTED_EDGE('',*,*,#4678,.F.);
#6738=ORIENTED_EDGE('',*,*,#4728,.F.);
#6739=ORIENTED_EDGE('',*,*,#4743,.F.);
#6740=ORIENTED_EDGE('',*,*,#4744,.F.);
#6741=ORIENTED_EDGE('',*,*,#4745,.F.);
#6742=ORIENTED_EDGE('',*,*,#4746,.F.);
#6743=ORIENTED_EDGE('',*,*,#4747,.F.);
#6744=ORIENTED_EDGE('',*,*,#4724,.F.);
#6745=ORIENTED_EDGE('',*,*,#4748,.T.);
#6746=ORIENTED_EDGE('',*,*,#4749,.F.);
#6747=ORIENTED_EDGE('',*,*,#4743,.T.);
#6748=ORIENTED_EDGE('',*,*,#4723,.F.);
#6749=ORIENTED_EDGE('',*,*,#4750,.F.);
#6750=ORIENTED_EDGE('',*,*,#4751,.F.);
#6751=ORIENTED_EDGE('',*,*,#4748,.F.);
#6752=ORIENTED_EDGE('',*,*,#4718,.F.);
#6753=ORIENTED_EDGE('',*,*,#4752,.T.);
#6754=ORIENTED_EDGE('',*,*,#4753,.F.);
#6755=ORIENTED_EDGE('',*,*,#4750,.T.);
#6756=ORIENTED_EDGE('',*,*,#4715,.F.);
#6757=ORIENTED_EDGE('',*,*,#4754,.F.);
#6758=ORIENTED_EDGE('',*,*,#4755,.F.);
#6759=ORIENTED_EDGE('',*,*,#4756,.F.);
#6760=ORIENTED_EDGE('',*,*,#4757,.F.);
#6761=ORIENTED_EDGE('',*,*,#4752,.F.);
#6762=ORIENTED_EDGE('',*,*,#4681,.F.);
#6763=ORIENTED_EDGE('',*,*,#4758,.T.);
#6764=ORIENTED_EDGE('',*,*,#4759,.F.);
#6765=ORIENTED_EDGE('',*,*,#4754,.T.);
#6766=ORIENTED_EDGE('',*,*,#4700,.F.);
#6767=ORIENTED_EDGE('',*,*,#4760,.F.);
#6768=ORIENTED_EDGE('',*,*,#4761,.F.);
#6769=ORIENTED_EDGE('',*,*,#4762,.F.);
#6770=ORIENTED_EDGE('',*,*,#4763,.F.);
#6771=ORIENTED_EDGE('',*,*,#4758,.F.);
#6772=ORIENTED_EDGE('',*,*,#4696,.F.);
#6773=ORIENTED_EDGE('',*,*,#4764,.T.);
#6774=ORIENTED_EDGE('',*,*,#4765,.F.);
#6775=ORIENTED_EDGE('',*,*,#4760,.T.);
#6776=ORIENTED_EDGE('',*,*,#4695,.F.);
#6777=ORIENTED_EDGE('',*,*,#4766,.F.);
#6778=ORIENTED_EDGE('',*,*,#4767,.F.);
#6779=ORIENTED_EDGE('',*,*,#4764,.F.);
#6780=ORIENTED_EDGE('',*,*,#4690,.F.);
#6781=ORIENTED_EDGE('',*,*,#4768,.T.);
#6782=ORIENTED_EDGE('',*,*,#4769,.F.);
#6783=ORIENTED_EDGE('',*,*,#4766,.T.);
#6784=ORIENTED_EDGE('',*,*,#4687,.F.);
#6785=ORIENTED_EDGE('',*,*,#4770,.F.);
#6786=ORIENTED_EDGE('',*,*,#4771,.F.);
#6787=ORIENTED_EDGE('',*,*,#4772,.F.);
#6788=ORIENTED_EDGE('',*,*,#4773,.F.);
#6789=ORIENTED_EDGE('',*,*,#4768,.F.);
#6790=ORIENTED_EDGE('',*,*,#4683,.F.);
#6791=ORIENTED_EDGE('',*,*,#4774,.T.);
#6792=ORIENTED_EDGE('',*,*,#4775,.F.);
#6793=ORIENTED_EDGE('',*,*,#4770,.T.);
#6794=ORIENTED_EDGE('',*,*,#4685,.F.);
#6795=ORIENTED_EDGE('',*,*,#4689,.F.);
#6796=ORIENTED_EDGE('',*,*,#4692,.F.);
#6797=ORIENTED_EDGE('',*,*,#4694,.F.);
#6798=ORIENTED_EDGE('',*,*,#4698,.F.);
#6799=ORIENTED_EDGE('',*,*,#4699,.F.);
#6800=ORIENTED_EDGE('',*,*,#4679,.F.);
#6801=ORIENTED_EDGE('',*,*,#4717,.F.);
#6802=ORIENTED_EDGE('',*,*,#4720,.F.);
#6803=ORIENTED_EDGE('',*,*,#4722,.F.);
#6804=ORIENTED_EDGE('',*,*,#4726,.F.);
#6805=ORIENTED_EDGE('',*,*,#4727,.F.);
#6806=ORIENTED_EDGE('',*,*,#4671,.F.);
#6807=ORIENTED_EDGE('',*,*,#4731,.F.);
#6808=ORIENTED_EDGE('',*,*,#4734,.F.);
#6809=ORIENTED_EDGE('',*,*,#4736,.F.);
#6810=ORIENTED_EDGE('',*,*,#4740,.F.);
#6811=ORIENTED_EDGE('',*,*,#4741,.F.);
#6812=ORIENTED_EDGE('',*,*,#4677,.F.);
#6813=ORIENTED_EDGE('',*,*,#4703,.F.);
#6814=ORIENTED_EDGE('',*,*,#4706,.F.);
#6815=ORIENTED_EDGE('',*,*,#4708,.F.);
#6816=ORIENTED_EDGE('',*,*,#4712,.F.);
#6817=ORIENTED_EDGE('',*,*,#4713,.F.);
#6818=ORIENTED_EDGE('',*,*,#4776,.T.);
#6819=ORIENTED_EDGE('',*,*,#4777,.T.);
#6820=ORIENTED_EDGE('',*,*,#4778,.T.);
#6821=ORIENTED_EDGE('',*,*,#4744,.T.);
#6822=ORIENTED_EDGE('',*,*,#4779,.T.);
#6823=ORIENTED_EDGE('',*,*,#4780,.T.);
#6824=ORIENTED_EDGE('',*,*,#4776,.F.);
#6825=ORIENTED_EDGE('',*,*,#4749,.T.);
#6826=ORIENTED_EDGE('',*,*,#4781,.T.);
#6827=ORIENTED_EDGE('',*,*,#4782,.T.);
#6828=ORIENTED_EDGE('',*,*,#4779,.F.);
#6829=ORIENTED_EDGE('',*,*,#4751,.T.);
#6830=ORIENTED_EDGE('',*,*,#4781,.F.);
#6831=ORIENTED_EDGE('',*,*,#4753,.T.);
#6832=ORIENTED_EDGE('',*,*,#4783,.T.);
#6833=ORIENTED_EDGE('',*,*,#4784,.T.);
#6834=ORIENTED_EDGE('',*,*,#4785,.T.);
#6835=ORIENTED_EDGE('',*,*,#4786,.T.);
#6836=ORIENTED_EDGE('',*,*,#4783,.F.);
#6837=ORIENTED_EDGE('',*,*,#4757,.T.);
#6838=ORIENTED_EDGE('',*,*,#4787,.T.);
#6839=ORIENTED_EDGE('',*,*,#4788,.T.);
#6840=ORIENTED_EDGE('',*,*,#4785,.F.);
#6841=ORIENTED_EDGE('',*,*,#4789,.T.);
#6842=ORIENTED_EDGE('',*,*,#4790,.T.);
#6843=ORIENTED_EDGE('',*,*,#4791,.T.);
#6844=ORIENTED_EDGE('',*,*,#4787,.F.);
#6845=ORIENTED_EDGE('',*,*,#4761,.T.);
#6846=ORIENTED_EDGE('',*,*,#4792,.T.);
#6847=ORIENTED_EDGE('',*,*,#4793,.T.);
#6848=ORIENTED_EDGE('',*,*,#4790,.F.);
#6849=ORIENTED_EDGE('',*,*,#4765,.T.);
#6850=ORIENTED_EDGE('',*,*,#4794,.T.);
#6851=ORIENTED_EDGE('',*,*,#4795,.T.);
#6852=ORIENTED_EDGE('',*,*,#4792,.F.);
#6853=ORIENTED_EDGE('',*,*,#4767,.T.);
#6854=ORIENTED_EDGE('',*,*,#4794,.F.);
#6855=ORIENTED_EDGE('',*,*,#4769,.T.);
#6856=ORIENTED_EDGE('',*,*,#4796,.T.);
#6857=ORIENTED_EDGE('',*,*,#4797,.T.);
#6858=ORIENTED_EDGE('',*,*,#4798,.T.);
#6859=ORIENTED_EDGE('',*,*,#4799,.T.);
#6860=ORIENTED_EDGE('',*,*,#4800,.T.);
#6861=ORIENTED_EDGE('',*,*,#4796,.F.);
#6862=ORIENTED_EDGE('',*,*,#4773,.T.);
#6863=ORIENTED_EDGE('',*,*,#4801,.T.);
#6864=ORIENTED_EDGE('',*,*,#4802,.T.);
#6865=ORIENTED_EDGE('',*,*,#4799,.F.);
#6866=ORIENTED_EDGE('',*,*,#4803,.T.);
#6867=ORIENTED_EDGE('',*,*,#4804,.T.);
#6868=ORIENTED_EDGE('',*,*,#4805,.T.);
#6869=ORIENTED_EDGE('',*,*,#4801,.F.);
#6870=ORIENTED_EDGE('',*,*,#4806,.T.);
#6871=ORIENTED_EDGE('',*,*,#4807,.T.);
#6872=ORIENTED_EDGE('',*,*,#4808,.T.);
#6873=ORIENTED_EDGE('',*,*,#4804,.F.);
#6874=ORIENTED_EDGE('',*,*,#4809,.T.);
#6875=ORIENTED_EDGE('',*,*,#4810,.T.);
#6876=ORIENTED_EDGE('',*,*,#4811,.T.);
#6877=ORIENTED_EDGE('',*,*,#4807,.F.);
#6878=ORIENTED_EDGE('',*,*,#4812,.T.);
#6879=ORIENTED_EDGE('',*,*,#4813,.T.);
#6880=ORIENTED_EDGE('',*,*,#4814,.T.);
#6881=ORIENTED_EDGE('',*,*,#4810,.F.);
#6882=ORIENTED_EDGE('',*,*,#4815,.T.);
#6883=ORIENTED_EDGE('',*,*,#4816,.T.);
#6884=ORIENTED_EDGE('',*,*,#4817,.T.);
#6885=ORIENTED_EDGE('',*,*,#4813,.F.);
#6886=ORIENTED_EDGE('',*,*,#4818,.T.);
#6887=ORIENTED_EDGE('',*,*,#4819,.T.);
#6888=ORIENTED_EDGE('',*,*,#4820,.T.);
#6889=ORIENTED_EDGE('',*,*,#4816,.F.);
#6890=ORIENTED_EDGE('',*,*,#4821,.T.);
#6891=ORIENTED_EDGE('',*,*,#4822,.T.);
#6892=ORIENTED_EDGE('',*,*,#4823,.T.);
#6893=ORIENTED_EDGE('',*,*,#4819,.F.);
#6894=ORIENTED_EDGE('',*,*,#4824,.T.);
#6895=ORIENTED_EDGE('',*,*,#4825,.T.);
#6896=ORIENTED_EDGE('',*,*,#4826,.T.);
#6897=ORIENTED_EDGE('',*,*,#4822,.F.);
#6898=ORIENTED_EDGE('',*,*,#4827,.T.);
#6899=ORIENTED_EDGE('',*,*,#4828,.T.);
#6900=ORIENTED_EDGE('',*,*,#4829,.T.);
#6901=ORIENTED_EDGE('',*,*,#4825,.F.);
#6902=ORIENTED_EDGE('',*,*,#4830,.T.);
#6903=ORIENTED_EDGE('',*,*,#4831,.T.);
#6904=ORIENTED_EDGE('',*,*,#4832,.T.);
#6905=ORIENTED_EDGE('',*,*,#4828,.F.);
#6906=ORIENTED_EDGE('',*,*,#4833,.T.);
#6907=ORIENTED_EDGE('',*,*,#4834,.T.);
#6908=ORIENTED_EDGE('',*,*,#4835,.T.);
#6909=ORIENTED_EDGE('',*,*,#4831,.F.);
#6910=ORIENTED_EDGE('',*,*,#4836,.T.);
#6911=ORIENTED_EDGE('',*,*,#4778,.F.);
#6912=ORIENTED_EDGE('',*,*,#4837,.T.);
#6913=ORIENTED_EDGE('',*,*,#4834,.F.);
#6914=ORIENTED_EDGE('',*,*,#4838,.T.);
#6915=ORIENTED_EDGE('',*,*,#4803,.F.);
#6916=ORIENTED_EDGE('',*,*,#4772,.T.);
#6917=ORIENTED_EDGE('',*,*,#4839,.F.);
#6918=ORIENTED_EDGE('',*,*,#4840,.T.);
#6919=ORIENTED_EDGE('',*,*,#4789,.F.);
#6920=ORIENTED_EDGE('',*,*,#4756,.T.);
#6921=ORIENTED_EDGE('',*,*,#4841,.F.);
#6922=ORIENTED_EDGE('',*,*,#4762,.T.);
#6923=ORIENTED_EDGE('',*,*,#4842,.T.);
#6924=ORIENTED_EDGE('',*,*,#4843,.T.);
#6925=ORIENTED_EDGE('',*,*,#4797,.F.);
#6926=ORIENTED_EDGE('',*,*,#4800,.F.);
#6927=ORIENTED_EDGE('',*,*,#4802,.F.);
#6928=ORIENTED_EDGE('',*,*,#4805,.F.);
#6929=ORIENTED_EDGE('',*,*,#4808,.F.);
#6930=ORIENTED_EDGE('',*,*,#4811,.F.);
#6931=ORIENTED_EDGE('',*,*,#4814,.F.);
#6932=ORIENTED_EDGE('',*,*,#4817,.F.);
#6933=ORIENTED_EDGE('',*,*,#4820,.F.);
#6934=ORIENTED_EDGE('',*,*,#4823,.F.);
#6935=ORIENTED_EDGE('',*,*,#4826,.F.);
#6936=ORIENTED_EDGE('',*,*,#4829,.F.);
#6937=ORIENTED_EDGE('',*,*,#4832,.F.);
#6938=ORIENTED_EDGE('',*,*,#4835,.F.);
#6939=ORIENTED_EDGE('',*,*,#4837,.F.);
#6940=ORIENTED_EDGE('',*,*,#4777,.F.);
#6941=ORIENTED_EDGE('',*,*,#4780,.F.);
#6942=ORIENTED_EDGE('',*,*,#4782,.F.);
#6943=ORIENTED_EDGE('',*,*,#4784,.F.);
#6944=ORIENTED_EDGE('',*,*,#4786,.F.);
#6945=ORIENTED_EDGE('',*,*,#4788,.F.);
#6946=ORIENTED_EDGE('',*,*,#4791,.F.);
#6947=ORIENTED_EDGE('',*,*,#4793,.F.);
#6948=ORIENTED_EDGE('',*,*,#4795,.F.);
#6949=ORIENTED_EDGE('',*,*,#4798,.F.);
#6950=ORIENTED_EDGE('',*,*,#4843,.F.);
#6951=ORIENTED_EDGE('',*,*,#4842,.F.);
#6952=ORIENTED_EDGE('',*,*,#4710,.F.);
#6953=ORIENTED_EDGE('',*,*,#4844,.T.);
#6954=ORIENTED_EDGE('',*,*,#4809,.F.);
#6955=ORIENTED_EDGE('',*,*,#4845,.T.);
#6956=ORIENTED_EDGE('',*,*,#4709,.F.);
#6957=ORIENTED_EDGE('',*,*,#4846,.F.);
#6958=ORIENTED_EDGE('',*,*,#4812,.F.);
#6959=ORIENTED_EDGE('',*,*,#4844,.F.);
#6960=ORIENTED_EDGE('',*,*,#4704,.F.);
#6961=ORIENTED_EDGE('',*,*,#4847,.T.);
#6962=ORIENTED_EDGE('',*,*,#4815,.F.);
#6963=ORIENTED_EDGE('',*,*,#4846,.T.);
#6964=ORIENTED_EDGE('',*,*,#4701,.F.);
#6965=ORIENTED_EDGE('',*,*,#4848,.F.);
#6966=ORIENTED_EDGE('',*,*,#4849,.F.);
#6967=ORIENTED_EDGE('',*,*,#4850,.F.);
#6968=ORIENTED_EDGE('',*,*,#4818,.F.);
#6969=ORIENTED_EDGE('',*,*,#4847,.F.);
#6970=ORIENTED_EDGE('',*,*,#4821,.F.);
#6971=ORIENTED_EDGE('',*,*,#4850,.T.);
#6972=ORIENTED_EDGE('',*,*,#4851,.F.);
#6973=ORIENTED_EDGE('',*,*,#4852,.T.);
#6974=ORIENTED_EDGE('',*,*,#4738,.F.);
#6975=ORIENTED_EDGE('',*,*,#4853,.T.);
#6976=ORIENTED_EDGE('',*,*,#4827,.F.);
#6977=ORIENTED_EDGE('',*,*,#4854,.T.);
#6978=ORIENTED_EDGE('',*,*,#4737,.F.);
#6979=ORIENTED_EDGE('',*,*,#4855,.F.);
#6980=ORIENTED_EDGE('',*,*,#4830,.F.);
#6981=ORIENTED_EDGE('',*,*,#4853,.F.);
#6982=ORIENTED_EDGE('',*,*,#4732,.F.);
#6983=ORIENTED_EDGE('',*,*,#4856,.T.);
#6984=ORIENTED_EDGE('',*,*,#4833,.F.);
#6985=ORIENTED_EDGE('',*,*,#4855,.T.);
#6986=ORIENTED_EDGE('',*,*,#4729,.F.);
#6987=ORIENTED_EDGE('',*,*,#4857,.F.);
#6988=ORIENTED_EDGE('',*,*,#4858,.F.);
#6989=ORIENTED_EDGE('',*,*,#4859,.F.);
#6990=ORIENTED_EDGE('',*,*,#4836,.F.);
#6991=ORIENTED_EDGE('',*,*,#4856,.F.);
#6992=ORIENTED_EDGE('',*,*,#4838,.F.);
#6993=ORIENTED_EDGE('',*,*,#4859,.T.);
#6994=ORIENTED_EDGE('',*,*,#4860,.F.);
#6995=ORIENTED_EDGE('',*,*,#4745,.T.);
#6996=ORIENTED_EDGE('',*,*,#4860,.T.);
#6997=ORIENTED_EDGE('',*,*,#4858,.T.);
#6998=ORIENTED_EDGE('',*,*,#4861,.T.);
#6999=ORIENTED_EDGE('',*,*,#4746,.T.);
#7000=ORIENTED_EDGE('',*,*,#4841,.T.);
#7001=ORIENTED_EDGE('',*,*,#4755,.T.);
#7002=ORIENTED_EDGE('',*,*,#4759,.T.);
#7003=ORIENTED_EDGE('',*,*,#4763,.T.);
#7004=ORIENTED_EDGE('',*,*,#4742,.F.);
#7005=ORIENTED_EDGE('',*,*,#4854,.F.);
#7006=ORIENTED_EDGE('',*,*,#4824,.F.);
#7007=ORIENTED_EDGE('',*,*,#4852,.F.);
#7008=ORIENTED_EDGE('',*,*,#4862,.F.);
#7009=ORIENTED_EDGE('',*,*,#4863,.F.);
#7010=ORIENTED_EDGE('',*,*,#4714,.F.);
#7011=ORIENTED_EDGE('',*,*,#4845,.F.);
#7012=ORIENTED_EDGE('',*,*,#4806,.F.);
#7013=ORIENTED_EDGE('',*,*,#4840,.F.);
#7014=ORIENTED_EDGE('',*,*,#4864,.F.);
#7015=ORIENTED_EDGE('',*,*,#4774,.F.);
#7016=ORIENTED_EDGE('',*,*,#4839,.T.);
#7017=ORIENTED_EDGE('',*,*,#4771,.T.);
#7018=ORIENTED_EDGE('',*,*,#4775,.T.);
#7019=ORIENTED_EDGE('',*,*,#4864,.T.);
#7020=ORIENTED_EDGE('',*,*,#4851,.T.);
#7021=ORIENTED_EDGE('',*,*,#4849,.T.);
#7022=ORIENTED_EDGE('',*,*,#4865,.T.);
#7023=ORIENTED_EDGE('',*,*,#4862,.T.);
#7024=ORIENTED_EDGE('',*,*,#4675,.F.);
#7025=ORIENTED_EDGE('',*,*,#4863,.T.);
#7026=ORIENTED_EDGE('',*,*,#4865,.F.);
#7027=ORIENTED_EDGE('',*,*,#4848,.T.);
#7028=ORIENTED_EDGE('',*,*,#4673,.F.);
#7029=ORIENTED_EDGE('',*,*,#4747,.T.);
#7030=ORIENTED_EDGE('',*,*,#4861,.F.);
#7031=ORIENTED_EDGE('',*,*,#4857,.T.);
#7032=ORIENTED_EDGE('',*,*,#4866,.T.);
#7033=ORIENTED_EDGE('',*,*,#4867,.T.);
#7034=ORIENTED_EDGE('',*,*,#4868,.T.);
#7035=ORIENTED_EDGE('',*,*,#4867,.F.);
#7036=ORIENTED_EDGE('',*,*,#4868,.F.);
#7037=ORIENTED_EDGE('',*,*,#4869,.T.);
#7038=ORIENTED_EDGE('',*,*,#4870,.F.);
#7039=ORIENTED_EDGE('',*,*,#4869,.F.);
#7040=ORIENTED_EDGE('',*,*,#4866,.F.);
#7041=ORIENTED_EDGE('',*,*,#4871,.T.);
#7042=ORIENTED_EDGE('',*,*,#4870,.T.);
#7043=ORIENTED_EDGE('',*,*,#4872,.T.);
#7044=ORIENTED_EDGE('',*,*,#4873,.T.);
#7045=ORIENTED_EDGE('',*,*,#4872,.F.);
#7046=ORIENTED_EDGE('',*,*,#4873,.F.);
#7047=ORIENTED_EDGE('',*,*,#4874,.T.);
#7048=ORIENTED_EDGE('',*,*,#4875,.T.);
#7049=ORIENTED_EDGE('',*,*,#4876,.T.);
#7050=ORIENTED_EDGE('',*,*,#4875,.F.);
#7051=ORIENTED_EDGE('',*,*,#4876,.F.);
#7052=ORIENTED_EDGE('',*,*,#4877,.T.);
#7053=ORIENTED_EDGE('',*,*,#4871,.F.);
#7054=ORIENTED_EDGE('',*,*,#4877,.F.);
#7055=ORIENTED_EDGE('',*,*,#4874,.F.);
#7056=ORIENTED_EDGE('',*,*,#4878,.T.);
#7057=ORIENTED_EDGE('',*,*,#4879,.T.);
#7058=ORIENTED_EDGE('',*,*,#4880,.T.);
#7059=ORIENTED_EDGE('',*,*,#4879,.F.);
#7060=ORIENTED_EDGE('',*,*,#4881,.F.);
#7061=ORIENTED_EDGE('',*,*,#4882,.T.);
#7062=ORIENTED_EDGE('',*,*,#4878,.F.);
#7063=ORIENTED_EDGE('',*,*,#4882,.F.);
#7064=ORIENTED_EDGE('',*,*,#4880,.F.);
#7065=ORIENTED_EDGE('',*,*,#4883,.T.);
#7066=ORIENTED_EDGE('',*,*,#4884,.T.);
#7067=ORIENTED_EDGE('',*,*,#4881,.T.);
#7068=ORIENTED_EDGE('',*,*,#4884,.F.);
#7069=ORIENTED_EDGE('',*,*,#4883,.F.);
#7070=ORIENTED_EDGE('',*,*,#4885,.T.);
#7071=ORIENTED_EDGE('',*,*,#4886,.T.);
#7072=ORIENTED_EDGE('',*,*,#4887,.T.);
#7073=ORIENTED_EDGE('',*,*,#4888,.T.);
#7074=ORIENTED_EDGE('',*,*,#4887,.F.);
#7075=ORIENTED_EDGE('',*,*,#4888,.F.);
#7076=ORIENTED_EDGE('',*,*,#4889,.T.);
#7077=ORIENTED_EDGE('',*,*,#4885,.F.);
#7078=ORIENTED_EDGE('',*,*,#4889,.F.);
#7079=ORIENTED_EDGE('',*,*,#4886,.F.);
#7080=ORIENTED_EDGE('',*,*,#4890,.T.);
#7081=ORIENTED_EDGE('',*,*,#4891,.T.);
#7082=ORIENTED_EDGE('',*,*,#4892,.T.);
#7083=ORIENTED_EDGE('',*,*,#4893,.T.);
#7084=ORIENTED_EDGE('',*,*,#4894,.T.);
#7085=ORIENTED_EDGE('',*,*,#4891,.F.);
#7086=ORIENTED_EDGE('',*,*,#4895,.T.);
#7087=ORIENTED_EDGE('',*,*,#4896,.F.);
#7088=ORIENTED_EDGE('',*,*,#4897,.T.);
#7089=ORIENTED_EDGE('',*,*,#4893,.F.);
#7090=ORIENTED_EDGE('',*,*,#4898,.T.);
#7091=ORIENTED_EDGE('',*,*,#4899,.T.);
#7092=ORIENTED_EDGE('',*,*,#4900,.T.);
#7093=ORIENTED_EDGE('',*,*,#4899,.F.);
#7094=ORIENTED_EDGE('',*,*,#4901,.T.);
#7095=ORIENTED_EDGE('',*,*,#4896,.T.);
#7096=ORIENTED_EDGE('',*,*,#4895,.F.);
#7097=ORIENTED_EDGE('',*,*,#4902,.T.);
#7098=ORIENTED_EDGE('',*,*,#4903,.F.);
#7099=ORIENTED_EDGE('',*,*,#4904,.F.);
#7100=ORIENTED_EDGE('',*,*,#4890,.F.);
#7101=ORIENTED_EDGE('',*,*,#4905,.T.);
#7102=ORIENTED_EDGE('',*,*,#4906,.F.);
#7103=ORIENTED_EDGE('',*,*,#4902,.F.);
#7104=ORIENTED_EDGE('',*,*,#4892,.F.);
#7105=ORIENTED_EDGE('',*,*,#4894,.F.);
#7106=ORIENTED_EDGE('',*,*,#4901,.F.);
#7107=ORIENTED_EDGE('',*,*,#4898,.F.);
#7108=ORIENTED_EDGE('',*,*,#4907,.T.);
#7109=ORIENTED_EDGE('',*,*,#4908,.T.);
#7110=ORIENTED_EDGE('',*,*,#4909,.T.);
#7111=ORIENTED_EDGE('',*,*,#4910,.F.);
#7112=ORIENTED_EDGE('',*,*,#4911,.T.);
#7113=ORIENTED_EDGE('',*,*,#4912,.T.);
#7114=ORIENTED_EDGE('',*,*,#4913,.T.);
#7115=ORIENTED_EDGE('',*,*,#4908,.F.);
#7116=ORIENTED_EDGE('',*,*,#4914,.T.);
#7117=ORIENTED_EDGE('',*,*,#4915,.T.);
#7118=ORIENTED_EDGE('',*,*,#4906,.T.);
#7119=ORIENTED_EDGE('',*,*,#4912,.F.);
#7120=ORIENTED_EDGE('',*,*,#4903,.T.);
#7121=ORIENTED_EDGE('',*,*,#4915,.F.);
#7122=ORIENTED_EDGE('',*,*,#4916,.T.);
#7123=ORIENTED_EDGE('',*,*,#4910,.T.);
#7124=ORIENTED_EDGE('',*,*,#4900,.F.);
#7125=ORIENTED_EDGE('',*,*,#4904,.T.);
#7126=ORIENTED_EDGE('',*,*,#4909,.F.);
#7127=ORIENTED_EDGE('',*,*,#4917,.F.);
#7128=ORIENTED_EDGE('',*,*,#4907,.F.);
#7129=ORIENTED_EDGE('',*,*,#4916,.F.);
#7130=ORIENTED_EDGE('',*,*,#4914,.F.);
#7131=ORIENTED_EDGE('',*,*,#4911,.F.);
#7132=ORIENTED_EDGE('',*,*,#4918,.F.);
#7133=ORIENTED_EDGE('',*,*,#4919,.T.);
#7134=ORIENTED_EDGE('',*,*,#4920,.F.);
#7135=ORIENTED_EDGE('',*,*,#4921,.T.);
#7136=ORIENTED_EDGE('',*,*,#4922,.T.);
#7137=ORIENTED_EDGE('',*,*,#4923,.T.);
#7138=ORIENTED_EDGE('',*,*,#4924,.T.);
#7139=ORIENTED_EDGE('',*,*,#4925,.T.);
#7140=ORIENTED_EDGE('',*,*,#4926,.T.);
#7141=ORIENTED_EDGE('',*,*,#4927,.T.);
#7142=ORIENTED_EDGE('',*,*,#4924,.F.);
#7143=ORIENTED_EDGE('',*,*,#4928,.T.);
#7144=ORIENTED_EDGE('',*,*,#4929,.T.);
#7145=ORIENTED_EDGE('',*,*,#4930,.T.);
#7146=ORIENTED_EDGE('',*,*,#4926,.F.);
#7147=ORIENTED_EDGE('',*,*,#4931,.T.);
#7148=ORIENTED_EDGE('',*,*,#4929,.F.);
#7149=ORIENTED_EDGE('',*,*,#4932,.T.);
#7150=ORIENTED_EDGE('',*,*,#4922,.F.);
#7151=ORIENTED_EDGE('',*,*,#4933,.T.);
#7152=ORIENTED_EDGE('',*,*,#4933,.F.);
#7153=ORIENTED_EDGE('',*,*,#4934,.F.);
#7154=ORIENTED_EDGE('',*,*,#4921,.F.);
#7155=ORIENTED_EDGE('',*,*,#4935,.F.);
#7156=ORIENTED_EDGE('',*,*,#4925,.F.);
#7157=ORIENTED_EDGE('',*,*,#4936,.T.);
#7158=ORIENTED_EDGE('',*,*,#4918,.T.);
#7159=ORIENTED_EDGE('',*,*,#4934,.T.);
#7160=ORIENTED_EDGE('',*,*,#4923,.F.);
#7161=ORIENTED_EDGE('',*,*,#4932,.F.);
#7162=ORIENTED_EDGE('',*,*,#4931,.F.);
#7163=ORIENTED_EDGE('',*,*,#4928,.F.);
#7164=ORIENTED_EDGE('',*,*,#4927,.F.);
#7165=ORIENTED_EDGE('',*,*,#4937,.F.);
#7166=ORIENTED_EDGE('',*,*,#4919,.F.);
#7167=ORIENTED_EDGE('',*,*,#4936,.F.);
#7168=ORIENTED_EDGE('',*,*,#4930,.F.);
#7169=ORIENTED_EDGE('',*,*,#4935,.T.);
#7170=ORIENTED_EDGE('',*,*,#4920,.T.);
#7171=ORIENTED_EDGE('',*,*,#4937,.T.);
#7172=ORIENTED_EDGE('',*,*,#4897,.F.);
#7173=ORIENTED_EDGE('',*,*,#4917,.T.);
#7174=ORIENTED_EDGE('',*,*,#4913,.F.);
#7175=ORIENTED_EDGE('',*,*,#4905,.F.);
#7176=ORIENTED_EDGE('',*,*,#4938,.T.);
#7177=ORIENTED_EDGE('',*,*,#4939,.T.);
#7178=ORIENTED_EDGE('',*,*,#4940,.T.);
#7179=ORIENTED_EDGE('',*,*,#4941,.T.);
#7180=ORIENTED_EDGE('',*,*,#4942,.T.);
#7181=ORIENTED_EDGE('',*,*,#4939,.F.);
#7182=ORIENTED_EDGE('',*,*,#4943,.T.);
#7183=ORIENTED_EDGE('',*,*,#4944,.F.);
#7184=ORIENTED_EDGE('',*,*,#4945,.T.);
#7185=ORIENTED_EDGE('',*,*,#4941,.F.);
#7186=ORIENTED_EDGE('',*,*,#4946,.T.);
#7187=ORIENTED_EDGE('',*,*,#4947,.T.);
#7188=ORIENTED_EDGE('',*,*,#4948,.T.);
#7189=ORIENTED_EDGE('',*,*,#4947,.F.);
#7190=ORIENTED_EDGE('',*,*,#4949,.T.);
#7191=ORIENTED_EDGE('',*,*,#4944,.T.);
#7192=ORIENTED_EDGE('',*,*,#4943,.F.);
#7193=ORIENTED_EDGE('',*,*,#4950,.T.);
#7194=ORIENTED_EDGE('',*,*,#4951,.F.);
#7195=ORIENTED_EDGE('',*,*,#4952,.F.);
#7196=ORIENTED_EDGE('',*,*,#4938,.F.);
#7197=ORIENTED_EDGE('',*,*,#4953,.T.);
#7198=ORIENTED_EDGE('',*,*,#4954,.F.);
#7199=ORIENTED_EDGE('',*,*,#4950,.F.);
#7200=ORIENTED_EDGE('',*,*,#4940,.F.);
#7201=ORIENTED_EDGE('',*,*,#4942,.F.);
#7202=ORIENTED_EDGE('',*,*,#4949,.F.);
#7203=ORIENTED_EDGE('',*,*,#4946,.F.);
#7204=ORIENTED_EDGE('',*,*,#4955,.T.);
#7205=ORIENTED_EDGE('',*,*,#4956,.T.);
#7206=ORIENTED_EDGE('',*,*,#4957,.T.);
#7207=ORIENTED_EDGE('',*,*,#4958,.F.);
#7208=ORIENTED_EDGE('',*,*,#4959,.T.);
#7209=ORIENTED_EDGE('',*,*,#4960,.T.);
#7210=ORIENTED_EDGE('',*,*,#4961,.T.);
#7211=ORIENTED_EDGE('',*,*,#4956,.F.);
#7212=ORIENTED_EDGE('',*,*,#4962,.T.);
#7213=ORIENTED_EDGE('',*,*,#4963,.T.);
#7214=ORIENTED_EDGE('',*,*,#4954,.T.);
#7215=ORIENTED_EDGE('',*,*,#4960,.F.);
#7216=ORIENTED_EDGE('',*,*,#4951,.T.);
#7217=ORIENTED_EDGE('',*,*,#4963,.F.);
#7218=ORIENTED_EDGE('',*,*,#4964,.T.);
#7219=ORIENTED_EDGE('',*,*,#4958,.T.);
#7220=ORIENTED_EDGE('',*,*,#4948,.F.);
#7221=ORIENTED_EDGE('',*,*,#4952,.T.);
#7222=ORIENTED_EDGE('',*,*,#4957,.F.);
#7223=ORIENTED_EDGE('',*,*,#4965,.F.);
#7224=ORIENTED_EDGE('',*,*,#4955,.F.);
#7225=ORIENTED_EDGE('',*,*,#4964,.F.);
#7226=ORIENTED_EDGE('',*,*,#4962,.F.);
#7227=ORIENTED_EDGE('',*,*,#4959,.F.);
#7228=ORIENTED_EDGE('',*,*,#4966,.T.);
#7229=ORIENTED_EDGE('',*,*,#4967,.F.);
#7230=ORIENTED_EDGE('',*,*,#4968,.T.);
#7231=ORIENTED_EDGE('',*,*,#4969,.F.);
#7232=ORIENTED_EDGE('',*,*,#4970,.T.);
#7233=ORIENTED_EDGE('',*,*,#4971,.T.);
#7234=ORIENTED_EDGE('',*,*,#4972,.T.);
#7235=ORIENTED_EDGE('',*,*,#4973,.T.);
#7236=ORIENTED_EDGE('',*,*,#4974,.T.);
#7237=ORIENTED_EDGE('',*,*,#4975,.T.);
#7238=ORIENTED_EDGE('',*,*,#4972,.F.);
#7239=ORIENTED_EDGE('',*,*,#4976,.T.);
#7240=ORIENTED_EDGE('',*,*,#4977,.T.);
#7241=ORIENTED_EDGE('',*,*,#4978,.T.);
#7242=ORIENTED_EDGE('',*,*,#4974,.F.);
#7243=ORIENTED_EDGE('',*,*,#4979,.T.);
#7244=ORIENTED_EDGE('',*,*,#4977,.F.);
#7245=ORIENTED_EDGE('',*,*,#4980,.T.);
#7246=ORIENTED_EDGE('',*,*,#4970,.F.);
#7247=ORIENTED_EDGE('',*,*,#4981,.T.);
#7248=ORIENTED_EDGE('',*,*,#4976,.F.);
#7249=ORIENTED_EDGE('',*,*,#4982,.T.);
#7250=ORIENTED_EDGE('',*,*,#4969,.T.);
#7251=ORIENTED_EDGE('',*,*,#4983,.T.);
#7252=ORIENTED_EDGE('',*,*,#4971,.F.);
#7253=ORIENTED_EDGE('',*,*,#4984,.F.);
#7254=ORIENTED_EDGE('',*,*,#4966,.F.);
#7255=ORIENTED_EDGE('',*,*,#4982,.F.);
#7256=ORIENTED_EDGE('',*,*,#4973,.F.);
#7257=ORIENTED_EDGE('',*,*,#4975,.F.);
#7258=ORIENTED_EDGE('',*,*,#4978,.F.);
#7259=ORIENTED_EDGE('',*,*,#4981,.F.);
#7260=ORIENTED_EDGE('',*,*,#4980,.F.);
#7261=ORIENTED_EDGE('',*,*,#4985,.T.);
#7262=ORIENTED_EDGE('',*,*,#4967,.T.);
#7263=ORIENTED_EDGE('',*,*,#4984,.T.);
#7264=ORIENTED_EDGE('',*,*,#4979,.F.);
#7265=ORIENTED_EDGE('',*,*,#4983,.F.);
#7266=ORIENTED_EDGE('',*,*,#4968,.F.);
#7267=ORIENTED_EDGE('',*,*,#4985,.F.);
#7268=ORIENTED_EDGE('',*,*,#4945,.F.);
#7269=ORIENTED_EDGE('',*,*,#4965,.T.);
#7270=ORIENTED_EDGE('',*,*,#4961,.F.);
#7271=ORIENTED_EDGE('',*,*,#4953,.F.);
#7272=PLANE('',#8007);
#7273=PLANE('',#8009);
#7274=PLANE('',#8011);
#7275=PLANE('',#8013);
#7276=PLANE('',#8015);
#7277=PLANE('',#8016);
#7278=PLANE('',#8017);
#7279=PLANE('',#8018);
#7280=PLANE('',#8019);
#7281=PLANE('',#8020);
#7282=PLANE('',#8021);
#7283=PLANE('',#8022);
#7284=PLANE('',#8023);
#7285=PLANE('',#8027);
#7286=PLANE('',#8031);
#7287=PLANE('',#8035);
#7288=PLANE('',#8039);
#7289=PLANE('',#8040);
#7290=PLANE('',#8043);
#7291=PLANE('',#8046);
#7292=PLANE('',#8069);
#7293=PLANE('',#8072);
#7294=PLANE('',#8075);
#7295=PLANE('',#8078);
#7296=PLANE('',#8083);
#7297=PLANE('',#8086);
#7298=PLANE('',#8095);
#7299=PLANE('',#8098);
#7300=PLANE('',#8101);
#7301=PLANE('',#8104);
#7302=PLANE('',#8107);
#7303=PLANE('',#8110);
#7304=PLANE('',#8113);
#7305=PLANE('',#8116);
#7306=PLANE('',#8119);
#7307=PLANE('',#8122);
#7308=PLANE('',#8125);
#7309=PLANE('',#8128);
#7310=PLANE('',#8133);
#7311=PLANE('',#8136);
#7312=PLANE('',#8139);
#7313=PLANE('',#8142);
#7314=PLANE('',#8145);
#7315=PLANE('',#8148);
#7316=PLANE('',#8151);
#7317=PLANE('',#8154);
#7318=PLANE('',#8158);
#7319=PLANE('',#8162);
#7320=PLANE('',#8163);
#7321=PLANE('',#8165);
#7322=PLANE('',#8166);
#7323=PLANE('',#8177);
#7324=PLANE('',#8179);
#7325=PLANE('',#8181);
#7326=PLANE('',#8184);
#7327=PLANE('',#8185);
#7328=PLANE('',#8187);
#7329=PLANE('',#8191);
#7330=PLANE('',#8214);
#7331=PLANE('',#8216);
#7332=PLANE('',#8219);
#7333=PLANE('',#8222);
#7334=PLANE('',#8225);
#7335=PLANE('',#8228);
#7336=PLANE('',#8231);
#7337=PLANE('',#8234);
#7338=PLANE('',#8236);
#7339=PLANE('',#8238);
#7340=PLANE('',#8240);
#7341=PLANE('',#8242);
#7342=PLANE('',#8245);
#7343=PLANE('',#8247);
#7344=PLANE('',#8249);
#7345=PLANE('',#8251);
#7346=PLANE('',#8257);
#7347=PLANE('',#8263);
#7348=PLANE('',#8269);
#7349=PLANE('',#8275);
#7350=PLANE('',#8281);
#7351=PLANE('',#8282);
#7352=PLANE('',#8286);
#7353=PLANE('',#8288);
#7354=PLANE('',#8291);
#7355=PLANE('',#8292);
#7356=PLANE('',#8293);
#7357=PLANE('',#8295);
#7358=PLANE('',#8296);
#7359=PLANE('',#8299);
#7360=PLANE('',#8300);
#7361=PLANE('',#8301);
#7362=PLANE('',#8303);
#7363=PLANE('',#8304);
#7364=PLANE('',#8307);
#7365=PLANE('',#8308);
#7366=PLANE('',#8309);
#7367=PLANE('',#8311);
#7368=PLANE('',#8312);
#7369=PLANE('',#8315);
#7370=PLANE('',#8316);
#7371=PLANE('',#8317);
#7372=PLANE('',#8319);
#7373=PLANE('',#8322);
#7374=PLANE('',#8326);
#7375=PLANE('',#8329);
#7376=PLANE('',#8333);
#7377=PLANE('',#8337);
#7378=PLANE('',#8340);
#7379=PLANE('',#8344);
#7380=PLANE('',#8349);
#7381=PLANE('',#8352);
#7382=PLANE('',#8355);
#7383=PLANE('',#8358);
#7384=PLANE('',#8361);
#7385=PLANE('',#8364);
#7386=PLANE('',#8367);
#7387=PLANE('',#8370);
#7388=PLANE('',#8371);
#7389=PLANE('',#8376);
#7390=PLANE('',#8377);
#7391=PLANE('',#8378);
#7392=PLANE('',#8379);
#7393=PLANE('',#8380);
#7394=PLANE('',#8382);
#7395=PLANE('',#8408);
#7396=PLANE('',#8411);
#7397=PLANE('',#8413);
#7398=PLANE('',#8415);
#7399=PLANE('',#8416);
#7400=PLANE('',#8417);
#7401=PLANE('',#8418);
#7402=PLANE('',#8419);
#7403=PLANE('',#8420);
#7404=PLANE('',#8426);
#7405=PLANE('',#8429);
#7406=PLANE('',#8430);
#7407=PLANE('',#8431);
#7408=PLANE('',#8480);
#7409=PLANE('',#8482);
#7410=PLANE('',#8484);
#7411=PLANE('',#8490);
#7412=PLANE('',#8492);
#7413=PLANE('',#8496);
#7414=PLANE('',#8497);
#7415=PLANE('',#8501);
#7416=PLANE('',#8508);
#7417=PLANE('',#8518);
#7418=PLANE('',#8528);
#7419=PLANE('',#8535);
#7420=PLANE('',#8539);
#7421=PLANE('',#8542);
#7422=PLANE('',#8543);
#7423=PLANE('',#8544);
#7424=PLANE('',#8547);
#7425=PLANE('',#8553);
#7426=PLANE('',#8556);
#7427=PLANE('',#8557);
#7428=PLANE('',#8561);
#7429=PLANE('',#8566);
#7430=PLANE('',#8573);
#7431=PLANE('',#8580);
#7432=PLANE('',#8601);
#7433=PLANE('',#8603);
#7434=PLANE('',#8604);
#7435=PLANE('',#8606);
#7436=PLANE('',#8619);
#7437=PLANE('',#8623);
#7438=PLANE('',#8627);
#7439=PLANE('',#8628);
#7440=PLANE('',#8632);
#7441=PLANE('',#8636);
#7442=PLANE('',#8637);
#7443=PLANE('',#8641);
#7444=PLANE('',#8645);
#7445=PLANE('',#8646);
#7446=PLANE('',#8650);
#7447=PLANE('',#8654);
#7448=PLANE('',#8655);
#7449=PLANE('',#8657);
#7450=PLANE('',#8659);
#7451=PLANE('',#8662);
#7452=PLANE('',#8664);
#7453=PLANE('',#8666);
#7454=PLANE('',#8669);
#7455=PLANE('',#8699);
#7456=PLANE('',#8701);
#7457=PLANE('',#8703);
#7458=PLANE('',#8707);
#7459=PLANE('',#8709);
#7460=PLANE('',#8712);
#7461=PLANE('',#8714);
#7462=PLANE('',#8715);
#7463=PLANE('',#8716);
#7464=PLANE('',#8717);
#7465=PLANE('',#8718);
#7466=PLANE('',#8727);
#7467=PLANE('',#8731);
#7468=PLANE('',#8737);
#7469=PLANE('',#8743);
#7470=PLANE('',#8746);
#7471=PLANE('',#8753);
#7472=PLANE('',#8754);
#7473=PLANE('',#8755);
#7474=PLANE('',#8756);
#7475=PLANE('',#8757);
#7476=PLANE('',#8758);
#7477=PLANE('',#8759);
#7478=PLANE('',#8760);
#7479=PLANE('',#8761);
#7480=PLANE('',#8762);
#7481=PLANE('',#8763);
#7482=PLANE('',#8764);
#7483=PLANE('',#8765);
#7484=PLANE('',#8766);
#7485=PLANE('',#8779);
#7486=PLANE('',#8781);
#7487=PLANE('',#8782);
#7488=PLANE('',#8784);
#7489=PLANE('',#8785);
#7490=PLANE('',#8786);
#7491=PLANE('',#8787);
#7492=PLANE('',#8788);
#7493=PLANE('',#8789);
#7494=PLANE('',#8790);
#7495=PLANE('',#8791);
#7496=PLANE('',#8792);
#7497=PLANE('',#8793);
#7498=PLANE('',#8794);
#7499=PLANE('',#8795);
#7500=PLANE('',#8796);
#7501=PLANE('',#8797);
#7502=PLANE('',#8811);
#7503=PLANE('',#8812);
#7504=PLANE('',#8814);
#7505=PLANE('',#8815);
#7506=ADVANCED_FACE('',(#1804),#7272,.F.);
#7507=ADVANCED_FACE('',(#1805),#7273,.F.);
#7508=ADVANCED_FACE('',(#1806),#7274,.F.);
#7509=ADVANCED_FACE('',(#1807),#7275,.F.);
#7510=ADVANCED_FACE('',(#1808),#7276,.T.);
#7511=ADVANCED_FACE('',(#1809),#7277,.T.);
#7512=ADVANCED_FACE('',(#1810),#7278,.T.);
#7513=ADVANCED_FACE('',(#1811),#7279,.T.);
#7514=ADVANCED_FACE('',(#1812),#7280,.T.);
#7515=ADVANCED_FACE('',(#1813),#7281,.T.);
#7516=ADVANCED_FACE('',(#1814),#7282,.T.);
#7517=ADVANCED_FACE('',(#1815),#7283,.T.);
#7518=ADVANCED_FACE('',(#1816),#7284,.T.);
#7519=ADVANCED_FACE('',(#1817),#291,.F.);
#7520=ADVANCED_FACE('',(#1818),#7285,.T.);
#7521=ADVANCED_FACE('',(#1819),#292,.F.);
#7522=ADVANCED_FACE('',(#1820),#7286,.T.);
#7523=ADVANCED_FACE('',(#1821),#293,.F.);
#7524=ADVANCED_FACE('',(#1822),#7287,.T.);
#7525=ADVANCED_FACE('',(#1823),#294,.F.);
#7526=ADVANCED_FACE('',(#1824),#7288,.T.);
#7527=ADVANCED_FACE('',(#1825),#7289,.T.);
#7528=ADVANCED_FACE('',(#1826),#174,.F.);
#7529=ADVANCED_FACE('',(#1827),#7290,.T.);
#7530=ADVANCED_FACE('',(#1828),#175,.F.);
#7531=ADVANCED_FACE('',(#1829,#73,#74,#75,#76,#77,#78),#7291,.F.);
#7532=ADVANCED_FACE('',(#1830),#7292,.T.);
#7533=ADVANCED_FACE('',(#1831),#295,.F.);
#7534=ADVANCED_FACE('',(#1832),#7293,.T.);
#7535=ADVANCED_FACE('',(#1833),#296,.F.);
#7536=ADVANCED_FACE('',(#1834),#7294,.T.);
#7537=ADVANCED_FACE('',(#1835),#297,.F.);
#7538=ADVANCED_FACE('',(#1836),#7295,.T.);
#7539=ADVANCED_FACE('',(#1837),#298,.F.);
#7540=ADVANCED_FACE('',(#1838),#176,.F.);
#7541=ADVANCED_FACE('',(#1839),#7296,.T.);
#7542=ADVANCED_FACE('',(#1840),#177,.F.);
#7543=ADVANCED_FACE('',(#1841),#7297,.T.);
#7544=ADVANCED_FACE('',(#1842),#299,.F.);
#7545=ADVANCED_FACE('',(#1843),#178,.F.);
#7546=ADVANCED_FACE('',(#1844),#300,.F.);
#7547=ADVANCED_FACE('',(#1845),#179,.F.);
#7548=ADVANCED_FACE('',(#1846),#7298,.T.);
#7549=ADVANCED_FACE('',(#1847),#301,.T.);
#7550=ADVANCED_FACE('',(#1848),#7299,.T.);
#7551=ADVANCED_FACE('',(#1849),#302,.F.);
#7552=ADVANCED_FACE('',(#1850),#7300,.T.);
#7553=ADVANCED_FACE('',(#1851),#303,.F.);
#7554=ADVANCED_FACE('',(#1852),#7301,.T.);
#7555=ADVANCED_FACE('',(#1853),#304,.T.);
#7556=ADVANCED_FACE('',(#1854),#7302,.T.);
#7557=ADVANCED_FACE('',(#1855),#305,.F.);
#7558=ADVANCED_FACE('',(#1856),#7303,.T.);
#7559=ADVANCED_FACE('',(#1857),#306,.F.);
#7560=ADVANCED_FACE('',(#1858),#7304,.T.);
#7561=ADVANCED_FACE('',(#1859),#307,.T.);
#7562=ADVANCED_FACE('',(#1860),#7305,.T.);
#7563=ADVANCED_FACE('',(#1861),#308,.F.);
#7564=ADVANCED_FACE('',(#1862),#7306,.T.);
#7565=ADVANCED_FACE('',(#1863),#309,.F.);
#7566=ADVANCED_FACE('',(#1864),#7307,.T.);
#7567=ADVANCED_FACE('',(#1865),#310,.T.);
#7568=ADVANCED_FACE('',(#1866),#7308,.T.);
#7569=ADVANCED_FACE('',(#1867),#311,.F.);
#7570=ADVANCED_FACE('',(#1868),#7309,.T.);
#7571=ADVANCED_FACE('',(#1869),#312,.F.);
#7572=ADVANCED_FACE('',(#1870),#180,.T.);
#7573=ADVANCED_FACE('',(#1871),#7310,.T.);
#7574=ADVANCED_FACE('',(#1872),#181,.F.);
#7575=ADVANCED_FACE('',(#1873),#7311,.T.);
#7576=ADVANCED_FACE('',(#1874),#182,.F.);
#7577=ADVANCED_FACE('',(#1875),#7312,.T.);
#7578=ADVANCED_FACE('',(#1876),#183,.T.);
#7579=ADVANCED_FACE('',(#1877),#7313,.T.);
#7580=ADVANCED_FACE('',(#1878),#184,.F.);
#7581=ADVANCED_FACE('',(#1879),#7314,.T.);
#7582=ADVANCED_FACE('',(#1880),#185,.F.);
#7583=ADVANCED_FACE('',(#1881),#7315,.T.);
#7584=ADVANCED_FACE('',(#1882),#313,.F.);
#7585=ADVANCED_FACE('',(#1883),#7316,.T.);
#7586=ADVANCED_FACE('',(#1884),#314,.F.);
#7587=ADVANCED_FACE('',(#1885),#7317,.T.);
#7588=ADVANCED_FACE('',(#1886),#315,.F.);
#7589=ADVANCED_FACE('',(#1887),#7318,.T.);
#7590=ADVANCED_FACE('',(#1888),#316,.F.);
#7591=ADVANCED_FACE('',(#1889),#7319,.T.);
#7592=ADVANCED_FACE('',(#1890),#7320,.T.);
#7593=ADVANCED_FACE('',(#1891),#186,.F.);
#7594=ADVANCED_FACE('',(#1892),#7321,.T.);
#7595=ADVANCED_FACE('',(#1893,#79,#80),#7322,.T.);
#7596=ADVANCED_FACE('',(#1894),#317,.F.);
#7597=ADVANCED_FACE('',(#1895),#7323,.T.);
#7598=ADVANCED_FACE('',(#1896),#318,.F.);
#7599=ADVANCED_FACE('',(#1897),#7324,.T.);
#7600=ADVANCED_FACE('',(#1898),#319,.F.);
#7601=ADVANCED_FACE('',(#1899),#7325,.T.);
#7602=ADVANCED_FACE('',(#1900),#320,.F.);
#7603=ADVANCED_FACE('',(#1901),#7326,.T.);
#7604=ADVANCED_FACE('',(#1902),#7327,.T.);
#7605=ADVANCED_FACE('',(#1903),#187,.F.);
#7606=ADVANCED_FACE('',(#1904),#7328,.T.);
#7607=ADVANCED_FACE('',(#1905),#188,.F.);
#7608=ADVANCED_FACE('',(#1906),#321,.F.);
#7609=ADVANCED_FACE('',(#1907,#81,#82,#83,#84),#7329,.T.);
#7610=ADVANCED_FACE('',(#1908),#322,.F.);
#7611=ADVANCED_FACE('',(#1909),#7330,.T.);
#7612=ADVANCED_FACE('',(#1910),#323,.F.);
#7613=ADVANCED_FACE('',(#1911),#7331,.T.);
#7614=ADVANCED_FACE('',(#1912),#324,.T.);
#7615=ADVANCED_FACE('',(#1913),#7332,.T.);
#7616=ADVANCED_FACE('',(#1914),#325,.F.);
#7617=ADVANCED_FACE('',(#1915),#7333,.T.);
#7618=ADVANCED_FACE('',(#1916),#326,.F.);
#7619=ADVANCED_FACE('',(#1917),#7334,.T.);
#7620=ADVANCED_FACE('',(#1918),#327,.T.);
#7621=ADVANCED_FACE('',(#1919),#7335,.T.);
#7622=ADVANCED_FACE('',(#1920),#328,.F.);
#7623=ADVANCED_FACE('',(#1921),#7336,.T.);
#7624=ADVANCED_FACE('',(#1922),#329,.F.);
#7625=ADVANCED_FACE('',(#1923),#7337,.T.);
#7626=ADVANCED_FACE('',(#1924),#330,.T.);
#7627=ADVANCED_FACE('',(#1925),#7338,.T.);
#7628=ADVANCED_FACE('',(#1926),#331,.F.);
#7629=ADVANCED_FACE('',(#1927),#7339,.T.);
#7630=ADVANCED_FACE('',(#1928),#332,.F.);
#7631=ADVANCED_FACE('',(#1929),#7340,.T.);
#7632=ADVANCED_FACE('',(#1930),#333,.T.);
#7633=ADVANCED_FACE('',(#1931),#7341,.T.);
#7634=ADVANCED_FACE('',(#1932),#334,.F.);
#7635=ADVANCED_FACE('',(#1933),#189,.F.);
#7636=ADVANCED_FACE('',(#1934),#7342,.T.);
#7637=ADVANCED_FACE('',(#1935),#190,.T.);
#7638=ADVANCED_FACE('',(#1936),#7343,.T.);
#7639=ADVANCED_FACE('',(#1937),#191,.F.);
#7640=ADVANCED_FACE('',(#1938),#7344,.T.);
#7641=ADVANCED_FACE('',(#1939),#192,.F.);
#7642=ADVANCED_FACE('',(#1940),#7345,.T.);
#7643=ADVANCED_FACE('',(#1941),#193,.T.);
#7644=ADVANCED_FACE('',(#1942),#335,.F.);
#7645=ADVANCED_FACE('',(#1943),#194,.F.);
#7646=ADVANCED_FACE('',(#1944,#85),#7346,.F.);
#7647=ADVANCED_FACE('',(#1945),#336,.F.);
#7648=ADVANCED_FACE('',(#1946),#195,.F.);
#7649=ADVANCED_FACE('',(#1947,#86),#7347,.F.);
#7650=ADVANCED_FACE('',(#1948),#337,.F.);
#7651=ADVANCED_FACE('',(#1949),#196,.F.);
#7652=ADVANCED_FACE('',(#1950,#87),#7348,.F.);
#7653=ADVANCED_FACE('',(#1951),#338,.F.);
#7654=ADVANCED_FACE('',(#1952),#197,.F.);
#7655=ADVANCED_FACE('',(#1953,#88),#7349,.F.);
#7656=ADVANCED_FACE('',(#1954),#59,.T.);
#7657=ADVANCED_FACE('',(#1955),#7350,.T.);
#7658=ADVANCED_FACE('',(#1956),#7351,.F.);
#7659=ADVANCED_FACE('',(#1957),#60,.T.);
#7660=ADVANCED_FACE('',(#1958),#7352,.T.);
#7661=ADVANCED_FACE('',(#1959),#198,.F.);
#7662=ADVANCED_FACE('',(#1960),#7353,.T.);
#7663=ADVANCED_FACE('',(#1961),#339,.T.);
#7664=ADVANCED_FACE('',(#1962),#7354,.T.);
#7665=ADVANCED_FACE('',(#1963),#7355,.T.);
#7666=ADVANCED_FACE('',(#1964),#7356,.T.);
#7667=ADVANCED_FACE('',(#1965),#199,.T.);
#7668=ADVANCED_FACE('',(#1966),#7357,.T.);
#7669=ADVANCED_FACE('',(#1967),#7358,.T.);
#7670=ADVANCED_FACE('',(#1968),#340,.T.);
#7671=ADVANCED_FACE('',(#1969),#7359,.T.);
#7672=ADVANCED_FACE('',(#1970),#7360,.T.);
#7673=ADVANCED_FACE('',(#1971),#7361,.T.);
#7674=ADVANCED_FACE('',(#1972),#200,.T.);
#7675=ADVANCED_FACE('',(#1973),#7362,.T.);
#7676=ADVANCED_FACE('',(#1974),#7363,.T.);
#7677=ADVANCED_FACE('',(#1975),#341,.T.);
#7678=ADVANCED_FACE('',(#1976),#7364,.T.);
#7679=ADVANCED_FACE('',(#1977),#7365,.T.);
#7680=ADVANCED_FACE('',(#1978),#7366,.T.);
#7681=ADVANCED_FACE('',(#1979),#201,.T.);
#7682=ADVANCED_FACE('',(#1980),#7367,.T.);
#7683=ADVANCED_FACE('',(#1981),#7368,.T.);
#7684=ADVANCED_FACE('',(#1982),#342,.T.);
#7685=ADVANCED_FACE('',(#1983),#7369,.T.);
#7686=ADVANCED_FACE('',(#1984),#7370,.T.);
#7687=ADVANCED_FACE('',(#1985),#7371,.T.);
#7688=ADVANCED_FACE('',(#1986),#202,.T.);
#7689=ADVANCED_FACE('',(#1987),#7372,.T.);
#7690=ADVANCED_FACE('',(#1988),#203,.T.);
#7691=ADVANCED_FACE('',(#1989),#7373,.F.);
#7692=ADVANCED_FACE('',(#1990),#204,.F.);
#7693=ADVANCED_FACE('',(#1991),#7374,.F.);
#7694=ADVANCED_FACE('',(#1992),#205,.T.);
#7695=ADVANCED_FACE('',(#1993),#7375,.F.);
#7696=ADVANCED_FACE('',(#1994),#206,.F.);
#7697=ADVANCED_FACE('',(#1995),#7376,.F.);
#7698=ADVANCED_FACE('',(#1996),#207,.F.);
#7699=ADVANCED_FACE('',(#1997),#7377,.F.);
#7700=ADVANCED_FACE('',(#1998),#208,.T.);
#7701=ADVANCED_FACE('',(#1999),#7378,.F.);
#7702=ADVANCED_FACE('',(#2000),#209,.F.);
#7703=ADVANCED_FACE('',(#2001),#7379,.F.);
#7704=ADVANCED_FACE('',(#2002),#210,.T.);
#7705=ADVANCED_FACE('',(#2003),#211,.T.);
#7706=ADVANCED_FACE('',(#2004),#7380,.F.);
#7707=ADVANCED_FACE('',(#2005),#212,.F.);
#7708=ADVANCED_FACE('',(#2006),#7381,.F.);
#7709=ADVANCED_FACE('',(#2007),#213,.T.);
#7710=ADVANCED_FACE('',(#2008),#7382,.F.);
#7711=ADVANCED_FACE('',(#2009),#214,.F.);
#7712=ADVANCED_FACE('',(#2010),#7383,.F.);
#7713=ADVANCED_FACE('',(#2011),#215,.F.);
#7714=ADVANCED_FACE('',(#2012),#7384,.F.);
#7715=ADVANCED_FACE('',(#2013),#216,.T.);
#7716=ADVANCED_FACE('',(#2014),#7385,.F.);
#7717=ADVANCED_FACE('',(#2015),#217,.F.);
#7718=ADVANCED_FACE('',(#2016),#7386,.F.);
#7719=ADVANCED_FACE('',(#2017),#218,.T.);
#7720=ADVANCED_FACE('',(#2018),#7387,.F.);
#7721=ADVANCED_FACE('',(#2019),#7388,.T.);
#7722=ADVANCED_FACE('',(#2020),#7389,.F.);
#7723=ADVANCED_FACE('',(#2021,#89),#7390,.F.);
#7724=ADVANCED_FACE('',(#2022),#7391,.F.);
#7725=ADVANCED_FACE('',(#2023,#90),#7392,.F.);
#7726=ADVANCED_FACE('',(#2024),#7393,.T.);
#7727=ADVANCED_FACE('',(#2025),#219,.F.);
#7728=ADVANCED_FACE('',(#2026),#7394,.T.);
#7729=ADVANCED_FACE('',(#2027),#220,.F.);
#7730=ADVANCED_FACE('',(#2028),#61,.T.);
#7731=ADVANCED_FACE('',(#2029),#221,.T.);
#7732=ADVANCED_FACE('',(#2030),#62,.T.);
#7733=ADVANCED_FACE('',(#2031),#222,.T.);
#7734=ADVANCED_FACE('',(#2032),#63,.T.);
#7735=ADVANCED_FACE('',(#2033),#223,.T.);
#7736=ADVANCED_FACE('',(#2034),#64,.T.);
#7737=ADVANCED_FACE('',(#2035),#224,.T.);
#7738=ADVANCED_FACE('',(#2036),#7395,.T.);
#7739=ADVANCED_FACE('',(#2037),#225,.T.);
#7740=ADVANCED_FACE('',(#2038),#226,.T.);
#7741=ADVANCED_FACE('',(#2039,#91),#7396,.T.);
#7742=ADVANCED_FACE('',(#2040),#227,.T.);
#7743=ADVANCED_FACE('',(#2041),#7397,.T.);
#7744=ADVANCED_FACE('',(#2042),#228,.T.);
#7745=ADVANCED_FACE('',(#2043),#7398,.T.);
#7746=ADVANCED_FACE('',(#2044),#7399,.F.);
#7747=ADVANCED_FACE('',(#2045),#7400,.F.);
#7748=ADVANCED_FACE('',(#2046),#7401,.F.);
#7749=ADVANCED_FACE('',(#2047),#7402,.F.);
#7750=ADVANCED_FACE('',(#2048),#7403,.F.);
#7751=ADVANCED_FACE('',(#2049),#65,.T.);
#7752=ADVANCED_FACE('',(#2050),#229,.F.);
#7753=ADVANCED_FACE('',(#2051),#7404,.T.);
#7754=ADVANCED_FACE('',(#2052),#66,.T.);
#7755=ADVANCED_FACE('',(#2053),#7405,.T.);
#7756=ADVANCED_FACE('',(#2054),#7406,.T.);
#7757=ADVANCED_FACE('',(#2055,#92,#93),#7407,.T.);
#7758=ADVANCED_FACE('',(#2056),#67,.T.);
#7759=ADVANCED_FACE('',(#2057),#230,.T.);
#7760=ADVANCED_FACE('',(#2058),#68,.T.);
#7761=ADVANCED_FACE('',(#2059),#231,.T.);
#7762=ADVANCED_FACE('',(#2060),#69,.T.);
#7763=ADVANCED_FACE('',(#2061),#232,.T.);
#7764=ADVANCED_FACE('',(#2062),#70,.T.);
#7765=ADVANCED_FACE('',(#2063),#233,.T.);
#7766=ADVANCED_FACE('',(#2064),#7408,.T.);
#7767=ADVANCED_FACE('',(#2065),#234,.T.);
#7768=ADVANCED_FACE('',(#2066),#7409,.T.);
#7769=ADVANCED_FACE('',(#2067),#235,.T.);
#7770=ADVANCED_FACE('',(#2068,#94,#95,#96,#97),#7410,.T.);
#7771=ADVANCED_FACE('',(#2069),#236,.T.);
#7772=ADVANCED_FACE('',(#2070),#7411,.T.);
#7773=ADVANCED_FACE('',(#2071),#237,.T.);
#7774=ADVANCED_FACE('',(#2072),#7412,.T.);
#7775=ADVANCED_FACE('',(#2073),#343,.T.);
#7776=ADVANCED_FACE('',(#2074),#7413,.T.);
#7777=ADVANCED_FACE('',(#2075),#7414,.T.);
#7778=ADVANCED_FACE('',(#2076),#344,.T.);
#7779=ADVANCED_FACE('',(#2077),#7415,.T.);
#7780=ADVANCED_FACE('',(#2078),#345,.T.);
#7781=ADVANCED_FACE('',(#2079),#346,.F.);
#7782=ADVANCED_FACE('',(#2080),#7416,.T.);
#7783=ADVANCED_FACE('',(#2081),#347,.F.);
#7784=ADVANCED_FACE('',(#2082),#348,.T.);
#7785=ADVANCED_FACE('',(#2083),#349,.F.);
#7786=ADVANCED_FACE('',(#2084),#7417,.T.);
#7787=ADVANCED_FACE('',(#2085),#350,.F.);
#7788=ADVANCED_FACE('',(#2086),#351,.T.);
#7789=ADVANCED_FACE('',(#2087),#352,.F.);
#7790=ADVANCED_FACE('',(#2088),#7418,.T.);
#7791=ADVANCED_FACE('',(#2089),#353,.F.);
#7792=ADVANCED_FACE('',(#2090),#354,.T.);
#7793=ADVANCED_FACE('',(#2091),#7419,.T.);
#7794=ADVANCED_FACE('',(#2092),#238,.F.);
#7795=ADVANCED_FACE('',(#2093),#239,.F.);
#7796=ADVANCED_FACE('',(#2094),#240,.T.);
#7797=ADVANCED_FACE('',(#2095),#7420,.T.);
#7798=ADVANCED_FACE('',(#2096),#241,.T.);
#7799=ADVANCED_FACE('',(#2097),#7421,.T.);
#7800=ADVANCED_FACE('',(#2098),#7422,.T.);
#7801=ADVANCED_FACE('',(#2099),#7423,.T.);
#7802=ADVANCED_FACE('',(#2100),#242,.T.);
#7803=ADVANCED_FACE('',(#2101,#98,#99),#7424,.T.);
#7804=ADVANCED_FACE('',(#2102),#355,.T.);
#7805=ADVANCED_FACE('',(#2103),#243,.T.);
#7806=ADVANCED_FACE('',(#2104),#7425,.T.);
#7807=ADVANCED_FACE('',(#2105),#356,.T.);
#7808=ADVANCED_FACE('',(#2106),#7426,.T.);
#7809=ADVANCED_FACE('',(#2107),#7427,.T.);
#7810=ADVANCED_FACE('',(#2108),#7428,.T.);
#7811=ADVANCED_FACE('',(#2109),#357,.T.);
#7812=ADVANCED_FACE('',(#2110),#244,.T.);
#7813=ADVANCED_FACE('',(#2111),#7429,.T.);
#7814=ADVANCED_FACE('',(#2112),#245,.F.);
#7815=ADVANCED_FACE('',(#2113),#246,.T.);
#7816=ADVANCED_FACE('',(#2114),#7430,.T.);
#7817=ADVANCED_FACE('',(#2115),#247,.T.);
#7818=ADVANCED_FACE('',(#2116),#248,.F.);
#7819=ADVANCED_FACE('',(#2117),#249,.T.);
#7820=ADVANCED_FACE('',(#2118),#250,.T.);
#7821=ADVANCED_FACE('',(#2119),#251,.F.);
#7822=ADVANCED_FACE('',(#2120),#7431,.T.);
#7823=ADVANCED_FACE('',(#2121),#252,.F.);
#7824=ADVANCED_FACE('',(#2122),#253,.F.);
#7825=ADVANCED_FACE('',(#2123),#254,.F.);
#7826=ADVANCED_FACE('',(#2124),#255,.T.);
#7827=ADVANCED_FACE('',(#2125),#256,.T.);
#7828=ADVANCED_FACE('',(#2126),#358,.F.);
#7829=ADVANCED_FACE('',(#2127),#257,.F.);
#7830=ADVANCED_FACE('',(#2128),#359,.F.);
#7831=ADVANCED_FACE('',(#2129),#258,.F.);
#7832=ADVANCED_FACE('',(#2130),#360,.F.);
#7833=ADVANCED_FACE('',(#2131),#259,.F.);
#7834=ADVANCED_FACE('',(#2132),#361,.F.);
#7835=ADVANCED_FACE('',(#2133),#260,.F.);
#7836=ADVANCED_FACE('',(#2134),#7432,.T.);
#7837=ADVANCED_FACE('',(#2135),#261,.F.);
#7838=ADVANCED_FACE('',(#2136),#7433,.T.);
#7839=ADVANCED_FACE('',(#2137),#7434,.T.);
#7840=ADVANCED_FACE('',(#2138),#262,.F.);
#7841=ADVANCED_FACE('',(#2139),#7435,.T.);
#7842=ADVANCED_FACE('',(#2140),#362,.T.);
#7843=ADVANCED_FACE('',(#2141),#363,.T.);
#7844=ADVANCED_FACE('',(#2142),#364,.T.);
#7845=ADVANCED_FACE('',(#2143),#365,.T.);
#7846=ADVANCED_FACE('',(#2144),#7436,.T.);
#7847=ADVANCED_FACE('',(#2145),#366,.T.);
#7848=ADVANCED_FACE('',(#2146),#7437,.T.);
#7849=ADVANCED_FACE('',(#2147),#367,.T.);
#7850=ADVANCED_FACE('',(#2148),#7438,.T.);
#7851=ADVANCED_FACE('',(#2149),#7439,.T.);
#7852=ADVANCED_FACE('',(#2150),#368,.T.);
#7853=ADVANCED_FACE('',(#2151),#7440,.T.);
#7854=ADVANCED_FACE('',(#2152),#369,.T.);
#7855=ADVANCED_FACE('',(#2153),#7441,.T.);
#7856=ADVANCED_FACE('',(#2154),#7442,.T.);
#7857=ADVANCED_FACE('',(#2155),#370,.T.);
#7858=ADVANCED_FACE('',(#2156),#7443,.T.);
#7859=ADVANCED_FACE('',(#2157),#371,.T.);
#7860=ADVANCED_FACE('',(#2158),#7444,.T.);
#7861=ADVANCED_FACE('',(#2159),#7445,.T.);
#7862=ADVANCED_FACE('',(#2160),#372,.T.);
#7863=ADVANCED_FACE('',(#2161),#7446,.T.);
#7864=ADVANCED_FACE('',(#2162),#373,.T.);
#7865=ADVANCED_FACE('',(#2163),#7447,.T.);
#7866=ADVANCED_FACE('',(#2164),#7448,.T.);
#7867=ADVANCED_FACE('',(#2165),#263,.T.);
#7868=ADVANCED_FACE('',(#2166),#7449,.T.);
#7869=ADVANCED_FACE('',(#2167),#264,.T.);
#7870=ADVANCED_FACE('',(#2168),#7450,.T.);
#7871=ADVANCED_FACE('',(#2169),#265,.T.);
#7872=ADVANCED_FACE('',(#2170),#7451,.T.);
#7873=ADVANCED_FACE('',(#2171),#266,.T.);
#7874=ADVANCED_FACE('',(#2172),#7452,.T.);
#7875=ADVANCED_FACE('',(#2173),#267,.T.);
#7876=ADVANCED_FACE('',(#2174),#7453,.T.);
#7877=ADVANCED_FACE('',(#2175),#268,.T.);
#7878=ADVANCED_FACE('',(#2176),#7454,.F.);
#7879=ADVANCED_FACE('',(#2177),#18,.F.);
#7880=ADVANCED_FACE('',(#2178),#19,.F.);
#7881=ADVANCED_FACE('',(#2179),#20,.F.);
#7882=ADVANCED_FACE('',(#2180),#21,.F.);
#7883=ADVANCED_FACE('',(#2181),#22,.F.);
#7884=ADVANCED_FACE('',(#2182),#23,.F.);
#7885=ADVANCED_FACE('',(#2183),#24,.F.);
#7886=ADVANCED_FACE('',(#2184),#25,.F.);
#7887=ADVANCED_FACE('',(#2185),#26,.F.);
#7888=ADVANCED_FACE('',(#2186),#27,.F.);
#7889=ADVANCED_FACE('',(#2187),#28,.F.);
#7890=ADVANCED_FACE('',(#2188),#29,.F.);
#7891=ADVANCED_FACE('',(#2189),#30,.F.);
#7892=ADVANCED_FACE('',(#2190),#31,.F.);
#7893=ADVANCED_FACE('',(#2191),#32,.F.);
#7894=ADVANCED_FACE('',(#2192),#33,.F.);
#7895=ADVANCED_FACE('',(#2193),#34,.F.);
#7896=ADVANCED_FACE('',(#2194),#35,.F.);
#7897=ADVANCED_FACE('',(#2195),#36,.F.);
#7898=ADVANCED_FACE('',(#2196),#37,.F.);
#7899=ADVANCED_FACE('',(#2197),#38,.F.);
#7900=ADVANCED_FACE('',(#2198),#39,.F.);
#7901=ADVANCED_FACE('',(#2199),#40,.F.);
#7902=ADVANCED_FACE('',(#2200),#41,.F.);
#7903=ADVANCED_FACE('',(#2201),#269,.F.);
#7904=ADVANCED_FACE('',(#2202),#270,.F.);
#7905=ADVANCED_FACE('',(#2203),#13,.T.);
#7906=ADVANCED_FACE('',(#2204),#7455,.T.);
#7907=ADVANCED_FACE('',(#2205),#271,.T.);
#7908=ADVANCED_FACE('',(#2206),#7456,.T.);
#7909=ADVANCED_FACE('',(#2207),#272,.T.);
#7910=ADVANCED_FACE('',(#2208),#7457,.T.);
#7911=ADVANCED_FACE('',(#2209),#273,.F.);
#7912=ADVANCED_FACE('',(#2210),#274,.T.);
#7913=ADVANCED_FACE('',(#2211),#7458,.T.);
#7914=ADVANCED_FACE('',(#2212),#275,.T.);
#7915=ADVANCED_FACE('',(#2213),#7459,.T.);
#7916=ADVANCED_FACE('',(#2214),#276,.F.);
#7917=ADVANCED_FACE('',(#2215),#7460,.T.);
#7918=ADVANCED_FACE('',(#2216),#7461,.T.);
#7919=ADVANCED_FACE('',(#2217),#7462,.T.);
#7920=ADVANCED_FACE('',(#2218),#7463,.T.);
#7921=ADVANCED_FACE('',(#2219),#7464,.T.);
#7922=ADVANCED_FACE('',(#2220),#7465,.T.);
#7923=ADVANCED_FACE('',(#2221),#277,.T.);
#7924=ADVANCED_FACE('',(#2222),#278,.T.);
#7925=ADVANCED_FACE('',(#2223),#374,.T.);
#7926=ADVANCED_FACE('',(#2224),#279,.T.);
#7927=ADVANCED_FACE('',(#2225,#100),#7466,.T.);
#7928=ADVANCED_FACE('',(#2226),#375,.T.);
#7929=ADVANCED_FACE('',(#2227),#7467,.F.);
#7930=ADVANCED_FACE('',(#2228),#71,.T.);
#7931=ADVANCED_FACE('',(#2229),#280,.T.);
#7932=ADVANCED_FACE('',(#2230),#7468,.T.);
#7933=ADVANCED_FACE('',(#2231),#376,.T.);
#7934=ADVANCED_FACE('',(#2232),#281,.T.);
#7935=ADVANCED_FACE('',(#2233),#7469,.F.);
#7936=ADVANCED_FACE('',(#2234),#377,.T.);
#7937=ADVANCED_FACE('',(#2235,#101),#7470,.T.);
#7938=ADVANCED_FACE('',(#2236),#72,.T.);
#7939=ADVANCED_FACE('',(#2237),#282,.T.);
#7940=ADVANCED_FACE('',(#2238),#7471,.T.);
#7941=ADVANCED_FACE('',(#2239),#7472,.T.);
#7942=ADVANCED_FACE('',(#2240),#7473,.T.);
#7943=ADVANCED_FACE('',(#2241),#7474,.T.);
#7944=ADVANCED_FACE('',(#2242),#7475,.T.);
#7945=ADVANCED_FACE('',(#2243),#7476,.T.);
#7946=ADVANCED_FACE('',(#2244),#7477,.T.);
#7947=ADVANCED_FACE('',(#2245),#7478,.F.);
#7948=ADVANCED_FACE('',(#2246),#7479,.T.);
#7949=ADVANCED_FACE('',(#2247),#7480,.T.);
#7950=ADVANCED_FACE('',(#2248),#7481,.T.);
#7951=ADVANCED_FACE('',(#2249),#7482,.T.);
#7952=ADVANCED_FACE('',(#2250),#7483,.T.);
#7953=ADVANCED_FACE('',(#2251,#102),#7484,.T.);
#7954=ADVANCED_FACE('',(#2252),#14,.F.);
#7955=ADVANCED_FACE('',(#2253),#283,.T.);
#7956=ADVANCED_FACE('',(#2254),#15,.F.);
#7957=ADVANCED_FACE('',(#2255),#284,.T.);
#7958=ADVANCED_FACE('',(#2256),#7485,.T.);
#7959=ADVANCED_FACE('',(#2257),#285,.T.);
#7960=ADVANCED_FACE('',(#2258),#7486,.T.);
#7961=ADVANCED_FACE('',(#2259),#7487,.T.);
#7962=ADVANCED_FACE('',(#2260),#286,.T.);
#7963=ADVANCED_FACE('',(#2261),#7488,.T.);
#7964=ADVANCED_FACE('',(#2262),#7489,.T.);
#7965=ADVANCED_FACE('',(#2263),#7490,.T.);
#7966=ADVANCED_FACE('',(#2264),#7491,.T.);
#7967=ADVANCED_FACE('',(#2265),#7492,.T.);
#7968=ADVANCED_FACE('',(#2266),#7493,.T.);
#7969=ADVANCED_FACE('',(#2267),#7494,.T.);
#7970=ADVANCED_FACE('',(#2268),#7495,.F.);
#7971=ADVANCED_FACE('',(#2269),#7496,.T.);
#7972=ADVANCED_FACE('',(#2270),#7497,.T.);
#7973=ADVANCED_FACE('',(#2271),#7498,.T.);
#7974=ADVANCED_FACE('',(#2272),#7499,.T.);
#7975=ADVANCED_FACE('',(#2273),#7500,.T.);
#7976=ADVANCED_FACE('',(#2274,#103),#7501,.T.);
#7977=ADVANCED_FACE('',(#2275),#287,.T.);
#7978=ADVANCED_FACE('',(#2276),#16,.F.);
#7979=ADVANCED_FACE('',(#2277),#288,.T.);
#7980=ADVANCED_FACE('',(#2278),#17,.F.);
#7981=ADVANCED_FACE('',(#2279),#289,.T.);
#7982=ADVANCED_FACE('',(#2280),#7502,.T.);
#7983=ADVANCED_FACE('',(#2281),#7503,.T.);
#7984=ADVANCED_FACE('',(#2282),#290,.T.);
#7985=ADVANCED_FACE('',(#2283),#7504,.T.);
#7986=ADVANCED_FACE('',(#2284),#7505,.T.);
#7987=CLOSED_SHELL('',(#7506,#7507,#7508,#7509,#7510,#7511,#7512,#7513,
#7514,#7515,#7516,#7517,#7518,#7519,#7520,#7521,#7522,#7523,#7524,#7525,
#7526,#7527,#7528,#7529,#7530,#7531,#7532,#7533,#7534,#7535,#7536,#7537,
#7538,#7539,#7540,#7541,#7542,#7543,#7544,#7545,#7546,#7547,#7548,#7549,
#7550,#7551,#7552,#7553,#7554,#7555,#7556,#7557,#7558,#7559,#7560,#7561,
#7562,#7563,#7564,#7565,#7566,#7567,#7568,#7569,#7570,#7571,#7572,#7573,
#7574,#7575,#7576,#7577,#7578,#7579,#7580,#7581,#7582,#7583,#7584,#7585,
#7586,#7587,#7588,#7589,#7590,#7591,#7592,#7593,#7594,#7595,#7596,#7597,
#7598,#7599,#7600,#7601,#7602,#7603,#7604,#7605,#7606,#7607,#7608,#7609,
#7610,#7611,#7612,#7613,#7614,#7615,#7616,#7617,#7618,#7619,#7620,#7621,
#7622,#7623,#7624,#7625,#7626,#7627,#7628,#7629,#7630,#7631,#7632,#7633,
#7634,#7635,#7636,#7637,#7638,#7639,#7640,#7641,#7642,#7643,#7644,#7645,
#7646,#7647,#7648,#7649,#7650,#7651,#7652,#7653,#7654,#7655,#7656,#7657,
#7658,#7659,#7660,#7661,#7662,#7663,#7664,#7665,#7666,#7667,#7668,#7669,
#7670,#7671,#7672,#7673,#7674,#7675,#7676,#7677,#7678,#7679,#7680,#7681,
#7682,#7683,#7684,#7685,#7686,#7687,#7688,#7689,#7690,#7691,#7692,#7693,
#7694,#7695,#7696,#7697,#7698,#7699,#7700,#7701,#7702,#7703,#7704,#7705,
#7706,#7707,#7708,#7709,#7710,#7711,#7712,#7713,#7714,#7715,#7716,#7717,
#7718,#7719,#7720,#7721,#7722,#7723,#7724,#7725,#7726,#7727,#7728,#7729,
#7730,#7731,#7732,#7733,#7734,#7735,#7736,#7737,#7738,#7739,#7740,#7741,
#7742,#7743,#7744,#7745));
#7988=CLOSED_SHELL('',(#7746,#7747,#7748,#7749,#7750,#7751,#7752,#7753,
#7754,#7755,#7756,#7757,#7758,#7759,#7760,#7761,#7762,#7763,#7764,#7765,
#7766,#7767,#7768,#7769,#7770,#7771,#7772,#7773,#7774,#7775,#7776,#7777,
#7778,#7779,#7780,#7781,#7782,#7783,#7784,#7785,#7786,#7787,#7788,#7789,
#7790,#7791,#7792,#7793,#7794,#7795,#7796,#7797,#7798,#7799,#7800,#7801,
#7802,#7803,#7804,#7805,#7806,#7807,#7808,#7809,#7810,#7811,#7812,#7813,
#7814,#7815,#7816,#7817,#7818,#7819,#7820,#7821,#7822,#7823,#7824,#7825,
#7826,#7827,#7828,#7829,#7830,#7831,#7832,#7833,#7834,#7835,#7836,#7837,
#7838,#7839,#7840,#7841));
#7989=CLOSED_SHELL('',(#7842,#7843,#7844,#7845,#7846,#7847,#7848,#7849,
#7850,#7851,#7852,#7853,#7854,#7855,#7856,#7857,#7858,#7859,#7860,#7861,
#7862,#7863,#7864,#7865,#7866,#7867,#7868,#7869,#7870,#7871,#7872,#7873,
#7874,#7875,#7876,#7877,#7878,#7879,#7880,#7881,#7882,#7883,#7884,#7885,
#7886,#7887,#7888,#7889,#7890,#7891,#7892,#7893,#7894,#7895,#7896,#7897,
#7898,#7899,#7900,#7901,#7902,#7903,#7904,#7905,#7906,#7907,#7908,#7909,
#7910,#7911,#7912,#7913,#7914,#7915,#7916,#7917,#7918,#7919,#7920,#7921,
#7922,#7923,#7924));
#7990=CLOSED_SHELL('',(#7925,#7926,#7927,#7928,#7929,#7930,#7931,#7932));
#7991=CLOSED_SHELL('',(#7933,#7934,#7935,#7936,#7937,#7938,#7939,#7940));
#7992=CLOSED_SHELL('',(#7941,#7942,#7943,#7944,#7945,#7946,#7947,#7948,
#7949,#7950,#7951,#7952,#7953,#7954,#7955,#7956,#7957,#7958,#7959,#7960,
#7961,#7962,#7963));
#7993=CLOSED_SHELL('',(#7964,#7965,#7966,#7967,#7968,#7969,#7970,#7971,
#7972,#7973,#7974,#7975,#7976,#7977,#7978,#7979,#7980,#7981,#7982,#7983,
#7984,#7985,#7986));
#7994=DERIVED_UNIT_ELEMENT(#7996,1.);
#7995=DERIVED_UNIT_ELEMENT(#14522,-3.);
#7996=(
MASS_UNIT()
NAMED_UNIT(*)
SI_UNIT(.KILO.,.GRAM.)
);
#7997=DERIVED_UNIT((#7994,#7995));
#7998=MEASURE_REPRESENTATION_ITEM('density measure',
POSITIVE_RATIO_MEASURE(7850.),#7997);
#7999=PROPERTY_DEFINITION_REPRESENTATION(#8004,#8001);
#8000=PROPERTY_DEFINITION_REPRESENTATION(#8005,#8002);
#8001=REPRESENTATION('material name',(#8003),#14519);
#8002=REPRESENTATION('density',(#7998),#14519);
#8003=DESCRIPTIVE_REPRESENTATION_ITEM('Steel','Steel');
#8004=PROPERTY_DEFINITION('material property','material name',#14529);
#8005=PROPERTY_DEFINITION('material property','density of part',#14529);
#8006=AXIS2_PLACEMENT_3D('',#11149,#8816,#8817);
#8007=AXIS2_PLACEMENT_3D('',#11150,#8818,#8819);
#8008=AXIS2_PLACEMENT_3D('',#11152,#8820,#8821);
#8009=AXIS2_PLACEMENT_3D('',#11153,#8822,#8823);
#8010=AXIS2_PLACEMENT_3D('',#11155,#8824,#8825);
#8011=AXIS2_PLACEMENT_3D('',#11156,#8826,#8827);
#8012=AXIS2_PLACEMENT_3D('',#11158,#8828,#8829);
#8013=AXIS2_PLACEMENT_3D('',#11159,#8830,#8831);
#8014=AXIS2_PLACEMENT_3D('',#11161,#8832,#8833);
#8015=AXIS2_PLACEMENT_3D('',#11162,#8834,#8835);
#8016=AXIS2_PLACEMENT_3D('',#11171,#8840,#8841);
#8017=AXIS2_PLACEMENT_3D('',#11177,#8845,#8846);
#8018=AXIS2_PLACEMENT_3D('',#11183,#8850,#8851);
#8019=AXIS2_PLACEMENT_3D('',#11189,#8855,#8856);
#8020=AXIS2_PLACEMENT_3D('',#11195,#8860,#8861);
#8021=AXIS2_PLACEMENT_3D('',#11201,#8865,#8866);
#8022=AXIS2_PLACEMENT_3D('',#11207,#8870,#8871);
#8023=AXIS2_PLACEMENT_3D('',#11210,#8874,#8875);
#8024=AXIS2_PLACEMENT_3D('',#11211,#8876,#8877);
#8025=AXIS2_PLACEMENT_3D('',#11216,#8879,#8880);
#8026=AXIS2_PLACEMENT_3D('',#11219,#8882,#8883);
#8027=AXIS2_PLACEMENT_3D('',#11220,#8884,#8885);
#8028=AXIS2_PLACEMENT_3D('',#11226,#8889,#8890);
#8029=AXIS2_PLACEMENT_3D('',#11230,#8892,#8893);
#8030=AXIS2_PLACEMENT_3D('',#11231,#8894,#8895);
#8031=AXIS2_PLACEMENT_3D('',#11232,#8896,#8897);
#8032=AXIS2_PLACEMENT_3D('',#11238,#8901,#8902);
#8033=AXIS2_PLACEMENT_3D('',#11242,#8904,#8905);
#8034=AXIS2_PLACEMENT_3D('',#11243,#8906,#8907);
#8035=AXIS2_PLACEMENT_3D('',#11244,#8908,#8909);
#8036=AXIS2_PLACEMENT_3D('',#11250,#8913,#8914);
#8037=AXIS2_PLACEMENT_3D('',#11254,#8916,#8917);
#8038=AXIS2_PLACEMENT_3D('',#11255,#8918,#8919);
#8039=AXIS2_PLACEMENT_3D('',#11256,#8920,#8921);
#8040=AXIS2_PLACEMENT_3D('',#11259,#8924,#8925);
#8041=AXIS2_PLACEMENT_3D('',#11265,#8929,#8930);
#8042=AXIS2_PLACEMENT_3D('',#11268,#8932,#8933);
#8043=AXIS2_PLACEMENT_3D('',#11269,#8934,#8935);
#8044=AXIS2_PLACEMENT_3D('',#11273,#8938,#8939);
#8045=AXIS2_PLACEMENT_3D('',#11276,#8941,#8942);
#8046=AXIS2_PLACEMENT_3D('',#11277,#8943,#8944);
#8047=AXIS2_PLACEMENT_3D('',#11300,#8949,#8950);
#8048=AXIS2_PLACEMENT_3D('',#11308,#8954,#8955);
#8049=AXIS2_PLACEMENT_3D('',#11316,#8959,#8960);
#8050=AXIS2_PLACEMENT_3D('',#11323,#8964,#8965);
#8051=AXIS2_PLACEMENT_3D('',#11328,#8967,#8968);
#8052=AXIS2_PLACEMENT_3D('',#11332,#8970,#8971);
#8053=AXIS2_PLACEMENT_3D('',#11336,#8973,#8974);
#8054=AXIS2_PLACEMENT_3D('',#11339,#8976,#8977);
#8055=AXIS2_PLACEMENT_3D('',#11341,#8978,#8979);
#8056=AXIS2_PLACEMENT_3D('',#11346,#8981,#8982);
#8057=AXIS2_PLACEMENT_3D('',#11350,#8984,#8985);
#8058=AXIS2_PLACEMENT_3D('',#11354,#8987,#8988);
#8059=AXIS2_PLACEMENT_3D('',#11358,#8990,#8991);
#8060=AXIS2_PLACEMENT_3D('',#11362,#8993,#8994);
#8061=AXIS2_PLACEMENT_3D('',#11366,#8996,#8997);
#8062=AXIS2_PLACEMENT_3D('',#11370,#8999,#9000);
#8063=AXIS2_PLACEMENT_3D('',#11374,#9002,#9003);
#8064=AXIS2_PLACEMENT_3D('',#11378,#9005,#9006);
#8065=AXIS2_PLACEMENT_3D('',#11382,#9008,#9009);
#8066=AXIS2_PLACEMENT_3D('',#11386,#9011,#9012);
#8067=AXIS2_PLACEMENT_3D('',#11389,#9014,#9015);
#8068=AXIS2_PLACEMENT_3D('',#11391,#9016,#9017);
#8069=AXIS2_PLACEMENT_3D('',#11392,#9018,#9019);
#8070=AXIS2_PLACEMENT_3D('',#11398,#9023,#9024);
#8071=AXIS2_PLACEMENT_3D('',#11401,#9026,#9027);
#8072=AXIS2_PLACEMENT_3D('',#11402,#9028,#9029);
#8073=AXIS2_PLACEMENT_3D('',#11406,#9032,#9033);
#8074=AXIS2_PLACEMENT_3D('',#11409,#9035,#9036);
#8075=AXIS2_PLACEMENT_3D('',#11410,#9037,#9038);
#8076=AXIS2_PLACEMENT_3D('',#11414,#9041,#9042);
#8077=AXIS2_PLACEMENT_3D('',#11417,#9044,#9045);
#8078=AXIS2_PLACEMENT_3D('',#11418,#9046,#9047);
#8079=AXIS2_PLACEMENT_3D('',#11422,#9050,#9051);
#8080=AXIS2_PLACEMENT_3D('',#11423,#9052,#9053);
#8081=AXIS2_PLACEMENT_3D('',#11424,#9054,#9055);
#8082=AXIS2_PLACEMENT_3D('',#11428,#9057,#9058);
#8083=AXIS2_PLACEMENT_3D('',#11430,#9060,#9061);
#8084=AXIS2_PLACEMENT_3D('',#11434,#9064,#9065);
#8085=AXIS2_PLACEMENT_3D('',#11437,#9067,#9068);
#8086=AXIS2_PLACEMENT_3D('',#11438,#9069,#9070);
#8087=AXIS2_PLACEMENT_3D('',#11442,#9073,#9074);
#8088=AXIS2_PLACEMENT_3D('',#11444,#9075,#9076);
#8089=AXIS2_PLACEMENT_3D('',#11446,#9078,#9079);
#8090=AXIS2_PLACEMENT_3D('',#11448,#9080,#9081);
#8091=AXIS2_PLACEMENT_3D('',#11450,#9083,#9084);
#8092=AXIS2_PLACEMENT_3D('',#11452,#9085,#9086);
#8093=AXIS2_PLACEMENT_3D('',#11454,#9088,#9089);
#8094=AXIS2_PLACEMENT_3D('',#11456,#9090,#9091);
#8095=AXIS2_PLACEMENT_3D('',#11458,#9093,#9094);
#8096=AXIS2_PLACEMENT_3D('',#11464,#9098,#9099);
#8097=AXIS2_PLACEMENT_3D('',#11467,#9101,#9102);
#8098=AXIS2_PLACEMENT_3D('',#11468,#9103,#9104);
#8099=AXIS2_PLACEMENT_3D('',#11472,#9107,#9108);
#8100=AXIS2_PLACEMENT_3D('',#11475,#9110,#9111);
#8101=AXIS2_PLACEMENT_3D('',#11476,#9112,#9113);
#8102=AXIS2_PLACEMENT_3D('',#11480,#9116,#9117);
#8103=AXIS2_PLACEMENT_3D('',#11483,#9119,#9120);
#8104=AXIS2_PLACEMENT_3D('',#11484,#9121,#9122);
#8105=AXIS2_PLACEMENT_3D('',#11488,#9125,#9126);
#8106=AXIS2_PLACEMENT_3D('',#11491,#9128,#9129);
#8107=AXIS2_PLACEMENT_3D('',#11492,#9130,#9131);
#8108=AXIS2_PLACEMENT_3D('',#11496,#9134,#9135);
#8109=AXIS2_PLACEMENT_3D('',#11499,#9137,#9138);
#8110=AXIS2_PLACEMENT_3D('',#11500,#9139,#9140);
#8111=AXIS2_PLACEMENT_3D('',#11504,#9143,#9144);
#8112=AXIS2_PLACEMENT_3D('',#11507,#9146,#9147);
#8113=AXIS2_PLACEMENT_3D('',#11508,#9148,#9149);
#8114=AXIS2_PLACEMENT_3D('',#11512,#9152,#9153);
#8115=AXIS2_PLACEMENT_3D('',#11515,#9155,#9156);
#8116=AXIS2_PLACEMENT_3D('',#11516,#9157,#9158);
#8117=AXIS2_PLACEMENT_3D('',#11520,#9161,#9162);
#8118=AXIS2_PLACEMENT_3D('',#11523,#9164,#9165);
#8119=AXIS2_PLACEMENT_3D('',#11524,#9166,#9167);
#8120=AXIS2_PLACEMENT_3D('',#11528,#9170,#9171);
#8121=AXIS2_PLACEMENT_3D('',#11531,#9173,#9174);
#8122=AXIS2_PLACEMENT_3D('',#11532,#9175,#9176);
#8123=AXIS2_PLACEMENT_3D('',#11536,#9179,#9180);
#8124=AXIS2_PLACEMENT_3D('',#11539,#9182,#9183);
#8125=AXIS2_PLACEMENT_3D('',#11540,#9184,#9185);
#8126=AXIS2_PLACEMENT_3D('',#11544,#9188,#9189);
#8127=AXIS2_PLACEMENT_3D('',#11547,#9191,#9192);
#8128=AXIS2_PLACEMENT_3D('',#11548,#9193,#9194);
#8129=AXIS2_PLACEMENT_3D('',#11552,#9197,#9198);
#8130=AXIS2_PLACEMENT_3D('',#11553,#9199,#9200);
#8131=AXIS2_PLACEMENT_3D('',#11554,#9201,#9202);
#8132=AXIS2_PLACEMENT_3D('',#11558,#9204,#9205);
#8133=AXIS2_PLACEMENT_3D('',#11560,#9207,#9208);
#8134=AXIS2_PLACEMENT_3D('',#11564,#9211,#9212);
#8135=AXIS2_PLACEMENT_3D('',#11567,#9214,#9215);
#8136=AXIS2_PLACEMENT_3D('',#11568,#9216,#9217);
#8137=AXIS2_PLACEMENT_3D('',#11572,#9220,#9221);
#8138=AXIS2_PLACEMENT_3D('',#11575,#9223,#9224);
#8139=AXIS2_PLACEMENT_3D('',#11576,#9225,#9226);
#8140=AXIS2_PLACEMENT_3D('',#11580,#9229,#9230);
#8141=AXIS2_PLACEMENT_3D('',#11583,#9232,#9233);
#8142=AXIS2_PLACEMENT_3D('',#11584,#9234,#9235);
#8143=AXIS2_PLACEMENT_3D('',#11588,#9238,#9239);
#8144=AXIS2_PLACEMENT_3D('',#11591,#9241,#9242);
#8145=AXIS2_PLACEMENT_3D('',#11592,#9243,#9244);
#8146=AXIS2_PLACEMENT_3D('',#11596,#9247,#9248);
#8147=AXIS2_PLACEMENT_3D('',#11599,#9250,#9251);
#8148=AXIS2_PLACEMENT_3D('',#11600,#9252,#9253);
#8149=AXIS2_PLACEMENT_3D('',#11604,#9256,#9257);
#8150=AXIS2_PLACEMENT_3D('',#11609,#9260,#9261);
#8151=AXIS2_PLACEMENT_3D('',#11610,#9262,#9263);
#8152=AXIS2_PLACEMENT_3D('',#11614,#9266,#9267);
#8153=AXIS2_PLACEMENT_3D('',#11617,#9269,#9270);
#8154=AXIS2_PLACEMENT_3D('',#11618,#9271,#9272);
#8155=AXIS2_PLACEMENT_3D('',#11622,#9275,#9276);
#8156=AXIS2_PLACEMENT_3D('',#11626,#9278,#9279);
#8157=AXIS2_PLACEMENT_3D('',#11627,#9280,#9281);
#8158=AXIS2_PLACEMENT_3D('',#11628,#9282,#9283);
#8159=AXIS2_PLACEMENT_3D('',#11634,#9287,#9288);
#8160=AXIS2_PLACEMENT_3D('',#11638,#9290,#9291);
#8161=AXIS2_PLACEMENT_3D('',#11639,#9292,#9293);
#8162=AXIS2_PLACEMENT_3D('',#11640,#9294,#9295);
#8163=AXIS2_PLACEMENT_3D('',#11643,#9298,#9299);
#8164=AXIS2_PLACEMENT_3D('',#11646,#9302,#9303);
#8165=AXIS2_PLACEMENT_3D('',#11648,#9305,#9306);
#8166=AXIS2_PLACEMENT_3D('',#11649,#9307,#9308);
#8167=AXIS2_PLACEMENT_3D('',#11652,#9309,#9310);
#8168=AXIS2_PLACEMENT_3D('',#11656,#9312,#9313);
#8169=AXIS2_PLACEMENT_3D('',#11660,#9315,#9316);
#8170=AXIS2_PLACEMENT_3D('',#11664,#9318,#9319);
#8171=AXIS2_PLACEMENT_3D('',#11668,#9321,#9322);
#8172=AXIS2_PLACEMENT_3D('',#11672,#9324,#9325);
#8173=AXIS2_PLACEMENT_3D('',#11676,#9327,#9328);
#8174=AXIS2_PLACEMENT_3D('',#11680,#9330,#9331);
#8175=AXIS2_PLACEMENT_3D('',#11682,#9333,#9334);
#8176=AXIS2_PLACEMENT_3D('',#11685,#9336,#9337);
#8177=AXIS2_PLACEMENT_3D('',#11687,#9339,#9340);
#8178=AXIS2_PLACEMENT_3D('',#11689,#9342,#9343);
#8179=AXIS2_PLACEMENT_3D('',#11691,#9345,#9346);
#8180=AXIS2_PLACEMENT_3D('',#11693,#9348,#9349);
#8181=AXIS2_PLACEMENT_3D('',#11695,#9351,#9352);
#8182=AXIS2_PLACEMENT_3D('',#11699,#9355,#9356);
#8183=AXIS2_PLACEMENT_3D('',#11702,#9358,#9359);
#8184=AXIS2_PLACEMENT_3D('',#11703,#9360,#9361);
#8185=AXIS2_PLACEMENT_3D('',#11705,#9363,#9364);
#8186=AXIS2_PLACEMENT_3D('',#11707,#9366,#9367);
#8187=AXIS2_PLACEMENT_3D('',#11709,#9369,#9370);
#8188=AXIS2_PLACEMENT_3D('',#11711,#9372,#9373);
#8189=AXIS2_PLACEMENT_3D('',#11712,#9374,#9375);
#8190=AXIS2_PLACEMENT_3D('',#11714,#9376,#9377);
#8191=AXIS2_PLACEMENT_3D('',#11716,#9379,#9380);
#8192=AXIS2_PLACEMENT_3D('',#11719,#9381,#9382);
#8193=AXIS2_PLACEMENT_3D('',#11723,#9384,#9385);
#8194=AXIS2_PLACEMENT_3D('',#11727,#9387,#9388);
#8195=AXIS2_PLACEMENT_3D('',#11731,#9390,#9391);
#8196=AXIS2_PLACEMENT_3D('',#11734,#9393,#9394);
#8197=AXIS2_PLACEMENT_3D('',#11739,#9396,#9397);
#8198=AXIS2_PLACEMENT_3D('',#11743,#9399,#9400);
#8199=AXIS2_PLACEMENT_3D('',#11747,#9402,#9403);
#8200=AXIS2_PLACEMENT_3D('',#11750,#9405,#9406);
#8201=AXIS2_PLACEMENT_3D('',#11755,#9408,#9409);
#8202=AXIS2_PLACEMENT_3D('',#11759,#9411,#9412);
#8203=AXIS2_PLACEMENT_3D('',#11763,#9414,#9415);
#8204=AXIS2_PLACEMENT_3D('',#11767,#9417,#9418);
#8205=AXIS2_PLACEMENT_3D('',#11771,#9420,#9421);
#8206=AXIS2_PLACEMENT_3D('',#11775,#9423,#9424);
#8207=AXIS2_PLACEMENT_3D('',#11779,#9426,#9427);
#8208=AXIS2_PLACEMENT_3D('',#11783,#9429,#9430);
#8209=AXIS2_PLACEMENT_3D('',#11787,#9432,#9433);
#8210=AXIS2_PLACEMENT_3D('',#11791,#9435,#9436);
#8211=AXIS2_PLACEMENT_3D('',#11795,#9438,#9439);
#8212=AXIS2_PLACEMENT_3D('',#11798,#9441,#9442);
#8213=AXIS2_PLACEMENT_3D('',#11799,#9443,#9444);
#8214=AXIS2_PLACEMENT_3D('',#11801,#9446,#9447);
#8215=AXIS2_PLACEMENT_3D('',#11804,#9450,#9451);
#8216=AXIS2_PLACEMENT_3D('',#11806,#9453,#9454);
#8217=AXIS2_PLACEMENT_3D('',#11808,#9456,#9457);
#8218=AXIS2_PLACEMENT_3D('',#11810,#9458,#9459);
#8219=AXIS2_PLACEMENT_3D('',#11812,#9461,#9462);
#8220=AXIS2_PLACEMENT_3D('',#11816,#9465,#9466);
#8221=AXIS2_PLACEMENT_3D('',#11818,#9467,#9468);
#8222=AXIS2_PLACEMENT_3D('',#11820,#9470,#9471);
#8223=AXIS2_PLACEMENT_3D('',#11824,#9474,#9475);
#8224=AXIS2_PLACEMENT_3D('',#11826,#9476,#9477);
#8225=AXIS2_PLACEMENT_3D('',#11828,#9479,#9480);
#8226=AXIS2_PLACEMENT_3D('',#11832,#9483,#9484);
#8227=AXIS2_PLACEMENT_3D('',#11834,#9485,#9486);
#8228=AXIS2_PLACEMENT_3D('',#11836,#9488,#9489);
#8229=AXIS2_PLACEMENT_3D('',#11840,#9492,#9493);
#8230=AXIS2_PLACEMENT_3D('',#11842,#9494,#9495);
#8231=AXIS2_PLACEMENT_3D('',#11844,#9497,#9498);
#8232=AXIS2_PLACEMENT_3D('',#11848,#9501,#9502);
#8233=AXIS2_PLACEMENT_3D('',#11850,#9503,#9504);
#8234=AXIS2_PLACEMENT_3D('',#11852,#9506,#9507);
#8235=AXIS2_PLACEMENT_3D('',#11855,#9510,#9511);
#8236=AXIS2_PLACEMENT_3D('',#11857,#9513,#9514);
#8237=AXIS2_PLACEMENT_3D('',#11859,#9516,#9517);
#8238=AXIS2_PLACEMENT_3D('',#11861,#9519,#9520);
#8239=AXIS2_PLACEMENT_3D('',#11863,#9522,#9523);
#8240=AXIS2_PLACEMENT_3D('',#11865,#9525,#9526);
#8241=AXIS2_PLACEMENT_3D('',#11867,#9528,#9529);
#8242=AXIS2_PLACEMENT_3D('',#11869,#9531,#9532);
#8243=AXIS2_PLACEMENT_3D('',#11871,#9534,#9535);
#8244=AXIS2_PLACEMENT_3D('',#11872,#9536,#9537);
#8245=AXIS2_PLACEMENT_3D('',#11875,#9540,#9541);
#8246=AXIS2_PLACEMENT_3D('',#11877,#9543,#9544);
#8247=AXIS2_PLACEMENT_3D('',#11879,#9546,#9547);
#8248=AXIS2_PLACEMENT_3D('',#11881,#9549,#9550);
#8249=AXIS2_PLACEMENT_3D('',#11883,#9552,#9553);
#8250=AXIS2_PLACEMENT_3D('',#11885,#9555,#9556);
#8251=AXIS2_PLACEMENT_3D('',#11887,#9558,#9559);
#8252=AXIS2_PLACEMENT_3D('',#11889,#9561,#9562);
#8253=AXIS2_PLACEMENT_3D('',#11890,#9563,#9564);
#8254=AXIS2_PLACEMENT_3D('',#11892,#9565,#9566);
#8255=AXIS2_PLACEMENT_3D('',#11895,#9568,#9569);
#8256=AXIS2_PLACEMENT_3D('',#11896,#9570,#9571);
#8257=AXIS2_PLACEMENT_3D('',#11898,#9573,#9574);
#8258=AXIS2_PLACEMENT_3D('',#11901,#9575,#9576);
#8259=AXIS2_PLACEMENT_3D('',#11909,#9581,#9582);
#8260=AXIS2_PLACEMENT_3D('',#11911,#9583,#9584);
#8261=AXIS2_PLACEMENT_3D('',#11914,#9586,#9587);
#8262=AXIS2_PLACEMENT_3D('',#11915,#9588,#9589);
#8263=AXIS2_PLACEMENT_3D('',#11917,#9591,#9592);
#8264=AXIS2_PLACEMENT_3D('',#11922,#9594,#9595);
#8265=AXIS2_PLACEMENT_3D('',#11928,#9599,#9600);
#8266=AXIS2_PLACEMENT_3D('',#11930,#9601,#9602);
#8267=AXIS2_PLACEMENT_3D('',#11933,#9604,#9605);
#8268=AXIS2_PLACEMENT_3D('',#11934,#9606,#9607);
#8269=AXIS2_PLACEMENT_3D('',#11936,#9609,#9610);
#8270=AXIS2_PLACEMENT_3D('',#11939,#9611,#9612);
#8271=AXIS2_PLACEMENT_3D('',#11947,#9617,#9618);
#8272=AXIS2_PLACEMENT_3D('',#11949,#9619,#9620);
#8273=AXIS2_PLACEMENT_3D('',#11952,#9622,#9623);
#8274=AXIS2_PLACEMENT_3D('',#11953,#9624,#9625);
#8275=AXIS2_PLACEMENT_3D('',#11955,#9627,#9628);
#8276=AXIS2_PLACEMENT_3D('',#11960,#9630,#9631);
#8277=AXIS2_PLACEMENT_3D('',#11966,#9635,#9636);
#8278=AXIS2_PLACEMENT_3D('',#11968,#9637,#9638);
#8279=AXIS2_PLACEMENT_3D('',#11975,#9639,#9640);
#8280=AXIS2_PLACEMENT_3D('',#11981,#9641,#9642);
#8281=AXIS2_PLACEMENT_3D('',#11982,#9643,#9644);
#8282=AXIS2_PLACEMENT_3D('',#11991,#9650,#9651);
#8283=AXIS2_PLACEMENT_3D('',#12002,#9655,#9656);
#8284=AXIS2_PLACEMENT_3D('',#12009,#9657,#9658);
#8285=AXIS2_PLACEMENT_3D('',#12010,#9659,#9660);
#8286=AXIS2_PLACEMENT_3D('',#12011,#9661,#9662);
#8287=AXIS2_PLACEMENT_3D('',#12023,#9669,#9670);
#8288=AXIS2_PLACEMENT_3D('',#12025,#9672,#9673);
#8289=AXIS2_PLACEMENT_3D('',#12031,#9677,#9678);
#8290=AXIS2_PLACEMENT_3D('',#12034,#9680,#9681);
#8291=AXIS2_PLACEMENT_3D('',#12035,#9682,#9683);
#8292=AXIS2_PLACEMENT_3D('',#12039,#9686,#9687);
#8293=AXIS2_PLACEMENT_3D('',#12046,#9692,#9693);
#8294=AXIS2_PLACEMENT_3D('',#12048,#9695,#9696);
#8295=AXIS2_PLACEMENT_3D('',#12050,#9698,#9699);
#8296=AXIS2_PLACEMENT_3D('',#12052,#9701,#9702);
#8297=AXIS2_PLACEMENT_3D('',#12058,#9706,#9707);
#8298=AXIS2_PLACEMENT_3D('',#12061,#9709,#9710);
#8299=AXIS2_PLACEMENT_3D('',#12062,#9711,#9712);
#8300=AXIS2_PLACEMENT_3D('',#12066,#9715,#9716);
#8301=AXIS2_PLACEMENT_3D('',#12071,#9720,#9721);
#8302=AXIS2_PLACEMENT_3D('',#12073,#9723,#9724);
#8303=AXIS2_PLACEMENT_3D('',#12075,#9726,#9727);
#8304=AXIS2_PLACEMENT_3D('',#12077,#9729,#9730);
#8305=AXIS2_PLACEMENT_3D('',#12083,#9734,#9735);
#8306=AXIS2_PLACEMENT_3D('',#12086,#9737,#9738);
#8307=AXIS2_PLACEMENT_3D('',#12087,#9739,#9740);
#8308=AXIS2_PLACEMENT_3D('',#12091,#9743,#9744);
#8309=AXIS2_PLACEMENT_3D('',#12096,#9748,#9749);
#8310=AXIS2_PLACEMENT_3D('',#12098,#9751,#9752);
#8311=AXIS2_PLACEMENT_3D('',#12100,#9754,#9755);
#8312=AXIS2_PLACEMENT_3D('',#12102,#9757,#9758);
#8313=AXIS2_PLACEMENT_3D('',#12106,#9761,#9762);
#8314=AXIS2_PLACEMENT_3D('',#12109,#9764,#9765);
#8315=AXIS2_PLACEMENT_3D('',#12110,#9766,#9767);
#8316=AXIS2_PLACEMENT_3D('',#12114,#9770,#9771);
#8317=AXIS2_PLACEMENT_3D('',#12117,#9774,#9775);
#8318=AXIS2_PLACEMENT_3D('',#12119,#9777,#9778);
#8319=AXIS2_PLACEMENT_3D('',#12121,#9780,#9781);
#8320=AXIS2_PLACEMENT_3D('',#12122,#9782,#9783);
#8321=AXIS2_PLACEMENT_3D('',#12126,#9785,#9786);
#8322=AXIS2_PLACEMENT_3D('',#12128,#9788,#9789);
#8323=AXIS2_PLACEMENT_3D('',#12132,#9792,#9793);
#8324=AXIS2_PLACEMENT_3D('',#12135,#9794,#9795);
#8325=AXIS2_PLACEMENT_3D('',#12139,#9797,#9798);
#8326=AXIS2_PLACEMENT_3D('',#12141,#9800,#9801);
#8327=AXIS2_PLACEMENT_3D('',#12147,#9805,#9806);
#8328=AXIS2_PLACEMENT_3D('',#12150,#9808,#9809);
#8329=AXIS2_PLACEMENT_3D('',#12151,#9810,#9811);
#8330=AXIS2_PLACEMENT_3D('',#12155,#9814,#9815);
#8331=AXIS2_PLACEMENT_3D('',#12158,#9816,#9817);
#8332=AXIS2_PLACEMENT_3D('',#12162,#9819,#9820);
#8333=AXIS2_PLACEMENT_3D('',#12164,#9822,#9823);
#8334=AXIS2_PLACEMENT_3D('',#12167,#9826,#9827);
#8335=AXIS2_PLACEMENT_3D('',#12170,#9828,#9829);
#8336=AXIS2_PLACEMENT_3D('',#12174,#9831,#9832);
#8337=AXIS2_PLACEMENT_3D('',#12176,#9834,#9835);
#8338=AXIS2_PLACEMENT_3D('',#12179,#9838,#9839);
#8339=AXIS2_PLACEMENT_3D('',#12182,#9841,#9842);
#8340=AXIS2_PLACEMENT_3D('',#12183,#9843,#9844);
#8341=AXIS2_PLACEMENT_3D('',#12187,#9847,#9848);
#8342=AXIS2_PLACEMENT_3D('',#12189,#9849,#9850);
#8343=AXIS2_PLACEMENT_3D('',#12191,#9851,#9852);
#8344=AXIS2_PLACEMENT_3D('',#12193,#9854,#9855);
#8345=AXIS2_PLACEMENT_3D('',#12196,#9858,#9859);
#8346=AXIS2_PLACEMENT_3D('',#12199,#9861,#9862);
#8347=AXIS2_PLACEMENT_3D('',#12200,#9863,#9864);
#8348=AXIS2_PLACEMENT_3D('',#12204,#9866,#9867);
#8349=AXIS2_PLACEMENT_3D('',#12206,#9869,#9870);
#8350=AXIS2_PLACEMENT_3D('',#12210,#9873,#9874);
#8351=AXIS2_PLACEMENT_3D('',#12213,#9875,#9876);
#8352=AXIS2_PLACEMENT_3D('',#12216,#9879,#9880);
#8353=AXIS2_PLACEMENT_3D('',#12220,#9883,#9884);
#8354=AXIS2_PLACEMENT_3D('',#12223,#9886,#9887);
#8355=AXIS2_PLACEMENT_3D('',#12224,#9888,#9889);
#8356=AXIS2_PLACEMENT_3D('',#12228,#9892,#9893);
#8357=AXIS2_PLACEMENT_3D('',#12231,#9894,#9895);
#8358=AXIS2_PLACEMENT_3D('',#12234,#9898,#9899);
#8359=AXIS2_PLACEMENT_3D('',#12236,#9901,#9902);
#8360=AXIS2_PLACEMENT_3D('',#12239,#9903,#9904);
#8361=AXIS2_PLACEMENT_3D('',#12242,#9907,#9908);
#8362=AXIS2_PLACEMENT_3D('',#12244,#9910,#9911);
#8363=AXIS2_PLACEMENT_3D('',#12247,#9913,#9914);
#8364=AXIS2_PLACEMENT_3D('',#12248,#9915,#9916);
#8365=AXIS2_PLACEMENT_3D('',#12252,#9919,#9920);
#8366=AXIS2_PLACEMENT_3D('',#12254,#9921,#9922);
#8367=AXIS2_PLACEMENT_3D('',#12256,#9924,#9925);
#8368=AXIS2_PLACEMENT_3D('',#12258,#9927,#9928);
#8369=AXIS2_PLACEMENT_3D('',#12261,#9930,#9931);
#8370=AXIS2_PLACEMENT_3D('',#12262,#9932,#9933);
#8371=AXIS2_PLACEMENT_3D('',#12264,#9935,#9936);
#8372=AXIS2_PLACEMENT_3D('',#12266,#9937,#9938);
#8373=AXIS2_PLACEMENT_3D('',#12270,#9940,#9941);
#8374=AXIS2_PLACEMENT_3D('',#12274,#9943,#9944);
#8375=AXIS2_PLACEMENT_3D('',#12277,#9946,#9947);
#8376=AXIS2_PLACEMENT_3D('',#12278,#9948,#9949);
#8377=AXIS2_PLACEMENT_3D('',#12280,#9951,#9952);
#8378=AXIS2_PLACEMENT_3D('',#12281,#9953,#9954);
#8379=AXIS2_PLACEMENT_3D('',#12283,#9956,#9957);
#8380=AXIS2_PLACEMENT_3D('',#12284,#9958,#9959);
#8381=AXIS2_PLACEMENT_3D('',#12286,#9961,#9962);
#8382=AXIS2_PLACEMENT_3D('',#12288,#9964,#9965);
#8383=AXIS2_PLACEMENT_3D('',#12289,#9966,#9967);
#8384=AXIS2_PLACEMENT_3D('',#12290,#9968,#9969);
#8385=AXIS2_PLACEMENT_3D('',#12292,#9970,#9971);
#8386=AXIS2_PLACEMENT_3D('',#12294,#9972,#9973);
#8387=AXIS2_PLACEMENT_3D('',#12296,#9974,#9975);
#8388=AXIS2_PLACEMENT_3D('',#12297,#9976,#9977);
#8389=AXIS2_PLACEMENT_3D('',#12298,#9978,#9979);
#8390=AXIS2_PLACEMENT_3D('',#12301,#9980,#9981);
#8391=AXIS2_PLACEMENT_3D('',#12304,#9984,#9985);
#8392=AXIS2_PLACEMENT_3D('',#12307,#9986,#9987);
#8393=AXIS2_PLACEMENT_3D('',#12308,#9988,#9989);
#8394=AXIS2_PLACEMENT_3D('',#12309,#9990,#9991);
#8395=AXIS2_PLACEMENT_3D('',#12310,#9992,#9993);
#8396=AXIS2_PLACEMENT_3D('',#12313,#9994,#9995);
#8397=AXIS2_PLACEMENT_3D('',#12316,#9998,#9999);
#8398=AXIS2_PLACEMENT_3D('',#12319,#10000,#10001);
#8399=AXIS2_PLACEMENT_3D('',#12320,#10002,#10003);
#8400=AXIS2_PLACEMENT_3D('',#12321,#10004,#10005);
#8401=AXIS2_PLACEMENT_3D('',#12322,#10006,#10007);
#8402=AXIS2_PLACEMENT_3D('',#12325,#10008,#10009);
#8403=AXIS2_PLACEMENT_3D('',#12328,#10012,#10013);
#8404=AXIS2_PLACEMENT_3D('',#12330,#10014,#10015);
#8405=AXIS2_PLACEMENT_3D('',#12331,#10016,#10017);
#8406=AXIS2_PLACEMENT_3D('',#12332,#10018,#10019);
#8407=AXIS2_PLACEMENT_3D('',#12333,#10020,#10021);
#8408=AXIS2_PLACEMENT_3D('',#12335,#10023,#10024);
#8409=AXIS2_PLACEMENT_3D('',#12338,#10027,#10028);
#8410=AXIS2_PLACEMENT_3D('',#12339,#10029,#10030);
#8411=AXIS2_PLACEMENT_3D('',#12341,#10032,#10033);
#8412=AXIS2_PLACEMENT_3D('',#12342,#10034,#10035);
#8413=AXIS2_PLACEMENT_3D('',#12345,#10038,#10039);
#8414=AXIS2_PLACEMENT_3D('',#12346,#10040,#10041);
#8415=AXIS2_PLACEMENT_3D('',#12348,#10043,#10044);
#8416=AXIS2_PLACEMENT_3D('',#12349,#10045,#10046);
#8417=AXIS2_PLACEMENT_3D('',#12358,#10051,#10052);
#8418=AXIS2_PLACEMENT_3D('',#12364,#10056,#10057);
#8419=AXIS2_PLACEMENT_3D('',#12370,#10061,#10062);
#8420=AXIS2_PLACEMENT_3D('',#12373,#10065,#10066);
#8421=AXIS2_PLACEMENT_3D('',#12374,#10067,#10068);
#8422=AXIS2_PLACEMENT_3D('',#12390,#10069,#10070);
#8423=AXIS2_PLACEMENT_3D('',#12404,#10071,#10072);
#8424=AXIS2_PLACEMENT_3D('',#12405,#10073,#10074);
#8425=AXIS2_PLACEMENT_3D('',#12409,#10076,#10077);
#8426=AXIS2_PLACEMENT_3D('',#12411,#10079,#10080);
#8427=AXIS2_PLACEMENT_3D('',#12430,#10084,#10085);
#8428=AXIS2_PLACEMENT_3D('',#12432,#10086,#10087);
#8429=AXIS2_PLACEMENT_3D('',#12445,#10088,#10089);
#8430=AXIS2_PLACEMENT_3D('',#12457,#10096,#10097);
#8431=AXIS2_PLACEMENT_3D('',#12461,#10100,#10101);
#8432=AXIS2_PLACEMENT_3D('',#12465,#10103,#10104);
#8433=AXIS2_PLACEMENT_3D('',#12469,#10106,#10107);
#8434=AXIS2_PLACEMENT_3D('',#12473,#10109,#10110);
#8435=AXIS2_PLACEMENT_3D('',#12477,#10112,#10113);
#8436=AXIS2_PLACEMENT_3D('',#12480,#10115,#10116);
#8437=AXIS2_PLACEMENT_3D('',#12482,#10117,#10118);
#8438=AXIS2_PLACEMENT_3D('',#12486,#10120,#10121);
#8439=AXIS2_PLACEMENT_3D('',#12488,#10122,#10123);
#8440=AXIS2_PLACEMENT_3D('',#12490,#10124,#10125);
#8441=AXIS2_PLACEMENT_3D('',#12492,#10126,#10127);
#8442=AXIS2_PLACEMENT_3D('',#12500,#10131,#10132);
#8443=AXIS2_PLACEMENT_3D('',#12502,#10133,#10134);
#8444=AXIS2_PLACEMENT_3D('',#12504,#10135,#10136);
#8445=AXIS2_PLACEMENT_3D('',#12506,#10137,#10138);
#8446=AXIS2_PLACEMENT_3D('',#12510,#10140,#10141);
#8447=AXIS2_PLACEMENT_3D('',#12512,#10142,#10143);
#8448=AXIS2_PLACEMENT_3D('',#12516,#10145,#10146);
#8449=AXIS2_PLACEMENT_3D('',#12518,#10147,#10148);
#8450=AXIS2_PLACEMENT_3D('',#12520,#10149,#10150);
#8451=AXIS2_PLACEMENT_3D('',#12524,#10152,#10153);
#8452=AXIS2_PLACEMENT_3D('',#12526,#10154,#10155);
#8453=AXIS2_PLACEMENT_3D('',#12527,#10156,#10157);
#8454=AXIS2_PLACEMENT_3D('',#12529,#10158,#10159);
#8455=AXIS2_PLACEMENT_3D('',#12531,#10160,#10161);
#8456=AXIS2_PLACEMENT_3D('',#12532,#10162,#10163);
#8457=AXIS2_PLACEMENT_3D('',#12535,#10164,#10165);
#8458=AXIS2_PLACEMENT_3D('',#12537,#10166,#10167);
#8459=AXIS2_PLACEMENT_3D('',#12539,#10168,#10169);
#8460=AXIS2_PLACEMENT_3D('',#12540,#10170,#10171);
#8461=AXIS2_PLACEMENT_3D('',#12541,#10172,#10173);
#8462=AXIS2_PLACEMENT_3D('',#12544,#10174,#10175);
#8463=AXIS2_PLACEMENT_3D('',#12547,#10178,#10179);
#8464=AXIS2_PLACEMENT_3D('',#12550,#10180,#10181);
#8465=AXIS2_PLACEMENT_3D('',#12551,#10182,#10183);
#8466=AXIS2_PLACEMENT_3D('',#12552,#10184,#10185);
#8467=AXIS2_PLACEMENT_3D('',#12553,#10186,#10187);
#8468=AXIS2_PLACEMENT_3D('',#12556,#10188,#10189);
#8469=AXIS2_PLACEMENT_3D('',#12559,#10192,#10193);
#8470=AXIS2_PLACEMENT_3D('',#12562,#10194,#10195);
#8471=AXIS2_PLACEMENT_3D('',#12563,#10196,#10197);
#8472=AXIS2_PLACEMENT_3D('',#12564,#10198,#10199);
#8473=AXIS2_PLACEMENT_3D('',#12565,#10200,#10201);
#8474=AXIS2_PLACEMENT_3D('',#12568,#10202,#10203);
#8475=AXIS2_PLACEMENT_3D('',#12571,#10206,#10207);
#8476=AXIS2_PLACEMENT_3D('',#12574,#10208,#10209);
#8477=AXIS2_PLACEMENT_3D('',#12575,#10210,#10211);
#8478=AXIS2_PLACEMENT_3D('',#12576,#10212,#10213);
#8479=AXIS2_PLACEMENT_3D('',#12577,#10214,#10215);
#8480=AXIS2_PLACEMENT_3D('',#12580,#10218,#10219);
#8481=AXIS2_PLACEMENT_3D('',#12583,#10222,#10223);
#8482=AXIS2_PLACEMENT_3D('',#12585,#10225,#10226);
#8483=AXIS2_PLACEMENT_3D('',#12587,#10228,#10229);
#8484=AXIS2_PLACEMENT_3D('',#12589,#10231,#10232);
#8485=AXIS2_PLACEMENT_3D('',#12591,#10233,#10234);
#8486=AXIS2_PLACEMENT_3D('',#12593,#10235,#10236);
#8487=AXIS2_PLACEMENT_3D('',#12595,#10237,#10238);
#8488=AXIS2_PLACEMENT_3D('',#12597,#10239,#10240);
#8489=AXIS2_PLACEMENT_3D('',#12598,#10241,#10242);
#8490=AXIS2_PLACEMENT_3D('',#12601,#10245,#10246);
#8491=AXIS2_PLACEMENT_3D('',#12603,#10248,#10249);
#8492=AXIS2_PLACEMENT_3D('',#12604,#10250,#10251);
#8493=AXIS2_PLACEMENT_3D('',#12616,#10255,#10256);
#8494=AXIS2_PLACEMENT_3D('',#12618,#10257,#10258);
#8495=AXIS2_PLACEMENT_3D('',#12630,#10259,#10260);
#8496=AXIS2_PLACEMENT_3D('',#12631,#10261,#10262);
#8497=AXIS2_PLACEMENT_3D('',#12637,#10266,#10267);
#8498=AXIS2_PLACEMENT_3D('',#12643,#10271,#10272);
#8499=AXIS2_PLACEMENT_3D('',#12646,#10273,#10274);
#8500=AXIS2_PLACEMENT_3D('',#12650,#10276,#10277);
#8501=AXIS2_PLACEMENT_3D('',#12655,#10278,#10279);
#8502=AXIS2_PLACEMENT_3D('',#12658,#10282,#10283);
#8503=AXIS2_PLACEMENT_3D('',#12660,#10284,#10285);
#8504=AXIS2_PLACEMENT_3D('',#12663,#10287,#10288);
#8505=AXIS2_PLACEMENT_3D('',#12664,#10289,#10290);
#8506=AXIS2_PLACEMENT_3D('',#12667,#10292,#10293);
#8507=AXIS2_PLACEMENT_3D('',#12668,#10294,#10295);
#8508=AXIS2_PLACEMENT_3D('',#12669,#10296,#10297);
#8509=AXIS2_PLACEMENT_3D('',#12673,#10300,#10301);
#8510=AXIS2_PLACEMENT_3D('',#12677,#10303,#10304);
#8511=AXIS2_PLACEMENT_3D('',#12678,#10305,#10306);
#8512=AXIS2_PLACEMENT_3D('',#12679,#10307,#10308);
#8513=AXIS2_PLACEMENT_3D('',#12681,#10309,#10310);
#8514=AXIS2_PLACEMENT_3D('',#12684,#10312,#10313);
#8515=AXIS2_PLACEMENT_3D('',#12685,#10314,#10315);
#8516=AXIS2_PLACEMENT_3D('',#12689,#10317,#10318);
#8517=AXIS2_PLACEMENT_3D('',#12690,#10319,#10320);
#8518=AXIS2_PLACEMENT_3D('',#12691,#10321,#10322);
#8519=AXIS2_PLACEMENT_3D('',#12697,#10326,#10327);
#8520=AXIS2_PLACEMENT_3D('',#12701,#10329,#10330);
#8521=AXIS2_PLACEMENT_3D('',#12702,#10331,#10332);
#8522=AXIS2_PLACEMENT_3D('',#12703,#10333,#10334);
#8523=AXIS2_PLACEMENT_3D('',#12705,#10335,#10336);
#8524=AXIS2_PLACEMENT_3D('',#12708,#10338,#10339);
#8525=AXIS2_PLACEMENT_3D('',#12709,#10340,#10341);
#8526=AXIS2_PLACEMENT_3D('',#12713,#10343,#10344);
#8527=AXIS2_PLACEMENT_3D('',#12714,#10345,#10346);
#8528=AXIS2_PLACEMENT_3D('',#12715,#10347,#10348);
#8529=AXIS2_PLACEMENT_3D('',#12721,#10352,#10353);
#8530=AXIS2_PLACEMENT_3D('',#12725,#10355,#10356);
#8531=AXIS2_PLACEMENT_3D('',#12726,#10357,#10358);
#8532=AXIS2_PLACEMENT_3D('',#12727,#10359,#10360);
#8533=AXIS2_PLACEMENT_3D('',#12729,#10361,#10362);
#8534=AXIS2_PLACEMENT_3D('',#12732,#10364,#10365);
#8535=AXIS2_PLACEMENT_3D('',#12733,#10366,#10367);
#8536=AXIS2_PLACEMENT_3D('',#12736,#10370,#10371);
#8537=AXIS2_PLACEMENT_3D('',#12738,#10373,#10374);
#8538=AXIS2_PLACEMENT_3D('',#12740,#10376,#10377);
#8539=AXIS2_PLACEMENT_3D('',#12742,#10379,#10380);
#8540=AXIS2_PLACEMENT_3D('',#12752,#10384,#10385);
#8541=AXIS2_PLACEMENT_3D('',#12755,#10387,#10388);
#8542=AXIS2_PLACEMENT_3D('',#12756,#10389,#10390);
#8543=AXIS2_PLACEMENT_3D('',#12760,#10393,#10394);
#8544=AXIS2_PLACEMENT_3D('',#12773,#10402,#10403);
#8545=AXIS2_PLACEMENT_3D('',#12777,#10406,#10407);
#8546=AXIS2_PLACEMENT_3D('',#12780,#10409,#10410);
#8547=AXIS2_PLACEMENT_3D('',#12781,#10411,#10412);
#8548=AXIS2_PLACEMENT_3D('',#12783,#10413,#10414);
#8549=AXIS2_PLACEMENT_3D('',#12784,#10415,#10416);
#8550=AXIS2_PLACEMENT_3D('',#12786,#10417,#10418);
#8551=AXIS2_PLACEMENT_3D('',#12789,#10420,#10421);
#8552=AXIS2_PLACEMENT_3D('',#12790,#10422,#10423);
#8553=AXIS2_PLACEMENT_3D('',#12792,#10425,#10426);
#8554=AXIS2_PLACEMENT_3D('',#12793,#10427,#10428);
#8555=AXIS2_PLACEMENT_3D('',#12805,#10429,#10430);
#8556=AXIS2_PLACEMENT_3D('',#12806,#10431,#10432);
#8557=AXIS2_PLACEMENT_3D('',#12808,#10434,#10435);
#8558=AXIS2_PLACEMENT_3D('',#12812,#10437,#10438);
#8559=AXIS2_PLACEMENT_3D('',#12814,#10439,#10440);
#8560=AXIS2_PLACEMENT_3D('',#12815,#10441,#10442);
#8561=AXIS2_PLACEMENT_3D('',#12816,#10443,#10444);
#8562=AXIS2_PLACEMENT_3D('',#12820,#10447,#10448);
#8563=AXIS2_PLACEMENT_3D('',#12825,#10449,#10450);
#8564=AXIS2_PLACEMENT_3D('',#12826,#10451,#10452);
#8565=AXIS2_PLACEMENT_3D('',#12830,#10454,#10455);
#8566=AXIS2_PLACEMENT_3D('',#12832,#10457,#10458);
#8567=AXIS2_PLACEMENT_3D('',#12835,#10461,#10462);
#8568=AXIS2_PLACEMENT_3D('',#12838,#10463,#10464);
#8569=AXIS2_PLACEMENT_3D('',#12839,#10465,#10466);
#8570=AXIS2_PLACEMENT_3D('',#12843,#10469,#10470);
#8571=AXIS2_PLACEMENT_3D('',#12844,#10471,#10472);
#8572=AXIS2_PLACEMENT_3D('',#12847,#10474,#10475);
#8573=AXIS2_PLACEMENT_3D('',#12848,#10476,#10477);
#8574=AXIS2_PLACEMENT_3D('',#12850,#10479,#10480);
#8575=AXIS2_PLACEMENT_3D('',#12853,#10483,#10484);
#8576=AXIS2_PLACEMENT_3D('',#12855,#10485,#10486);
#8577=AXIS2_PLACEMENT_3D('',#12858,#10489,#10490);
#8578=AXIS2_PLACEMENT_3D('',#12859,#10491,#10492);
#8579=AXIS2_PLACEMENT_3D('',#12861,#10494,#10495);
#8580=AXIS2_PLACEMENT_3D('',#12863,#10497,#10498);
#8581=AXIS2_PLACEMENT_3D('',#12865,#10500,#10501);
#8582=AXIS2_PLACEMENT_3D('',#12867,#10503,#10504);
#8583=AXIS2_PLACEMENT_3D('',#12870,#10507,#10508);
#8584=AXIS2_PLACEMENT_3D('',#12873,#10511,#10512);
#8585=AXIS2_PLACEMENT_3D('',#12874,#10513,#10514);
#8586=AXIS2_PLACEMENT_3D('',#12875,#10515,#10516);
#8587=AXIS2_PLACEMENT_3D('',#12877,#10517,#10518);
#8588=AXIS2_PLACEMENT_3D('',#12880,#10520,#10521);
#8589=AXIS2_PLACEMENT_3D('',#12881,#10522,#10523);
#8590=AXIS2_PLACEMENT_3D('',#12883,#10525,#10526);
#8591=AXIS2_PLACEMENT_3D('',#12885,#10527,#10528);
#8592=AXIS2_PLACEMENT_3D('',#12888,#10530,#10531);
#8593=AXIS2_PLACEMENT_3D('',#12889,#10532,#10533);
#8594=AXIS2_PLACEMENT_3D('',#12891,#10535,#10536);
#8595=AXIS2_PLACEMENT_3D('',#12895,#10538,#10539);
#8596=AXIS2_PLACEMENT_3D('',#12896,#10540,#10541);
#8597=AXIS2_PLACEMENT_3D('',#12897,#10542,#10543);
#8598=AXIS2_PLACEMENT_3D('',#12899,#10545,#10546);
#8599=AXIS2_PLACEMENT_3D('',#12902,#10548,#10549);
#8600=AXIS2_PLACEMENT_3D('',#12903,#10550,#10551);
#8601=AXIS2_PLACEMENT_3D('',#12905,#10553,#10554);
#8602=AXIS2_PLACEMENT_3D('',#12906,#10555,#10556);
#8603=AXIS2_PLACEMENT_3D('',#12908,#10558,#10559);
#8604=AXIS2_PLACEMENT_3D('',#12909,#10560,#10561);
#8605=AXIS2_PLACEMENT_3D('',#12910,#10562,#10563);
#8606=AXIS2_PLACEMENT_3D('',#12912,#10565,#10566);
#8607=AXIS2_PLACEMENT_3D('',#12913,#10567,#10568);
#8608=AXIS2_PLACEMENT_3D('',#12916,#10569,#10570);
#8609=AXIS2_PLACEMENT_3D('',#12923,#10571,#10572);
#8610=AXIS2_PLACEMENT_3D('',#12928,#10573,#10574);
#8611=AXIS2_PLACEMENT_3D('',#12931,#10575,#10576);
#8612=AXIS2_PLACEMENT_3D('',#12938,#10577,#10578);
#8613=AXIS2_PLACEMENT_3D('',#12943,#10579,#10580);
#8614=AXIS2_PLACEMENT_3D('',#12946,#10581,#10582);
#8615=AXIS2_PLACEMENT_3D('',#12953,#10583,#10584);
#8616=AXIS2_PLACEMENT_3D('',#12958,#10585,#10586);
#8617=AXIS2_PLACEMENT_3D('',#12961,#10587,#10588);
#8618=AXIS2_PLACEMENT_3D('',#12968,#10589,#10590);
#8619=AXIS2_PLACEMENT_3D('',#12973,#10591,#10592);
#8620=AXIS2_PLACEMENT_3D('',#12979,#10596,#10597);
#8621=AXIS2_PLACEMENT_3D('',#12981,#10598,#10599);
#8622=AXIS2_PLACEMENT_3D('',#12984,#10601,#10602);
#8623=AXIS2_PLACEMENT_3D('',#12985,#10603,#10604);
#8624=AXIS2_PLACEMENT_3D('',#12991,#10608,#10609);
#8625=AXIS2_PLACEMENT_3D('',#12993,#10610,#10611);
#8626=AXIS2_PLACEMENT_3D('',#12996,#10613,#10614);
#8627=AXIS2_PLACEMENT_3D('',#12997,#10615,#10616);
#8628=AXIS2_PLACEMENT_3D('',#13000,#10619,#10620);
#8629=AXIS2_PLACEMENT_3D('',#13006,#10624,#10625);
#8630=AXIS2_PLACEMENT_3D('',#13008,#10626,#10627);
#8631=AXIS2_PLACEMENT_3D('',#13011,#10629,#10630);
#8632=AXIS2_PLACEMENT_3D('',#13012,#10631,#10632);
#8633=AXIS2_PLACEMENT_3D('',#13018,#10636,#10637);
#8634=AXIS2_PLACEMENT_3D('',#13020,#10638,#10639);
#8635=AXIS2_PLACEMENT_3D('',#13023,#10641,#10642);
#8636=AXIS2_PLACEMENT_3D('',#13024,#10643,#10644);
#8637=AXIS2_PLACEMENT_3D('',#13027,#10647,#10648);
#8638=AXIS2_PLACEMENT_3D('',#13033,#10652,#10653);
#8639=AXIS2_PLACEMENT_3D('',#13035,#10654,#10655);
#8640=AXIS2_PLACEMENT_3D('',#13038,#10657,#10658);
#8641=AXIS2_PLACEMENT_3D('',#13039,#10659,#10660);
#8642=AXIS2_PLACEMENT_3D('',#13045,#10664,#10665);
#8643=AXIS2_PLACEMENT_3D('',#13047,#10666,#10667);
#8644=AXIS2_PLACEMENT_3D('',#13050,#10669,#10670);
#8645=AXIS2_PLACEMENT_3D('',#13051,#10671,#10672);
#8646=AXIS2_PLACEMENT_3D('',#13054,#10675,#10676);
#8647=AXIS2_PLACEMENT_3D('',#13060,#10680,#10681);
#8648=AXIS2_PLACEMENT_3D('',#13062,#10682,#10683);
#8649=AXIS2_PLACEMENT_3D('',#13065,#10685,#10686);
#8650=AXIS2_PLACEMENT_3D('',#13066,#10687,#10688);
#8651=AXIS2_PLACEMENT_3D('',#13072,#10692,#10693);
#8652=AXIS2_PLACEMENT_3D('',#13074,#10694,#10695);
#8653=AXIS2_PLACEMENT_3D('',#13077,#10697,#10698);
#8654=AXIS2_PLACEMENT_3D('',#13078,#10699,#10700);
#8655=AXIS2_PLACEMENT_3D('',#13081,#10703,#10704);
#8656=AXIS2_PLACEMENT_3D('',#13094,#10709,#10710);
#8657=AXIS2_PLACEMENT_3D('',#13102,#10712,#10713);
#8658=AXIS2_PLACEMENT_3D('',#13109,#10715,#10716);
#8659=AXIS2_PLACEMENT_3D('',#13119,#10718,#10719);
#8660=AXIS2_PLACEMENT_3D('',#13130,#10723,#10724);
#8661=AXIS2_PLACEMENT_3D('',#13133,#10726,#10727);
#8662=AXIS2_PLACEMENT_3D('',#13134,#10728,#10729);
#8663=AXIS2_PLACEMENT_3D('',#13145,#10733,#10734);
#8664=AXIS2_PLACEMENT_3D('',#13155,#10736,#10737);
#8665=AXIS2_PLACEMENT_3D('',#13162,#10739,#10740);
#8666=AXIS2_PLACEMENT_3D('',#13172,#10742,#10743);
#8667=AXIS2_PLACEMENT_3D('',#13183,#10747,#10748);
#8668=AXIS2_PLACEMENT_3D('',#13186,#10750,#10751);
#8669=AXIS2_PLACEMENT_3D('',#13187,#10752,#10753);
#8670=AXIS2_PLACEMENT_3D('',#13209,#10754,#10755);
#8671=AXIS2_PLACEMENT_3D('',#13215,#10756,#10757);
#8672=AXIS2_PLACEMENT_3D('',#13242,#10758,#10759);
#8673=AXIS2_PLACEMENT_3D('',#13269,#10760,#10761);
#8674=AXIS2_PLACEMENT_3D('',#13300,#10762,#10763);
#8675=AXIS2_PLACEMENT_3D('',#13362,#10764,#10765);
#8676=AXIS2_PLACEMENT_3D('',#13398,#10766,#10767);
#8677=AXIS2_PLACEMENT_3D('',#13430,#10768,#10769);
#8678=AXIS2_PLACEMENT_3D('',#13461,#10770,#10771);
#8679=AXIS2_PLACEMENT_3D('',#13523,#10772,#10773);
#8680=AXIS2_PLACEMENT_3D('',#13554,#10774,#10775);
#8681=AXIS2_PLACEMENT_3D('',#13618,#10776,#10777);
#8682=AXIS2_PLACEMENT_3D('',#13655,#10778,#10779);
#8683=AXIS2_PLACEMENT_3D('',#13688,#10780,#10781);
#8684=AXIS2_PLACEMENT_3D('',#13724,#10782,#10783);
#8685=AXIS2_PLACEMENT_3D('',#13794,#10784,#10785);
#8686=AXIS2_PLACEMENT_3D('',#13830,#10786,#10787);
#8687=AXIS2_PLACEMENT_3D('',#13863,#10788,#10789);
#8688=AXIS2_PLACEMENT_3D('',#13904,#10790,#10791);
#8689=AXIS2_PLACEMENT_3D('',#13937,#10792,#10793);
#8690=AXIS2_PLACEMENT_3D('',#13973,#10794,#10795);
#8691=AXIS2_PLACEMENT_3D('',#14006,#10796,#10797);
#8692=AXIS2_PLACEMENT_3D('',#14042,#10798,#10799);
#8693=AXIS2_PLACEMENT_3D('',#14075,#10800,#10801);
#8694=AXIS2_PLACEMENT_3D('',#14124,#10802,#10803);
#8695=AXIS2_PLACEMENT_3D('',#14126,#10804,#10805);
#8696=AXIS2_PLACEMENT_3D('',#14128,#10807,#10808);
#8697=AXIS2_PLACEMENT_3D('',#14129,#10809,#10810);
#8698=AXIS2_PLACEMENT_3D('',#14158,#10811,#10812);
#8699=AXIS2_PLACEMENT_3D('',#14162,#10813,#10814);
#8700=AXIS2_PLACEMENT_3D('',#14163,#10815,#10816);
#8701=AXIS2_PLACEMENT_3D('',#14166,#10819,#10820);
#8702=AXIS2_PLACEMENT_3D('',#14168,#10822,#10823);
#8703=AXIS2_PLACEMENT_3D('',#14170,#10825,#10826);
#8704=AXIS2_PLACEMENT_3D('',#14176,#10830,#10831);
#8705=AXIS2_PLACEMENT_3D('',#14178,#10832,#10833);
#8706=AXIS2_PLACEMENT_3D('',#14180,#10835,#10836);
#8707=AXIS2_PLACEMENT_3D('',#14183,#10839,#10840);
#8708=AXIS2_PLACEMENT_3D('',#14185,#10842,#10843);
#8709=AXIS2_PLACEMENT_3D('',#14187,#10845,#10846);
#8710=AXIS2_PLACEMENT_3D('',#14193,#10850,#10851);
#8711=AXIS2_PLACEMENT_3D('',#14194,#10852,#10853);
#8712=AXIS2_PLACEMENT_3D('',#14195,#10854,#10855);
#8713=AXIS2_PLACEMENT_3D('',#14196,#10856,#10857);
#8714=AXIS2_PLACEMENT_3D('',#14197,#10858,#10859);
#8715=AXIS2_PLACEMENT_3D('',#14198,#10860,#10861);
#8716=AXIS2_PLACEMENT_3D('',#14202,#10864,#10865);
#8717=AXIS2_PLACEMENT_3D('',#14204,#10867,#10868);
#8718=AXIS2_PLACEMENT_3D('',#14205,#10869,#10870);
#8719=AXIS2_PLACEMENT_3D('',#14206,#10871,#10872);
#8720=AXIS2_PLACEMENT_3D('',#14207,#10873,#10874);
#8721=AXIS2_PLACEMENT_3D('',#14208,#10875,#10876);
#8722=AXIS2_PLACEMENT_3D('',#14209,#10877,#10878);
#8723=AXIS2_PLACEMENT_3D('',#14211,#10879,#10880);
#8724=AXIS2_PLACEMENT_3D('',#14214,#10882,#10883);
#8725=AXIS2_PLACEMENT_3D('',#14215,#10884,#10885);
#8726=AXIS2_PLACEMENT_3D('',#14218,#10887,#10888);
#8727=AXIS2_PLACEMENT_3D('',#14219,#10889,#10890);
#8728=AXIS2_PLACEMENT_3D('',#14221,#10891,#10892);
#8729=AXIS2_PLACEMENT_3D('',#14222,#10893,#10894);
#8730=AXIS2_PLACEMENT_3D('',#14225,#10896,#10897);
#8731=AXIS2_PLACEMENT_3D('',#14226,#10898,#10899);
#8732=AXIS2_PLACEMENT_3D('',#14227,#10900,#10901);
#8733=AXIS2_PLACEMENT_3D('',#14229,#10902,#10903);
#8734=AXIS2_PLACEMENT_3D('',#14231,#10904,#10905);
#8735=AXIS2_PLACEMENT_3D('',#14232,#10906,#10907);
#8736=AXIS2_PLACEMENT_3D('',#14233,#10908,#10909);
#8737=AXIS2_PLACEMENT_3D('',#14235,#10911,#10912);
#8738=AXIS2_PLACEMENT_3D('',#14236,#10913,#10914);
#8739=AXIS2_PLACEMENT_3D('',#14238,#10915,#10916);
#8740=AXIS2_PLACEMENT_3D('',#14241,#10918,#10919);
#8741=AXIS2_PLACEMENT_3D('',#14242,#10920,#10921);
#8742=AXIS2_PLACEMENT_3D('',#14244,#10922,#10923);
#8743=AXIS2_PLACEMENT_3D('',#14246,#10925,#10926);
#8744=AXIS2_PLACEMENT_3D('',#14247,#10927,#10928);
#8745=AXIS2_PLACEMENT_3D('',#14249,#10929,#10930);
#8746=AXIS2_PLACEMENT_3D('',#14251,#10932,#10933);
#8747=AXIS2_PLACEMENT_3D('',#14253,#10934,#10935);
#8748=AXIS2_PLACEMENT_3D('',#14254,#10936,#10937);
#8749=AXIS2_PLACEMENT_3D('',#14256,#10938,#10939);
#8750=AXIS2_PLACEMENT_3D('',#14258,#10940,#10941);
#8751=AXIS2_PLACEMENT_3D('',#14259,#10942,#10943);
#8752=AXIS2_PLACEMENT_3D('',#14260,#10944,#10945);
#8753=AXIS2_PLACEMENT_3D('',#14262,#10947,#10948);
#8754=AXIS2_PLACEMENT_3D('',#14263,#10949,#10950);
#8755=AXIS2_PLACEMENT_3D('',#14272,#10955,#10956);
#8756=AXIS2_PLACEMENT_3D('',#14278,#10960,#10961);
#8757=AXIS2_PLACEMENT_3D('',#14284,#10965,#10966);
#8758=AXIS2_PLACEMENT_3D('',#14287,#10969,#10970);
#8759=AXIS2_PLACEMENT_3D('',#14293,#10974,#10975);
#8760=AXIS2_PLACEMENT_3D('',#14297,#10978,#10979);
#8761=AXIS2_PLACEMENT_3D('',#14298,#10980,#10981);
#8762=AXIS2_PLACEMENT_3D('',#14306,#10986,#10987);
#8763=AXIS2_PLACEMENT_3D('',#14311,#10991,#10992);
#8764=AXIS2_PLACEMENT_3D('',#14315,#10995,#10996);
#8765=AXIS2_PLACEMENT_3D('',#14317,#10998,#10999);
#8766=AXIS2_PLACEMENT_3D('',#14319,#11001,#11002);
#8767=AXIS2_PLACEMENT_3D('',#14322,#11003,#11004);
#8768=AXIS2_PLACEMENT_3D('',#14326,#11006,#11007);
#8769=AXIS2_PLACEMENT_3D('',#14345,#11009,#11010);
#8770=AXIS2_PLACEMENT_3D('',#14347,#11011,#11012);
#8771=AXIS2_PLACEMENT_3D('',#14349,#11013,#11014);
#8772=AXIS2_PLACEMENT_3D('',#14350,#11015,#11016);
#8773=AXIS2_PLACEMENT_3D('',#14351,#11017,#11018);
#8774=AXIS2_PLACEMENT_3D('',#14354,#11019,#11020);
#8775=AXIS2_PLACEMENT_3D('',#14374,#11023,#11024);
#8776=AXIS2_PLACEMENT_3D('',#14375,#11025,#11026);
#8777=AXIS2_PLACEMENT_3D('',#14376,#11027,#11028);
#8778=AXIS2_PLACEMENT_3D('',#14377,#11029,#11030);
#8779=AXIS2_PLACEMENT_3D('',#14380,#11033,#11034);
#8780=AXIS2_PLACEMENT_3D('',#14383,#11037,#11038);
#8781=AXIS2_PLACEMENT_3D('',#14385,#11040,#11041);
#8782=AXIS2_PLACEMENT_3D('',#14386,#11042,#11043);
#8783=AXIS2_PLACEMENT_3D('',#14388,#11045,#11046);
#8784=AXIS2_PLACEMENT_3D('',#14389,#11047,#11048);
#8785=AXIS2_PLACEMENT_3D('',#14390,#11049,#11050);
#8786=AXIS2_PLACEMENT_3D('',#14399,#11055,#11056);
#8787=AXIS2_PLACEMENT_3D('',#14405,#11060,#11061);
#8788=AXIS2_PLACEMENT_3D('',#14411,#11065,#11066);
#8789=AXIS2_PLACEMENT_3D('',#14414,#11069,#11070);
#8790=AXIS2_PLACEMENT_3D('',#14420,#11074,#11075);
#8791=AXIS2_PLACEMENT_3D('',#14424,#11078,#11079);
#8792=AXIS2_PLACEMENT_3D('',#14425,#11080,#11081);
#8793=AXIS2_PLACEMENT_3D('',#14433,#11086,#11087);
#8794=AXIS2_PLACEMENT_3D('',#14438,#11091,#11092);
#8795=AXIS2_PLACEMENT_3D('',#14442,#11095,#11096);
#8796=AXIS2_PLACEMENT_3D('',#14444,#11098,#11099);
#8797=AXIS2_PLACEMENT_3D('',#14446,#11101,#11102);
#8798=AXIS2_PLACEMENT_3D('',#14451,#11104,#11105);
#8799=AXIS2_PLACEMENT_3D('',#14454,#11107,#11108);
#8800=AXIS2_PLACEMENT_3D('',#14455,#11109,#11110);
#8801=AXIS2_PLACEMENT_3D('',#14458,#11111,#11112);
#8802=AXIS2_PLACEMENT_3D('',#14462,#11114,#11115);
#8803=AXIS2_PLACEMENT_3D('',#14481,#11117,#11118);
#8804=AXIS2_PLACEMENT_3D('',#14482,#11119,#11120);
#8805=AXIS2_PLACEMENT_3D('',#14483,#11121,#11122);
#8806=AXIS2_PLACEMENT_3D('',#14484,#11123,#11124);
#8807=AXIS2_PLACEMENT_3D('',#14487,#11125,#11126);
#8808=AXIS2_PLACEMENT_3D('',#14505,#11129,#11130);
#8809=AXIS2_PLACEMENT_3D('',#14506,#11131,#11132);
#8810=AXIS2_PLACEMENT_3D('',#14507,#11133,#11134);
#8811=AXIS2_PLACEMENT_3D('',#14510,#11137,#11138);
#8812=AXIS2_PLACEMENT_3D('',#14512,#11140,#11141);
#8813=AXIS2_PLACEMENT_3D('',#14513,#11142,#11143);
#8814=AXIS2_PLACEMENT_3D('',#14515,#11145,#11146);
#8815=AXIS2_PLACEMENT_3D('',#14516,#11147,#11148);
#8816=DIRECTION('axis',(0.,0.,1.));
#8817=DIRECTION('refdir',(1.,0.,0.));
#8818=DIRECTION('center_axis',(0.,0.,1.));
#8819=DIRECTION('ref_axis',(1.,0.,0.));
#8820=DIRECTION('center_axis',(0.,0.,1.));
#8821=DIRECTION('ref_axis',(1.,0.,0.));
#8822=DIRECTION('center_axis',(0.,0.,1.));
#8823=DIRECTION('ref_axis',(1.,0.,0.));
#8824=DIRECTION('center_axis',(0.,0.,1.));
#8825=DIRECTION('ref_axis',(1.,0.,0.));
#8826=DIRECTION('center_axis',(0.,0.,1.));
#8827=DIRECTION('ref_axis',(1.,0.,0.));
#8828=DIRECTION('center_axis',(0.,0.,1.));
#8829=DIRECTION('ref_axis',(1.,0.,0.));
#8830=DIRECTION('center_axis',(0.,0.,1.));
#8831=DIRECTION('ref_axis',(1.,0.,0.));
#8832=DIRECTION('center_axis',(0.,0.,1.));
#8833=DIRECTION('ref_axis',(1.,0.,0.));
#8834=DIRECTION('center_axis',(0.,1.,0.));
#8835=DIRECTION('ref_axis',(1.,0.,0.));
#8836=DIRECTION('',(-1.,0.,0.));
#8837=DIRECTION('',(0.,0.,-1.));
#8838=DIRECTION('',(1.,0.,0.));
#8839=DIRECTION('',(0.,0.,-1.));
#8840=DIRECTION('center_axis',(-1.,0.,0.));
#8841=DIRECTION('ref_axis',(0.,1.,0.));
#8842=DIRECTION('',(0.,-1.,0.));
#8843=DIRECTION('',(0.,1.,0.));
#8844=DIRECTION('',(0.,0.,-1.));
#8845=DIRECTION('center_axis',(0.,-1.,0.));
#8846=DIRECTION('ref_axis',(-1.,0.,0.));
#8847=DIRECTION('',(1.,0.,0.));
#8848=DIRECTION('',(-1.,0.,0.));
#8849=DIRECTION('',(0.,0.,-1.));
#8850=DIRECTION('center_axis',(1.,0.,0.));
#8851=DIRECTION('ref_axis',(0.,-1.,0.));
#8852=DIRECTION('',(0.,1.,0.));
#8853=DIRECTION('',(0.,-1.,0.));
#8854=DIRECTION('',(0.,0.,-1.));
#8855=DIRECTION('center_axis',(0.,1.,0.));
#8856=DIRECTION('ref_axis',(1.,0.,0.));
#8857=DIRECTION('',(-1.,0.,0.));
#8858=DIRECTION('',(1.,0.,0.));
#8859=DIRECTION('',(0.,0.,-1.));
#8860=DIRECTION('center_axis',(-1.,0.,0.));
#8861=DIRECTION('ref_axis',(0.,1.,0.));
#8862=DIRECTION('',(0.,-1.,0.));
#8863=DIRECTION('',(0.,1.,0.));
#8864=DIRECTION('',(0.,0.,-1.));
#8865=DIRECTION('center_axis',(0.,1.,0.));
#8866=DIRECTION('ref_axis',(1.,0.,0.));
#8867=DIRECTION('',(-1.,0.,0.));
#8868=DIRECTION('',(1.,0.,0.));
#8869=DIRECTION('',(0.,0.,-1.));
#8870=DIRECTION('center_axis',(1.,0.,0.));
#8871=DIRECTION('ref_axis',(0.,-1.,0.));
#8872=DIRECTION('',(0.,1.,0.));
#8873=DIRECTION('',(0.,-1.,0.));
#8874=DIRECTION('center_axis',(0.,0.,-1.));
#8875=DIRECTION('ref_axis',(-1.,0.,0.));
#8876=DIRECTION('center_axis',(0.,0.,-1.));
#8877=DIRECTION('ref_axis',(0.707106781186548,0.707106781186548,0.));
#8878=DIRECTION('',(-0.707106781186555,0.,0.70710678118654));
#8879=DIRECTION('center_axis',(0.,0.,1.));
#8880=DIRECTION('ref_axis',(0.707106781186547,0.707106781186547,0.));
#8881=DIRECTION('',(0.,0.707106781186551,-0.707106781186544));
#8882=DIRECTION('center_axis',(0.,0.,-1.));
#8883=DIRECTION('ref_axis',(0.707106781186548,0.707106781186548,0.));
#8884=DIRECTION('center_axis',(-0.707106781186548,0.,-0.707106781186548));
#8885=DIRECTION('ref_axis',(-0.707106781186548,0.,0.707106781186548));
#8886=DIRECTION('',(-0.707106781186548,0.,0.707106781186548));
#8887=DIRECTION('',(0.,1.,0.));
#8888=DIRECTION('',(0.,-1.,0.));
#8889=DIRECTION('center_axis',(0.,0.,-1.));
#8890=DIRECTION('ref_axis',(0.707106781186548,-0.707106781186548,0.));
#8891=DIRECTION('',(0.,0.707106781186555,0.70710678118654));
#8892=DIRECTION('center_axis',(0.,0.,1.));
#8893=DIRECTION('ref_axis',(0.707106781186547,-0.707106781186547,0.));
#8894=DIRECTION('center_axis',(0.,0.,-1.));
#8895=DIRECTION('ref_axis',(0.707106781186548,-0.707106781186548,0.));
#8896=DIRECTION('center_axis',(0.,0.707106781186548,-0.707106781186548));
#8897=DIRECTION('ref_axis',(-1.,0.,0.));
#8898=DIRECTION('',(0.,0.707106781186548,0.707106781186548));
#8899=DIRECTION('',(1.,0.,0.));
#8900=DIRECTION('',(-1.,0.,0.));
#8901=DIRECTION('center_axis',(0.,0.,-1.));
#8902=DIRECTION('ref_axis',(-0.707106781186548,-0.707106781186548,0.));
#8903=DIRECTION('',(0.707106781186555,0.,0.70710678118654));
#8904=DIRECTION('center_axis',(0.,0.,1.));
#8905=DIRECTION('ref_axis',(-0.707106781186547,-0.707106781186547,0.));
#8906=DIRECTION('center_axis',(0.,0.,-1.));
#8907=DIRECTION('ref_axis',(-0.707106781186548,-0.707106781186548,0.));
#8908=DIRECTION('center_axis',(0.707106781186548,0.,-0.707106781186548));
#8909=DIRECTION('ref_axis',(-0.707106781186548,0.,-0.707106781186548));
#8910=DIRECTION('',(0.707106781186548,0.,0.707106781186548));
#8911=DIRECTION('',(0.,-1.,0.));
#8912=DIRECTION('',(0.,1.,0.));
#8913=DIRECTION('center_axis',(0.,0.,-1.));
#8914=DIRECTION('ref_axis',(-0.707106781186548,0.707106781186548,0.));
#8915=DIRECTION('',(0.,-0.707106781186551,0.707106781186544));
#8916=DIRECTION('center_axis',(0.,0.,1.));
#8917=DIRECTION('ref_axis',(-0.707106781186547,0.707106781186547,0.));
#8918=DIRECTION('center_axis',(0.,0.,-1.));
#8919=DIRECTION('ref_axis',(-0.707106781186548,0.707106781186548,0.));
#8920=DIRECTION('center_axis',(0.,-0.707106781186548,-0.707106781186548));
#8921=DIRECTION('ref_axis',(-1.,0.,0.));
#8922=DIRECTION('',(-1.,0.,0.));
#8923=DIRECTION('',(1.,0.,0.));
#8924=DIRECTION('center_axis',(1.,0.,0.));
#8925=DIRECTION('ref_axis',(0.,1.,0.));
#8926=DIRECTION('',(0.,0.,-1.));
#8927=DIRECTION('',(0.,1.,0.));
#8928=DIRECTION('',(0.,0.,1.));
#8929=DIRECTION('center_axis',(0.,0.,1.));
#8930=DIRECTION('ref_axis',(-0.707106781186547,0.707106781186547,0.));
#8931=DIRECTION('',(0.,0.,1.));
#8932=DIRECTION('center_axis',(0.,0.,-1.));
#8933=DIRECTION('ref_axis',(-0.707106781186547,0.707106781186547,0.));
#8934=DIRECTION('center_axis',(0.,-1.,0.));
#8935=DIRECTION('ref_axis',(1.,0.,0.));
#8936=DIRECTION('',(0.,0.,-1.));
#8937=DIRECTION('',(1.,0.,0.));
#8938=DIRECTION('center_axis',(0.,0.,1.));
#8939=DIRECTION('ref_axis',(0.707106781186547,0.707106781186547,0.));
#8940=DIRECTION('',(0.,0.,1.));
#8941=DIRECTION('center_axis',(0.,0.,-1.));
#8942=DIRECTION('ref_axis',(0.707106781186547,0.707106781186547,0.));
#8943=DIRECTION('center_axis',(0.,0.,1.));
#8944=DIRECTION('ref_axis',(1.,0.,0.));
#8945=DIRECTION('',(0.,-1.,0.));
#8946=DIRECTION('',(-1.,3.64007549057428E-17,0.));
#8947=DIRECTION('',(-1.,3.64007549057428E-17,0.));
#8948=DIRECTION('',(0.,1.,0.));
#8949=DIRECTION('center_axis',(0.,0.,-1.));
#8950=DIRECTION('ref_axis',(-1.,0.,0.));
#8951=DIRECTION('',(-1.,0.,0.));
#8952=DIRECTION('',(0.,1.,0.));
#8953=DIRECTION('',(1.,0.,0.));
#8954=DIRECTION('center_axis',(0.,0.,-1.));
#8955=DIRECTION('ref_axis',(-1.,0.,0.));
#8956=DIRECTION('',(0.,1.,0.));
#8957=DIRECTION('',(1.,0.,0.));
#8958=DIRECTION('',(0.,-1.,0.));
#8959=DIRECTION('center_axis',(0.,0.,-1.));
#8960=DIRECTION('ref_axis',(1.,0.,0.));
#8961=DIRECTION('',(1.,0.,0.));
#8962=DIRECTION('',(0.,-1.,0.));
#8963=DIRECTION('',(-1.,0.,0.));
#8964=DIRECTION('center_axis',(0.,0.,-1.));
#8965=DIRECTION('ref_axis',(1.,0.,0.));
#8966=DIRECTION('',(1.,0.,0.));
#8967=DIRECTION('center_axis',(0.,0.,-1.));
#8968=DIRECTION('ref_axis',(-0.707106781186548,0.707106781186548,0.));
#8969=DIRECTION('',(0.,1.,0.));
#8970=DIRECTION('center_axis',(0.,0.,-1.));
#8971=DIRECTION('ref_axis',(-0.707106781186548,-0.707106781186548,0.));
#8972=DIRECTION('',(-1.,0.,0.));
#8973=DIRECTION('center_axis',(0.,0.,-1.));
#8974=DIRECTION('ref_axis',(0.707106781186548,-0.707106781186548,0.));
#8975=DIRECTION('',(0.,-1.,0.));
#8976=DIRECTION('center_axis',(0.,0.,-1.));
#8977=DIRECTION('ref_axis',(0.707106781186547,0.707106781186547,0.));
#8978=DIRECTION('center_axis',(0.,0.,-1.));
#8979=DIRECTION('ref_axis',(1.,0.,0.));
#8980=DIRECTION('',(-1.,0.,0.));
#8981=DIRECTION('center_axis',(0.,0.,-1.));
#8982=DIRECTION('ref_axis',(0.707106781186546,-0.707106781186549,0.));
#8983=DIRECTION('',(0.,-1.,0.));
#8984=DIRECTION('center_axis',(0.,0.,-1.));
#8985=DIRECTION('ref_axis',(0.707106781186546,0.707106781186549,0.));
#8986=DIRECTION('',(1.,0.,0.));
#8987=DIRECTION('center_axis',(0.,0.,1.));
#8988=DIRECTION('ref_axis',(-0.707106781186548,-0.707106781186547,0.));
#8989=DIRECTION('',(0.,-1.,0.));
#8990=DIRECTION('center_axis',(0.,0.,-1.));
#8991=DIRECTION('ref_axis',(0.707106781186548,0.707106781186547,0.));
#8992=DIRECTION('',(1.,0.,0.));
#8993=DIRECTION('center_axis',(0.,0.,-1.));
#8994=DIRECTION('ref_axis',(-0.707106781186548,0.707106781186547,0.));
#8995=DIRECTION('',(0.,1.,0.));
#8996=DIRECTION('center_axis',(0.,0.,1.));
#8997=DIRECTION('ref_axis',(0.707106781186547,-0.707106781186548,0.));
#8998=DIRECTION('',(1.,0.,0.));
#8999=DIRECTION('center_axis',(0.,0.,-1.));
#9000=DIRECTION('ref_axis',(-0.707106781186547,0.707106781186548,0.));
#9001=DIRECTION('',(0.,1.,0.));
#9002=DIRECTION('center_axis',(0.,0.,-1.));
#9003=DIRECTION('ref_axis',(-0.707106781186547,-0.707106781186548,0.));
#9004=DIRECTION('',(-1.,0.,0.));
#9005=DIRECTION('center_axis',(0.,0.,1.));
#9006=DIRECTION('ref_axis',(0.707106781186548,0.707106781186548,0.));
#9007=DIRECTION('',(0.,1.,0.));
#9008=DIRECTION('center_axis',(0.,0.,-1.));
#9009=DIRECTION('ref_axis',(-0.707106781186548,-0.707106781186547,0.));
#9010=DIRECTION('',(-1.,0.,0.));
#9011=DIRECTION('center_axis',(0.,0.,-1.));
#9012=DIRECTION('ref_axis',(0.707106781186549,-0.707106781186546,0.));
#9013=DIRECTION('',(0.,-1.,0.));
#9014=DIRECTION('center_axis',(0.,0.,1.));
#9015=DIRECTION('ref_axis',(-0.707106781186548,0.707106781186548,0.));
#9016=DIRECTION('center_axis',(0.,0.,-1.));
#9017=DIRECTION('ref_axis',(1.,0.,0.));
#9018=DIRECTION('center_axis',(0.,-0.707106781186544,-0.707106781186551));
#9019=DIRECTION('ref_axis',(-1.,0.,0.));
#9020=DIRECTION('',(0.,-0.707106781186551,0.707106781186544));
#9021=DIRECTION('',(-1.,0.,0.));
#9022=DIRECTION('',(0.,0.707106781186551,-0.707106781186544));
#9023=DIRECTION('center_axis',(0.,0.,-1.));
#9024=DIRECTION('ref_axis',(0.707106781186548,0.707106781186548,0.));
#9025=DIRECTION('',(-0.70710678118654,0.,0.707106781186555));
#9026=DIRECTION('center_axis',(0.,0.,1.));
#9027=DIRECTION('ref_axis',(0.707106781186547,0.707106781186547,0.));
#9028=DIRECTION('center_axis',(-0.707106781186555,0.,-0.70710678118654));
#9029=DIRECTION('ref_axis',(-0.70710678118654,0.,0.707106781186555));
#9030=DIRECTION('',(-0.70710678118654,0.,0.707106781186555));
#9031=DIRECTION('',(0.,1.,0.));
#9032=DIRECTION('center_axis',(0.,0.,-1.));
#9033=DIRECTION('ref_axis',(0.707106781186548,-0.707106781186548,0.));
#9034=DIRECTION('',(0.,0.70710678118654,0.707106781186555));
#9035=DIRECTION('center_axis',(0.,0.,1.));
#9036=DIRECTION('ref_axis',(0.707106781186547,-0.707106781186547,0.));
#9037=DIRECTION('center_axis',(0.,0.707106781186548,-0.707106781186548));
#9038=DIRECTION('ref_axis',(-1.,0.,0.));
#9039=DIRECTION('',(0.,0.707106781186548,0.707106781186548));
#9040=DIRECTION('',(1.,0.,0.));
#9041=DIRECTION('center_axis',(0.,0.,-1.));
#9042=DIRECTION('ref_axis',(-0.707106781186548,-0.707106781186548,0.));
#9043=DIRECTION('',(0.707106781186555,0.,0.70710678118654));
#9044=DIRECTION('center_axis',(0.,0.,1.));
#9045=DIRECTION('ref_axis',(-0.707106781186547,-0.707106781186547,0.));
#9046=DIRECTION('center_axis',(0.707106781186548,0.,-0.707106781186548));
#9047=DIRECTION('ref_axis',(-0.707106781186548,0.,-0.707106781186548));
#9048=DIRECTION('',(0.707106781186548,0.,0.707106781186548));
#9049=DIRECTION('',(0.,-1.,0.));
#9050=DIRECTION('center_axis',(0.,0.,-1.));
#9051=DIRECTION('ref_axis',(-0.707106781186548,0.707106781186548,0.));
#9052=DIRECTION('center_axis',(0.,0.,1.));
#9053=DIRECTION('ref_axis',(-0.707106781186547,0.707106781186547,0.));
#9054=DIRECTION('center_axis',(0.,0.,1.));
#9055=DIRECTION('ref_axis',(-0.707106781186547,-0.707106781186547,0.));
#9056=DIRECTION('',(0.,0.,1.));
#9057=DIRECTION('center_axis',(0.,0.,-1.));
#9058=DIRECTION('ref_axis',(-0.707106781186547,-0.707106781186547,0.));
#9059=DIRECTION('',(0.,0.,-1.));
#9060=DIRECTION('center_axis',(1.,0.,0.));
#9061=DIRECTION('ref_axis',(0.,1.,0.));
#9062=DIRECTION('',(0.,0.,-1.));
#9063=DIRECTION('',(0.,1.,0.));
#9064=DIRECTION('center_axis',(0.,0.,1.));
#9065=DIRECTION('ref_axis',(-0.707106781186547,0.707106781186547,0.));
#9066=DIRECTION('',(0.,0.,1.));
#9067=DIRECTION('center_axis',(0.,0.,-1.));
#9068=DIRECTION('ref_axis',(-0.707106781186547,0.707106781186547,0.));
#9069=DIRECTION('center_axis',(0.,-1.,0.));
#9070=DIRECTION('ref_axis',(1.,0.,0.));
#9071=DIRECTION('',(0.,0.,-1.));
#9072=DIRECTION('',(1.,0.,0.));
#9073=DIRECTION('center_axis',(0.,0.,-1.));
#9074=DIRECTION('ref_axis',(1.,0.,0.));
#9075=DIRECTION('center_axis',(0.,0.,1.));
#9076=DIRECTION('ref_axis',(1.,0.,0.));
#9077=DIRECTION('',(-0.70710678118654,-8.65956056235484E-17,-0.707106781186555));
#9078=DIRECTION('center_axis',(0.,0.,1.));
#9079=DIRECTION('ref_axis',(1.,0.,0.));
#9080=DIRECTION('center_axis',(0.,0.,-1.));
#9081=DIRECTION('ref_axis',(1.,0.,0.));
#9082=DIRECTION('',(0.,0.,-1.));
#9083=DIRECTION('center_axis',(0.,0.,-1.));
#9084=DIRECTION('ref_axis',(1.,0.,0.));
#9085=DIRECTION('center_axis',(0.,0.,1.));
#9086=DIRECTION('ref_axis',(1.,0.,0.));
#9087=DIRECTION('',(-0.70710678118654,-8.65956056235484E-17,-0.707106781186555));
#9088=DIRECTION('center_axis',(0.,0.,1.));
#9089=DIRECTION('ref_axis',(1.,0.,0.));
#9090=DIRECTION('center_axis',(0.,0.,-1.));
#9091=DIRECTION('ref_axis',(1.,0.,0.));
#9092=DIRECTION('',(0.,0.,-1.));
#9093=DIRECTION('center_axis',(0.,0.707106781186548,-0.707106781186548));
#9094=DIRECTION('ref_axis',(-1.,0.,0.));
#9095=DIRECTION('',(0.,0.707106781186548,0.707106781186548));
#9096=DIRECTION('',(1.,0.,0.));
#9097=DIRECTION('',(0.,-0.707106781186548,-0.707106781186548));
#9098=DIRECTION('center_axis',(0.,0.,1.));
#9099=DIRECTION('ref_axis',(-0.707106781186548,0.707106781186548,0.));
#9100=DIRECTION('',(-0.707106781186548,0.,0.707106781186548));
#9101=DIRECTION('center_axis',(0.,0.,-1.));
#9102=DIRECTION('ref_axis',(-0.707106781186548,0.707106781186548,0.));
#9103=DIRECTION('center_axis',(-0.707106781186548,0.,-0.707106781186548));
#9104=DIRECTION('ref_axis',(-0.707106781186548,0.,0.707106781186548));
#9105=DIRECTION('',(-0.707106781186548,0.,0.707106781186548));
#9106=DIRECTION('',(0.,1.,0.));
#9107=DIRECTION('center_axis',(0.,0.,-1.));
#9108=DIRECTION('ref_axis',(0.707106781186549,-0.707106781186546,0.));
#9109=DIRECTION('',(0.,0.707106781186548,0.707106781186548));
#9110=DIRECTION('center_axis',(0.,0.,1.));
#9111=DIRECTION('ref_axis',(0.707106781186549,-0.707106781186546,0.));
#9112=DIRECTION('center_axis',(0.,0.707106781186548,-0.707106781186548));
#9113=DIRECTION('ref_axis',(-1.,0.,0.));
#9114=DIRECTION('',(-3.92523114670943E-15,0.707106781186548,0.707106781186548));
#9115=DIRECTION('',(1.,0.,0.));
#9116=DIRECTION('center_axis',(0.,0.,-1.));
#9117=DIRECTION('ref_axis',(-0.707106781186548,-0.707106781186547,0.));
#9118=DIRECTION('',(0.707106781186548,0.,0.707106781186548));
#9119=DIRECTION('center_axis',(0.,0.,1.));
#9120=DIRECTION('ref_axis',(-0.707106781186548,-0.707106781186547,0.));
#9121=DIRECTION('center_axis',(0.707106781186548,0.,-0.707106781186548));
#9122=DIRECTION('ref_axis',(-0.707106781186548,0.,-0.707106781186548));
#9123=DIRECTION('',(0.707106781186548,0.,0.707106781186548));
#9124=DIRECTION('',(0.,-1.,0.));
#9125=DIRECTION('center_axis',(0.,0.,1.));
#9126=DIRECTION('ref_axis',(0.707106781186547,0.707106781186547,0.));
#9127=DIRECTION('',(0.,0.707106781186548,0.707106781186548));
#9128=DIRECTION('center_axis',(0.,0.,-1.));
#9129=DIRECTION('ref_axis',(0.707106781186548,0.707106781186548,0.));
#9130=DIRECTION('center_axis',(0.,0.707106781186548,-0.707106781186548));
#9131=DIRECTION('ref_axis',(-1.,0.,0.));
#9132=DIRECTION('',(0.,0.707106781186548,0.707106781186548));
#9133=DIRECTION('',(1.,0.,0.));
#9134=DIRECTION('center_axis',(0.,0.,-1.));
#9135=DIRECTION('ref_axis',(-0.707106781186547,-0.707106781186548,0.));
#9136=DIRECTION('',(0.707106781186548,0.,0.707106781186547));
#9137=DIRECTION('center_axis',(0.,0.,1.));
#9138=DIRECTION('ref_axis',(-0.707106781186547,-0.707106781186548,0.));
#9139=DIRECTION('center_axis',(0.707106781186547,0.,-0.707106781186549));
#9140=DIRECTION('ref_axis',(-0.707106781186548,0.,-0.707106781186546));
#9141=DIRECTION('',(0.707106781186548,0.,0.707106781186546));
#9142=DIRECTION('',(0.,-1.,0.));
#9143=DIRECTION('center_axis',(0.,0.,-1.));
#9144=DIRECTION('ref_axis',(-0.707106781186547,0.707106781186548,0.));
#9145=DIRECTION('',(9.81307786677361E-16,-0.707106781186545,0.70710678118655));
#9146=DIRECTION('center_axis',(0.,0.,1.));
#9147=DIRECTION('ref_axis',(-0.707106781186547,0.707106781186548,0.));
#9148=DIRECTION('center_axis',(0.,-0.707106781186548,-0.707106781186548));
#9149=DIRECTION('ref_axis',(-1.,0.,0.));
#9150=DIRECTION('',(0.,-0.707106781186548,0.707106781186548));
#9151=DIRECTION('',(-1.,0.,0.));
#9152=DIRECTION('center_axis',(0.,0.,1.));
#9153=DIRECTION('ref_axis',(0.707106781186547,-0.707106781186548,0.));
#9154=DIRECTION('',(0.707106781186548,0.,0.707106781186548));
#9155=DIRECTION('center_axis',(0.,0.,-1.));
#9156=DIRECTION('ref_axis',(0.707106781186547,-0.707106781186548,0.));
#9157=DIRECTION('center_axis',(0.707106781186548,0.,-0.707106781186548));
#9158=DIRECTION('ref_axis',(-0.707106781186548,0.,-0.707106781186548));
#9159=DIRECTION('',(0.707106781186548,0.,0.707106781186548));
#9160=DIRECTION('',(0.,-1.,0.));
#9161=DIRECTION('center_axis',(0.,0.,-1.));
#9162=DIRECTION('ref_axis',(-0.707106781186548,0.707106781186547,0.));
#9163=DIRECTION('',(0.,-0.707106781186548,0.707106781186546));
#9164=DIRECTION('center_axis',(0.,0.,1.));
#9165=DIRECTION('ref_axis',(-0.707106781186548,0.707106781186547,0.));
#9166=DIRECTION('center_axis',(0.,-0.707106781186548,-0.707106781186548));
#9167=DIRECTION('ref_axis',(-1.,0.,0.));
#9168=DIRECTION('',(0.,-0.707106781186548,0.707106781186548));
#9169=DIRECTION('',(-1.,0.,0.));
#9170=DIRECTION('center_axis',(0.,0.,-1.));
#9171=DIRECTION('ref_axis',(0.707106781186548,0.707106781186547,0.));
#9172=DIRECTION('',(-0.707106781186548,0.,0.707106781186548));
#9173=DIRECTION('center_axis',(0.,0.,1.));
#9174=DIRECTION('ref_axis',(0.707106781186548,0.707106781186547,0.));
#9175=DIRECTION('center_axis',(-0.707106781186548,0.,-0.707106781186548));
#9176=DIRECTION('ref_axis',(-0.707106781186548,0.,0.707106781186548));
#9177=DIRECTION('',(-0.707106781186548,0.,0.707106781186548));
#9178=DIRECTION('',(0.,1.,0.));
#9179=DIRECTION('center_axis',(0.,0.,1.));
#9180=DIRECTION('ref_axis',(-0.707106781186549,-0.707106781186547,0.));
#9181=DIRECTION('',(0.,-0.707106781186545,0.70710678118655));
#9182=DIRECTION('center_axis',(0.,0.,-1.));
#9183=DIRECTION('ref_axis',(-0.707106781186548,-0.707106781186547,0.));
#9184=DIRECTION('center_axis',(0.,-0.707106781186548,-0.707106781186548));
#9185=DIRECTION('ref_axis',(-1.,0.,0.));
#9186=DIRECTION('',(0.,-0.707106781186548,0.707106781186548));
#9187=DIRECTION('',(-1.,0.,0.));
#9188=DIRECTION('center_axis',(0.,0.,-1.));
#9189=DIRECTION('ref_axis',(0.707106781186546,0.707106781186549,0.));
#9190=DIRECTION('',(-0.707106781186548,0.,0.707106781186548));
#9191=DIRECTION('center_axis',(0.,0.,1.));
#9192=DIRECTION('ref_axis',(0.707106781186546,0.707106781186549,0.));
#9193=DIRECTION('center_axis',(-0.707106781186548,0.,-0.707106781186548));
#9194=DIRECTION('ref_axis',(-0.707106781186548,0.,0.707106781186548));
#9195=DIRECTION('',(-0.707106781186548,0.,0.707106781186548));
#9196=DIRECTION('',(0.,1.,0.));
#9197=DIRECTION('center_axis',(0.,0.,-1.));
#9198=DIRECTION('ref_axis',(0.707106781186546,-0.707106781186549,0.));
#9199=DIRECTION('center_axis',(0.,0.,1.));
#9200=DIRECTION('ref_axis',(0.707106781186546,-0.707106781186549,0.));
#9201=DIRECTION('center_axis',(0.,0.,1.));
#9202=DIRECTION('ref_axis',(0.707106781186547,-0.707106781186548,0.));
#9203=DIRECTION('',(0.,0.,1.));
#9204=DIRECTION('center_axis',(0.,0.,1.));
#9205=DIRECTION('ref_axis',(0.707106781186547,-0.707106781186548,0.));
#9206=DIRECTION('',(0.,0.,-1.));
#9207=DIRECTION('center_axis',(1.,0.,0.));
#9208=DIRECTION('ref_axis',(0.,1.,0.));
#9209=DIRECTION('',(0.,0.,-1.));
#9210=DIRECTION('',(0.,1.,0.));
#9211=DIRECTION('center_axis',(0.,0.,1.));
#9212=DIRECTION('ref_axis',(-0.707106781186548,0.707106781186547,0.));
#9213=DIRECTION('',(0.,0.,1.));
#9214=DIRECTION('center_axis',(0.,0.,-1.));
#9215=DIRECTION('ref_axis',(-0.707106781186548,0.707106781186547,0.));
#9216=DIRECTION('center_axis',(0.,-1.,0.));
#9217=DIRECTION('ref_axis',(1.,0.,0.));
#9218=DIRECTION('',(0.,0.,-1.));
#9219=DIRECTION('',(1.,0.,0.));
#9220=DIRECTION('center_axis',(0.,0.,1.));
#9221=DIRECTION('ref_axis',(0.707106781186548,0.707106781186547,0.));
#9222=DIRECTION('',(0.,0.,1.));
#9223=DIRECTION('center_axis',(0.,0.,-1.));
#9224=DIRECTION('ref_axis',(0.707106781186548,0.707106781186547,0.));
#9225=DIRECTION('center_axis',(-1.,0.,0.));
#9226=DIRECTION('ref_axis',(0.,-1.,0.));
#9227=DIRECTION('',(0.,0.,-1.));
#9228=DIRECTION('',(0.,-1.,0.));
#9229=DIRECTION('center_axis',(0.,0.,1.));
#9230=DIRECTION('ref_axis',(-0.707106781186548,-0.707106781186547,0.));
#9231=DIRECTION('',(0.,0.,1.));
#9232=DIRECTION('center_axis',(0.,0.,1.));
#9233=DIRECTION('ref_axis',(-0.707106781186548,-0.707106781186547,0.));
#9234=DIRECTION('center_axis',(0.,-1.,0.));
#9235=DIRECTION('ref_axis',(1.,0.,0.));
#9236=DIRECTION('',(0.,0.,-1.));
#9237=DIRECTION('',(1.,0.,0.));
#9238=DIRECTION('center_axis',(0.,0.,1.));
#9239=DIRECTION('ref_axis',(0.707106781186546,0.707106781186549,0.));
#9240=DIRECTION('',(0.,0.,1.));
#9241=DIRECTION('center_axis',(0.,0.,-1.));
#9242=DIRECTION('ref_axis',(0.707106781186546,0.707106781186549,0.));
#9243=DIRECTION('center_axis',(-1.,0.,0.));
#9244=DIRECTION('ref_axis',(0.,-1.,0.));
#9245=DIRECTION('',(0.,0.,-1.));
#9246=DIRECTION('',(0.,-1.,0.));
#9247=DIRECTION('center_axis',(0.,0.,1.));
#9248=DIRECTION('ref_axis',(0.707106781186546,-0.707106781186549,0.));
#9249=DIRECTION('',(0.,0.,1.));
#9250=DIRECTION('center_axis',(0.,0.,-1.));
#9251=DIRECTION('ref_axis',(0.707106781186546,-0.707106781186549,0.));
#9252=DIRECTION('center_axis',(0.,1.,0.));
#9253=DIRECTION('ref_axis',(-1.,0.,0.));
#9254=DIRECTION('',(0.,0.,-1.));
#9255=DIRECTION('',(-1.,0.,0.));
#9256=DIRECTION('center_axis',(0.,0.,1.));
#9257=DIRECTION('ref_axis',(0.707106781186548,0.707106781186548,0.));
#9258=DIRECTION('',(0.,-0.707106781186551,-0.707106781186544));
#9259=DIRECTION('',(0.707106781186555,0.,0.70710678118654));
#9260=DIRECTION('center_axis',(0.,0.,1.));
#9261=DIRECTION('ref_axis',(0.707106781186548,0.707106781186548,0.));
#9262=DIRECTION('center_axis',(0.,-0.707106781186548,0.707106781186548));
#9263=DIRECTION('ref_axis',(1.,0.,0.));
#9264=DIRECTION('',(-1.,0.,0.));
#9265=DIRECTION('',(0.,-0.707106781186548,-0.707106781186548));
#9266=DIRECTION('center_axis',(0.,0.,1.));
#9267=DIRECTION('ref_axis',(-0.707106781186548,0.707106781186548,0.));
#9268=DIRECTION('',(0.707106781186555,0.,-0.70710678118654));
#9269=DIRECTION('center_axis',(0.,0.,1.));
#9270=DIRECTION('ref_axis',(-0.707106781186548,0.707106781186548,0.));
#9271=DIRECTION('center_axis',(0.707106781186548,0.,0.707106781186548));
#9272=DIRECTION('ref_axis',(0.707106781186548,0.,-0.707106781186548));
#9273=DIRECTION('',(0.,-1.,0.));
#9274=DIRECTION('',(0.707106781186548,0.,-0.707106781186548));
#9275=DIRECTION('center_axis',(0.,0.,1.));
#9276=DIRECTION('ref_axis',(-0.707106781186548,-0.707106781186548,0.));
#9277=DIRECTION('',(0.,0.707106781186555,-0.70710678118654));
#9278=DIRECTION('center_axis',(0.,0.,-1.));
#9279=DIRECTION('ref_axis',(-0.707106781186547,-0.707106781186547,0.));
#9280=DIRECTION('center_axis',(0.,0.,1.));
#9281=DIRECTION('ref_axis',(-0.707106781186548,-0.707106781186548,0.));
#9282=DIRECTION('center_axis',(0.,0.707106781186548,0.707106781186548));
#9283=DIRECTION('ref_axis',(1.,0.,0.));
#9284=DIRECTION('',(1.,0.,0.));
#9285=DIRECTION('',(0.,0.707106781186548,-0.707106781186548));
#9286=DIRECTION('',(-1.,0.,0.));
#9287=DIRECTION('center_axis',(0.,0.,1.));
#9288=DIRECTION('ref_axis',(0.707106781186548,-0.707106781186548,0.));
#9289=DIRECTION('',(-0.707106781186555,0.,-0.70710678118654));
#9290=DIRECTION('center_axis',(0.,0.,-1.));
#9291=DIRECTION('ref_axis',(0.707106781186547,-0.707106781186547,0.));
#9292=DIRECTION('center_axis',(0.,0.,1.));
#9293=DIRECTION('ref_axis',(0.707106781186548,-0.707106781186548,0.));
#9294=DIRECTION('center_axis',(-0.707106781186548,0.,0.707106781186548));
#9295=DIRECTION('ref_axis',(0.707106781186548,0.,0.707106781186548));
#9296=DIRECTION('',(0.,1.,0.));
#9297=DIRECTION('',(0.,-1.,0.));
#9298=DIRECTION('center_axis',(0.,1.,0.));
#9299=DIRECTION('ref_axis',(-1.,0.,0.));
#9300=DIRECTION('',(0.,0.,-1.));
#9301=DIRECTION('',(0.,0.,1.));
#9302=DIRECTION('center_axis',(0.,0.,1.));
#9303=DIRECTION('ref_axis',(0.707106781186547,-0.707106781186547,0.));
#9304=DIRECTION('',(0.,0.,-1.));
#9305=DIRECTION('center_axis',(-1.,0.,0.));
#9306=DIRECTION('ref_axis',(0.,-1.,0.));
#9307=DIRECTION('center_axis',(0.,0.,1.));
#9308=DIRECTION('ref_axis',(1.,0.,0.));
#9309=DIRECTION('center_axis',(0.,0.,-1.));
#9310=DIRECTION('ref_axis',(0.707106781186554,0.707106781186541,0.));
#9311=DIRECTION('',(-1.,0.,0.));
#9312=DIRECTION('center_axis',(0.,0.,-1.));
#9313=DIRECTION('ref_axis',(-0.707106781186548,0.707106781186548,0.));
#9314=DIRECTION('',(0.,-1.,0.));
#9315=DIRECTION('center_axis',(0.,0.,-1.));
#9316=DIRECTION('ref_axis',(-0.707106781186548,-0.707106781186548,0.));
#9317=DIRECTION('',(1.,0.,0.));
#9318=DIRECTION('center_axis',(0.,0.,-1.));
#9319=DIRECTION('ref_axis',(0.707106781186552,-0.707106781186543,0.));
#9320=DIRECTION('',(0.,1.,0.));
#9321=DIRECTION('center_axis',(0.,0.,1.));
#9322=DIRECTION('ref_axis',(0.707106781186547,0.707106781186547,0.));
#9323=DIRECTION('',(0.,1.,0.));
#9324=DIRECTION('center_axis',(0.,0.,1.));
#9325=DIRECTION('ref_axis',(0.707106781186548,-0.707106781186548,0.));
#9326=DIRECTION('',(1.,0.,0.));
#9327=DIRECTION('center_axis',(0.,0.,1.));
#9328=DIRECTION('ref_axis',(-0.707106781186548,-0.707106781186548,0.));
#9329=DIRECTION('',(0.,-1.,0.));
#9330=DIRECTION('center_axis',(0.,0.,1.));
#9331=DIRECTION('ref_axis',(-0.707106781186548,0.707106781186548,0.));
#9332=DIRECTION('',(-1.,0.,0.));
#9333=DIRECTION('center_axis',(0.,0.,1.));
#9334=DIRECTION('ref_axis',(0.707106781186548,0.707106781186548,0.));
#9335=DIRECTION('',(0.,-0.707106781186544,-0.707106781186551));
#9336=DIRECTION('center_axis',(0.,0.,-1.));
#9337=DIRECTION('ref_axis',(0.707106781186547,0.707106781186547,0.));
#9338=DIRECTION('',(0.70710678118654,0.,0.707106781186555));
#9339=DIRECTION('center_axis',(0.,-0.707106781186548,0.707106781186548));
#9340=DIRECTION('ref_axis',(1.,0.,0.));
#9341=DIRECTION('',(0.,-0.707106781186548,-0.707106781186548));
#9342=DIRECTION('center_axis',(0.,0.,1.));
#9343=DIRECTION('ref_axis',(-0.707106781186548,0.707106781186548,0.));
#9344=DIRECTION('',(0.707106781186555,0.,-0.70710678118654));
#9345=DIRECTION('center_axis',(0.707106781186548,0.,0.707106781186548));
#9346=DIRECTION('ref_axis',(0.707106781186548,0.,-0.707106781186548));
#9347=DIRECTION('',(0.707106781186548,0.,-0.707106781186548));
#9348=DIRECTION('center_axis',(0.,0.,1.));
#9349=DIRECTION('ref_axis',(-0.707106781186548,-0.707106781186548,0.));
#9350=DIRECTION('',(0.,0.707106781186555,-0.70710678118654));
#9351=DIRECTION('center_axis',(0.,0.707106781186548,0.707106781186548));
#9352=DIRECTION('ref_axis',(1.,0.,0.));
#9353=DIRECTION('',(0.,0.707106781186548,-0.707106781186548));
#9354=DIRECTION('',(-1.,0.,0.));
#9355=DIRECTION('center_axis',(0.,0.,1.));
#9356=DIRECTION('ref_axis',(0.707106781186548,-0.707106781186548,0.));
#9357=DIRECTION('',(-0.70710678118654,0.,-0.707106781186555));
#9358=DIRECTION('center_axis',(0.,0.,-1.));
#9359=DIRECTION('ref_axis',(0.707106781186547,-0.707106781186547,0.));
#9360=DIRECTION('center_axis',(-0.707106781186555,0.,0.70710678118654));
#9361=DIRECTION('ref_axis',(0.70710678118654,0.,0.707106781186555));
#9362=DIRECTION('',(0.,-1.,0.));
#9363=DIRECTION('center_axis',(0.,1.,0.));
#9364=DIRECTION('ref_axis',(-1.,0.,0.));
#9365=DIRECTION('',(0.,0.,1.));
#9366=DIRECTION('center_axis',(0.,0.,1.));
#9367=DIRECTION('ref_axis',(0.707106781186547,-0.707106781186547,0.));
#9368=DIRECTION('',(0.,0.,-1.));
#9369=DIRECTION('center_axis',(-1.,0.,0.));
#9370=DIRECTION('ref_axis',(0.,-1.,0.));
#9371=DIRECTION('',(0.,0.,1.));
#9372=DIRECTION('center_axis',(0.,0.,1.));
#9373=DIRECTION('ref_axis',(0.707106781186547,0.707106781186547,0.));
#9374=DIRECTION('center_axis',(0.,0.,1.));
#9375=DIRECTION('ref_axis',(1.,0.,0.));
#9376=DIRECTION('center_axis',(0.,0.,1.));
#9377=DIRECTION('ref_axis',(1.,0.,0.));
#9378=DIRECTION('',(0.70710678118654,8.65956056235484E-17,-0.707106781186555));
#9379=DIRECTION('center_axis',(0.,0.,1.));
#9380=DIRECTION('ref_axis',(1.,0.,0.));
#9381=DIRECTION('center_axis',(0.,0.,-1.));
#9382=DIRECTION('ref_axis',(-0.707106781186547,-0.707106781186548,0.));
#9383=DIRECTION('',(1.,0.,0.));
#9384=DIRECTION('center_axis',(0.,0.,-1.));
#9385=DIRECTION('ref_axis',(0.707106781186543,-0.707106781186552,0.));
#9386=DIRECTION('',(0.,1.,0.));
#9387=DIRECTION('center_axis',(0.,0.,-1.));
#9388=DIRECTION('ref_axis',(0.707106781186545,0.70710678118655,0.));
#9389=DIRECTION('',(-1.,-4.52782636470292E-18,0.));
#9390=DIRECTION('center_axis',(0.,0.,-1.));
#9391=DIRECTION('ref_axis',(-0.707106781186546,0.707106781186549,0.));
#9392=DIRECTION('',(1.88087234025324E-16,-1.,0.));
#9393=DIRECTION('center_axis',(0.,0.,1.));
#9394=DIRECTION('ref_axis',(1.,0.,0.));
#9395=DIRECTION('',(0.,-1.,0.));
#9396=DIRECTION('center_axis',(0.,0.,1.));
#9397=DIRECTION('ref_axis',(0.707106781186552,-0.707106781186543,0.));
#9398=DIRECTION('',(-1.,0.,0.));
#9399=DIRECTION('center_axis',(0.,0.,1.));
#9400=DIRECTION('ref_axis',(-0.707106781186543,-0.707106781186552,0.));
#9401=DIRECTION('',(0.,1.,0.));
#9402=DIRECTION('center_axis',(0.,0.,1.));
#9403=DIRECTION('ref_axis',(-0.70710678118655,0.707106781186545,0.));
#9404=DIRECTION('',(1.,0.,0.));
#9405=DIRECTION('center_axis',(0.,0.,1.));
#9406=DIRECTION('ref_axis',(0.707106781186552,0.707106781186543,0.));
#9407=DIRECTION('',(0.,1.,0.));
#9408=DIRECTION('center_axis',(0.,0.,1.));
#9409=DIRECTION('ref_axis',(0.707106781186546,-0.707106781186549,0.));
#9410=DIRECTION('',(1.,0.,0.));
#9411=DIRECTION('center_axis',(0.,0.,-1.));
#9412=DIRECTION('ref_axis',(-0.707106781186548,0.707106781186548,0.));
#9413=DIRECTION('',(0.,1.,0.));
#9414=DIRECTION('center_axis',(0.,0.,1.));
#9415=DIRECTION('ref_axis',(0.707106781186549,-0.707106781186546,0.));
#9416=DIRECTION('',(1.,0.,0.));
#9417=DIRECTION('center_axis',(0.,0.,1.));
#9418=DIRECTION('ref_axis',(-0.707106781186548,-0.707106781186547,0.));
#9419=DIRECTION('',(0.,-1.,0.));
#9420=DIRECTION('center_axis',(0.,0.,-1.));
#9421=DIRECTION('ref_axis',(0.707106781186548,0.707106781186548,0.));
#9422=DIRECTION('',(1.,0.,0.));
#9423=DIRECTION('center_axis',(0.,0.,1.));
#9424=DIRECTION('ref_axis',(-0.707106781186547,-0.707106781186548,0.));
#9425=DIRECTION('',(0.,-1.,0.));
#9426=DIRECTION('center_axis',(0.,0.,1.));
#9427=DIRECTION('ref_axis',(-0.707106781186547,0.707106781186548,0.));
#9428=DIRECTION('',(-1.,0.,0.));
#9429=DIRECTION('center_axis',(0.,0.,-1.));
#9430=DIRECTION('ref_axis',(0.707106781186547,-0.707106781186548,0.));
#9431=DIRECTION('',(0.,-1.,0.));
#9432=DIRECTION('center_axis',(0.,0.,1.));
#9433=DIRECTION('ref_axis',(-0.707106781186548,0.707106781186547,0.));
#9434=DIRECTION('',(-1.,0.,0.));
#9435=DIRECTION('center_axis',(0.,0.,1.));
#9436=DIRECTION('ref_axis',(0.707106781186548,0.707106781186547,0.));
#9437=DIRECTION('',(0.,1.,0.));
#9438=DIRECTION('center_axis',(0.,0.,-1.));
#9439=DIRECTION('ref_axis',(-0.707106781186548,-0.707106781186547,0.));
#9440=DIRECTION('',(-1.,0.,0.));
#9441=DIRECTION('center_axis',(0.,0.,1.));
#9442=DIRECTION('ref_axis',(0.707106781186546,0.707106781186549,0.));
#9443=DIRECTION('center_axis',(0.,0.,1.));
#9444=DIRECTION('ref_axis',(1.,0.,0.));
#9445=DIRECTION('',(0.70710678118654,8.65956056235484E-17,-0.707106781186555));
#9446=DIRECTION('center_axis',(-0.707106781186548,0.,0.707106781186548));
#9447=DIRECTION('ref_axis',(0.707106781186548,0.,0.707106781186548));
#9448=DIRECTION('',(0.707106781186548,0.,0.707106781186548));
#9449=DIRECTION('',(-0.707106781186548,0.,-0.707106781186548));
#9450=DIRECTION('center_axis',(0.,0.,1.));
#9451=DIRECTION('ref_axis',(0.707106781186546,-0.707106781186549,0.));
#9452=DIRECTION('',(0.,-0.707106781186548,0.707106781186548));
#9453=DIRECTION('center_axis',(0.,0.707106781186548,0.707106781186548));
#9454=DIRECTION('ref_axis',(1.,0.,0.));
#9455=DIRECTION('',(0.,-0.707106781186548,0.707106781186548));
#9456=DIRECTION('center_axis',(0.,0.,-1.));
#9457=DIRECTION('ref_axis',(-0.707106781186548,0.707106781186548,0.));
#9458=DIRECTION('center_axis',(0.,0.,1.));
#9459=DIRECTION('ref_axis',(-0.707106781186548,0.707106781186548,0.));
#9460=DIRECTION('',(0.707106781186548,0.,0.707106781186548));
#9461=DIRECTION('center_axis',(-0.707106781186548,0.,0.707106781186548));
#9462=DIRECTION('ref_axis',(0.707106781186548,0.,0.707106781186548));
#9463=DIRECTION('',(0.707106781186548,0.,0.707106781186548));
#9464=DIRECTION('',(0.,-1.,0.));
#9465=DIRECTION('center_axis',(0.,0.,1.));
#9466=DIRECTION('ref_axis',(0.707106781186549,-0.707106781186546,0.));
#9467=DIRECTION('center_axis',(0.,0.,-1.));
#9468=DIRECTION('ref_axis',(0.707106781186549,-0.707106781186546,0.));
#9469=DIRECTION('',(0.,-0.707106781186548,0.707106781186548));
#9470=DIRECTION('center_axis',(0.,0.707106781186548,0.707106781186548));
#9471=DIRECTION('ref_axis',(1.,0.,0.));
#9472=DIRECTION('',(3.92523114670943E-15,-0.707106781186548,0.707106781186548));
#9473=DIRECTION('',(-1.,0.,0.));
#9474=DIRECTION('center_axis',(0.,0.,1.));
#9475=DIRECTION('ref_axis',(-0.707106781186548,-0.707106781186547,0.));
#9476=DIRECTION('center_axis',(0.,0.,-1.));
#9477=DIRECTION('ref_axis',(-0.707106781186548,-0.707106781186547,0.));
#9478=DIRECTION('',(-0.707106781186548,0.,0.707106781186548));
#9479=DIRECTION('center_axis',(0.707106781186548,0.,0.707106781186548));
#9480=DIRECTION('ref_axis',(0.707106781186548,0.,-0.707106781186548));
#9481=DIRECTION('',(-0.707106781186548,0.,0.707106781186548));
#9482=DIRECTION('',(0.,1.,0.));
#9483=DIRECTION('center_axis',(0.,0.,-1.));
#9484=DIRECTION('ref_axis',(0.707106781186547,0.707106781186547,0.));
#9485=DIRECTION('center_axis',(0.,0.,1.));
#9486=DIRECTION('ref_axis',(0.707106781186548,0.707106781186548,0.));
#9487=DIRECTION('',(0.,-0.707106781186548,0.707106781186548));
#9488=DIRECTION('center_axis',(0.,0.707106781186548,0.707106781186548));
#9489=DIRECTION('ref_axis',(1.,0.,0.));
#9490=DIRECTION('',(0.,-0.707106781186548,0.707106781186548));
#9491=DIRECTION('',(-1.,0.,0.));
#9492=DIRECTION('center_axis',(0.,0.,1.));
#9493=DIRECTION('ref_axis',(-0.707106781186547,-0.707106781186548,0.));
#9494=DIRECTION('center_axis',(0.,0.,-1.));
#9495=DIRECTION('ref_axis',(-0.707106781186547,-0.707106781186548,0.));
#9496=DIRECTION('',(-0.707106781186548,0.,0.707106781186547));
#9497=DIRECTION('center_axis',(0.707106781186547,0.,0.707106781186549));
#9498=DIRECTION('ref_axis',(0.707106781186548,0.,-0.707106781186546));
#9499=DIRECTION('',(-0.707106781186548,0.,0.707106781186546));
#9500=DIRECTION('',(0.,1.,0.));
#9501=DIRECTION('center_axis',(0.,0.,1.));
#9502=DIRECTION('ref_axis',(-0.707106781186547,0.707106781186548,0.));
#9503=DIRECTION('center_axis',(0.,0.,-1.));
#9504=DIRECTION('ref_axis',(-0.707106781186547,0.707106781186548,0.));
#9505=DIRECTION('',(-9.81307786677361E-16,0.707106781186545,0.70710678118655));
#9506=DIRECTION('center_axis',(0.,-0.707106781186548,0.707106781186548));
#9507=DIRECTION('ref_axis',(1.,0.,0.));
#9508=DIRECTION('',(0.,0.707106781186548,0.707106781186548));
#9509=DIRECTION('',(1.,0.,0.));
#9510=DIRECTION('center_axis',(0.,0.,-1.));
#9511=DIRECTION('ref_axis',(0.707106781186547,-0.707106781186548,0.));
#9512=DIRECTION('',(-0.707106781186548,0.,0.707106781186548));
#9513=DIRECTION('center_axis',(0.707106781186548,0.,0.707106781186548));
#9514=DIRECTION('ref_axis',(0.707106781186548,0.,-0.707106781186548));
#9515=DIRECTION('',(-0.707106781186548,0.,0.707106781186548));
#9516=DIRECTION('center_axis',(0.,0.,1.));
#9517=DIRECTION('ref_axis',(-0.707106781186548,0.707106781186547,0.));
#9518=DIRECTION('',(0.,0.707106781186548,0.707106781186546));
#9519=DIRECTION('center_axis',(0.,-0.707106781186548,0.707106781186548));
#9520=DIRECTION('ref_axis',(1.,0.,0.));
#9521=DIRECTION('',(0.,0.707106781186548,0.707106781186548));
#9522=DIRECTION('center_axis',(0.,0.,1.));
#9523=DIRECTION('ref_axis',(0.707106781186548,0.707106781186547,0.));
#9524=DIRECTION('',(0.707106781186548,0.,0.707106781186548));
#9525=DIRECTION('center_axis',(-0.707106781186548,0.,0.707106781186548));
#9526=DIRECTION('ref_axis',(0.707106781186548,0.,0.707106781186548));
#9527=DIRECTION('',(0.707106781186548,0.,0.707106781186548));
#9528=DIRECTION('center_axis',(0.,0.,-1.));
#9529=DIRECTION('ref_axis',(-0.707106781186549,-0.707106781186547,0.));
#9530=DIRECTION('',(0.,0.707106781186545,0.70710678118655));
#9531=DIRECTION('center_axis',(0.,-0.707106781186548,0.707106781186548));
#9532=DIRECTION('ref_axis',(1.,0.,0.));
#9533=DIRECTION('',(0.,0.707106781186548,0.707106781186548));
#9534=DIRECTION('center_axis',(0.,0.,1.));
#9535=DIRECTION('ref_axis',(0.707106781186546,0.707106781186549,0.));
#9536=DIRECTION('center_axis',(0.,0.,1.));
#9537=DIRECTION('ref_axis',(-0.707106781186547,-0.707106781186548,0.));
#9538=DIRECTION('',(0.,0.,1.));
#9539=DIRECTION('',(0.,0.,-1.));
#9540=DIRECTION('center_axis',(0.,1.,0.));
#9541=DIRECTION('ref_axis',(-1.,0.,0.));
#9542=DIRECTION('',(0.,0.,1.));
#9543=DIRECTION('center_axis',(0.,0.,1.));
#9544=DIRECTION('ref_axis',(0.707106781186548,0.707106781186548,0.));
#9545=DIRECTION('',(0.,0.,-1.));
#9546=DIRECTION('center_axis',(1.,0.,0.));
#9547=DIRECTION('ref_axis',(0.,1.,0.));
#9548=DIRECTION('',(0.,0.,1.));
#9549=DIRECTION('center_axis',(0.,0.,1.));
#9550=DIRECTION('ref_axis',(-0.707106781186548,-0.707106781186547,0.));
#9551=DIRECTION('',(0.,0.,-1.));
#9552=DIRECTION('center_axis',(0.,1.,0.));
#9553=DIRECTION('ref_axis',(-1.,0.,0.));
#9554=DIRECTION('',(0.,0.,1.));
#9555=DIRECTION('center_axis',(0.,0.,1.));
#9556=DIRECTION('ref_axis',(0.707106781186549,-0.707106781186546,0.));
#9557=DIRECTION('',(0.,0.,-1.));
#9558=DIRECTION('center_axis',(-1.,0.,0.));
#9559=DIRECTION('ref_axis',(0.,-1.,0.));
#9560=DIRECTION('',(0.,0.,1.));
#9561=DIRECTION('center_axis',(0.,0.,1.));
#9562=DIRECTION('ref_axis',(-0.707106781186548,0.707106781186548,0.));
#9563=DIRECTION('center_axis',(0.,0.,-1.));
#9564=DIRECTION('ref_axis',(1.,0.,0.));
#9565=DIRECTION('center_axis',(0.,0.,1.));
#9566=DIRECTION('ref_axis',(1.,0.,0.));
#9567=DIRECTION('',(-0.707106781186548,-8.65956056235494E-17,-0.707106781186547));
#9568=DIRECTION('center_axis',(0.,0.,-1.));
#9569=DIRECTION('ref_axis',(1.,0.,0.));
#9570=DIRECTION('center_axis',(0.,0.,1.));
#9571=DIRECTION('ref_axis',(1.,0.,0.));
#9572=DIRECTION('',(0.,0.,-1.));
#9573=DIRECTION('center_axis',(0.,0.,1.));
#9574=DIRECTION('ref_axis',(1.,0.,0.));
#9575=DIRECTION('center_axis',(0.,0.,1.));
#9576=DIRECTION('ref_axis',(1.,0.,0.));
#9577=DIRECTION('',(0.,-1.,0.));
#9578=DIRECTION('',(1.,0.,0.));
#9579=DIRECTION('',(0.,-1.,0.));
#9580=DIRECTION('',(-1.,0.,0.));
#9581=DIRECTION('center_axis',(0.,0.,-1.));
#9582=DIRECTION('ref_axis',(1.,0.,0.));
#9583=DIRECTION('center_axis',(0.,0.,1.));
#9584=DIRECTION('ref_axis',(1.,0.,0.));
#9585=DIRECTION('',(-0.707106781186548,-8.65956056235494E-17,-0.707106781186547));
#9586=DIRECTION('center_axis',(0.,0.,-1.));
#9587=DIRECTION('ref_axis',(1.,0.,0.));
#9588=DIRECTION('center_axis',(0.,0.,1.));
#9589=DIRECTION('ref_axis',(1.,0.,0.));
#9590=DIRECTION('',(0.,0.,-1.));
#9591=DIRECTION('center_axis',(0.,0.,1.));
#9592=DIRECTION('ref_axis',(1.,0.,0.));
#9593=DIRECTION('',(0.,1.,0.));
#9594=DIRECTION('center_axis',(0.,0.,1.));
#9595=DIRECTION('ref_axis',(1.,0.,0.));
#9596=DIRECTION('',(-1.,0.,0.));
#9597=DIRECTION('',(0.,-1.,0.));
#9598=DIRECTION('',(-1.,3.64007549057428E-17,0.));
#9599=DIRECTION('center_axis',(0.,0.,-1.));
#9600=DIRECTION('ref_axis',(1.,0.,0.));
#9601=DIRECTION('center_axis',(0.,0.,1.));
#9602=DIRECTION('ref_axis',(1.,0.,0.));
#9603=DIRECTION('',(-0.70710678118654,-8.65956056235484E-17,-0.707106781186555));
#9604=DIRECTION('center_axis',(0.,0.,-1.));
#9605=DIRECTION('ref_axis',(1.,0.,0.));
#9606=DIRECTION('center_axis',(0.,0.,1.));
#9607=DIRECTION('ref_axis',(1.,0.,0.));
#9608=DIRECTION('',(0.,0.,-1.));
#9609=DIRECTION('center_axis',(0.,0.,1.));
#9610=DIRECTION('ref_axis',(1.,0.,0.));
#9611=DIRECTION('center_axis',(0.,0.,1.));
#9612=DIRECTION('ref_axis',(1.,0.,0.));
#9613=DIRECTION('',(0.,1.,0.));
#9614=DIRECTION('',(-1.,3.64007549057428E-17,0.));
#9615=DIRECTION('',(0.,1.,0.));
#9616=DIRECTION('',(1.,0.,0.));
#9617=DIRECTION('center_axis',(0.,0.,-1.));
#9618=DIRECTION('ref_axis',(1.,0.,0.));
#9619=DIRECTION('center_axis',(0.,0.,1.));
#9620=DIRECTION('ref_axis',(1.,0.,0.));
#9621=DIRECTION('',(-0.70710678118654,-8.65956056235484E-17,-0.707106781186555));
#9622=DIRECTION('center_axis',(0.,0.,-1.));
#9623=DIRECTION('ref_axis',(1.,0.,0.));
#9624=DIRECTION('center_axis',(0.,0.,1.));
#9625=DIRECTION('ref_axis',(1.,0.,0.));
#9626=DIRECTION('',(0.,0.,-1.));
#9627=DIRECTION('center_axis',(0.,0.,1.));
#9628=DIRECTION('ref_axis',(1.,0.,0.));
#9629=DIRECTION('',(0.,-1.,0.));
#9630=DIRECTION('center_axis',(0.,0.,1.));
#9631=DIRECTION('ref_axis',(1.,0.,0.));
#9632=DIRECTION('',(1.,0.,0.));
#9633=DIRECTION('',(0.,1.,0.));
#9634=DIRECTION('',(1.,0.,0.));
#9635=DIRECTION('center_axis',(3.64007549057428E-17,1.,0.));
#9636=DIRECTION('ref_axis',(0.,0.,1.));
#9637=DIRECTION('center_axis',(-3.64007549057428E-17,-1.,0.));
#9638=DIRECTION('ref_axis',(1.04002156873551E-17,-3.78575702202275E-34,
1.));
#9639=DIRECTION('center_axis',(3.64007549057428E-17,1.,0.));
#9640=DIRECTION('ref_axis',(1.04002156873551E-17,0.,1.));
#9641=DIRECTION('center_axis',(-3.64007549057428E-17,-1.,0.));
#9642=DIRECTION('ref_axis',(1.04002156873551E-17,-3.78575702202275E-34,
1.));
#9643=DIRECTION('center_axis',(-3.64007549057428E-17,-1.,0.));
#9644=DIRECTION('ref_axis',(-1.,3.64007549057428E-17,0.));
#9645=DIRECTION('',(0.,0.,-1.));
#9646=DIRECTION('',(-1.,3.64007549057428E-17,0.));
#9647=DIRECTION('',(0.,0.,1.));
#9648=DIRECTION('',(0.,0.,1.));
#9649=DIRECTION('',(-0.707106781186546,2.57392206341602E-17,0.707106781186549));
#9650=DIRECTION('center_axis',(1.,0.,0.));
#9651=DIRECTION('ref_axis',(0.,1.,0.));
#9652=DIRECTION('',(0.,1.,0.));
#9653=DIRECTION('',(0.,0.,1.));
#9654=DIRECTION('',(0.,1.,0.));
#9655=DIRECTION('center_axis',(-5.04646829375071E-17,-1.,0.));
#9656=DIRECTION('ref_axis',(0.,0.,1.));
#9657=DIRECTION('center_axis',(5.04646829375071E-17,1.,0.));
#9658=DIRECTION('ref_axis',(-1.44184808392878E-17,7.27624063995178E-34,
1.));
#9659=DIRECTION('center_axis',(-5.04646829375071E-17,-1.,0.));
#9660=DIRECTION('ref_axis',(-1.44184808392878E-17,0.,1.));
#9661=DIRECTION('center_axis',(5.04646829375071E-17,1.,0.));
#9662=DIRECTION('ref_axis',(1.,-5.04646829375071E-17,0.));
#9663=DIRECTION('',(0.,0.,-1.));
#9664=DIRECTION('',(1.,-5.04646829375071E-17,0.));
#9665=DIRECTION('',(0.,0.,-1.));
#9666=DIRECTION('',(-1.,5.04646829375071E-17,0.));
#9667=DIRECTION('',(0.,0.,1.));
#9668=DIRECTION('',(1.,-5.04646829375071E-17,0.));
#9669=DIRECTION('center_axis',(0.,-1.,0.));
#9670=DIRECTION('ref_axis',(-1.,0.,0.));
#9671=DIRECTION('',(0.,-1.,0.));
#9672=DIRECTION('center_axis',(0.,-0.707106781186548,-0.707106781186548));
#9673=DIRECTION('ref_axis',(-1.,0.,0.));
#9674=DIRECTION('',(0.,-0.707106781186548,0.707106781186548));
#9675=DIRECTION('',(1.,0.,0.));
#9676=DIRECTION('',(0.,-0.707106781186547,0.707106781186547));
#9677=DIRECTION('center_axis',(0.,0.,1.));
#9678=DIRECTION('ref_axis',(1.,0.,0.));
#9679=DIRECTION('',(0.707106781186548,0.,0.707106781186547));
#9680=DIRECTION('center_axis',(0.,0.,1.));
#9681=DIRECTION('ref_axis',(1.,0.,0.));
#9682=DIRECTION('center_axis',(0.707106781186548,0.,-0.707106781186548));
#9683=DIRECTION('ref_axis',(-0.707106781186548,0.,-0.707106781186548));
#9684=DIRECTION('',(-0.707106781186548,2.57392206341602E-17,-0.707106781186548));
#9685=DIRECTION('',(0.,1.,0.));
#9686=DIRECTION('center_axis',(-3.64007549057428E-17,-1.,0.));
#9687=DIRECTION('ref_axis',(-1.,3.64007549057428E-17,0.));
#9688=DIRECTION('',(0.,0.,-1.));
#9689=DIRECTION('',(0.,0.,-1.));
#9690=DIRECTION('',(-1.,3.64007549057428E-17,0.));
#9691=DIRECTION('',(0.,0.,1.));
#9692=DIRECTION('center_axis',(1.,0.,0.));
#9693=DIRECTION('ref_axis',(0.,1.,0.));
#9694=DIRECTION('',(0.,0.,1.));
#9695=DIRECTION('center_axis',(0.,0.,1.));
#9696=DIRECTION('ref_axis',(1.,0.,0.));
#9697=DIRECTION('',(0.,0.,1.));
#9698=DIRECTION('center_axis',(0.,-1.,0.));
#9699=DIRECTION('ref_axis',(1.,0.,0.));
#9700=DIRECTION('',(0.,0.,1.));
#9701=DIRECTION('center_axis',(0.707106781186547,0.,-0.707106781186548));
#9702=DIRECTION('ref_axis',(-0.707106781186548,0.,-0.707106781186547));
#9703=DIRECTION('',(0.707106781186548,0.,0.707106781186547));
#9704=DIRECTION('',(0.,1.,0.));
#9705=DIRECTION('',(0.707106781186548,0.,0.707106781186547));
#9706=DIRECTION('center_axis',(0.,0.,1.));
#9707=DIRECTION('ref_axis',(1.,0.,0.));
#9708=DIRECTION('',(0.,0.707106781186546,0.707106781186549));
#9709=DIRECTION('center_axis',(0.,0.,1.));
#9710=DIRECTION('ref_axis',(1.,0.,0.));
#9711=DIRECTION('center_axis',(0.,0.707106781186547,-0.707106781186548));
#9712=DIRECTION('ref_axis',(-1.,0.,0.));
#9713=DIRECTION('',(0.,-0.707106781186548,-0.707106781186547));
#9714=DIRECTION('',(-1.,0.,0.));
#9715=DIRECTION('center_axis',(1.,0.,0.));
#9716=DIRECTION('ref_axis',(0.,-1.,0.));
#9717=DIRECTION('',(0.,0.,-1.));
#9718=DIRECTION('',(0.,0.,1.));
#9719=DIRECTION('',(0.,-1.,0.));
#9720=DIRECTION('center_axis',(0.,1.,0.));
#9721=DIRECTION('ref_axis',(-1.,0.,0.));
#9722=DIRECTION('',(0.,0.,1.));
#9723=DIRECTION('center_axis',(0.,0.,1.));
#9724=DIRECTION('ref_axis',(1.,0.,0.));
#9725=DIRECTION('',(0.,0.,1.));
#9726=DIRECTION('center_axis',(1.,0.,0.));
#9727=DIRECTION('ref_axis',(0.,1.,0.));
#9728=DIRECTION('',(0.,0.,1.));
#9729=DIRECTION('center_axis',(0.,0.707106781186547,-0.707106781186548));
#9730=DIRECTION('ref_axis',(-1.,0.,0.));
#9731=DIRECTION('',(0.,0.707106781186548,0.707106781186547));
#9732=DIRECTION('',(-1.,0.,0.));
#9733=DIRECTION('',(0.,0.707106781186548,0.707106781186547));
#9734=DIRECTION('center_axis',(0.,0.,1.));
#9735=DIRECTION('ref_axis',(-1.,0.,0.));
#9736=DIRECTION('',(-0.707106781186546,0.,0.707106781186549));
#9737=DIRECTION('center_axis',(0.,0.,1.));
#9738=DIRECTION('ref_axis',(-1.,0.,0.));
#9739=DIRECTION('center_axis',(-0.707106781186549,0.,-0.707106781186546));
#9740=DIRECTION('ref_axis',(-0.707106781186546,0.,0.707106781186549));
#9741=DIRECTION('',(0.707106781186546,0.,-0.707106781186549));
#9742=DIRECTION('',(0.,-1.,0.));
#9743=DIRECTION('center_axis',(0.,1.,0.));
#9744=DIRECTION('ref_axis',(1.,0.,0.));
#9745=DIRECTION('',(0.,0.,-1.));
#9746=DIRECTION('',(0.,0.,1.));
#9747=DIRECTION('',(1.,0.,0.));
#9748=DIRECTION('center_axis',(-1.,0.,0.));
#9749=DIRECTION('ref_axis',(0.,-1.,0.));
#9750=DIRECTION('',(0.,0.,1.));
#9751=DIRECTION('center_axis',(0.,0.,1.));
#9752=DIRECTION('ref_axis',(1.,0.,0.));
#9753=DIRECTION('',(0.,0.,1.));
#9754=DIRECTION('center_axis',(0.,1.,0.));
#9755=DIRECTION('ref_axis',(-1.,0.,0.));
#9756=DIRECTION('',(0.,0.,1.));
#9757=DIRECTION('center_axis',(-0.707106781186549,0.,-0.707106781186546));
#9758=DIRECTION('ref_axis',(-0.707106781186546,0.,0.707106781186549));
#9759=DIRECTION('',(0.,-1.,0.));
#9760=DIRECTION('',(-0.707106781186546,0.,0.707106781186549));
#9761=DIRECTION('center_axis',(0.,0.,1.));
#9762=DIRECTION('ref_axis',(-1.,0.,0.));
#9763=DIRECTION('',(0.,-0.707106781186549,0.707106781186546));
#9764=DIRECTION('center_axis',(0.,0.,1.));
#9765=DIRECTION('ref_axis',(-1.,0.,0.));
#9766=DIRECTION('center_axis',(0.,-0.707106781186548,-0.707106781186547));
#9767=DIRECTION('ref_axis',(-1.,0.,0.));
#9768=DIRECTION('',(0.,0.707106781186547,-0.707106781186548));
#9769=DIRECTION('',(1.,0.,0.));
#9770=DIRECTION('center_axis',(-1.,0.,0.));
#9771=DIRECTION('ref_axis',(0.,1.,0.));
#9772=DIRECTION('',(0.,0.,-1.));
#9773=DIRECTION('',(0.,1.,0.));
#9774=DIRECTION('center_axis',(0.,-1.,0.));
#9775=DIRECTION('ref_axis',(1.,0.,0.));
#9776=DIRECTION('',(0.,0.,1.));
#9777=DIRECTION('center_axis',(0.,0.,1.));
#9778=DIRECTION('ref_axis',(1.,0.,0.));
#9779=DIRECTION('',(0.,0.,1.));
#9780=DIRECTION('center_axis',(-1.,0.,0.));
#9781=DIRECTION('ref_axis',(0.,-1.,0.));
#9782=DIRECTION('center_axis',(0.,0.,-1.));
#9783=DIRECTION('ref_axis',(-0.707106781186547,-0.707106781186548,0.));
#9784=DIRECTION('',(0.,0.,-1.));
#9785=DIRECTION('center_axis',(0.,0.,-1.));
#9786=DIRECTION('ref_axis',(-0.707106781186547,-0.707106781186548,0.));
#9787=DIRECTION('',(0.,0.,1.));
#9788=DIRECTION('center_axis',(1.,1.88087234025324E-16,0.));
#9789=DIRECTION('ref_axis',(1.88087234025324E-16,-1.,0.));
#9790=DIRECTION('',(0.,0.,1.));
#9791=DIRECTION('',(1.88087234025324E-16,-1.,0.));
#9792=DIRECTION('center_axis',(0.,0.,-1.));
#9793=DIRECTION('ref_axis',(-0.707106781186545,-0.70710678118655,0.));
#9794=DIRECTION('center_axis',(0.,0.,1.));
#9795=DIRECTION('ref_axis',(-0.707106781186545,-0.70710678118655,0.));
#9796=DIRECTION('',(0.,0.,1.));
#9797=DIRECTION('center_axis',(0.,0.,1.));
#9798=DIRECTION('ref_axis',(-0.707106781186545,-0.70710678118655,0.));
#9799=DIRECTION('',(0.,0.,-1.));
#9800=DIRECTION('center_axis',(-7.105427357601E-17,-1.,0.));
#9801=DIRECTION('ref_axis',(-1.,7.105427357601E-17,0.));
#9802=DIRECTION('',(-1.,7.105427357601E-17,0.));
#9803=DIRECTION('',(0.,0.,1.));
#9804=DIRECTION('',(-1.,7.105427357601E-17,0.));
#9805=DIRECTION('center_axis',(0.,0.,-1.));
#9806=DIRECTION('ref_axis',(-0.707106781186546,0.707106781186549,0.));
#9807=DIRECTION('',(0.,0.,-1.));
#9808=DIRECTION('center_axis',(0.,0.,-1.));
#9809=DIRECTION('ref_axis',(-0.707106781186546,0.707106781186549,0.));
#9810=DIRECTION('center_axis',(4.52782636470292E-18,-1.,0.));
#9811=DIRECTION('ref_axis',(-1.,-4.52782636470292E-18,0.));
#9812=DIRECTION('',(0.,0.,1.));
#9813=DIRECTION('',(-1.,-4.52782636470292E-18,0.));
#9814=DIRECTION('center_axis',(0.,0.,-1.));
#9815=DIRECTION('ref_axis',(-0.707106781186547,0.707106781186548,0.));
#9816=DIRECTION('center_axis',(0.,0.,1.));
#9817=DIRECTION('ref_axis',(-0.707106781186547,0.707106781186548,0.));
#9818=DIRECTION('',(0.,0.,1.));
#9819=DIRECTION('center_axis',(0.,0.,1.));
#9820=DIRECTION('ref_axis',(-0.707106781186547,0.707106781186548,0.));
#9821=DIRECTION('',(0.,0.,-1.));
#9822=DIRECTION('center_axis',(-1.,-1.50951376155175E-16,0.));
#9823=DIRECTION('ref_axis',(-1.50951376155175E-16,1.,0.));
#9824=DIRECTION('',(-1.50951376155175E-16,1.,0.));
#9825=DIRECTION('',(-1.50951376155175E-16,1.,0.));
#9826=DIRECTION('center_axis',(0.,0.,-1.));
#9827=DIRECTION('ref_axis',(0.707106781186552,0.707106781186543,0.));
#9828=DIRECTION('center_axis',(0.,0.,1.));
#9829=DIRECTION('ref_axis',(0.707106781186552,0.707106781186543,0.));
#9830=DIRECTION('',(0.,0.,1.));
#9831=DIRECTION('center_axis',(0.,0.,1.));
#9832=DIRECTION('ref_axis',(0.707106781186552,0.707106781186543,0.));
#9833=DIRECTION('',(0.,0.,-1.));
#9834=DIRECTION('center_axis',(0.,1.,0.));
#9835=DIRECTION('ref_axis',(1.,0.,0.));
#9836=DIRECTION('',(1.,0.,0.));
#9837=DIRECTION('',(1.,0.,0.));
#9838=DIRECTION('center_axis',(0.,0.,-1.));
#9839=DIRECTION('ref_axis',(0.707106781186545,0.70710678118655,0.));
#9840=DIRECTION('',(0.,0.,-1.));
#9841=DIRECTION('center_axis',(0.,0.,-1.));
#9842=DIRECTION('ref_axis',(0.707106781186545,0.70710678118655,0.));
#9843=DIRECTION('center_axis',(-1.,0.,0.));
#9844=DIRECTION('ref_axis',(0.,1.,0.));
#9845=DIRECTION('',(0.,0.,1.));
#9846=DIRECTION('',(0.,1.,0.));
#9847=DIRECTION('center_axis',(0.,0.,-1.));
#9848=DIRECTION('ref_axis',(0.707106781186543,-0.707106781186552,0.));
#9849=DIRECTION('center_axis',(0.,0.,1.));
#9850=DIRECTION('ref_axis',(0.707106781186543,-0.707106781186552,0.));
#9851=DIRECTION('center_axis',(0.,0.,1.));
#9852=DIRECTION('ref_axis',(0.707106781186543,-0.707106781186552,0.));
#9853=DIRECTION('',(0.,0.,-1.));
#9854=DIRECTION('center_axis',(1.,3.11641550771974E-16,0.));
#9855=DIRECTION('ref_axis',(3.11641550771974E-16,-1.,0.));
#9856=DIRECTION('',(3.11641550771974E-16,-1.,0.));
#9857=DIRECTION('',(3.11641550771974E-16,-1.,0.));
#9858=DIRECTION('center_axis',(0.,0.,-1.));
#9859=DIRECTION('ref_axis',(0.707106781186543,-0.707106781186552,0.));
#9860=DIRECTION('',(0.,0.,-1.));
#9861=DIRECTION('center_axis',(0.,0.,-1.));
#9862=DIRECTION('ref_axis',(0.707106781186543,-0.707106781186552,0.));
#9863=DIRECTION('center_axis',(0.,0.,-1.));
#9864=DIRECTION('ref_axis',(0.707106781186554,0.707106781186541,0.));
#9865=DIRECTION('',(0.,0.,-1.));
#9866=DIRECTION('center_axis',(0.,0.,-1.));
#9867=DIRECTION('ref_axis',(0.707106781186554,0.707106781186541,0.));
#9868=DIRECTION('',(0.,0.,1.));
#9869=DIRECTION('center_axis',(-1.,0.,0.));
#9870=DIRECTION('ref_axis',(0.,1.,0.));
#9871=DIRECTION('',(0.,0.,1.));
#9872=DIRECTION('',(0.,1.,0.));
#9873=DIRECTION('center_axis',(0.,0.,-1.));
#9874=DIRECTION('ref_axis',(0.707106781186552,0.707106781186543,0.));
#9875=DIRECTION('center_axis',(0.,0.,1.));
#9876=DIRECTION('ref_axis',(0.707106781186552,0.707106781186543,0.));
#9877=DIRECTION('',(0.,0.,1.));
#9878=DIRECTION('',(0.,0.,-1.));
#9879=DIRECTION('center_axis',(0.,1.,0.));
#9880=DIRECTION('ref_axis',(1.,0.,0.));
#9881=DIRECTION('',(0.,0.,1.));
#9882=DIRECTION('',(1.,0.,0.));
#9883=DIRECTION('center_axis',(0.,0.,-1.));
#9884=DIRECTION('ref_axis',(0.707106781186552,-0.707106781186543,0.));
#9885=DIRECTION('',(0.,0.,-1.));
#9886=DIRECTION('center_axis',(0.,0.,-1.));
#9887=DIRECTION('ref_axis',(0.707106781186552,-0.707106781186543,0.));
#9888=DIRECTION('center_axis',(0.,1.,0.));
#9889=DIRECTION('ref_axis',(1.,0.,0.));
#9890=DIRECTION('',(0.,0.,1.));
#9891=DIRECTION('',(1.,0.,0.));
#9892=DIRECTION('center_axis',(0.,0.,-1.));
#9893=DIRECTION('ref_axis',(0.707106781186552,-0.707106781186543,0.));
#9894=DIRECTION('center_axis',(0.,0.,1.));
#9895=DIRECTION('ref_axis',(0.707106781186552,-0.707106781186543,0.));
#9896=DIRECTION('',(0.,0.,1.));
#9897=DIRECTION('',(0.,0.,-1.));
#9898=DIRECTION('center_axis',(1.,0.,0.));
#9899=DIRECTION('ref_axis',(0.,-1.,0.));
#9900=DIRECTION('',(0.,-1.,0.));
#9901=DIRECTION('center_axis',(0.,0.,-1.));
#9902=DIRECTION('ref_axis',(-0.707106781186543,-0.707106781186552,0.));
#9903=DIRECTION('center_axis',(0.,0.,1.));
#9904=DIRECTION('ref_axis',(-0.707106781186543,-0.707106781186552,0.));
#9905=DIRECTION('',(0.,0.,1.));
#9906=DIRECTION('',(0.,0.,-1.));
#9907=DIRECTION('center_axis',(0.,-1.,0.));
#9908=DIRECTION('ref_axis',(-1.,0.,0.));
#9909=DIRECTION('',(-1.,0.,0.));
#9910=DIRECTION('center_axis',(0.,0.,-1.));
#9911=DIRECTION('ref_axis',(-0.707106781186548,-0.707106781186548,0.));
#9912=DIRECTION('',(0.,0.,-1.));
#9913=DIRECTION('center_axis',(0.,0.,-1.));
#9914=DIRECTION('ref_axis',(-0.707106781186548,-0.707106781186548,0.));
#9915=DIRECTION('center_axis',(1.,0.,0.));
#9916=DIRECTION('ref_axis',(0.,-1.,0.));
#9917=DIRECTION('',(0.,0.,1.));
#9918=DIRECTION('',(0.,-1.,0.));
#9919=DIRECTION('center_axis',(0.,0.,-1.));
#9920=DIRECTION('ref_axis',(-0.70710678118655,0.707106781186545,0.));
#9921=DIRECTION('center_axis',(0.,0.,1.));
#9922=DIRECTION('ref_axis',(-0.70710678118655,0.707106781186545,0.));
#9923=DIRECTION('',(0.,0.,-1.));
#9924=DIRECTION('center_axis',(-1.,0.,0.));
#9925=DIRECTION('ref_axis',(0.,1.,0.));
#9926=DIRECTION('',(0.,1.,0.));
#9927=DIRECTION('center_axis',(0.,0.,-1.));
#9928=DIRECTION('ref_axis',(-0.707106781186548,0.707106781186548,0.));
#9929=DIRECTION('',(0.,0.,-1.));
#9930=DIRECTION('center_axis',(0.,0.,-1.));
#9931=DIRECTION('ref_axis',(-0.707106781186548,0.707106781186548,0.));
#9932=DIRECTION('center_axis',(-1.,0.,0.));
#9933=DIRECTION('ref_axis',(0.,-1.,0.));
#9934=DIRECTION('',(0.,-1.,0.));
#9935=DIRECTION('center_axis',(0.,0.,-1.));
#9936=DIRECTION('ref_axis',(-1.,0.,0.));
#9937=DIRECTION('center_axis',(0.,0.,1.));
#9938=DIRECTION('ref_axis',(0.707106781186549,0.707106781186546,0.));
#9939=DIRECTION('',(0.,-1.,0.));
#9940=DIRECTION('center_axis',(0.,0.,1.));
#9941=DIRECTION('ref_axis',(0.707106781186549,-0.707106781186546,0.));
#9942=DIRECTION('',(-1.,0.,0.));
#9943=DIRECTION('center_axis',(0.,0.,1.));
#9944=DIRECTION('ref_axis',(-0.707106781186548,-0.707106781186548,0.));
#9945=DIRECTION('',(0.,1.,0.));
#9946=DIRECTION('center_axis',(0.,0.,1.));
#9947=DIRECTION('ref_axis',(-0.707106781186548,0.707106781186547,0.));
#9948=DIRECTION('center_axis',(0.,1.,0.));
#9949=DIRECTION('ref_axis',(1.,0.,0.));
#9950=DIRECTION('',(1.,0.,0.));
#9951=DIRECTION('center_axis',(0.,0.,-1.));
#9952=DIRECTION('ref_axis',(-1.,0.,0.));
#9953=DIRECTION('center_axis',(0.,-1.,0.));
#9954=DIRECTION('ref_axis',(-1.,0.,0.));
#9955=DIRECTION('',(-1.,0.,0.));
#9956=DIRECTION('center_axis',(0.,0.,-1.));
#9957=DIRECTION('ref_axis',(-1.,0.,0.));
#9958=DIRECTION('center_axis',(0.,-1.,0.));
#9959=DIRECTION('ref_axis',(1.,0.,0.));
#9960=DIRECTION('',(0.,0.,1.));
#9961=DIRECTION('center_axis',(0.,0.,1.));
#9962=DIRECTION('ref_axis',(-0.707106781186547,0.707106781186548,0.));
#9963=DIRECTION('',(0.,0.,-1.));
#9964=DIRECTION('center_axis',(1.,0.,0.));
#9965=DIRECTION('ref_axis',(0.,1.,0.));
#9966=DIRECTION('center_axis',(0.,0.,1.));
#9967=DIRECTION('ref_axis',(-0.707106781186547,-0.707106781186547,0.));
#9968=DIRECTION('center_axis',(0.,0.,-1.));
#9969=DIRECTION('ref_axis',(-1.,0.,0.));
#9970=DIRECTION('center_axis',(1.,0.,0.));
#9971=DIRECTION('ref_axis',(0.,1.,0.));
#9972=DIRECTION('center_axis',(0.,0.,-1.));
#9973=DIRECTION('ref_axis',(0.707106781186549,0.707106781186546,0.));
#9974=DIRECTION('center_axis',(3.70074341541718E-16,1.,0.));
#9975=DIRECTION('ref_axis',(0.,0.,1.));
#9976=DIRECTION('center_axis',(0.,0.,1.));
#9977=DIRECTION('ref_axis',(0.707106781186549,0.707106781186546,0.));
#9978=DIRECTION('center_axis',(0.,1.,0.));
#9979=DIRECTION('ref_axis',(0.707106781186552,0.,0.707106781186543));
#9980=DIRECTION('center_axis',(0.,1.,0.));
#9981=DIRECTION('ref_axis',(0.,0.,1.));
#9982=DIRECTION('',(0.,1.,0.));
#9983=DIRECTION('',(0.,-1.,0.));
#9984=DIRECTION('center_axis',(0.,0.,-1.));
#9985=DIRECTION('ref_axis',(-1.,0.,0.));
#9986=DIRECTION('center_axis',(1.,0.,0.));
#9987=DIRECTION('ref_axis',(0.,0.,1.));
#9988=DIRECTION('center_axis',(0.,0.,1.));
#9989=DIRECTION('ref_axis',(0.707106781186549,-0.707106781186546,0.));
#9990=DIRECTION('center_axis',(0.,0.,-1.));
#9991=DIRECTION('ref_axis',(0.707106781186549,-0.707106781186546,0.));
#9992=DIRECTION('center_axis',(1.,0.,0.));
#9993=DIRECTION('ref_axis',(0.,-0.707106781186548,0.707106781186547));
#9994=DIRECTION('center_axis',(1.,0.,0.));
#9995=DIRECTION('ref_axis',(0.,0.,1.));
#9996=DIRECTION('',(1.,0.,0.));
#9997=DIRECTION('',(-1.,0.,0.));
#9998=DIRECTION('center_axis',(0.,0.,-1.));
#9999=DIRECTION('ref_axis',(-1.,0.,0.));
#10000=DIRECTION('center_axis',(0.,-1.,0.));
#10001=DIRECTION('ref_axis',(0.,0.,1.));
#10002=DIRECTION('center_axis',(0.,0.,1.));
#10003=DIRECTION('ref_axis',(-0.707106781186547,-0.707106781186548,0.));
#10004=DIRECTION('center_axis',(0.,0.,-1.));
#10005=DIRECTION('ref_axis',(-0.707106781186547,-0.707106781186548,0.));
#10006=DIRECTION('center_axis',(0.,-1.,0.));
#10007=DIRECTION('ref_axis',(-0.707106781186547,0.,0.707106781186548));
#10008=DIRECTION('center_axis',(-2.96059473233375E-15,-1.,0.));
#10009=DIRECTION('ref_axis',(0.,0.,1.));
#10010=DIRECTION('',(0.,-1.,0.));
#10011=DIRECTION('',(0.,1.,0.));
#10012=DIRECTION('center_axis',(0.,0.,-1.));
#10013=DIRECTION('ref_axis',(-1.,0.,0.));
#10014=DIRECTION('center_axis',(-1.,-1.85037170770859E-16,0.));
#10015=DIRECTION('ref_axis',(0.,0.,1.));
#10016=DIRECTION('center_axis',(0.,0.,1.));
#10017=DIRECTION('ref_axis',(-0.707106781186548,0.707106781186547,0.));
#10018=DIRECTION('center_axis',(0.,0.,-1.));
#10019=DIRECTION('ref_axis',(-0.707106781186548,0.707106781186547,0.));
#10020=DIRECTION('center_axis',(-1.,5.04646829375071E-17,0.));
#10021=DIRECTION('ref_axis',(0.,0.707106781186547,0.707106781186547));
#10022=DIRECTION('',(1.,-5.04646829375071E-17,0.));
#10023=DIRECTION('center_axis',(-1.,0.,0.));
#10024=DIRECTION('ref_axis',(0.,1.,0.));
#10025=DIRECTION('',(0.,0.,1.));
#10026=DIRECTION('',(0.,0.,-1.));
#10027=DIRECTION('center_axis',(0.,0.,-1.));
#10028=DIRECTION('ref_axis',(-0.707106781186548,0.707106781186547,0.));
#10029=DIRECTION('center_axis',(0.,0.,1.));
#10030=DIRECTION('ref_axis',(0.707106781186549,0.707106781186546,0.));
#10031=DIRECTION('',(0.,0.,-1.));
#10032=DIRECTION('center_axis',(0.,0.,1.));
#10033=DIRECTION('ref_axis',(1.,0.,0.));
#10034=DIRECTION('center_axis',(0.,0.,1.));
#10035=DIRECTION('ref_axis',(0.707106781186549,-0.707106781186546,0.));
#10036=DIRECTION('',(0.,0.,-1.));
#10037=DIRECTION('',(0.,0.,1.));
#10038=DIRECTION('center_axis',(1.,0.,0.));
#10039=DIRECTION('ref_axis',(0.,-1.,0.));
#10040=DIRECTION('center_axis',(0.,0.,1.));
#10041=DIRECTION('ref_axis',(-0.707106781186548,-0.707106781186548,0.));
#10042=DIRECTION('',(0.,0.,1.));
#10043=DIRECTION('center_axis',(0.,-1.,0.));
#10044=DIRECTION('ref_axis',(-1.,0.,0.));
#10045=DIRECTION('center_axis',(-1.,0.,0.));
#10046=DIRECTION('ref_axis',(0.,1.,0.));
#10047=DIRECTION('',(0.,1.,0.));
#10048=DIRECTION('',(0.,0.,-1.));
#10049=DIRECTION('',(0.,1.,0.));
#10050=DIRECTION('',(0.,0.,-1.));
#10051=DIRECTION('center_axis',(0.,-1.,0.));
#10052=DIRECTION('ref_axis',(-1.,0.,0.));
#10053=DIRECTION('',(-1.,0.,0.));
#10054=DIRECTION('',(0.,0.,-1.));
#10055=DIRECTION('',(-1.,0.,0.));
#10056=DIRECTION('center_axis',(1.,0.,0.));
#10057=DIRECTION('ref_axis',(0.,-1.,0.));
#10058=DIRECTION('',(0.,-1.,0.));
#10059=DIRECTION('',(0.,0.,-1.));
#10060=DIRECTION('',(0.,-1.,0.));
#10061=DIRECTION('center_axis',(0.,1.,0.));
#10062=DIRECTION('ref_axis',(1.,0.,0.));
#10063=DIRECTION('',(1.,0.,0.));
#10064=DIRECTION('',(1.,0.,0.));
#10065=DIRECTION('center_axis',(0.,0.,-1.));
#10066=DIRECTION('ref_axis',(-1.,0.,0.));
#10067=DIRECTION('center_axis',(0.,1.,0.));
#10068=DIRECTION('ref_axis',(0.,0.,-1.));
#10069=DIRECTION('center_axis',(0.,-1.,0.));
#10070=DIRECTION('ref_axis',(0.,0.,-1.));
#10071=DIRECTION('center_axis',(0.,1.,0.));
#10072=DIRECTION('ref_axis',(0.,0.,-1.));
#10073=DIRECTION('center_axis',(0.,-1.,0.));
#10074=DIRECTION('ref_axis',(-1.,0.,0.));
#10075=DIRECTION('',(0.,-1.,0.));
#10076=DIRECTION('center_axis',(0.,-1.,0.));
#10077=DIRECTION('ref_axis',(0.,0.,-1.));
#10078=DIRECTION('',(0.,1.,0.));
#10079=DIRECTION('center_axis',(1.,0.,0.));
#10080=DIRECTION('ref_axis',(0.,1.,0.));
#10081=DIRECTION('',(0.,0.,1.));
#10082=DIRECTION('',(0.,-1.,0.));
#10083=DIRECTION('',(0.,0.,1.));
#10084=DIRECTION('center_axis',(0.,-1.,0.));
#10085=DIRECTION('ref_axis',(0.,0.,-1.));
#10086=DIRECTION('center_axis',(0.,1.,0.));
#10087=DIRECTION('ref_axis',(0.,0.,-1.));
#10088=DIRECTION('center_axis',(0.,-1.,0.));
#10089=DIRECTION('ref_axis',(-1.,0.,0.));
#10090=DIRECTION('',(0.,0.,1.));
#10091=DIRECTION('',(1.,0.,0.));
#10092=DIRECTION('',(0.,0.,1.));
#10093=DIRECTION('',(-1.,0.,0.));
#10094=DIRECTION('',(0.,0.,-1.));
#10095=DIRECTION('',(1.,0.,0.));
#10096=DIRECTION('center_axis',(-1.,0.,0.));
#10097=DIRECTION('ref_axis',(0.,-1.,0.));
#10098=DIRECTION('',(0.,0.,-1.));
#10099=DIRECTION('',(0.,1.,0.));
#10100=DIRECTION('center_axis',(0.,0.,1.));
#10101=DIRECTION('ref_axis',(1.,0.,0.));
#10102=DIRECTION('',(1.,-5.04646829375071E-17,0.));
#10103=DIRECTION('center_axis',(0.,0.,-1.));
#10104=DIRECTION('ref_axis',(-0.707106781186547,0.707106781186548,0.));
#10105=DIRECTION('',(0.,1.,0.));
#10106=DIRECTION('center_axis',(0.,0.,-1.));
#10107=DIRECTION('ref_axis',(-0.707106781186548,-0.707106781186548,0.));
#10108=DIRECTION('',(-1.,0.,0.));
#10109=DIRECTION('center_axis',(0.,0.,-1.));
#10110=DIRECTION('ref_axis',(0.707106781186546,-0.707106781186549,0.));
#10111=DIRECTION('',(0.,-1.,0.));
#10112=DIRECTION('center_axis',(0.,0.,-1.));
#10113=DIRECTION('ref_axis',(0.707106781186549,0.707106781186546,0.));
#10114=DIRECTION('',(1.,-5.04646829375071E-17,0.));
#10115=DIRECTION('center_axis',(0.,0.,1.));
#10116=DIRECTION('ref_axis',(0.98601329718327,0.166666666666666,0.));
#10117=DIRECTION('center_axis',(0.,0.,-1.));
#10118=DIRECTION('ref_axis',(-0.456435464587639,-0.889756521002609,0.));
#10119=DIRECTION('',(1.,0.,0.));
#10120=DIRECTION('center_axis',(0.,0.,-1.));
#10121=DIRECTION('ref_axis',(0.763762615825977,-0.645497224367899,0.));
#10122=DIRECTION('center_axis',(0.,0.,1.));
#10123=DIRECTION('ref_axis',(1.,0.,0.));
#10124=DIRECTION('center_axis',(0.,0.,1.));
#10125=DIRECTION('ref_axis',(1.,0.,0.));
#10126=DIRECTION('center_axis',(0.,0.,-1.));
#10127=DIRECTION('ref_axis',(-0.763762615825976,-0.6454972243679,0.));
#10128=DIRECTION('',(1.,0.,0.));
#10129=DIRECTION('',(0.,1.,0.));
#10130=DIRECTION('',(0.99999987887892,0.00049218100897911,0.));
#10131=DIRECTION('center_axis',(0.,0.,-1.));
#10132=DIRECTION('ref_axis',(-0.764209008876598,0.644968674240732,0.));
#10133=DIRECTION('center_axis',(0.,0.,1.));
#10134=DIRECTION('ref_axis',(1.,0.,0.));
#10135=DIRECTION('center_axis',(0.,0.,1.));
#10136=DIRECTION('ref_axis',(1.,0.,0.));
#10137=DIRECTION('center_axis',(0.,0.,-1.));
#10138=DIRECTION('ref_axis',(0.,-1.,0.));
#10139=DIRECTION('',(-1.,0.,0.));
#10140=DIRECTION('center_axis',(0.,0.,-1.));
#10141=DIRECTION('ref_axis',(-0.456435464587639,0.889756521002609,0.));
#10142=DIRECTION('center_axis',(0.,0.,1.));
#10143=DIRECTION('ref_axis',(0.98601329718327,-0.166666666666666,0.));
#10144=DIRECTION('',(-1.,0.,0.));
#10145=DIRECTION('center_axis',(0.,0.,1.));
#10146=DIRECTION('ref_axis',(-0.707106781186548,-0.707106781186547,0.));
#10147=DIRECTION('center_axis',(0.,0.,-1.));
#10148=DIRECTION('ref_axis',(0.707106781186547,0.707106781186548,0.));
#10149=DIRECTION('center_axis',(0.,0.,1.));
#10150=DIRECTION('ref_axis',(-0.707106781186547,-0.707106781186548,0.));
#10151=DIRECTION('',(0.,1.,0.));
#10152=DIRECTION('center_axis',(0.,0.,1.));
#10153=DIRECTION('ref_axis',(-0.707106781186548,0.707106781186548,0.));
#10154=DIRECTION('center_axis',(0.,0.,-1.));
#10155=DIRECTION('ref_axis',(0.707106781186548,-0.707106781186548,0.));
#10156=DIRECTION('center_axis',(0.,0.,1.));
#10157=DIRECTION('ref_axis',(-0.707106781186548,0.707106781186547,0.));
#10158=DIRECTION('center_axis',(0.,0.,-1.));
#10159=DIRECTION('ref_axis',(1.,0.,0.));
#10160=DIRECTION('center_axis',(0.,0.,-1.));
#10161=DIRECTION('ref_axis',(1.,0.,0.));
#10162=DIRECTION('center_axis',(0.,0.,1.));
#10163=DIRECTION('ref_axis',(1.,0.,0.));
#10164=DIRECTION('center_axis',(1.,0.,0.));
#10165=DIRECTION('ref_axis',(0.,-1.,0.));
#10166=DIRECTION('center_axis',(0.,0.,1.));
#10167=DIRECTION('ref_axis',(0.707106781186548,-0.707106781186548,0.));
#10168=DIRECTION('center_axis',(0.,-1.,0.));
#10169=DIRECTION('ref_axis',(0.,0.,-1.));
#10170=DIRECTION('center_axis',(0.,0.,-1.));
#10171=DIRECTION('ref_axis',(0.707106781186548,-0.707106781186548,0.));
#10172=DIRECTION('center_axis',(0.,-1.,0.));
#10173=DIRECTION('ref_axis',(0.707106781186553,0.,-0.707106781186542));
#10174=DIRECTION('center_axis',(0.,-1.,0.));
#10175=DIRECTION('ref_axis',(0.,0.,-1.));
#10176=DIRECTION('',(0.,-1.,0.));
#10177=DIRECTION('',(0.,1.,0.));
#10178=DIRECTION('center_axis',(0.,0.,1.));
#10179=DIRECTION('ref_axis',(1.,0.,0.));
#10180=DIRECTION('center_axis',(1.,0.,0.));
#10181=DIRECTION('ref_axis',(0.,0.,-1.));
#10182=DIRECTION('center_axis',(0.,0.,-1.));
#10183=DIRECTION('ref_axis',(0.707106781186549,0.707106781186546,0.));
#10184=DIRECTION('center_axis',(0.,0.,1.));
#10185=DIRECTION('ref_axis',(0.707106781186549,0.707106781186546,0.));
#10186=DIRECTION('center_axis',(1.,0.,0.));
#10187=DIRECTION('ref_axis',(0.,0.707106781186548,-0.707106781186547));
#10188=DIRECTION('center_axis',(1.,-7.40148683083437E-16,0.));
#10189=DIRECTION('ref_axis',(0.,0.,-1.));
#10190=DIRECTION('',(1.,0.,0.));
#10191=DIRECTION('',(-1.,0.,0.));
#10192=DIRECTION('center_axis',(0.,0.,1.));
#10193=DIRECTION('ref_axis',(1.,0.,0.));
#10194=DIRECTION('center_axis',(1.85037170770859E-16,1.,0.));
#10195=DIRECTION('ref_axis',(0.,0.,-1.));
#10196=DIRECTION('center_axis',(0.,0.,-1.));
#10197=DIRECTION('ref_axis',(-0.707106781186547,0.707106781186548,0.));
#10198=DIRECTION('center_axis',(0.,0.,1.));
#10199=DIRECTION('ref_axis',(-0.707106781186547,0.707106781186548,0.));
#10200=DIRECTION('center_axis',(0.,1.,0.));
#10201=DIRECTION('ref_axis',(-0.707106781186547,0.,-0.707106781186547));
#10202=DIRECTION('center_axis',(0.,1.,0.));
#10203=DIRECTION('ref_axis',(0.,0.,-1.));
#10204=DIRECTION('',(0.,1.,0.));
#10205=DIRECTION('',(0.,-1.,0.));
#10206=DIRECTION('center_axis',(0.,0.,1.));
#10207=DIRECTION('ref_axis',(1.,0.,0.));
#10208=DIRECTION('center_axis',(-1.,-1.85037170770859E-16,0.));
#10209=DIRECTION('ref_axis',(0.,0.,-1.));
#10210=DIRECTION('center_axis',(0.,0.,-1.));
#10211=DIRECTION('ref_axis',(-0.707106781186547,-0.707106781186548,0.));
#10212=DIRECTION('center_axis',(0.,0.,1.));
#10213=DIRECTION('ref_axis',(-0.707106781186547,-0.707106781186548,0.));
#10214=DIRECTION('center_axis',(-1.,0.,0.));
#10215=DIRECTION('ref_axis',(0.,-0.707106781186549,-0.707106781186546));
#10216=DIRECTION('',(1.,0.,0.));
#10217=DIRECTION('',(-1.,0.,0.));
#10218=DIRECTION('center_axis',(-1.,0.,0.));
#10219=DIRECTION('ref_axis',(0.,1.,0.));
#10220=DIRECTION('',(0.,0.,-1.));
#10221=DIRECTION('',(0.,0.,1.));
#10222=DIRECTION('center_axis',(0.,0.,-1.));
#10223=DIRECTION('ref_axis',(-0.707106781186548,-0.707106781186548,0.));
#10224=DIRECTION('',(0.,0.,1.));
#10225=DIRECTION('center_axis',(0.,-1.,0.));
#10226=DIRECTION('ref_axis',(-1.,0.,0.));
#10227=DIRECTION('',(0.,0.,-1.));
#10228=DIRECTION('center_axis',(0.,0.,-1.));
#10229=DIRECTION('ref_axis',(0.707106781186546,-0.707106781186549,0.));
#10230=DIRECTION('',(0.,0.,1.));
#10231=DIRECTION('center_axis',(0.,0.,-1.));
#10232=DIRECTION('ref_axis',(-1.,0.,0.));
#10233=DIRECTION('center_axis',(0.,0.,1.));
#10234=DIRECTION('ref_axis',(1.,0.,0.));
#10235=DIRECTION('center_axis',(0.,0.,1.));
#10236=DIRECTION('ref_axis',(1.,0.,0.));
#10237=DIRECTION('center_axis',(0.,0.,1.));
#10238=DIRECTION('ref_axis',(1.,0.,0.));
#10239=DIRECTION('center_axis',(0.,0.,1.));
#10240=DIRECTION('ref_axis',(1.,0.,0.));
#10241=DIRECTION('center_axis',(0.,0.,-1.));
#10242=DIRECTION('ref_axis',(0.707106781186549,0.707106781186546,0.));
#10243=DIRECTION('',(0.,0.,1.));
#10244=DIRECTION('',(0.,0.,-1.));
#10245=DIRECTION('center_axis',(0.,1.,0.));
#10246=DIRECTION('ref_axis',(1.,0.,0.));
#10247=DIRECTION('',(0.,0.,-1.));
#10248=DIRECTION('center_axis',(0.,0.,-1.));
#10249=DIRECTION('ref_axis',(-0.707106781186547,0.707106781186548,0.));
#10250=DIRECTION('center_axis',(0.,-0.707106781186546,0.707106781186549));
#10251=DIRECTION('ref_axis',(1.,0.,0.));
#10252=DIRECTION('',(-1.,0.,0.));
#10253=DIRECTION('',(0.,-0.707106781186549,-0.707106781186546));
#10254=DIRECTION('',(1.,0.,0.));
#10255=DIRECTION('center_axis',(0.,0.,-1.));
#10256=DIRECTION('ref_axis',(-1.,0.,0.));
#10257=DIRECTION('center_axis',(0.,0.,1.));
#10258=DIRECTION('ref_axis',(-1.,0.,0.));
#10259=DIRECTION('center_axis',(0.,0.,-1.));
#10260=DIRECTION('ref_axis',(-1.,0.,0.));
#10261=DIRECTION('center_axis',(-0.00172521404274939,-0.707104676576606,
0.707106781186548));
#10262=DIRECTION('ref_axis',(0.999997023649795,0.,0.00243981383549068));
#10263=DIRECTION('',(0.999997023632077,-0.00243982109725271,0.));
#10264=DIRECTION('',(0.577819240952537,0.576411180989811,0.577819240952536));
#10265=DIRECTION('',(-0.999997023632077,0.00243982109725271,0.));
#10266=DIRECTION('center_axis',(-0.707106781186546,0.,0.707106781186549));
#10267=DIRECTION('ref_axis',(0.707106781186549,0.,0.707106781186546));
#10268=DIRECTION('',(0.,1.,0.));
#10269=DIRECTION('',(0.,-1.,0.));
#10270=DIRECTION('',(0.577350269189625,-0.577350269189629,0.577350269189624));
#10271=DIRECTION('center_axis',(0.,0.,-1.));
#10272=DIRECTION('ref_axis',(-1.,0.,0.));
#10273=DIRECTION('center_axis',(0.,0.,-1.));
#10274=DIRECTION('ref_axis',(-1.,0.,0.));
#10275=DIRECTION('',(7.68545604329428E-9,0.707106781186546,-0.707106781186549));
#10276=DIRECTION('center_axis',(0.,0.,1.));
#10277=DIRECTION('ref_axis',(-1.,0.,0.));
#10278=DIRECTION('center_axis',(0.,0.707106781186546,0.707106781186549));
#10279=DIRECTION('ref_axis',(1.,0.,0.));
#10280=DIRECTION('',(-1.,0.,0.));
#10281=DIRECTION('',(1.,0.,0.));
#10282=DIRECTION('center_axis',(0.,0.,-1.));
#10283=DIRECTION('ref_axis',(-0.456435464587639,-0.889756521002609,0.));
#10284=DIRECTION('center_axis',(0.,0.,-1.));
#10285=DIRECTION('ref_axis',(-0.456435464587639,-0.889756521002609,0.));
#10286=DIRECTION('',(-0.574335364670424,-0.412478955692153,-0.707106781186549));
#10287=DIRECTION('center_axis',(0.,0.,1.));
#10288=DIRECTION('ref_axis',(-0.456435464587639,-0.889756521002609,0.));
#10289=DIRECTION('center_axis',(0.,0.,1.));
#10290=DIRECTION('ref_axis',(0.986013297183269,0.166666666666666,0.));
#10291=DIRECTION('',(0.,-0.707106781186546,-0.707106781186549));
#10292=DIRECTION('center_axis',(0.,0.,-1.));
#10293=DIRECTION('ref_axis',(0.986013297183269,0.166666666666666,0.));
#10294=DIRECTION('center_axis',(0.,0.,1.));
#10295=DIRECTION('ref_axis',(0.98601329718327,0.166666666666666,0.));
#10296=DIRECTION('center_axis',(0.,-0.707106781186548,0.707106781186548));
#10297=DIRECTION('ref_axis',(1.,0.,0.));
#10298=DIRECTION('',(0.,-0.707106781186547,-0.707106781186547));
#10299=DIRECTION('',(1.,0.,0.));
#10300=DIRECTION('center_axis',(0.,0.,1.));
#10301=DIRECTION('ref_axis',(-0.707106781186548,0.707106781186547,0.));
#10302=DIRECTION('',(0.707106781186549,0.,-0.707106781186546));
#10303=DIRECTION('center_axis',(0.,0.,-1.));
#10304=DIRECTION('ref_axis',(-0.707106781186548,0.707106781186547,0.));
#10305=DIRECTION('center_axis',(0.,0.,1.));
#10306=DIRECTION('ref_axis',(-0.707106781186548,0.707106781186547,0.));
#10307=DIRECTION('center_axis',(0.,0.,-1.));
#10308=DIRECTION('ref_axis',(0.707106781186548,-0.707106781186548,0.));
#10309=DIRECTION('center_axis',(0.,0.,-1.));
#10310=DIRECTION('ref_axis',(0.707106781186548,-0.707106781186548,0.));
#10311=DIRECTION('',(0.,-0.707106781186547,-0.707106781186548));
#10312=DIRECTION('center_axis',(0.,0.,1.));
#10313=DIRECTION('ref_axis',(0.707106781186547,-0.707106781186547,0.));
#10314=DIRECTION('center_axis',(0.,0.,1.));
#10315=DIRECTION('ref_axis',(-0.707106781186548,0.707106781186548,0.));
#10316=DIRECTION('',(0.707106781186547,0.,-0.707106781186548));
#10317=DIRECTION('center_axis',(0.,0.,-1.));
#10318=DIRECTION('ref_axis',(-0.707106781186548,0.707106781186548,0.));
#10319=DIRECTION('center_axis',(0.,0.,1.));
#10320=DIRECTION('ref_axis',(-0.707106781186548,0.707106781186548,0.));
#10321=DIRECTION('center_axis',(0.707106781186548,0.,0.707106781186548));
#10322=DIRECTION('ref_axis',(0.707106781186548,0.,-0.707106781186548));
#10323=DIRECTION('',(0.707106781186547,0.,-0.707106781186547));
#10324=DIRECTION('',(0.,1.,0.));
#10325=DIRECTION('',(0.,-1.,0.));
#10326=DIRECTION('center_axis',(0.,0.,1.));
#10327=DIRECTION('ref_axis',(-0.707106781186547,-0.707106781186548,0.));
#10328=DIRECTION('',(5.23364152894591E-16,0.707106781186548,-0.707106781186547));
#10329=DIRECTION('center_axis',(0.,0.,-1.));
#10330=DIRECTION('ref_axis',(-0.707106781186547,-0.707106781186548,0.));
#10331=DIRECTION('center_axis',(0.,0.,1.));
#10332=DIRECTION('ref_axis',(-0.707106781186547,-0.707106781186548,0.));
#10333=DIRECTION('center_axis',(0.,0.,-1.));
#10334=DIRECTION('ref_axis',(0.707106781186547,0.707106781186548,0.));
#10335=DIRECTION('center_axis',(0.,0.,-1.));
#10336=DIRECTION('ref_axis',(0.707106781186547,0.707106781186548,0.));
#10337=DIRECTION('',(0.707106781186547,0.,-0.707106781186548));
#10338=DIRECTION('center_axis',(0.,0.,1.));
#10339=DIRECTION('ref_axis',(0.707106781186547,0.707106781186548,0.));
#10340=DIRECTION('center_axis',(0.,0.,1.));
#10341=DIRECTION('ref_axis',(-0.707106781186548,-0.707106781186547,0.));
#10342=DIRECTION('',(0.,0.707106781186546,-0.707106781186549));
#10343=DIRECTION('center_axis',(0.,0.,-1.));
#10344=DIRECTION('ref_axis',(-0.707106781186548,-0.707106781186547,0.));
#10345=DIRECTION('center_axis',(0.,0.,1.));
#10346=DIRECTION('ref_axis',(-0.707106781186548,-0.707106781186547,0.));
#10347=DIRECTION('center_axis',(0.,0.707106781186546,0.707106781186549));
#10348=DIRECTION('ref_axis',(1.,0.,0.));
#10349=DIRECTION('',(0.,0.707106781186549,-0.707106781186546));
#10350=DIRECTION('',(-1.,0.,0.));
#10351=DIRECTION('',(1.,0.,0.));
#10352=DIRECTION('center_axis',(0.,0.,1.));
#10353=DIRECTION('ref_axis',(0.986013297183269,-0.166666666666666,0.));
#10354=DIRECTION('',(-0.574335364670424,0.412478955692151,-0.70710678118655));
#10355=DIRECTION('center_axis',(0.,0.,-1.));
#10356=DIRECTION('ref_axis',(0.986013297183269,-0.166666666666666,0.));
#10357=DIRECTION('center_axis',(0.,0.,1.));
#10358=DIRECTION('ref_axis',(0.98601329718327,-0.166666666666666,0.));
#10359=DIRECTION('center_axis',(0.,0.,-1.));
#10360=DIRECTION('ref_axis',(-0.456435464587639,0.889756521002609,0.));
#10361=DIRECTION('center_axis',(0.,0.,-1.));
#10362=DIRECTION('ref_axis',(-0.456435464587639,0.889756521002609,0.));
#10363=DIRECTION('',(0.,0.70710678118655,-0.707106781186545));
#10364=DIRECTION('center_axis',(0.,0.,1.));
#10365=DIRECTION('ref_axis',(-0.456435464587639,0.889756521002609,0.));
#10366=DIRECTION('center_axis',(0.,0.707106781186546,0.707106781186549));
#10367=DIRECTION('ref_axis',(1.,0.,0.));
#10368=DIRECTION('',(-1.,0.,0.));
#10369=DIRECTION('',(1.,0.,0.));
#10370=DIRECTION('center_axis',(0.,0.,-1.));
#10371=DIRECTION('ref_axis',(-0.707106781186548,0.707106781186547,0.));
#10372=DIRECTION('',(0.,0.,1.));
#10373=DIRECTION('center_axis',(0.,0.,1.));
#10374=DIRECTION('ref_axis',(0.98601329718327,0.166666666666666,0.));
#10375=DIRECTION('',(0.,0.,-1.));
#10376=DIRECTION('center_axis',(0.,0.,-1.));
#10377=DIRECTION('ref_axis',(-0.456435464587639,-0.889756521002609,0.));
#10378=DIRECTION('',(0.,0.,1.));
#10379=DIRECTION('center_axis',(0.,-1.,0.));
#10380=DIRECTION('ref_axis',(-1.,0.,0.));
#10381=DIRECTION('',(0.,0.,1.));
#10382=DIRECTION('',(1.,0.,0.));
#10383=DIRECTION('',(0.,0.,-1.));
#10384=DIRECTION('center_axis',(0.,0.,1.));
#10385=DIRECTION('ref_axis',(1.,0.,0.));
#10386=DIRECTION('',(0.,0.,1.));
#10387=DIRECTION('center_axis',(0.,0.,1.));
#10388=DIRECTION('ref_axis',(-1.,0.,0.));
#10389=DIRECTION('center_axis',(-0.00243982109725271,-0.999997023632077,
0.));
#10390=DIRECTION('ref_axis',(0.999997023632077,-0.00243982109725271,0.));
#10391=DIRECTION('',(0.,0.,-1.));
#10392=DIRECTION('',(0.999997023632077,-0.00243982109725271,0.));
#10393=DIRECTION('center_axis',(-1.,0.,0.));
#10394=DIRECTION('ref_axis',(0.,1.,0.));
#10395=DIRECTION('',(0.,0.,1.));
#10396=DIRECTION('',(0.,-0.707106781186545,0.70710678118655));
#10397=DIRECTION('',(0.,-1.,0.));
#10398=DIRECTION('',(0.,0.,1.));
#10399=DIRECTION('',(0.,0.,-1.));
#10400=DIRECTION('',(0.,-1.,0.));
#10401=DIRECTION('',(0.,-0.707107833492301,-0.707105728879228));
#10402=DIRECTION('center_axis',(0.,1.,0.));
#10403=DIRECTION('ref_axis',(-1.,0.,0.));
#10404=DIRECTION('',(0.,0.,1.));
#10405=DIRECTION('',(-1.,0.,0.));
#10406=DIRECTION('center_axis',(0.,0.,1.));
#10407=DIRECTION('ref_axis',(1.,0.,0.));
#10408=DIRECTION('',(0.,0.,-1.));
#10409=DIRECTION('center_axis',(0.,0.,1.));
#10410=DIRECTION('ref_axis',(-1.,0.,0.));
#10411=DIRECTION('center_axis',(0.,0.,1.));
#10412=DIRECTION('ref_axis',(1.,0.,0.));
#10413=DIRECTION('center_axis',(0.,0.,-1.));
#10414=DIRECTION('ref_axis',(1.,0.,0.));
#10415=DIRECTION('center_axis',(0.,0.,-1.));
#10416=DIRECTION('ref_axis',(1.,0.,0.));
#10417=DIRECTION('center_axis',(0.,0.,-1.));
#10418=DIRECTION('ref_axis',(1.,0.,0.));
#10419=DIRECTION('',(-0.707106781186548,-8.65956056235494E-17,-0.707106781186547));
#10420=DIRECTION('center_axis',(0.,0.,1.));
#10421=DIRECTION('ref_axis',(1.,0.,0.));
#10422=DIRECTION('center_axis',(0.,0.,-1.));
#10423=DIRECTION('ref_axis',(1.,0.,0.));
#10424=DIRECTION('',(0.,0.,1.));
#10425=DIRECTION('center_axis',(0.,0.,1.));
#10426=DIRECTION('ref_axis',(1.,0.,0.));
#10427=DIRECTION('center_axis',(0.,0.,-1.));
#10428=DIRECTION('ref_axis',(-1.,0.,0.));
#10429=DIRECTION('center_axis',(0.,0.,-1.));
#10430=DIRECTION('ref_axis',(-1.,0.,0.));
#10431=DIRECTION('center_axis',(-0.0017252140427494,-0.707104676576607,
0.707106781186547));
#10432=DIRECTION('ref_axis',(0.999997023649795,0.,0.00243981383549069));
#10433=DIRECTION('',(-0.999997023632077,0.00243982109725271,0.));
#10434=DIRECTION('center_axis',(0.,0.,1.));
#10435=DIRECTION('ref_axis',(1.,0.,0.));
#10436=DIRECTION('',(1.,0.,0.));
#10437=DIRECTION('center_axis',(0.,0.,-1.));
#10438=DIRECTION('ref_axis',(-0.763762615825976,-0.6454972243679,0.));
#10439=DIRECTION('center_axis',(0.,0.,-1.));
#10440=DIRECTION('ref_axis',(1.,0.,0.));
#10441=DIRECTION('center_axis',(0.,0.,-1.));
#10442=DIRECTION('ref_axis',(0.763762615825977,-0.645497224367899,0.));
#10443=DIRECTION('center_axis',(0.,0.70710678118655,0.707106781186545));
#10444=DIRECTION('ref_axis',(1.,0.,0.));
#10445=DIRECTION('',(0.,-0.707106781186545,0.70710678118655));
#10446=DIRECTION('',(1.,0.,0.));
#10447=DIRECTION('center_axis',(0.,0.,-1.));
#10448=DIRECTION('ref_axis',(-1.,0.,0.));
#10449=DIRECTION('center_axis',(0.,0.,-1.));
#10450=DIRECTION('ref_axis',(-1.,0.,0.));
#10451=DIRECTION('center_axis',(0.,0.,-1.));
#10452=DIRECTION('ref_axis',(0.,-1.,0.));
#10453=DIRECTION('',(0.,0.,-1.));
#10454=DIRECTION('center_axis',(0.,0.,-1.));
#10455=DIRECTION('ref_axis',(0.,-1.,0.));
#10456=DIRECTION('',(0.,0.,1.));
#10457=DIRECTION('center_axis',(0.,1.,0.));
#10458=DIRECTION('ref_axis',(1.,0.,0.));
#10459=DIRECTION('',(0.,0.,-1.));
#10460=DIRECTION('',(-1.,0.,0.));
#10461=DIRECTION('center_axis',(0.,0.,-1.));
#10462=DIRECTION('ref_axis',(1.,0.,0.));
#10463=DIRECTION('center_axis',(0.,0.,1.));
#10464=DIRECTION('ref_axis',(1.,0.,0.));
#10465=DIRECTION('center_axis',(0.,0.,1.));
#10466=DIRECTION('ref_axis',(1.,0.,0.));
#10467=DIRECTION('',(0.,0.,1.));
#10468=DIRECTION('',(0.,0.,1.));
#10469=DIRECTION('center_axis',(0.,0.,-1.));
#10470=DIRECTION('ref_axis',(1.,0.,0.));
#10471=DIRECTION('center_axis',(0.,0.,-1.));
#10472=DIRECTION('ref_axis',(-0.764209008876598,0.644968674240732,0.));
#10473=DIRECTION('',(0.,0.,-1.));
#10474=DIRECTION('center_axis',(0.,0.,-1.));
#10475=DIRECTION('ref_axis',(-0.764209008876598,0.644968674240732,0.));
#10476=DIRECTION('center_axis',(-0.00049218100897911,0.99999987887892,0.));
#10477=DIRECTION('ref_axis',(0.99999987887892,0.00049218100897911,0.));
#10478=DIRECTION('',(-0.99999987887892,-0.00049218100897911,0.));
#10479=DIRECTION('center_axis',(0.,0.,-1.));
#10480=DIRECTION('ref_axis',(-0.763762615825976,-0.6454972243679,0.));
#10481=DIRECTION('',(0.,0.,-1.));
#10482=DIRECTION('',(0.,0.,1.));
#10483=DIRECTION('center_axis',(0.,0.,-1.));
#10484=DIRECTION('ref_axis',(1.,0.,0.));
#10485=DIRECTION('center_axis',(0.,0.,1.));
#10486=DIRECTION('ref_axis',(1.,0.,0.));
#10487=DIRECTION('',(0.,0.,1.));
#10488=DIRECTION('',(0.,0.,1.));
#10489=DIRECTION('center_axis',(0.,0.,-1.));
#10490=DIRECTION('ref_axis',(0.763762615825977,-0.645497224367899,0.));
#10491=DIRECTION('center_axis',(0.,0.,-1.));
#10492=DIRECTION('ref_axis',(-0.456435464587639,0.889756521002609,0.));
#10493=DIRECTION('',(0.,0.,1.));
#10494=DIRECTION('center_axis',(0.,0.,-1.));
#10495=DIRECTION('ref_axis',(0.98601329718327,-0.166666666666666,0.));
#10496=DIRECTION('',(0.,0.,1.));
#10497=DIRECTION('center_axis',(0.,1.,0.));
#10498=DIRECTION('ref_axis',(1.,0.,0.));
#10499=DIRECTION('',(0.,0.,-1.));
#10500=DIRECTION('center_axis',(0.,0.,1.));
#10501=DIRECTION('ref_axis',(-0.707106781186548,-0.707106781186547,0.));
#10502=DIRECTION('',(0.,0.,-1.));
#10503=DIRECTION('center_axis',(0.,0.,1.));
#10504=DIRECTION('ref_axis',(-0.707106781186548,0.707106781186548,0.));
#10505=DIRECTION('',(0.,0.,-1.));
#10506=DIRECTION('',(0.,0.,-1.));
#10507=DIRECTION('center_axis',(0.,0.,-1.));
#10508=DIRECTION('ref_axis',(-0.707106781186547,-0.707106781186548,0.));
#10509=DIRECTION('',(0.,0.,1.));
#10510=DIRECTION('',(0.,0.,1.));
#10511=DIRECTION('center_axis',(0.,0.,-1.));
#10512=DIRECTION('ref_axis',(0.707106781186547,0.707106781186548,0.));
#10513=DIRECTION('center_axis',(0.,0.,-1.));
#10514=DIRECTION('ref_axis',(0.707106781186548,-0.707106781186548,0.));
#10515=DIRECTION('center_axis',(0.,0.,-1.));
#10516=DIRECTION('ref_axis',(1.,0.,0.));
#10517=DIRECTION('center_axis',(0.,0.,-1.));
#10518=DIRECTION('ref_axis',(1.,0.,0.));
#10519=DIRECTION('',(0.707106781186548,-8.65956056235494E-17,0.707106781186547));
#10520=DIRECTION('center_axis',(0.,0.,-1.));
#10521=DIRECTION('ref_axis',(1.,0.,0.));
#10522=DIRECTION('center_axis',(0.,0.,1.));
#10523=DIRECTION('ref_axis',(1.,0.,0.));
#10524=DIRECTION('',(0.,0.,1.));
#10525=DIRECTION('center_axis',(0.,0.,-1.));
#10526=DIRECTION('ref_axis',(1.,0.,0.));
#10527=DIRECTION('center_axis',(0.,0.,-1.));
#10528=DIRECTION('ref_axis',(1.,0.,0.));
#10529=DIRECTION('',(0.707106781186548,-8.65956056235494E-17,0.707106781186547));
#10530=DIRECTION('center_axis',(0.,0.,-1.));
#10531=DIRECTION('ref_axis',(1.,0.,0.));
#10532=DIRECTION('center_axis',(0.,0.,1.));
#10533=DIRECTION('ref_axis',(1.,0.,0.));
#10534=DIRECTION('',(0.,0.,1.));
#10535=DIRECTION('center_axis',(0.,0.,-1.));
#10536=DIRECTION('ref_axis',(-1.,0.,0.));
#10537=DIRECTION('',(0.707106781186546,8.65956056235491E-17,-0.707106781186549));
#10538=DIRECTION('center_axis',(0.,0.,-1.));
#10539=DIRECTION('ref_axis',(-1.,0.,0.));
#10540=DIRECTION('center_axis',(0.,0.,-1.));
#10541=DIRECTION('ref_axis',(-1.,0.,0.));
#10542=DIRECTION('center_axis',(0.,0.,1.));
#10543=DIRECTION('ref_axis',(1.,0.,0.));
#10544=DIRECTION('',(0.,0.,1.));
#10545=DIRECTION('center_axis',(0.,0.,-1.));
#10546=DIRECTION('ref_axis',(1.,0.,0.));
#10547=DIRECTION('',(-0.707106781186548,-8.65956056235495E-17,-0.707106781186547));
#10548=DIRECTION('center_axis',(0.,0.,-1.));
#10549=DIRECTION('ref_axis',(1.,0.,0.));
#10550=DIRECTION('center_axis',(0.,0.,1.));
#10551=DIRECTION('ref_axis',(1.,0.,0.));
#10552=DIRECTION('',(0.,0.,1.));
#10553=DIRECTION('center_axis',(0.,0.,1.));
#10554=DIRECTION('ref_axis',(1.,0.,0.));
#10555=DIRECTION('center_axis',(0.,0.,-1.));
#10556=DIRECTION('ref_axis',(1.,0.,0.));
#10557=DIRECTION('',(0.,0.,1.));
#10558=DIRECTION('center_axis',(1.,0.,0.));
#10559=DIRECTION('ref_axis',(0.,-1.,0.));
#10560=DIRECTION('center_axis',(0.,-1.,0.));
#10561=DIRECTION('ref_axis',(-1.,0.,0.));
#10562=DIRECTION('center_axis',(0.,0.,-1.));
#10563=DIRECTION('ref_axis',(1.,0.,0.));
#10564=DIRECTION('',(0.,0.,1.));
#10565=DIRECTION('center_axis',(1.,0.,0.));
#10566=DIRECTION('ref_axis',(0.,-1.,0.));
#10567=DIRECTION('center_axis',(0.,0.,1.));
#10568=DIRECTION('ref_axis',(-1.,0.,0.));
#10569=DIRECTION('center_axis',(0.,0.,1.));
#10570=DIRECTION('ref_axis',(-1.,0.,0.));
#10571=DIRECTION('center_axis',(0.,0.,-1.));
#10572=DIRECTION('ref_axis',(-1.,0.,0.));
#10573=DIRECTION('center_axis',(0.,0.,1.));
#10574=DIRECTION('ref_axis',(-1.,0.,0.));
#10575=DIRECTION('center_axis',(0.,0.,-1.));
#10576=DIRECTION('ref_axis',(-1.,0.,0.));
#10577=DIRECTION('center_axis',(0.,0.,1.));
#10578=DIRECTION('ref_axis',(-1.,0.,0.));
#10579=DIRECTION('center_axis',(0.,0.,1.));
#10580=DIRECTION('ref_axis',(1.,0.,0.));
#10581=DIRECTION('center_axis',(0.,0.,1.));
#10582=DIRECTION('ref_axis',(1.,0.,0.));
#10583=DIRECTION('center_axis',(0.,0.,-1.));
#10584=DIRECTION('ref_axis',(1.,0.,0.));
#10585=DIRECTION('center_axis',(0.,0.,1.));
#10586=DIRECTION('ref_axis',(1.,0.,0.));
#10587=DIRECTION('center_axis',(0.,0.,-1.));
#10588=DIRECTION('ref_axis',(1.,0.,0.));
#10589=DIRECTION('center_axis',(0.,0.,1.));
#10590=DIRECTION('ref_axis',(1.,0.,0.));
#10591=DIRECTION('center_axis',(0.,0.707106781186548,-0.707106781186548));
#10592=DIRECTION('ref_axis',(-1.,0.,0.));
#10593=DIRECTION('',(1.,0.,0.));
#10594=DIRECTION('',(0.,-0.707106781186548,-0.707106781186548));
#10595=DIRECTION('',(-1.,0.,0.));
#10596=DIRECTION('center_axis',(0.,0.,1.));
#10597=DIRECTION('ref_axis',(0.707106781186548,0.707106781186548,0.));
#10598=DIRECTION('center_axis',(0.,0.,-1.));
#10599=DIRECTION('ref_axis',(0.707106781186548,0.707106781186548,0.));
#10600=DIRECTION('',(-0.707106781186548,0.,-0.707106781186548));
#10601=DIRECTION('center_axis',(0.,0.,1.));
#10602=DIRECTION('ref_axis',(0.707106781186548,0.707106781186548,0.));
#10603=DIRECTION('center_axis',(0.707106781186548,0.,-0.707106781186548));
#10604=DIRECTION('ref_axis',(-0.707106781186548,0.,-0.707106781186548));
#10605=DIRECTION('',(-0.707106781186548,0.,-0.707106781186548));
#10606=DIRECTION('',(0.,1.,0.));
#10607=DIRECTION('',(0.,-1.,0.));
#10608=DIRECTION('center_axis',(0.,0.,1.));
#10609=DIRECTION('ref_axis',(0.707106781186549,-0.707106781186546,0.));
#10610=DIRECTION('center_axis',(0.,0.,-1.));
#10611=DIRECTION('ref_axis',(0.707106781186549,-0.707106781186546,0.));
#10612=DIRECTION('',(0.,0.707106781186548,-0.707106781186548));
#10613=DIRECTION('center_axis',(0.,0.,1.));
#10614=DIRECTION('ref_axis',(0.707106781186549,-0.707106781186546,0.));
#10615=DIRECTION('center_axis',(0.,-0.707106781186548,-0.707106781186548));
#10616=DIRECTION('ref_axis',(-1.,0.,0.));
#10617=DIRECTION('',(1.,0.,0.));
#10618=DIRECTION('',(-1.,0.,0.));
#10619=DIRECTION('center_axis',(-0.707106781186548,0.,-0.707106781186548));
#10620=DIRECTION('ref_axis',(-0.707106781186548,0.,0.707106781186548));
#10621=DIRECTION('',(0.,1.,0.));
#10622=DIRECTION('',(0.707106781186548,0.,-0.707106781186548));
#10623=DIRECTION('',(0.,-1.,0.));
#10624=DIRECTION('center_axis',(0.,0.,1.));
#10625=DIRECTION('ref_axis',(-0.707106781186548,0.707106781186547,0.));
#10626=DIRECTION('center_axis',(0.,0.,-1.));
#10627=DIRECTION('ref_axis',(-0.707106781186548,0.707106781186547,0.));
#10628=DIRECTION('',(0.,-0.707106781186548,-0.707106781186548));
#10629=DIRECTION('center_axis',(0.,0.,1.));
#10630=DIRECTION('ref_axis',(-0.707106781186548,0.707106781186547,0.));
#10631=DIRECTION('center_axis',(1.42735678062162E-16,0.707106781186548,
-0.707106781186547));
#10632=DIRECTION('ref_axis',(-1.,0.,-2.01858731750029E-16));
#10633=DIRECTION('',(0.,-0.707106781186547,-0.707106781186548));
#10634=DIRECTION('',(-1.,2.01858731750028E-16,0.));
#10635=DIRECTION('',(1.,-2.01858731750028E-16,0.));
#10636=DIRECTION('center_axis',(0.,0.,1.));
#10637=DIRECTION('ref_axis',(0.707106781186548,0.707106781186547,0.));
#10638=DIRECTION('center_axis',(0.,0.,-1.));
#10639=DIRECTION('ref_axis',(0.707106781186548,0.707106781186547,0.));
#10640=DIRECTION('',(-0.707106781186551,0.,-0.707106781186544));
#10641=DIRECTION('center_axis',(0.,0.,1.));
#10642=DIRECTION('ref_axis',(0.707106781186548,0.707106781186547,0.));
#10643=DIRECTION('center_axis',(0.707106781186548,0.,-0.707106781186548));
#10644=DIRECTION('ref_axis',(-0.707106781186548,0.,-0.707106781186548));
#10645=DIRECTION('',(0.,1.,0.));
#10646=DIRECTION('',(0.,-1.,0.));
#10647=DIRECTION('center_axis',(0.707106781186548,0.,-0.707106781186548));
#10648=DIRECTION('ref_axis',(-0.707106781186548,0.,-0.707106781186548));
#10649=DIRECTION('',(0.,-1.,0.));
#10650=DIRECTION('',(-0.707106781186548,0.,-0.707106781186548));
#10651=DIRECTION('',(0.,1.,0.));
#10652=DIRECTION('center_axis',(0.,0.,1.));
#10653=DIRECTION('ref_axis',(0.707106781186549,-0.707106781186546,0.));
#10654=DIRECTION('center_axis',(0.,0.,-1.));
#10655=DIRECTION('ref_axis',(0.707106781186549,-0.707106781186546,0.));
#10656=DIRECTION('',(0.,0.707106781186548,-0.707106781186548));
#10657=DIRECTION('center_axis',(0.,0.,1.));
#10658=DIRECTION('ref_axis',(0.707106781186549,-0.707106781186546,0.));
#10659=DIRECTION('center_axis',(0.,-0.707106781186548,-0.707106781186548));
#10660=DIRECTION('ref_axis',(-1.,0.,0.));
#10661=DIRECTION('',(0.,0.707106781186548,-0.707106781186548));
#10662=DIRECTION('',(1.,0.,0.));
#10663=DIRECTION('',(-1.,0.,0.));
#10664=DIRECTION('center_axis',(0.,0.,1.));
#10665=DIRECTION('ref_axis',(-0.707106781186546,-0.707106781186549,0.));
#10666=DIRECTION('center_axis',(0.,0.,-1.));
#10667=DIRECTION('ref_axis',(-0.707106781186546,-0.707106781186549,0.));
#10668=DIRECTION('',(0.707106781186548,0.,-0.707106781186548));
#10669=DIRECTION('center_axis',(0.,0.,1.));
#10670=DIRECTION('ref_axis',(-0.707106781186546,-0.707106781186549,0.));
#10671=DIRECTION('center_axis',(-0.707106781186548,0.,-0.707106781186548));
#10672=DIRECTION('ref_axis',(-0.707106781186548,0.,0.707106781186548));
#10673=DIRECTION('',(0.,-1.,0.));
#10674=DIRECTION('',(0.,1.,0.));
#10675=DIRECTION('center_axis',(0.,-0.707106781186548,-0.707106781186548));
#10676=DIRECTION('ref_axis',(-1.,0.,0.));
#10677=DIRECTION('',(-1.,0.,0.));
#10678=DIRECTION('',(0.,0.707106781186548,-0.707106781186548));
#10679=DIRECTION('',(1.,0.,0.));
#10680=DIRECTION('center_axis',(0.,0.,1.));
#10681=DIRECTION('ref_axis',(-0.707106781186547,-0.707106781186548,0.));
#10682=DIRECTION('center_axis',(0.,0.,-1.));
#10683=DIRECTION('ref_axis',(-0.707106781186547,-0.707106781186548,0.));
#10684=DIRECTION('',(0.707106781186547,0.,-0.707106781186548));
#10685=DIRECTION('center_axis',(0.,0.,1.));
#10686=DIRECTION('ref_axis',(-0.707106781186547,-0.707106781186548,0.));
#10687=DIRECTION('center_axis',(-0.707106781186548,-1.07051758546621E-16,
-0.707106781186547));
#10688=DIRECTION('ref_axis',(-0.707106781186547,0.,0.707106781186548));
#10689=DIRECTION('',(0.707106781186547,0.,-0.707106781186548));
#10690=DIRECTION('',(1.51394048812521E-16,-1.,0.));
#10691=DIRECTION('',(-1.51394048812521E-16,1.,0.));
#10692=DIRECTION('center_axis',(0.,0.,1.));
#10693=DIRECTION('ref_axis',(-0.707106781186547,0.707106781186548,0.));
#10694=DIRECTION('center_axis',(0.,0.,-1.));
#10695=DIRECTION('ref_axis',(-0.707106781186547,0.707106781186548,0.));
#10696=DIRECTION('',(0.,-0.707106781186548,-0.707106781186548));
#10697=DIRECTION('center_axis',(0.,0.,1.));
#10698=DIRECTION('ref_axis',(-0.707106781186547,0.707106781186548,0.));
#10699=DIRECTION('center_axis',(0.,0.707106781186548,-0.707106781186548));
#10700=DIRECTION('ref_axis',(-1.,0.,0.));
#10701=DIRECTION('',(-1.,0.,0.));
#10702=DIRECTION('',(1.,0.,0.));
#10703=DIRECTION('center_axis',(-1.,0.,0.));
#10704=DIRECTION('ref_axis',(0.,-1.,0.));
#10705=DIRECTION('',(0.,0.,-1.));
#10706=DIRECTION('',(0.,0.,1.));
#10707=DIRECTION('',(0.,1.,0.));
#10708=DIRECTION('',(0.,0.,1.));
#10709=DIRECTION('center_axis',(0.,0.,1.));
#10710=DIRECTION('ref_axis',(-0.707106781186546,-0.707106781186549,0.));
#10711=DIRECTION('',(0.,0.,1.));
#10712=DIRECTION('center_axis',(0.,-1.,0.));
#10713=DIRECTION('ref_axis',(1.,0.,0.));
#10714=DIRECTION('',(0.,0.,-1.));
#10715=DIRECTION('center_axis',(0.,0.,1.));
#10716=DIRECTION('ref_axis',(0.707106781186549,-0.707106781186546,0.));
#10717=DIRECTION('',(0.,0.,1.));
#10718=DIRECTION('center_axis',(1.,0.,0.));
#10719=DIRECTION('ref_axis',(0.,1.,0.));
#10720=DIRECTION('',(0.,0.,-1.));
#10721=DIRECTION('',(0.,-1.,0.));
#10722=DIRECTION('',(0.,0.,-1.));
#10723=DIRECTION('center_axis',(0.,0.,1.));
#10724=DIRECTION('ref_axis',(1.,0.,0.));
#10725=DIRECTION('',(0.,0.,1.));
#10726=DIRECTION('center_axis',(0.,0.,1.));
#10727=DIRECTION('ref_axis',(1.,0.,0.));
#10728=DIRECTION('center_axis',(0.,-1.,0.));
#10729=DIRECTION('ref_axis',(1.,0.,0.));
#10730=DIRECTION('',(0.,0.,-1.));
#10731=DIRECTION('',(0.,0.,1.));
#10732=DIRECTION('',(-1.,0.,0.));
#10733=DIRECTION('center_axis',(0.,0.,1.));
#10734=DIRECTION('ref_axis',(0.707106781186549,-0.707106781186546,0.));
#10735=DIRECTION('',(0.,0.,1.));
#10736=DIRECTION('center_axis',(1.,0.,0.));
#10737=DIRECTION('ref_axis',(0.,1.,0.));
#10738=DIRECTION('',(0.,0.,-1.));
#10739=DIRECTION('center_axis',(0.,0.,1.));
#10740=DIRECTION('ref_axis',(0.707106781186548,0.707106781186548,0.));
#10741=DIRECTION('',(0.,0.,1.));
#10742=DIRECTION('center_axis',(0.,1.,0.));
#10743=DIRECTION('ref_axis',(-1.,0.,0.));
#10744=DIRECTION('',(0.,0.,-1.));
#10745=DIRECTION('',(1.,0.,0.));
#10746=DIRECTION('',(0.,0.,-1.));
#10747=DIRECTION('center_axis',(0.,0.,1.));
#10748=DIRECTION('ref_axis',(1.,0.,0.));
#10749=DIRECTION('',(0.,0.,1.));
#10750=DIRECTION('center_axis',(0.,0.,1.));
#10751=DIRECTION('ref_axis',(1.,0.,0.));
#10752=DIRECTION('center_axis',(0.,0.,1.));
#10753=DIRECTION('ref_axis',(1.,0.,0.));
#10754=DIRECTION('center_axis',(5.46885447553351E-12,0.999575120866729,
-0.0291475169485146));
#10755=DIRECTION('ref_axis',(-1.,5.47117906535277E-12,0.));
#10756=DIRECTION('center_axis',(4.38632498938308E-15,-0.987712579385578,
0.156281350530024));
#10757=DIRECTION('ref_axis',(0.0845977541111262,0.155721110729904,0.98417181206962));
#10758=DIRECTION('center_axis',(-0.999995628608712,0.,0.00295681644131166));
#10759=DIRECTION('ref_axis',(0.,-1.,0.));
#10760=DIRECTION('center_axis',(-0.999994998699041,4.44086988826273E-15,
-0.00316268507829908));
#10761=DIRECTION('ref_axis',(-4.44089209850064E-15,-1.,0.));
#10762=DIRECTION('center_axis',(-5.3752998298861E-12,-0.999654964570826,
0.0262669337552226));
#10763=DIRECTION('ref_axis',(1.,-5.37347943918575E-12,1.3988810110277E-13));
#10764=DIRECTION('center_axis',(4.39348630134373E-15,-0.989325163479451,
0.145724812253639));
#10765=DIRECTION('ref_axis',(1.,4.44089209850062E-15,0.));
#10766=DIRECTION('center_axis',(-0.989079547192014,-4.39239554591361E-15,
-0.147382662909993));
#10767=DIRECTION('ref_axis',(4.44089209850064E-15,-1.,0.));
#10768=DIRECTION('center_axis',(-0.999756908725973,5.03918725149423E-12,
-0.0220482075164157));
#10769=DIRECTION('ref_axis',(-5.04041253179821E-12,-1.,0.));
#10770=DIRECTION('center_axis',(-8.35218113310765E-10,-0.999997880496055,
0.00205888401750539));
#10771=DIRECTION('ref_axis',(1.,-8.3521634053341E-10,1.720845688169E-12));
#10772=DIRECTION('center_axis',(-8.48208613610312E-13,-0.999997904761212,
-0.00204706452895527));
#10773=DIRECTION('ref_axis',(1.,-8.48210390813623E-13,0.));
#10774=DIRECTION('center_axis',(0.999728633027264,-4.21997855737348E-12,
0.0232950704106616));
#10775=DIRECTION('ref_axis',(4.21884749357559E-12,1.,9.76996261670137E-14));
#10776=DIRECTION('center_axis',(0.988383979079993,-4.38930660298095E-15,
0.151977333500756));
#10777=DIRECTION('ref_axis',(4.44089209850062E-15,1.,0.));
#10778=DIRECTION('center_axis',(2.19616558883676E-15,-0.989065052752916,
-0.147479901759091));
#10779=DIRECTION('ref_axis',(1.,2.22044604925031E-15,0.));
#10780=DIRECTION('center_axis',(-6.33829600212186E-12,-0.999654964570826,
-0.0262669337551968));
#10781=DIRECTION('ref_axis',(1.,-6.34048369363426E-12,0.));
#10782=DIRECTION('center_axis',(0.999994998699087,-9.66307444853081E-10,
0.00316268506370817));
#10783=DIRECTION('ref_axis',(9.66302593496949E-10,1.,3.06199510191619E-12));
#10784=DIRECTION('center_axis',(0.999995628608712,-2.15382325252745E-13,
-0.00295681644130872));
#10785=DIRECTION('ref_axis',(2.15383266777281E-13,1.,0.));
#10786=DIRECTION('center_axis',(0.,0.99957512086673,0.0291475169484889));
#10787=DIRECTION('ref_axis',(-1.,0.,0.));
#10788=DIRECTION('center_axis',(-2.19235212509973E-15,0.987347621366406,
0.158570724227712));
#10789=DIRECTION('ref_axis',(-1.,-2.22044604925031E-15,0.));
#10790=DIRECTION('center_axis',(0.987640876500211,-4.38600656460602E-15,
-0.156733847862848));
#10791=DIRECTION('ref_axis',(4.44089209850062E-15,1.,0.));
#10792=DIRECTION('center_axis',(0.999439953472703,-6.96552183479514E-12,
-0.0334631050932521));
#10793=DIRECTION('ref_axis',(6.96942503708441E-12,1.,0.));
#10794=DIRECTION('center_axis',(9.01539413713438E-18,0.999991757465391,
0.00406017256765966));
#10795=DIRECTION('ref_axis',(-1.,0.,2.22044604925031E-15));
#10796=DIRECTION('center_axis',(1.95397498805996E-13,0.999991025922513,
-0.00423651678156691));
#10797=DIRECTION('ref_axis',(-1.,1.95399252334027E-13,0.));
#10798=DIRECTION('center_axis',(-0.999483871623059,0.,0.0321246068517661));
#10799=DIRECTION('ref_axis',(0.,-1.,0.));
#10800=DIRECTION('center_axis',(-0.988441289022347,4.38956111025111E-15,
0.151604149533719));
#10801=DIRECTION('ref_axis',(-4.44089209850062E-15,-1.,0.));
#10802=DIRECTION('center_axis',(0.,0.,1.));
#10803=DIRECTION('ref_axis',(-0.707106781186548,-0.707106781186548,0.));
#10804=DIRECTION('center_axis',(0.,0.,1.));
#10805=DIRECTION('ref_axis',(-0.707106781186548,-0.707106781186548,0.));
#10806=DIRECTION('',(0.,0.,1.));
#10807=DIRECTION('center_axis',(0.,0.,1.));
#10808=DIRECTION('ref_axis',(-0.707106781186548,0.707106781186548,0.));
#10809=DIRECTION('center_axis',(0.,0.,1.));
#10810=DIRECTION('ref_axis',(-0.707106781186548,0.707106781186548,0.));
#10811=DIRECTION('center_axis',(0.,0.,-1.));
#10812=DIRECTION('ref_axis',(1.,0.,0.));
#10813=DIRECTION('center_axis',(0.,0.,1.));
#10814=DIRECTION('ref_axis',(1.,0.,0.));
#10815=DIRECTION('center_axis',(0.,0.,1.));
#10816=DIRECTION('ref_axis',(0.707106781186548,0.707106781186547,0.));
#10817=DIRECTION('',(0.,0.,1.));
#10818=DIRECTION('',(0.,0.,-1.));
#10819=DIRECTION('center_axis',(2.01858731750028E-16,1.,0.));
#10820=DIRECTION('ref_axis',(-1.,2.01858731750028E-16,0.));
#10821=DIRECTION('',(0.,0.,-1.));
#10822=DIRECTION('center_axis',(0.,0.,1.));
#10823=DIRECTION('ref_axis',(-0.707106781186548,0.707106781186547,0.));
#10824=DIRECTION('',(0.,0.,1.));
#10825=DIRECTION('center_axis',(-1.,0.,0.));
#10826=DIRECTION('ref_axis',(0.,-1.,0.));
#10827=DIRECTION('',(0.,0.,-1.));
#10828=DIRECTION('',(0.,1.,0.));
#10829=DIRECTION('',(0.,0.,-1.));
#10830=DIRECTION('center_axis',(0.,0.,1.));
#10831=DIRECTION('ref_axis',(0.707106781186548,-0.707106781186547,0.));
#10832=DIRECTION('center_axis',(0.,0.,1.));
#10833=DIRECTION('ref_axis',(0.707106781186548,-0.707106781186547,0.));
#10834=DIRECTION('',(0.,0.,1.));
#10835=DIRECTION('center_axis',(0.,0.,1.));
#10836=DIRECTION('ref_axis',(-0.707106781186547,0.707106781186548,0.));
#10837=DIRECTION('',(0.,0.,1.));
#10838=DIRECTION('',(0.,0.,-1.));
#10839=DIRECTION('center_axis',(-1.,-1.51394048812521E-16,0.));
#10840=DIRECTION('ref_axis',(1.51394048812521E-16,-1.,0.));
#10841=DIRECTION('',(0.,0.,-1.));
#10842=DIRECTION('center_axis',(0.,0.,1.));
#10843=DIRECTION('ref_axis',(-0.707106781186547,-0.707106781186548,0.));
#10844=DIRECTION('',(0.,0.,1.));
#10845=DIRECTION('center_axis',(0.,-1.,0.));
#10846=DIRECTION('ref_axis',(1.,0.,0.));
#10847=DIRECTION('',(0.,0.,-1.));
#10848=DIRECTION('',(-1.,0.,0.));
#10849=DIRECTION('',(0.,0.,-1.));
#10850=DIRECTION('center_axis',(0.,0.,1.));
#10851=DIRECTION('ref_axis',(0.707106781186548,0.707106781186548,0.));
#10852=DIRECTION('center_axis',(0.,0.,1.));
#10853=DIRECTION('ref_axis',(0.707106781186548,0.707106781186548,0.));
#10854=DIRECTION('center_axis',(0.,0.,1.));
#10855=DIRECTION('ref_axis',(1.,0.,0.));
#10856=DIRECTION('center_axis',(0.,0.,1.));
#10857=DIRECTION('ref_axis',(1.,0.,0.));
#10858=DIRECTION('center_axis',(0.,0.,1.));
#10859=DIRECTION('ref_axis',(1.,0.,0.));
#10860=DIRECTION('center_axis',(0.,1.,0.));
#10861=DIRECTION('ref_axis',(-1.,0.,0.));
#10862=DIRECTION('',(1.,0.,0.));
#10863=DIRECTION('',(0.,0.,1.));
#10864=DIRECTION('center_axis',(1.,0.,0.));
#10865=DIRECTION('ref_axis',(0.,1.,0.));
#10866=DIRECTION('',(0.,-1.,0.));
#10867=DIRECTION('center_axis',(0.,0.,1.));
#10868=DIRECTION('ref_axis',(1.,0.,0.));
#10869=DIRECTION('center_axis',(0.,0.,1.));
#10870=DIRECTION('ref_axis',(1.,0.,0.));
#10871=DIRECTION('center_axis',(0.,0.,1.));
#10872=DIRECTION('ref_axis',(1.,0.,0.));
#10873=DIRECTION('center_axis',(0.,0.,1.));
#10874=DIRECTION('ref_axis',(1.,0.,0.));
#10875=DIRECTION('center_axis',(0.,0.,1.));
#10876=DIRECTION('ref_axis',(1.,0.,0.));
#10877=DIRECTION('center_axis',(0.,0.,-1.));
#10878=DIRECTION('ref_axis',(1.,0.,0.));
#10879=DIRECTION('center_axis',(0.,0.,-1.));
#10880=DIRECTION('ref_axis',(1.,0.,0.));
#10881=DIRECTION('',(-0.70710678118654,-8.65956056235484E-17,-0.707106781186555));
#10882=DIRECTION('center_axis',(0.,0.,1.));
#10883=DIRECTION('ref_axis',(1.,0.,0.));
#10884=DIRECTION('center_axis',(0.,0.,1.));
#10885=DIRECTION('ref_axis',(1.,0.,0.));
#10886=DIRECTION('',(0.,0.,-1.));
#10887=DIRECTION('center_axis',(0.,0.,-1.));
#10888=DIRECTION('ref_axis',(1.,0.,0.));
#10889=DIRECTION('center_axis',(0.,0.,1.));
#10890=DIRECTION('ref_axis',(1.,0.,0.));
#10891=DIRECTION('center_axis',(0.,0.,-1.));
#10892=DIRECTION('ref_axis',(1.,0.,0.));
#10893=DIRECTION('center_axis',(0.,0.,1.));
#10894=DIRECTION('ref_axis',(1.,0.,0.));
#10895=DIRECTION('',(0.70710678118654,8.65956056235484E-17,-0.707106781186555));
#10896=DIRECTION('center_axis',(0.,0.,1.));
#10897=DIRECTION('ref_axis',(1.,0.,0.));
#10898=DIRECTION('center_axis',(0.,0.,1.));
#10899=DIRECTION('ref_axis',(1.,0.,0.));
#10900=DIRECTION('center_axis',(0.,0.,1.));
#10901=DIRECTION('ref_axis',(1.,0.,0.));
#10902=DIRECTION('center_axis',(0.,0.,-1.));
#10903=DIRECTION('ref_axis',(1.,0.,0.));
#10904=DIRECTION('center_axis',(0.,-1.,0.));
#10905=DIRECTION('ref_axis',(-1.,0.,0.));
#10906=DIRECTION('center_axis',(0.,0.,1.));
#10907=DIRECTION('ref_axis',(1.,0.,0.));
#10908=DIRECTION('center_axis',(0.,0.,1.));
#10909=DIRECTION('ref_axis',(1.,0.,0.));
#10910=DIRECTION('',(0.,0.,-1.));
#10911=DIRECTION('center_axis',(0.,0.,1.));
#10912=DIRECTION('ref_axis',(1.,0.,0.));
#10913=DIRECTION('center_axis',(0.,0.,1.));
#10914=DIRECTION('ref_axis',(1.,0.,0.));
#10915=DIRECTION('center_axis',(0.,0.,-1.));
#10916=DIRECTION('ref_axis',(1.,0.,0.));
#10917=DIRECTION('',(0.70710678118654,8.65956056235484E-17,-0.707106781186555));
#10918=DIRECTION('center_axis',(0.,0.,1.));
#10919=DIRECTION('ref_axis',(1.,0.,0.));
#10920=DIRECTION('center_axis',(0.,0.,1.));
#10921=DIRECTION('ref_axis',(1.,0.,0.));
#10922=DIRECTION('center_axis',(0.,0.,1.));
#10923=DIRECTION('ref_axis',(1.,0.,0.));
#10924=DIRECTION('',(0.,0.,-1.));
#10925=DIRECTION('center_axis',(0.,0.,1.));
#10926=DIRECTION('ref_axis',(1.,0.,0.));
#10927=DIRECTION('center_axis',(0.,0.,-1.));
#10928=DIRECTION('ref_axis',(1.,0.,0.));
#10929=DIRECTION('center_axis',(0.,0.,-1.));
#10930=DIRECTION('ref_axis',(1.,0.,0.));
#10931=DIRECTION('',(-0.70710678118654,-8.65956056235484E-17,-0.707106781186555));
#10932=DIRECTION('center_axis',(0.,0.,1.));
#10933=DIRECTION('ref_axis',(1.,0.,0.));
#10934=DIRECTION('center_axis',(0.,0.,-1.));
#10935=DIRECTION('ref_axis',(1.,0.,0.));
#10936=DIRECTION('center_axis',(0.,0.,1.));
#10937=DIRECTION('ref_axis',(1.,0.,0.));
#10938=DIRECTION('center_axis',(0.,0.,-1.));
#10939=DIRECTION('ref_axis',(1.,0.,0.));
#10940=DIRECTION('center_axis',(0.,-1.,0.));
#10941=DIRECTION('ref_axis',(-1.,0.,0.));
#10942=DIRECTION('center_axis',(0.,0.,1.));
#10943=DIRECTION('ref_axis',(1.,0.,0.));
#10944=DIRECTION('center_axis',(0.,0.,1.));
#10945=DIRECTION('ref_axis',(1.,0.,0.));
#10946=DIRECTION('',(0.,0.,-1.));
#10947=DIRECTION('center_axis',(0.,0.,1.));
#10948=DIRECTION('ref_axis',(1.,0.,0.));
#10949=DIRECTION('center_axis',(0.,0.707106781186551,-0.707106781186544));
#10950=DIRECTION('ref_axis',(-1.,0.,0.));
#10951=DIRECTION('',(1.,0.,0.));
#10952=DIRECTION('',(-0.577350269189628,-0.577350269189622,-0.577350269189628));
#10953=DIRECTION('',(-1.,0.,0.));
#10954=DIRECTION('',(-0.577350269189628,0.577350269189622,0.577350269189628));
#10955=DIRECTION('center_axis',(0.707106781186548,0.,-0.707106781186548));
#10956=DIRECTION('ref_axis',(-0.707106781186548,0.,-0.707106781186548));
#10957=DIRECTION('',(0.,1.,0.));
#10958=DIRECTION('',(0.,-1.,0.));
#10959=DIRECTION('',(0.577350269189626,-0.577350269189626,0.577350269189626));
#10960=DIRECTION('center_axis',(-0.707106781186548,0.,-0.707106781186548));
#10961=DIRECTION('ref_axis',(-0.707106781186548,0.,0.707106781186548));
#10962=DIRECTION('',(0.,1.,0.));
#10963=DIRECTION('',(0.,-1.,0.));
#10964=DIRECTION('',(-0.577350269189626,-0.577350269189626,0.577350269189626));
#10965=DIRECTION('center_axis',(0.,-0.707106781186548,-0.707106781186548));
#10966=DIRECTION('ref_axis',(-1.,0.,0.));
#10967=DIRECTION('',(-1.,0.,0.));
#10968=DIRECTION('',(1.,0.,0.));
#10969=DIRECTION('center_axis',(1.,0.,0.));
#10970=DIRECTION('ref_axis',(0.,1.,0.));
#10971=DIRECTION('',(0.,0.,1.));
#10972=DIRECTION('',(0.,1.,0.));
#10973=DIRECTION('',(0.,0.,1.));
#10974=DIRECTION('center_axis',(0.,1.,0.));
#10975=DIRECTION('ref_axis',(-1.,0.,0.));
#10976=DIRECTION('',(0.,0.,1.));
#10977=DIRECTION('',(-1.,0.,0.));
#10978=DIRECTION('center_axis',(0.,0.,1.));
#10979=DIRECTION('ref_axis',(1.,0.,0.));
#10980=DIRECTION('center_axis',(0.,-0.707106781186548,0.707106781186548));
#10981=DIRECTION('ref_axis',(1.,0.,0.));
#10982=DIRECTION('',(-1.,0.,0.));
#10983=DIRECTION('',(-0.577350269189626,-0.577350269189626,-0.577350269189626));
#10984=DIRECTION('',(1.,0.,0.));
#10985=DIRECTION('',(0.577350269189626,-0.577350269189626,-0.577350269189626));
#10986=DIRECTION('center_axis',(-0.707106781186548,0.,0.707106781186548));
#10987=DIRECTION('ref_axis',(0.707106781186548,0.,0.707106781186548));
#10988=DIRECTION('',(0.,1.,0.));
#10989=DIRECTION('',(-0.577350269189626,0.577350269189626,-0.577350269189626));
#10990=DIRECTION('',(0.,-1.,0.));
#10991=DIRECTION('center_axis',(0.,0.707106781186548,0.707106781186548));
#10992=DIRECTION('ref_axis',(1.,0.,0.));
#10993=DIRECTION('',(1.,0.,0.));
#10994=DIRECTION('',(0.577350269189626,0.577350269189626,-0.577350269189626));
#10995=DIRECTION('center_axis',(0.707106781186548,0.,0.707106781186548));
#10996=DIRECTION('ref_axis',(0.707106781186548,0.,-0.707106781186548));
#10997=DIRECTION('',(0.,-1.,0.));
#10998=DIRECTION('center_axis',(0.,-1.,0.));
#10999=DIRECTION('ref_axis',(1.,0.,0.));
#11000=DIRECTION('',(0.,0.,1.));
#11001=DIRECTION('center_axis',(0.,0.,1.));
#11002=DIRECTION('ref_axis',(1.,0.,0.));
#11003=DIRECTION('center_axis',(0.,0.,-1.));
#11004=DIRECTION('ref_axis',(0.707106781186547,-0.707106781186547,0.));
#11005=DIRECTION('',(-1.,0.,0.));
#11006=DIRECTION('center_axis',(0.,0.,-1.));
#11007=DIRECTION('ref_axis',(-0.707106781186547,0.707106781186547,0.));
#11008=DIRECTION('',(1.,0.,0.));
#11009=DIRECTION('center_axis',(1.,0.,0.));
#11010=DIRECTION('ref_axis',(0.,1.,0.));
#11011=DIRECTION('center_axis',(0.,0.,-1.));
#11012=DIRECTION('ref_axis',(1.,3.5527136788005E-15,0.));
#11013=DIRECTION('center_axis',(1.,0.,0.));
#11014=DIRECTION('ref_axis',(0.,0.,1.));
#11015=DIRECTION('center_axis',(0.,0.,1.));
#11016=DIRECTION('ref_axis',(1.,3.5527136788005E-15,0.));
#11017=DIRECTION('center_axis',(1.,0.,0.));
#11018=DIRECTION('ref_axis',(0.,-0.707106781186549,0.707106781186546));
#11019=DIRECTION('center_axis',(1.,0.,0.));
#11020=DIRECTION('ref_axis',(0.,0.,1.));
#11021=DIRECTION('',(1.,0.,0.));
#11022=DIRECTION('',(-1.,0.,0.));
#11023=DIRECTION('center_axis',(-1.,0.,0.));
#11024=DIRECTION('ref_axis',(0.,0.,1.));
#11025=DIRECTION('center_axis',(0.,0.,1.));
#11026=DIRECTION('ref_axis',(-1.,0.,0.));
#11027=DIRECTION('center_axis',(0.,0.,-1.));
#11028=DIRECTION('ref_axis',(-1.,0.,0.));
#11029=DIRECTION('center_axis',(-1.,0.,0.));
#11030=DIRECTION('ref_axis',(0.,0.707106781186549,0.707106781186546));
#11031=DIRECTION('',(1.,0.,0.));
#11032=DIRECTION('',(-1.,0.,0.));
#11033=DIRECTION('center_axis',(0.,1.,0.));
#11034=DIRECTION('ref_axis',(-1.,0.,0.));
#11035=DIRECTION('',(0.,0.,1.));
#11036=DIRECTION('',(0.,0.,-1.));
#11037=DIRECTION('center_axis',(0.,0.,1.));
#11038=DIRECTION('ref_axis',(0.707106781186547,-0.707106781186547,0.));
#11039=DIRECTION('',(0.,0.,-1.));
#11040=DIRECTION('center_axis',(0.,0.,1.));
#11041=DIRECTION('ref_axis',(1.,0.,0.));
#11042=DIRECTION('center_axis',(0.,-1.,0.));
#11043=DIRECTION('ref_axis',(1.,0.,0.));
#11044=DIRECTION('',(0.,0.,1.));
#11045=DIRECTION('center_axis',(0.,0.,1.));
#11046=DIRECTION('ref_axis',(-0.707106781186547,-0.707106781186547,0.));
#11047=DIRECTION('center_axis',(-1.,0.,0.));
#11048=DIRECTION('ref_axis',(0.,-1.,0.));
#11049=DIRECTION('center_axis',(0.,-0.707106781186548,-0.707106781186548));
#11050=DIRECTION('ref_axis',(-1.,0.,0.));
#11051=DIRECTION('',(-1.,0.,0.));
#11052=DIRECTION('',(0.577350269189626,0.577350269189626,-0.577350269189626));
#11053=DIRECTION('',(1.,0.,0.));
#11054=DIRECTION('',(0.577350269189617,-0.57735026918963,0.57735026918963));
#11055=DIRECTION('center_axis',(-0.707106781186548,0.,-0.707106781186548));
#11056=DIRECTION('ref_axis',(-0.707106781186548,0.,0.707106781186548));
#11057=DIRECTION('',(0.,-1.,0.));
#11058=DIRECTION('',(0.,1.,0.));
#11059=DIRECTION('',(-0.577350269189628,0.577350269189622,0.577350269189628));
#11060=DIRECTION('center_axis',(0.707106781186555,0.,-0.70710678118654));
#11061=DIRECTION('ref_axis',(-0.70710678118654,0.,-0.707106781186555));
#11062=DIRECTION('',(0.,-1.,0.));
#11063=DIRECTION('',(0.,1.,0.));
#11064=DIRECTION('',(0.577350269189619,0.577350269189626,0.577350269189632));
#11065=DIRECTION('center_axis',(0.,0.707106781186551,-0.707106781186544));
#11066=DIRECTION('ref_axis',(-1.,0.,0.));
#11067=DIRECTION('',(1.,0.,0.));
#11068=DIRECTION('',(-1.,0.,0.));
#11069=DIRECTION('center_axis',(-1.,0.,0.));
#11070=DIRECTION('ref_axis',(0.,-1.,0.));
#11071=DIRECTION('',(0.,0.,1.));
#11072=DIRECTION('',(0.,-1.,0.));
#11073=DIRECTION('',(0.,0.,1.));
#11074=DIRECTION('center_axis',(0.,-1.,0.));
#11075=DIRECTION('ref_axis',(1.,0.,0.));
#11076=DIRECTION('',(0.,0.,1.));
#11077=DIRECTION('',(1.,0.,0.));
#11078=DIRECTION('center_axis',(0.,0.,1.));
#11079=DIRECTION('ref_axis',(1.,0.,0.));
#11080=DIRECTION('center_axis',(0.,0.707106781186548,0.707106781186548));
#11081=DIRECTION('ref_axis',(1.,0.,0.));
#11082=DIRECTION('',(1.,0.,0.));
#11083=DIRECTION('',(0.577350269189617,0.57735026918963,-0.57735026918963));
#11084=DIRECTION('',(-1.,0.,0.));
#11085=DIRECTION('',(-0.577350269189626,0.577350269189626,-0.577350269189626));
#11086=DIRECTION('center_axis',(0.707106781186555,0.,0.70710678118654));
#11087=DIRECTION('ref_axis',(0.70710678118654,0.,-0.707106781186555));
#11088=DIRECTION('',(0.,-1.,0.));
#11089=DIRECTION('',(0.577350269189617,-0.57735026918963,-0.57735026918963));
#11090=DIRECTION('',(0.,1.,0.));
#11091=DIRECTION('center_axis',(0.,-0.707106781186548,0.707106781186548));
#11092=DIRECTION('ref_axis',(1.,0.,0.));
#11093=DIRECTION('',(-1.,0.,0.));
#11094=DIRECTION('',(-0.577350269189626,-0.577350269189626,-0.577350269189626));
#11095=DIRECTION('center_axis',(-0.707106781186548,0.,0.707106781186548));
#11096=DIRECTION('ref_axis',(0.707106781186548,0.,0.707106781186548));
#11097=DIRECTION('',(0.,1.,0.));
#11098=DIRECTION('center_axis',(0.,1.,0.));
#11099=DIRECTION('ref_axis',(-1.,0.,0.));
#11100=DIRECTION('',(0.,0.,1.));
#11101=DIRECTION('center_axis',(0.,0.,1.));
#11102=DIRECTION('ref_axis',(1.,0.,0.));
#11103=DIRECTION('',(1.,0.,0.));
#11104=DIRECTION('center_axis',(0.,0.,-1.));
#11105=DIRECTION('ref_axis',(0.707106781186547,-0.707106781186547,0.));
#11106=DIRECTION('',(-1.,0.,0.));
#11107=DIRECTION('center_axis',(0.,0.,-1.));
#11108=DIRECTION('ref_axis',(-0.707106781186547,0.707106781186547,0.));
#11109=DIRECTION('center_axis',(-1.,0.,0.));
#11110=DIRECTION('ref_axis',(0.,0.707106781186549,0.707106781186546));
#11111=DIRECTION('center_axis',(-1.,0.,0.));
#11112=DIRECTION('ref_axis',(0.,0.,1.));
#11113=DIRECTION('',(-1.,0.,0.));
#11114=DIRECTION('center_axis',(1.,0.,0.));
#11115=DIRECTION('ref_axis',(0.,1.,0.));
#11116=DIRECTION('',(1.,0.,0.));
#11117=DIRECTION('center_axis',(-1.,0.,0.));
#11118=DIRECTION('ref_axis',(0.,-1.,0.));
#11119=DIRECTION('center_axis',(0.,0.,-1.));
#11120=DIRECTION('ref_axis',(-1.,0.,0.));
#11121=DIRECTION('center_axis',(0.,0.,1.));
#11122=DIRECTION('ref_axis',(-1.,0.,0.));
#11123=DIRECTION('center_axis',(1.,0.,0.));
#11124=DIRECTION('ref_axis',(0.,-0.707106781186549,0.707106781186546));
#11125=DIRECTION('center_axis',(-1.,0.,0.));
#11126=DIRECTION('ref_axis',(0.,-1.,0.));
#11127=DIRECTION('',(-1.,0.,0.));
#11128=DIRECTION('',(1.,0.,0.));
#11129=DIRECTION('center_axis',(0.,0.,1.));
#11130=DIRECTION('ref_axis',(1.,0.,0.));
#11131=DIRECTION('center_axis',(0.,0.,-1.));
#11132=DIRECTION('ref_axis',(1.,0.,0.));
#11133=DIRECTION('center_axis',(0.,0.,1.));
#11134=DIRECTION('ref_axis',(-0.707106781186547,-0.707106781186547,0.));
#11135=DIRECTION('',(0.,0.,-1.));
#11136=DIRECTION('',(0.,0.,1.));
#11137=DIRECTION('center_axis',(0.,1.,0.));
#11138=DIRECTION('ref_axis',(-1.,0.,0.));
#11139=DIRECTION('',(0.,0.,1.));
#11140=DIRECTION('center_axis',(0.,0.,1.));
#11141=DIRECTION('ref_axis',(1.,0.,0.));
#11142=DIRECTION('center_axis',(0.,0.,1.));
#11143=DIRECTION('ref_axis',(0.707106781186547,-0.707106781186547,0.));
#11144=DIRECTION('',(0.,0.,-1.));
#11145=DIRECTION('center_axis',(0.,-1.,0.));
#11146=DIRECTION('ref_axis',(1.,0.,0.));
#11147=DIRECTION('center_axis',(1.,0.,0.));
#11148=DIRECTION('ref_axis',(0.,1.,0.));
#11149=CARTESIAN_POINT('',(0.,0.,0.));
#11150=CARTESIAN_POINT('Origin',(2.51307299043092,-2.48628858365384,4.4));
#11151=CARTESIAN_POINT('',(1.56307299043092,-2.48628858365384,4.4));
#11152=CARTESIAN_POINT('Origin',(2.51307299043092,-2.48628858365384,4.4));
#11153=CARTESIAN_POINT('Origin',(58.5130729904309,-1.48628858365384,4.4));
#11154=CARTESIAN_POINT('',(57.5630729904309,-1.48628858365384,4.4));
#11155=CARTESIAN_POINT('Origin',(58.5130729904309,-1.48628858365384,4.4));
#11156=CARTESIAN_POINT('Origin',(2.51307299043092,-23.4862885836538,4.4));
#11157=CARTESIAN_POINT('',(1.56307299043091,-23.4862885836538,4.4));
#11158=CARTESIAN_POINT('Origin',(2.51307299043092,-23.4862885836538,4.4));
#11159=CARTESIAN_POINT('Origin',(58.5130729904309,-24.4862885836538,4.4));
#11160=CARTESIAN_POINT('',(57.5630729904309,-24.4862885836538,4.4));
#11161=CARTESIAN_POINT('Origin',(58.5130729904309,-24.4862885836538,4.4));
#11162=CARTESIAN_POINT('Origin',(22.7130729904309,-18.2862885836538,3.5));
#11163=CARTESIAN_POINT('',(23.3130729904309,-18.2862885836538,3.5));
#11164=CARTESIAN_POINT('',(22.7130729904309,-18.2862885836538,3.5));
#11165=CARTESIAN_POINT('',(26.3630729904309,-18.2862885836538,3.5));
#11166=CARTESIAN_POINT('',(23.3130729904309,-18.2862885836538,1.5));
#11167=CARTESIAN_POINT('',(23.3130729904309,-18.2862885836538,3.5));
#11168=CARTESIAN_POINT('',(22.7130729904309,-18.2862885836538,1.5));
#11169=CARTESIAN_POINT('',(23.3130729904309,-18.2862885836538,1.5));
#11170=CARTESIAN_POINT('',(22.7130729904309,-18.2862885836538,3.5));
#11171=CARTESIAN_POINT('Origin',(22.7130729904309,-24.2862885836538,3.5));
#11172=CARTESIAN_POINT('',(22.7130729904309,-24.2862885836538,3.5));
#11173=CARTESIAN_POINT('',(22.7130729904309,-18.6362885836538,3.5));
#11174=CARTESIAN_POINT('',(22.7130729904309,-24.2862885836538,1.5));
#11175=CARTESIAN_POINT('',(22.7130729904309,-17.6862885836538,1.5));
#11176=CARTESIAN_POINT('',(22.7130729904309,-24.2862885836538,3.5));
#11177=CARTESIAN_POINT('Origin',(43.3130729904309,-24.2862885836538,3.5));
#11178=CARTESIAN_POINT('',(43.3130729904309,-24.2862885836538,3.5));
#11179=CARTESIAN_POINT('',(36.6630729904309,-24.2862885836538,3.5));
#11180=CARTESIAN_POINT('',(43.3130729904309,-24.2862885836538,1.5));
#11181=CARTESIAN_POINT('',(22.7130729904309,-24.2862885836538,1.5));
#11182=CARTESIAN_POINT('',(43.3130729904309,-24.2862885836538,3.5));
#11183=CARTESIAN_POINT('Origin',(43.3130729904309,-18.2862885836538,3.5));
#11184=CARTESIAN_POINT('',(43.3130729904309,-18.2862885836538,3.5));
#11185=CARTESIAN_POINT('',(43.3130729904309,-15.6362885836538,3.5));
#11186=CARTESIAN_POINT('',(43.3130729904309,-18.2862885836538,1.5));
#11187=CARTESIAN_POINT('',(43.3130729904309,-24.2862885836538,1.5));
#11188=CARTESIAN_POINT('',(43.3130729904309,-18.2862885836538,3.5));
#11189=CARTESIAN_POINT('Origin',(42.7130729904309,-18.2862885836538,3.5));
#11190=CARTESIAN_POINT('',(42.7130729904309,-18.2862885836538,3.5));
#11191=CARTESIAN_POINT('',(36.3630729904309,-18.2862885836538,3.5));
#11192=CARTESIAN_POINT('',(42.7130729904309,-18.2862885836538,1.5));
#11193=CARTESIAN_POINT('',(42.7130729904309,-18.2862885836538,1.5));
#11194=CARTESIAN_POINT('',(42.7130729904309,-18.2862885836538,3.5));
#11195=CARTESIAN_POINT('Origin',(42.7130729904309,-23.6862885836538,3.5));
#11196=CARTESIAN_POINT('',(42.7130729904309,-23.6862885836538,3.5));
#11197=CARTESIAN_POINT('',(42.7130729904309,-18.3362885836538,3.5));
#11198=CARTESIAN_POINT('',(42.7130729904309,-23.6862885836538,1.5));
#11199=CARTESIAN_POINT('',(42.7130729904309,-23.6862885836538,1.5));
#11200=CARTESIAN_POINT('',(42.7130729904309,-23.6862885836538,3.5));
#11201=CARTESIAN_POINT('Origin',(23.3130729904309,-23.6862885836538,3.5));
#11202=CARTESIAN_POINT('',(23.3130729904309,-23.6862885836538,3.5));
#11203=CARTESIAN_POINT('',(26.6630729904309,-23.6862885836538,3.5));
#11204=CARTESIAN_POINT('',(23.3130729904309,-23.6862885836538,1.5));
#11205=CARTESIAN_POINT('',(23.3130729904309,-23.6862885836538,1.5));
#11206=CARTESIAN_POINT('',(23.3130729904309,-23.6862885836538,3.5));
#11207=CARTESIAN_POINT('Origin',(23.3130729904309,-18.2862885836538,3.5));
#11208=CARTESIAN_POINT('',(23.3130729904309,-15.6362885836538,3.5));
#11209=CARTESIAN_POINT('',(23.3130729904309,-18.2862885836538,1.5));
#11210=CARTESIAN_POINT('Origin',(33.0130729904309,-21.2862885836538,1.5));
#11211=CARTESIAN_POINT('Origin',(30.2630729904309,-20.7362885836538,3.6));
#11212=CARTESIAN_POINT('',(31.7130729904309,-20.7362885836538,3.5));
#11213=CARTESIAN_POINT('',(31.5130729904309,-20.7362885836538,3.7));
#11214=CARTESIAN_POINT('',(31.7130729904309,-20.7362885836538,3.5));
#11215=CARTESIAN_POINT('',(30.2630729904309,-19.4862885836538,3.7));
#11216=CARTESIAN_POINT('Origin',(30.2630729904309,-20.7362885836538,3.7));
#11217=CARTESIAN_POINT('',(30.2630729904309,-19.2862885836538,3.5));
#11218=CARTESIAN_POINT('',(30.2630729904309,-19.4862885836538,3.7));
#11219=CARTESIAN_POINT('Origin',(30.2630729904309,-20.7362885836538,3.5));
#11220=CARTESIAN_POINT('Origin',(31.6130729904309,-16.2362885836538,3.6));
#11221=CARTESIAN_POINT('',(31.7130729904309,-21.2362885836538,3.5));
#11222=CARTESIAN_POINT('',(31.5130729904309,-21.2362885836538,3.7));
#11223=CARTESIAN_POINT('',(31.7130729904309,-21.2362885836538,3.5));
#11224=CARTESIAN_POINT('',(31.5130729904309,-16.2362885836538,3.7));
#11225=CARTESIAN_POINT('',(31.7130729904309,-16.2362885836538,3.5));
#11226=CARTESIAN_POINT('Origin',(30.2630729904309,-21.2362885836538,3.6));
#11227=CARTESIAN_POINT('',(30.2630729904309,-22.6862885836538,3.5));
#11228=CARTESIAN_POINT('',(30.2630729904309,-22.4862885836538,3.7));
#11229=CARTESIAN_POINT('',(30.2630729904309,-22.6862885836538,3.5));
#11230=CARTESIAN_POINT('Origin',(30.2630729904309,-21.2362885836538,3.7));
#11231=CARTESIAN_POINT('Origin',(30.2630729904309,-21.2362885836538,3.5));
#11232=CARTESIAN_POINT('Origin',(30.7630729904309,-22.5862885836538,3.6));
#11233=CARTESIAN_POINT('',(25.7630729904309,-22.6862885836538,3.5));
#11234=CARTESIAN_POINT('',(25.7630729904309,-22.4862885836538,3.7));
#11235=CARTESIAN_POINT('',(25.7630729904309,-22.6862885836538,3.5));
#11236=CARTESIAN_POINT('',(30.7630729904309,-22.4862885836538,3.7));
#11237=CARTESIAN_POINT('',(30.7630729904309,-22.6862885836538,3.5));
#11238=CARTESIAN_POINT('Origin',(25.7630729904309,-21.2362885836538,3.6));
#11239=CARTESIAN_POINT('',(24.3130729904309,-21.2362885836538,3.5));
#11240=CARTESIAN_POINT('',(24.5130729904309,-21.2362885836538,3.7));
#11241=CARTESIAN_POINT('',(24.3130729904309,-21.2362885836538,3.5));
#11242=CARTESIAN_POINT('Origin',(25.7630729904309,-21.2362885836538,3.7));
#11243=CARTESIAN_POINT('Origin',(25.7630729904309,-21.2362885836538,3.5));
#11244=CARTESIAN_POINT('Origin',(24.4130729904309,-17.7362885836538,3.6));
#11245=CARTESIAN_POINT('',(24.3130729904309,-20.7362885836538,3.5));
#11246=CARTESIAN_POINT('',(24.5130729904309,-20.7362885836538,3.7));
#11247=CARTESIAN_POINT('',(24.3130729904309,-20.7362885836538,3.5));
#11248=CARTESIAN_POINT('',(24.5130729904309,-17.7362885836538,3.7));
#11249=CARTESIAN_POINT('',(24.3130729904309,-17.7362885836538,3.5));
#11250=CARTESIAN_POINT('Origin',(25.7630729904309,-20.7362885836538,3.6));
#11251=CARTESIAN_POINT('',(25.7630729904309,-19.2862885836538,3.5));
#11252=CARTESIAN_POINT('',(25.7630729904309,-19.4862885836538,3.7));
#11253=CARTESIAN_POINT('',(25.7630729904309,-19.2862885836538,3.5));
#11254=CARTESIAN_POINT('Origin',(25.7630729904309,-20.7362885836538,3.7));
#11255=CARTESIAN_POINT('Origin',(25.7630729904309,-20.7362885836538,3.5));
#11256=CARTESIAN_POINT('Origin',(27.2630729904309,-19.3862885836538,3.6));
#11257=CARTESIAN_POINT('',(27.2630729904309,-19.4862885836538,3.7));
#11258=CARTESIAN_POINT('',(27.2630729904309,-19.2862885836538,3.5));
#11259=CARTESIAN_POINT('Origin',(24.5130729904309,-22.4862885836538,3.5));
#11260=CARTESIAN_POINT('',(24.5130729904309,-20.7362885836538,4.8));
#11261=CARTESIAN_POINT('',(24.5130729904309,-20.7362885836538,3.5));
#11262=CARTESIAN_POINT('',(24.5130729904309,-21.2362885836538,4.8));
#11263=CARTESIAN_POINT('',(24.5130729904309,-17.7362885836538,4.8));
#11264=CARTESIAN_POINT('',(24.5130729904309,-21.2362885836538,3.5));
#11265=CARTESIAN_POINT('Origin',(25.7630729904309,-20.7362885836538,3.5));
#11266=CARTESIAN_POINT('',(25.7630729904309,-19.4862885836538,4.8));
#11267=CARTESIAN_POINT('',(25.7630729904309,-19.4862885836538,3.5));
#11268=CARTESIAN_POINT('Origin',(25.7630729904309,-20.7362885836538,4.8));
#11269=CARTESIAN_POINT('Origin',(24.5130729904309,-19.4862885836538,3.5));
#11270=CARTESIAN_POINT('',(30.2630729904309,-19.4862885836538,4.8));
#11271=CARTESIAN_POINT('',(30.2630729904309,-19.4862885836538,3.5));
#11272=CARTESIAN_POINT('',(27.2630729904309,-19.4862885836538,4.8));
#11273=CARTESIAN_POINT('Origin',(30.2630729904309,-20.7362885836538,3.5));
#11274=CARTESIAN_POINT('',(31.5130729904309,-20.7362885836538,4.8));
#11275=CARTESIAN_POINT('',(31.5130729904309,-20.7362885836538,3.5));
#11276=CARTESIAN_POINT('Origin',(30.2630729904309,-20.7362885836538,4.8));
#11277=CARTESIAN_POINT('Origin',(30.0130729904309,-12.9862885836538,3.5));
#11278=CARTESIAN_POINT('',(5.51307299043092,0.513711416346165,3.5));
#11279=CARTESIAN_POINT('',(5.51307299043092,-2.48628858365384,3.5));
#11280=CARTESIAN_POINT('',(5.51307299043092,-7.73628858365384,3.5));
#11281=CARTESIAN_POINT('',(42.1630729904309,0.513711416346163,3.5));
#11282=CARTESIAN_POINT('',(45.2630729904309,0.513711416346163,3.5));
#11283=CARTESIAN_POINT('',(44.8630729904309,0.513711416346163,3.5));
#11284=CARTESIAN_POINT('Ctrl Pts',(42.1630729904309,0.513711416346161,3.5));
#11285=CARTESIAN_POINT('Ctrl Pts',(42.3265075704152,0.513711416346161,3.5));
#11286=CARTESIAN_POINT('Ctrl Pts',(42.5195456410459,0.548351631026113,3.5));
#11287=CARTESIAN_POINT('Ctrl Pts',(42.9416839266953,0.659750935741158,3.5));
#11288=CARTESIAN_POINT('Ctrl Pts',(43.2399179034486,0.795766469169124,3.5));
#11289=CARTESIAN_POINT('Ctrl Pts',(43.5130729904309,0.795766469169124,3.5));
#11290=CARTESIAN_POINT('Ctrl Pts',(43.7862280774132,0.795766469169124,3.5));
#11291=CARTESIAN_POINT('Ctrl Pts',(44.0844620541666,0.659750935741158,3.5));
#11292=CARTESIAN_POINT('Ctrl Pts',(44.506600339816,0.548351631026113,3.5));
#11293=CARTESIAN_POINT('Ctrl Pts',(44.6996384104466,0.51371141634616,3.5));
#11294=CARTESIAN_POINT('Ctrl Pts',(44.8630729904309,0.513711416346161,3.5));
#11295=CARTESIAN_POINT('',(56.0130729904309,0.513711416346163,3.5));
#11296=CARTESIAN_POINT('',(45.2630729904309,0.513711416346163,3.5));
#11297=CARTESIAN_POINT('',(56.0130729904309,-1.48628858365384,3.5));
#11298=CARTESIAN_POINT('',(56.0130729904309,-6.23628858365384,3.5));
#11299=CARTESIAN_POINT('',(58.5130729904309,-3.98628858365384,3.5));
#11300=CARTESIAN_POINT('Origin',(58.5130729904309,-1.48628858365384,3.5));
#11301=CARTESIAN_POINT('',(60.5130729904309,-3.98628858365384,3.5));
#11302=CARTESIAN_POINT('',(44.2630729904309,-3.98628858365384,3.5));
#11303=CARTESIAN_POINT('',(60.5130729904309,-21.9862885836538,3.5));
#11304=CARTESIAN_POINT('',(60.5130729904309,-19.7362885836538,3.5));
#11305=CARTESIAN_POINT('',(58.5130729904309,-21.9862885836538,3.5));
#11306=CARTESIAN_POINT('',(45.2630729904309,-21.9862885836538,3.5));
#11307=CARTESIAN_POINT('',(56.0130729904309,-24.4862885836538,3.5));
#11308=CARTESIAN_POINT('Origin',(58.5130729904309,-24.4862885836538,3.5));
#11309=CARTESIAN_POINT('',(56.0130729904309,-26.4862885836538,3.5));
#11310=CARTESIAN_POINT('',(56.0130729904309,-18.7362885836538,3.5));
#11311=CARTESIAN_POINT('',(5.51307299043092,-26.4862885836538,3.5));
#11312=CARTESIAN_POINT('',(14.7630729904309,-26.4862885836538,3.5));
#11313=CARTESIAN_POINT('',(5.51307299043092,-23.4862885836538,3.5));
#11314=CARTESIAN_POINT('',(5.51307299043092,-19.7362885836538,3.5));
#11315=CARTESIAN_POINT('',(2.51307299043092,-20.4862885836538,3.5));
#11316=CARTESIAN_POINT('Origin',(2.51307299043092,-23.4862885836538,3.5));
#11317=CARTESIAN_POINT('',(-0.486927009569085,-20.4862885836538,3.5));
#11318=CARTESIAN_POINT('',(16.2630729904309,-20.4862885836538,3.5));
#11319=CARTESIAN_POINT('',(-0.486927009569085,-5.48628858365384,3.5));
#11320=CARTESIAN_POINT('',(-0.486927009569085,-6.23628858365383,3.5));
#11321=CARTESIAN_POINT('',(2.51307299043092,-5.48628858365384,3.5));
#11322=CARTESIAN_POINT('',(14.7630729904309,-5.48628858365384,3.5));
#11323=CARTESIAN_POINT('Origin',(2.51307299043092,-2.48628858365384,3.5));
#11324=CARTESIAN_POINT('',(35.7630729904309,-19.2862885836538,3.5));
#11325=CARTESIAN_POINT('',(40.2630729904309,-19.2862885836538,3.5));
#11326=CARTESIAN_POINT('',(32.2630729904309,-19.2862885836538,3.5));
#11327=CARTESIAN_POINT('',(34.3130729904309,-20.7362885836538,3.5));
#11328=CARTESIAN_POINT('Origin',(35.7630729904309,-20.7362885836538,3.5));
#11329=CARTESIAN_POINT('',(34.3130729904309,-21.2362885836538,3.5));
#11330=CARTESIAN_POINT('',(34.3130729904309,-17.7362885836538,3.5));
#11331=CARTESIAN_POINT('',(35.7630729904309,-22.6862885836538,3.5));
#11332=CARTESIAN_POINT('Origin',(35.7630729904309,-21.2362885836538,3.5));
#11333=CARTESIAN_POINT('',(40.2630729904309,-22.6862885836538,3.5));
#11334=CARTESIAN_POINT('',(35.7630729904309,-22.6862885836538,3.5));
#11335=CARTESIAN_POINT('',(41.7130729904309,-21.2362885836538,3.5));
#11336=CARTESIAN_POINT('Origin',(40.2630729904309,-21.2362885836538,3.5));
#11337=CARTESIAN_POINT('',(41.7130729904309,-20.7362885836538,3.5));
#11338=CARTESIAN_POINT('',(41.7130729904309,-16.2362885836538,3.5));
#11339=CARTESIAN_POINT('Origin',(40.2630729904309,-20.7362885836538,3.5));
#11340=CARTESIAN_POINT('',(41.8130729904309,-12.9862885836538,3.5));
#11341=CARTESIAN_POINT('Origin',(45.0130729904309,-12.9862885836538,3.5));
#11342=CARTESIAN_POINT('',(20.0130729904309,-16.2629713908145,3.5));
#11343=CARTESIAN_POINT('',(15.0130729904309,-16.2629713908145,3.5));
#11344=CARTESIAN_POINT('',(25.5130729904309,-16.2629713908145,3.5));
#11345=CARTESIAN_POINT('',(21.2130729904309,-15.0629713908145,3.5));
#11346=CARTESIAN_POINT('Origin',(20.0130729904309,-15.0629713908145,3.5));
#11347=CARTESIAN_POINT('',(21.2130729904309,-11.0629713908145,3.5));
#11348=CARTESIAN_POINT('',(21.2130729904309,-11.5246299872341,3.5));
#11349=CARTESIAN_POINT('',(20.0130729904309,-9.86297139081446,3.5));
#11350=CARTESIAN_POINT('Origin',(20.0130729904309,-11.0629713908145,3.5));
#11351=CARTESIAN_POINT('',(15.0130729904309,-9.86297139081446,3.5));
#11352=CARTESIAN_POINT('',(22.0130729904309,-9.86297139081446,3.5));
#11353=CARTESIAN_POINT('',(14.2130729904309,-9.06297139081446,3.5));
#11354=CARTESIAN_POINT('Origin',(15.0130729904309,-9.06297139081446,3.5));
#11355=CARTESIAN_POINT('',(14.2130729904309,-3.98628858365384,3.5));
#11356=CARTESIAN_POINT('',(14.2130729904309,-7.98628858365384,3.5));
#11357=CARTESIAN_POINT('',(13.0130729904309,-2.78628858365384,3.5));
#11358=CARTESIAN_POINT('Origin',(13.0130729904309,-3.98628858365384,3.5));
#11359=CARTESIAN_POINT('',(9.01307299043092,-2.78628858365383,3.5));
#11360=CARTESIAN_POINT('',(19.0130729904309,-2.78628858365384,3.5));
#11361=CARTESIAN_POINT('',(7.81307299043092,-3.98628858365384,3.5));
#11362=CARTESIAN_POINT('Origin',(9.01307299043092,-3.98628858365384,3.5));
#11363=CARTESIAN_POINT('',(7.81307299043092,-9.06297139081446,3.5));
#11364=CARTESIAN_POINT('',(7.81307299043092,-11.5246299872341,3.5));
#11365=CARTESIAN_POINT('',(7.01307299043092,-9.86297139081446,3.5));
#11366=CARTESIAN_POINT('Origin',(7.01307299043092,-9.06297139081446,3.5));
#11367=CARTESIAN_POINT('',(2.01307299043091,-9.86297139081446,3.5));
#11368=CARTESIAN_POINT('',(15.5130729904309,-9.86297139081446,3.5));
#11369=CARTESIAN_POINT('',(0.813072990430914,-11.0629713908145,3.5));
#11370=CARTESIAN_POINT('Origin',(2.01307299043091,-11.0629713908145,3.5));
#11371=CARTESIAN_POINT('',(0.813072990430914,-15.0629713908145,3.5));
#11372=CARTESIAN_POINT('',(0.813072990430914,-14.5246299872341,3.5));
#11373=CARTESIAN_POINT('',(2.01307299043092,-16.2629713908145,3.5));
#11374=CARTESIAN_POINT('Origin',(2.01307299043092,-15.0629713908145,3.5));
#11375=CARTESIAN_POINT('',(7.01307299043092,-16.2629713908145,3.5));
#11376=CARTESIAN_POINT('',(19.0130729904309,-16.2629713908145,3.5));
#11377=CARTESIAN_POINT('',(7.81307299043092,-17.0629713908145,3.5));
#11378=CARTESIAN_POINT('Origin',(7.01307299043092,-17.0629713908145,3.5));
#11379=CARTESIAN_POINT('',(7.81307299043092,-21.9862885836538,3.5));
#11380=CARTESIAN_POINT('',(7.81307299043092,-17.9862885836538,3.5));
#11381=CARTESIAN_POINT('',(9.01307299043092,-23.1862885836538,3.5));
#11382=CARTESIAN_POINT('Origin',(9.01307299043092,-21.9862885836538,3.5));
#11383=CARTESIAN_POINT('',(13.0130729904309,-23.1862885836538,3.5));
#11384=CARTESIAN_POINT('',(22.0130729904309,-23.1862885836538,3.5));
#11385=CARTESIAN_POINT('',(14.2130729904309,-21.9862885836538,3.5));
#11386=CARTESIAN_POINT('Origin',(13.0130729904309,-21.9862885836538,3.5));
#11387=CARTESIAN_POINT('',(14.2130729904309,-17.0629713908145,3.5));
#11388=CARTESIAN_POINT('',(14.2130729904309,-14.5246299872341,3.5));
#11389=CARTESIAN_POINT('Origin',(15.0130729904309,-17.0629713908145,3.5));
#11390=CARTESIAN_POINT('',(53.5630729904309,-12.9862885836538,3.5));
#11391=CARTESIAN_POINT('Origin',(56.7630729904309,-12.9862885836538,3.5));
#11392=CARTESIAN_POINT('Origin',(32.2630729904309,-19.3862885836538,3.6));
#11393=CARTESIAN_POINT('',(40.2630729904309,-19.4862885836538,3.7));
#11394=CARTESIAN_POINT('',(40.2630729904309,-19.2862885836538,3.5));
#11395=CARTESIAN_POINT('',(35.7630729904309,-19.4862885836538,3.7));
#11396=CARTESIAN_POINT('',(32.2630729904309,-19.4862885836538,3.7));
#11397=CARTESIAN_POINT('',(35.7630729904309,-19.4862885836538,3.7));
#11398=CARTESIAN_POINT('Origin',(40.2630729904309,-20.7362885836538,3.6));
#11399=CARTESIAN_POINT('',(41.5130729904309,-20.7362885836538,3.7));
#11400=CARTESIAN_POINT('',(41.7130729904309,-20.7362885836538,3.5));
#11401=CARTESIAN_POINT('Origin',(40.2630729904309,-20.7362885836538,3.7));
#11402=CARTESIAN_POINT('Origin',(41.6130729904309,-16.2362885836538,3.6));
#11403=CARTESIAN_POINT('',(41.5130729904309,-21.2362885836538,3.7));
#11404=CARTESIAN_POINT('',(41.7130729904309,-21.2362885836538,3.5));
#11405=CARTESIAN_POINT('',(41.5130729904309,-16.2362885836538,3.7));
#11406=CARTESIAN_POINT('Origin',(40.2630729904309,-21.2362885836538,3.6));
#11407=CARTESIAN_POINT('',(40.2630729904309,-22.4862885836538,3.7));
#11408=CARTESIAN_POINT('',(40.2630729904309,-22.6862885836538,3.5));
#11409=CARTESIAN_POINT('Origin',(40.2630729904309,-21.2362885836538,3.7));
#11410=CARTESIAN_POINT('Origin',(35.7630729904309,-22.5862885836538,3.6));
#11411=CARTESIAN_POINT('',(35.7630729904309,-22.4862885836538,3.7));
#11412=CARTESIAN_POINT('',(35.7630729904309,-22.6862885836538,3.5));
#11413=CARTESIAN_POINT('',(35.7630729904309,-22.4862885836538,3.7));
#11414=CARTESIAN_POINT('Origin',(35.7630729904309,-21.2362885836538,3.6));
#11415=CARTESIAN_POINT('',(34.5130729904309,-21.2362885836538,3.7));
#11416=CARTESIAN_POINT('',(34.3130729904309,-21.2362885836538,3.5));
#11417=CARTESIAN_POINT('Origin',(35.7630729904309,-21.2362885836538,3.7));
#11418=CARTESIAN_POINT('Origin',(34.4130729904309,-17.7362885836538,3.6));
#11419=CARTESIAN_POINT('',(34.5130729904309,-20.7362885836538,3.7));
#11420=CARTESIAN_POINT('',(34.3130729904309,-20.7362885836538,3.5));
#11421=CARTESIAN_POINT('',(34.5130729904309,-17.7362885836538,3.7));
#11422=CARTESIAN_POINT('Origin',(35.7630729904309,-20.7362885836538,3.6));
#11423=CARTESIAN_POINT('Origin',(35.7630729904309,-20.7362885836538,3.7));
#11424=CARTESIAN_POINT('Origin',(35.7630729904309,-21.2362885836538,3.5));
#11425=CARTESIAN_POINT('',(34.5130729904309,-21.2362885836538,4.8));
#11426=CARTESIAN_POINT('',(34.5130729904309,-21.2362885836538,3.5));
#11427=CARTESIAN_POINT('',(35.7630729904309,-22.4862885836538,4.8));
#11428=CARTESIAN_POINT('Origin',(35.7630729904309,-21.2362885836538,4.8));
#11429=CARTESIAN_POINT('',(35.7630729904309,-22.4862885836538,3.5));
#11430=CARTESIAN_POINT('Origin',(34.5130729904309,-22.4862885836538,3.5));
#11431=CARTESIAN_POINT('',(34.5130729904309,-20.7362885836538,4.8));
#11432=CARTESIAN_POINT('',(34.5130729904309,-20.7362885836538,3.5));
#11433=CARTESIAN_POINT('',(34.5130729904309,-17.7362885836538,4.8));
#11434=CARTESIAN_POINT('Origin',(35.7630729904309,-20.7362885836538,3.5));
#11435=CARTESIAN_POINT('',(35.7630729904309,-19.4862885836538,4.8));
#11436=CARTESIAN_POINT('',(35.7630729904309,-19.4862885836538,3.5));
#11437=CARTESIAN_POINT('Origin',(35.7630729904309,-20.7362885836538,4.8));
#11438=CARTESIAN_POINT('Origin',(34.5130729904309,-19.4862885836538,3.5));
#11439=CARTESIAN_POINT('',(40.2630729904309,-19.4862885836538,4.8));
#11440=CARTESIAN_POINT('',(40.2630729904309,-19.4862885836538,3.5));
#11441=CARTESIAN_POINT('',(32.2630729904309,-19.4862885836538,4.8));
#11442=CARTESIAN_POINT('Origin',(56.7630729904309,-12.9862885836538,3.6));
#11443=CARTESIAN_POINT('',(53.7630729904309,-12.9862885836538,3.7));
#11444=CARTESIAN_POINT('Origin',(56.7630729904309,-12.9862885836538,3.7));
#11445=CARTESIAN_POINT('',(53.6630729904309,-12.9862885836538,3.6));
#11446=CARTESIAN_POINT('Origin',(56.7630729904309,-12.9862885836538,3.5));
#11447=CARTESIAN_POINT('',(53.7630729904309,-12.9862885836538,4.8));
#11448=CARTESIAN_POINT('Origin',(56.7630729904309,-12.9862885836538,4.8));
#11449=CARTESIAN_POINT('',(53.7630729904309,-12.9862885836538,3.5));
#11450=CARTESIAN_POINT('Origin',(45.0130729904309,-12.9862885836538,3.6));
#11451=CARTESIAN_POINT('',(42.0130729904309,-12.9862885836538,3.7));
#11452=CARTESIAN_POINT('Origin',(45.0130729904309,-12.9862885836538,3.7));
#11453=CARTESIAN_POINT('',(41.9130729904309,-12.9862885836538,3.6));
#11454=CARTESIAN_POINT('Origin',(45.0130729904309,-12.9862885836538,3.5));
#11455=CARTESIAN_POINT('',(42.0130729904309,-12.9862885836538,4.8));
#11456=CARTESIAN_POINT('Origin',(45.0130729904309,-12.9862885836538,4.8));
#11457=CARTESIAN_POINT('',(42.0130729904309,-12.9862885836538,3.5));
#11458=CARTESIAN_POINT('Origin',(25.5130729904309,-16.1629713908145,3.6));
#11459=CARTESIAN_POINT('',(15.0130729904309,-16.0629713908145,3.7));
#11460=CARTESIAN_POINT('',(15.0130729904309,-16.2629713908145,3.5));
#11461=CARTESIAN_POINT('',(20.0130729904309,-16.0629713908145,3.7));
#11462=CARTESIAN_POINT('',(25.5130729904309,-16.0629713908145,3.7));
#11463=CARTESIAN_POINT('',(20.0130729904309,-16.0629713908145,3.7));
#11464=CARTESIAN_POINT('Origin',(15.0130729904309,-17.0629713908145,3.6));
#11465=CARTESIAN_POINT('',(14.0130729904309,-17.0629713908145,3.7));
#11466=CARTESIAN_POINT('',(14.2130729904309,-17.0629713908145,3.5));
#11467=CARTESIAN_POINT('Origin',(15.0130729904309,-17.0629713908145,3.7));
#11468=CARTESIAN_POINT('Origin',(14.1130729904309,-14.5246299872341,3.6));
#11469=CARTESIAN_POINT('',(14.0130729904309,-21.9862885836538,3.7));
#11470=CARTESIAN_POINT('',(14.2130729904309,-21.9862885836538,3.5));
#11471=CARTESIAN_POINT('',(14.0130729904309,-14.5246299872341,3.7));
#11472=CARTESIAN_POINT('Origin',(13.0130729904309,-21.9862885836538,3.6));
#11473=CARTESIAN_POINT('',(13.0130729904309,-22.9862885836538,3.7));
#11474=CARTESIAN_POINT('',(13.0130729904309,-23.1862885836538,3.5));
#11475=CARTESIAN_POINT('Origin',(13.0130729904309,-21.9862885836538,3.7));
#11476=CARTESIAN_POINT('Origin',(22.0130729904309,-23.0862885836538,3.6));
#11477=CARTESIAN_POINT('',(9.01307299043092,-22.9862885836538,3.7));
#11478=CARTESIAN_POINT('',(9.01307299043092,-23.1862885836538,3.5));
#11479=CARTESIAN_POINT('',(22.0130729904309,-22.9862885836538,3.7));
#11480=CARTESIAN_POINT('Origin',(9.01307299043092,-21.9862885836538,3.6));
#11481=CARTESIAN_POINT('',(8.01307299043092,-21.9862885836538,3.7));
#11482=CARTESIAN_POINT('',(7.81307299043092,-21.9862885836538,3.5));
#11483=CARTESIAN_POINT('Origin',(9.01307299043092,-21.9862885836538,3.7));
#11484=CARTESIAN_POINT('Origin',(7.91307299043092,-17.9862885836538,3.6));
#11485=CARTESIAN_POINT('',(8.01307299043092,-17.0629713908145,3.7));
#11486=CARTESIAN_POINT('',(7.81307299043092,-17.0629713908145,3.5));
#11487=CARTESIAN_POINT('',(8.01307299043092,-17.9862885836538,3.7));
#11488=CARTESIAN_POINT('Origin',(7.01307299043092,-17.0629713908145,3.6));
#11489=CARTESIAN_POINT('',(7.01307299043092,-16.0629713908145,3.7));
#11490=CARTESIAN_POINT('',(7.01307299043092,-16.2629713908145,3.5));
#11491=CARTESIAN_POINT('Origin',(7.01307299043092,-17.0629713908145,3.7));
#11492=CARTESIAN_POINT('Origin',(19.0130729904309,-16.1629713908145,3.6));
#11493=CARTESIAN_POINT('',(2.01307299043092,-16.0629713908145,3.7));
#11494=CARTESIAN_POINT('',(2.01307299043092,-16.2629713908145,3.5));
#11495=CARTESIAN_POINT('',(19.0130729904309,-16.0629713908145,3.7));
#11496=CARTESIAN_POINT('Origin',(2.01307299043092,-15.0629713908145,3.6));
#11497=CARTESIAN_POINT('',(1.01307299043091,-15.0629713908145,3.7));
#11498=CARTESIAN_POINT('',(0.813072990430914,-15.0629713908145,3.5));
#11499=CARTESIAN_POINT('Origin',(2.01307299043092,-15.0629713908145,3.7));
#11500=CARTESIAN_POINT('Origin',(0.913072990430914,-14.5246299872341,3.6));
#11501=CARTESIAN_POINT('',(1.01307299043091,-11.0629713908145,3.7));
#11502=CARTESIAN_POINT('',(0.813072990430914,-11.0629713908145,3.5));
#11503=CARTESIAN_POINT('',(1.01307299043091,-14.5246299872341,3.7));
#11504=CARTESIAN_POINT('Origin',(2.01307299043091,-11.0629713908145,3.6));
#11505=CARTESIAN_POINT('',(2.01307299043091,-10.0629713908145,3.7));
#11506=CARTESIAN_POINT('',(2.01307299043091,-9.86297139081446,3.5));
#11507=CARTESIAN_POINT('Origin',(2.01307299043091,-11.0629713908145,3.7));
#11508=CARTESIAN_POINT('Origin',(15.5130729904309,-9.96297139081446,3.6));
#11509=CARTESIAN_POINT('',(7.01307299043092,-10.0629713908145,3.7));
#11510=CARTESIAN_POINT('',(7.01307299043092,-9.86297139081446,3.5));
#11511=CARTESIAN_POINT('',(15.5130729904309,-10.0629713908145,3.7));
#11512=CARTESIAN_POINT('Origin',(7.01307299043092,-9.06297139081446,3.6));
#11513=CARTESIAN_POINT('',(8.01307299043092,-9.06297139081446,3.7));
#11514=CARTESIAN_POINT('',(7.81307299043092,-9.06297139081446,3.5));
#11515=CARTESIAN_POINT('Origin',(7.01307299043092,-9.06297139081446,3.7));
#11516=CARTESIAN_POINT('Origin',(7.91307299043092,-11.5246299872341,3.6));
#11517=CARTESIAN_POINT('',(8.01307299043092,-3.98628858365384,3.7));
#11518=CARTESIAN_POINT('',(7.81307299043092,-3.98628858365384,3.5));
#11519=CARTESIAN_POINT('',(8.01307299043092,-11.5246299872341,3.7));
#11520=CARTESIAN_POINT('Origin',(9.01307299043092,-3.98628858365384,3.6));
#11521=CARTESIAN_POINT('',(9.01307299043092,-2.98628858365384,3.7));
#11522=CARTESIAN_POINT('',(9.01307299043092,-2.78628858365383,3.5));
#11523=CARTESIAN_POINT('Origin',(9.01307299043092,-3.98628858365384,3.7));
#11524=CARTESIAN_POINT('Origin',(19.0130729904309,-2.88628858365384,3.6));
#11525=CARTESIAN_POINT('',(13.0130729904309,-2.98628858365384,3.7));
#11526=CARTESIAN_POINT('',(13.0130729904309,-2.78628858365384,3.5));
#11527=CARTESIAN_POINT('',(19.0130729904309,-2.98628858365384,3.7));
#11528=CARTESIAN_POINT('Origin',(13.0130729904309,-3.98628858365384,3.6));
#11529=CARTESIAN_POINT('',(14.0130729904309,-3.98628858365384,3.7));
#11530=CARTESIAN_POINT('',(14.2130729904309,-3.98628858365384,3.5));
#11531=CARTESIAN_POINT('Origin',(13.0130729904309,-3.98628858365384,3.7));
#11532=CARTESIAN_POINT('Origin',(14.1130729904309,-7.98628858365384,3.6));
#11533=CARTESIAN_POINT('',(14.0130729904309,-9.06297139081446,3.7));
#11534=CARTESIAN_POINT('',(14.2130729904309,-9.06297139081446,3.5));
#11535=CARTESIAN_POINT('',(14.0130729904309,-7.98628858365384,3.7));
#11536=CARTESIAN_POINT('Origin',(15.0130729904309,-9.06297139081446,3.6));
#11537=CARTESIAN_POINT('',(15.0130729904309,-10.0629713908145,3.7));
#11538=CARTESIAN_POINT('',(15.0130729904309,-9.86297139081446,3.5));
#11539=CARTESIAN_POINT('Origin',(15.0130729904309,-9.06297139081446,3.7));
#11540=CARTESIAN_POINT('Origin',(22.0130729904309,-9.96297139081446,3.6));
#11541=CARTESIAN_POINT('',(20.0130729904309,-10.0629713908145,3.7));
#11542=CARTESIAN_POINT('',(20.0130729904309,-9.86297139081446,3.5));
#11543=CARTESIAN_POINT('',(22.0130729904309,-10.0629713908145,3.7));
#11544=CARTESIAN_POINT('Origin',(20.0130729904309,-11.0629713908145,3.6));
#11545=CARTESIAN_POINT('',(21.0130729904309,-11.0629713908145,3.7));
#11546=CARTESIAN_POINT('',(21.2130729904309,-11.0629713908145,3.5));
#11547=CARTESIAN_POINT('Origin',(20.0130729904309,-11.0629713908145,3.7));
#11548=CARTESIAN_POINT('Origin',(21.1130729904309,-11.5246299872341,3.6));
#11549=CARTESIAN_POINT('',(21.0130729904309,-15.0629713908145,3.7));
#11550=CARTESIAN_POINT('',(21.2130729904309,-15.0629713908145,3.5));
#11551=CARTESIAN_POINT('',(21.0130729904309,-11.5246299872341,3.7));
#11552=CARTESIAN_POINT('Origin',(20.0130729904309,-15.0629713908145,3.6));
#11553=CARTESIAN_POINT('Origin',(20.0130729904309,-15.0629713908145,3.7));
#11554=CARTESIAN_POINT('Origin',(7.01307299043092,-9.06297139081446,3.5));
#11555=CARTESIAN_POINT('',(8.01307299043092,-9.06297139081446,4.8));
#11556=CARTESIAN_POINT('',(8.01307299043092,-9.06297139081446,3.5));
#11557=CARTESIAN_POINT('',(7.01307299043092,-10.0629713908145,4.8));
#11558=CARTESIAN_POINT('Origin',(7.01307299043092,-9.06297139081446,4.8));
#11559=CARTESIAN_POINT('',(7.01307299043092,-10.0629713908145,3.5));
#11560=CARTESIAN_POINT('Origin',(8.01307299043092,-10.0629713908145,3.5));
#11561=CARTESIAN_POINT('',(8.01307299043092,-3.98628858365384,4.8));
#11562=CARTESIAN_POINT('',(8.01307299043092,-3.98628858365384,3.5));
#11563=CARTESIAN_POINT('',(8.01307299043092,-11.5246299872341,4.8));
#11564=CARTESIAN_POINT('Origin',(9.01307299043092,-3.98628858365384,3.5));
#11565=CARTESIAN_POINT('',(9.01307299043092,-2.98628858365384,4.8));
#11566=CARTESIAN_POINT('',(9.01307299043092,-2.98628858365384,3.5));
#11567=CARTESIAN_POINT('Origin',(9.01307299043092,-3.98628858365384,4.8));
#11568=CARTESIAN_POINT('Origin',(8.01307299043092,-2.98628858365384,3.5));
#11569=CARTESIAN_POINT('',(13.0130729904309,-2.98628858365384,4.8));
#11570=CARTESIAN_POINT('',(13.0130729904309,-2.98628858365384,3.5));
#11571=CARTESIAN_POINT('',(19.0130729904309,-2.98628858365384,4.8));
#11572=CARTESIAN_POINT('Origin',(13.0130729904309,-3.98628858365384,3.5));
#11573=CARTESIAN_POINT('',(14.0130729904309,-3.98628858365384,4.8));
#11574=CARTESIAN_POINT('',(14.0130729904309,-3.98628858365384,3.5));
#11575=CARTESIAN_POINT('Origin',(13.0130729904309,-3.98628858365384,4.8));
#11576=CARTESIAN_POINT('Origin',(14.0130729904309,-2.98628858365384,3.5));
#11577=CARTESIAN_POINT('',(14.0130729904309,-9.06297139081446,4.8));
#11578=CARTESIAN_POINT('',(14.0130729904309,-9.06297139081446,3.5));
#11579=CARTESIAN_POINT('',(14.0130729904309,-7.98628858365384,4.8));
#11580=CARTESIAN_POINT('Origin',(15.0130729904309,-9.06297139081446,3.5));
#11581=CARTESIAN_POINT('',(15.0130729904309,-10.0629713908145,4.8));
#11582=CARTESIAN_POINT('',(15.0130729904309,-10.0629713908145,3.5));
#11583=CARTESIAN_POINT('Origin',(15.0130729904309,-9.06297139081446,4.8));
#11584=CARTESIAN_POINT('Origin',(14.0130729904309,-10.0629713908145,3.5));
#11585=CARTESIAN_POINT('',(20.0130729904309,-10.0629713908145,4.8));
#11586=CARTESIAN_POINT('',(20.0130729904309,-10.0629713908145,3.5));
#11587=CARTESIAN_POINT('',(22.0130729904309,-10.0629713908145,4.8));
#11588=CARTESIAN_POINT('Origin',(20.0130729904309,-11.0629713908145,3.5));
#11589=CARTESIAN_POINT('',(21.0130729904309,-11.0629713908145,4.8));
#11590=CARTESIAN_POINT('',(21.0130729904309,-11.0629713908145,3.5));
#11591=CARTESIAN_POINT('Origin',(20.0130729904309,-11.0629713908145,4.8));
#11592=CARTESIAN_POINT('Origin',(21.0130729904309,-10.0629713908145,3.5));
#11593=CARTESIAN_POINT('',(21.0130729904309,-15.0629713908145,4.8));
#11594=CARTESIAN_POINT('',(21.0130729904309,-15.0629713908145,3.5));
#11595=CARTESIAN_POINT('',(21.0130729904309,-11.5246299872341,4.8));
#11596=CARTESIAN_POINT('Origin',(20.0130729904309,-15.0629713908145,3.5));
#11597=CARTESIAN_POINT('',(20.0130729904309,-16.0629713908145,4.8));
#11598=CARTESIAN_POINT('',(20.0130729904309,-16.0629713908145,3.5));
#11599=CARTESIAN_POINT('Origin',(20.0130729904309,-15.0629713908145,4.8));
#11600=CARTESIAN_POINT('Origin',(21.0130729904309,-16.0629713908145,3.5));
#11601=CARTESIAN_POINT('',(15.0130729904309,-16.0629713908145,4.8));
#11602=CARTESIAN_POINT('',(15.0130729904309,-16.0629713908145,3.5));
#11603=CARTESIAN_POINT('',(25.5130729904309,-16.0629713908145,4.8));
#11604=CARTESIAN_POINT('Origin',(30.2630729904309,-20.7362885836538,4.9));
#11605=CARTESIAN_POINT('',(30.2630729904309,-19.2862885836538,5.));
#11606=CARTESIAN_POINT('',(30.2630729904309,-19.2862885836538,5.));
#11607=CARTESIAN_POINT('',(31.7130729904309,-20.7362885836538,5.));
#11608=CARTESIAN_POINT('',(31.5130729904309,-20.7362885836538,4.8));
#11609=CARTESIAN_POINT('Origin',(30.2630729904309,-20.7362885836538,5.));
#11610=CARTESIAN_POINT('Origin',(27.2630729904309,-19.3862885836538,4.9));
#11611=CARTESIAN_POINT('',(25.7630729904309,-19.2862885836538,5.));
#11612=CARTESIAN_POINT('',(27.2630729904309,-19.2862885836538,5.));
#11613=CARTESIAN_POINT('',(25.7630729904309,-19.2862885836538,5.));
#11614=CARTESIAN_POINT('Origin',(25.7630729904309,-20.7362885836538,4.9));
#11615=CARTESIAN_POINT('',(24.3130729904309,-20.7362885836538,5.));
#11616=CARTESIAN_POINT('',(24.3130729904309,-20.7362885836538,5.));
#11617=CARTESIAN_POINT('Origin',(25.7630729904309,-20.7362885836538,5.));
#11618=CARTESIAN_POINT('Origin',(24.4130729904309,-17.7362885836538,4.9));
#11619=CARTESIAN_POINT('',(24.3130729904309,-21.2362885836538,5.));
#11620=CARTESIAN_POINT('',(24.3130729904309,-17.7362885836538,5.));
#11621=CARTESIAN_POINT('',(24.3130729904309,-21.2362885836538,5.));
#11622=CARTESIAN_POINT('Origin',(25.7630729904309,-21.2362885836538,4.9));
#11623=CARTESIAN_POINT('',(25.7630729904309,-22.6862885836538,5.));
#11624=CARTESIAN_POINT('',(25.7630729904309,-22.4862885836538,4.8));
#11625=CARTESIAN_POINT('',(25.7630729904309,-22.6862885836538,5.));
#11626=CARTESIAN_POINT('Origin',(25.7630729904309,-21.2362885836538,4.8));
#11627=CARTESIAN_POINT('Origin',(25.7630729904309,-21.2362885836538,5.));
#11628=CARTESIAN_POINT('Origin',(30.7630729904309,-22.5862885836538,4.9));
#11629=CARTESIAN_POINT('',(30.2630729904309,-22.6862885836538,5.));
#11630=CARTESIAN_POINT('',(30.7630729904309,-22.6862885836538,5.));
#11631=CARTESIAN_POINT('',(30.2630729904309,-22.4862885836538,4.8));
#11632=CARTESIAN_POINT('',(30.2630729904309,-22.6862885836538,5.));
#11633=CARTESIAN_POINT('',(30.7630729904309,-22.4862885836538,4.8));
#11634=CARTESIAN_POINT('Origin',(30.2630729904309,-21.2362885836538,4.9));
#11635=CARTESIAN_POINT('',(31.7130729904309,-21.2362885836538,5.));
#11636=CARTESIAN_POINT('',(31.5130729904309,-21.2362885836538,4.8));
#11637=CARTESIAN_POINT('',(31.7130729904309,-21.2362885836538,5.));
#11638=CARTESIAN_POINT('Origin',(30.2630729904309,-21.2362885836538,4.8));
#11639=CARTESIAN_POINT('Origin',(30.2630729904309,-21.2362885836538,5.));
#11640=CARTESIAN_POINT('Origin',(31.6130729904309,-16.2362885836538,4.9));
#11641=CARTESIAN_POINT('',(31.7130729904309,-16.2362885836538,5.));
#11642=CARTESIAN_POINT('',(31.5130729904309,-16.2362885836538,4.8));
#11643=CARTESIAN_POINT('Origin',(31.5130729904309,-22.4862885836538,3.5));
#11644=CARTESIAN_POINT('',(25.7630729904309,-22.4862885836538,3.5));
#11645=CARTESIAN_POINT('',(30.2630729904309,-22.4862885836538,3.5));
#11646=CARTESIAN_POINT('Origin',(30.2630729904309,-21.2362885836538,3.5));
#11647=CARTESIAN_POINT('',(31.5130729904309,-21.2362885836538,3.5));
#11648=CARTESIAN_POINT('Origin',(31.5130729904309,-19.4862885836538,3.5));
#11649=CARTESIAN_POINT('Origin',(30.0130729904309,-12.9862885836538,5.));
#11650=CARTESIAN_POINT('',(41.6630729904309,-18.5862885836538,5.));
#11651=CARTESIAN_POINT('',(42.4130729904309,-19.3362885836538,5.));
#11652=CARTESIAN_POINT('Origin',(41.6630729904309,-19.3362885836538,5.));
#11653=CARTESIAN_POINT('',(24.3630729904309,-18.5862885836538,5.));
#11654=CARTESIAN_POINT('',(36.2130729904309,-18.5862885836538,5.));
#11655=CARTESIAN_POINT('',(23.6130729904309,-19.3362885836538,5.));
#11656=CARTESIAN_POINT('Origin',(24.3630729904309,-19.3362885836538,5.));
#11657=CARTESIAN_POINT('',(23.6130729904309,-22.6362885836538,5.));
#11658=CARTESIAN_POINT('',(23.6130729904309,-15.7862885836538,5.));
#11659=CARTESIAN_POINT('',(24.3630729904309,-23.3862885836538,5.));
#11660=CARTESIAN_POINT('Origin',(24.3630729904309,-22.6362885836538,5.));
#11661=CARTESIAN_POINT('',(41.6630729904309,-23.3862885836538,5.));
#11662=CARTESIAN_POINT('',(26.8130729904309,-23.3862885836538,5.));
#11663=CARTESIAN_POINT('',(42.4130729904309,-22.6362885836538,5.));
#11664=CARTESIAN_POINT('Origin',(41.6630729904309,-22.6362885836538,5.));
#11665=CARTESIAN_POINT('',(42.4130729904309,-18.1862885836538,5.));
#11666=CARTESIAN_POINT('',(41.7130729904309,-20.7362885836538,5.));
#11667=CARTESIAN_POINT('',(40.2630729904309,-19.2862885836538,5.));
#11668=CARTESIAN_POINT('Origin',(40.2630729904309,-20.7362885836538,5.));
#11669=CARTESIAN_POINT('',(41.7130729904309,-21.2362885836538,5.));
#11670=CARTESIAN_POINT('',(41.7130729904309,-16.2362885836538,5.));
#11671=CARTESIAN_POINT('',(40.2630729904309,-22.6862885836538,5.));
#11672=CARTESIAN_POINT('Origin',(40.2630729904309,-21.2362885836538,5.));
#11673=CARTESIAN_POINT('',(35.7630729904309,-22.6862885836538,5.));
#11674=CARTESIAN_POINT('',(35.7630729904309,-22.6862885836538,5.));
#11675=CARTESIAN_POINT('',(34.3130729904309,-21.2362885836538,5.));
#11676=CARTESIAN_POINT('Origin',(35.7630729904309,-21.2362885836538,5.));
#11677=CARTESIAN_POINT('',(34.3130729904309,-20.7362885836538,5.));
#11678=CARTESIAN_POINT('',(34.3130729904309,-17.7362885836538,5.));
#11679=CARTESIAN_POINT('',(35.7630729904309,-19.2862885836538,5.));
#11680=CARTESIAN_POINT('Origin',(35.7630729904309,-20.7362885836538,5.));
#11681=CARTESIAN_POINT('',(32.2630729904309,-19.2862885836538,5.));
#11682=CARTESIAN_POINT('Origin',(40.2630729904309,-20.7362885836538,4.9));
#11683=CARTESIAN_POINT('',(40.2630729904309,-19.2862885836538,5.));
#11684=CARTESIAN_POINT('',(41.5130729904309,-20.7362885836538,4.8));
#11685=CARTESIAN_POINT('Origin',(40.2630729904309,-20.7362885836538,4.8));
#11686=CARTESIAN_POINT('',(41.5130729904309,-20.7362885836538,4.8));
#11687=CARTESIAN_POINT('Origin',(32.2630729904309,-19.3862885836538,4.9));
#11688=CARTESIAN_POINT('',(35.7630729904309,-19.2862885836538,5.));
#11689=CARTESIAN_POINT('Origin',(35.7630729904309,-20.7362885836538,4.9));
#11690=CARTESIAN_POINT('',(34.3130729904309,-20.7362885836538,5.));
#11691=CARTESIAN_POINT('Origin',(34.4130729904309,-17.7362885836538,4.9));
#11692=CARTESIAN_POINT('',(34.3130729904309,-21.2362885836538,5.));
#11693=CARTESIAN_POINT('Origin',(35.7630729904309,-21.2362885836538,4.9));
#11694=CARTESIAN_POINT('',(35.7630729904309,-22.6862885836538,5.));
#11695=CARTESIAN_POINT('Origin',(35.7630729904309,-22.5862885836538,4.9));
#11696=CARTESIAN_POINT('',(40.2630729904309,-22.4862885836538,4.8));
#11697=CARTESIAN_POINT('',(40.2630729904309,-22.6862885836538,5.));
#11698=CARTESIAN_POINT('',(35.7630729904309,-22.4862885836538,4.8));
#11699=CARTESIAN_POINT('Origin',(40.2630729904309,-21.2362885836538,4.9));
#11700=CARTESIAN_POINT('',(41.5130729904309,-21.2362885836538,4.8));
#11701=CARTESIAN_POINT('',(41.7130729904309,-21.2362885836538,5.));
#11702=CARTESIAN_POINT('Origin',(40.2630729904309,-21.2362885836538,4.8));
#11703=CARTESIAN_POINT('Origin',(41.6130729904309,-16.2362885836538,4.9));
#11704=CARTESIAN_POINT('',(41.5130729904309,-16.2362885836538,4.8));
#11705=CARTESIAN_POINT('Origin',(41.5130729904309,-22.4862885836538,3.5));
#11706=CARTESIAN_POINT('',(40.2630729904309,-22.4862885836538,3.5));
#11707=CARTESIAN_POINT('Origin',(40.2630729904309,-21.2362885836538,3.5));
#11708=CARTESIAN_POINT('',(41.5130729904309,-21.2362885836538,3.5));
#11709=CARTESIAN_POINT('Origin',(41.5130729904309,-19.4862885836538,3.5));
#11710=CARTESIAN_POINT('',(41.5130729904309,-20.7362885836538,3.5));
#11711=CARTESIAN_POINT('Origin',(40.2630729904309,-20.7362885836538,3.5));
#11712=CARTESIAN_POINT('Origin',(56.7630729904309,-12.9862885836538,4.9));
#11713=CARTESIAN_POINT('',(53.5630729904309,-12.9862885836538,5.));
#11714=CARTESIAN_POINT('Origin',(56.7630729904309,-12.9862885836538,5.));
#11715=CARTESIAN_POINT('',(53.6630729904309,-12.9862885836538,4.9));
#11716=CARTESIAN_POINT('Origin',(30.0130729904309,-12.9862885836538,5.));
#11717=CARTESIAN_POINT('',(0.11307299043092,-26.6362885836538,5.));
#11718=CARTESIAN_POINT('',(-0.63692700956908,-25.8862885836538,5.));
#11719=CARTESIAN_POINT('Origin',(0.11307299043092,-25.8862885836538,5.));
#11720=CARTESIAN_POINT('',(59.9130729904309,-26.6362885836538,5.));
#11721=CARTESIAN_POINT('',(14.6880729904309,-26.6362885836538,5.));
#11722=CARTESIAN_POINT('',(60.6630729904309,-25.8862885836538,5.));
#11723=CARTESIAN_POINT('Origin',(59.9130729904309,-25.8862885836538,5.));
#11724=CARTESIAN_POINT('',(60.6630729904309,-0.0862885836538307,5.));
#11725=CARTESIAN_POINT('',(60.6630729904309,-19.8112885836538,5.));
#11726=CARTESIAN_POINT('',(59.9130729904309,0.663711416346167,5.));
#11727=CARTESIAN_POINT('Origin',(59.9130729904309,-0.0862885836538307,5.));
#11728=CARTESIAN_POINT('',(0.113072990430911,0.663711416346166,5.));
#11729=CARTESIAN_POINT('',(45.3380729904309,0.663711416346167,5.));
#11730=CARTESIAN_POINT('',(-0.636927009569085,-0.086288583653833,5.));
#11731=CARTESIAN_POINT('Origin',(0.113072990430911,-0.0862885836538328,
5.));
#11732=CARTESIAN_POINT('',(-0.636927009569084,-6.16128858365384,5.));
#11733=CARTESIAN_POINT('',(41.8130729904309,-12.9862885836538,5.));
#11734=CARTESIAN_POINT('Origin',(45.0130729904309,-12.9862885836538,5.));
#11735=CARTESIAN_POINT('',(43.0130729904309,-18.7362885836538,5.));
#11736=CARTESIAN_POINT('',(43.0130729904309,-23.2362885836538,5.));
#11737=CARTESIAN_POINT('',(43.0130729904309,-15.4862885836538,5.));
#11738=CARTESIAN_POINT('',(42.2630729904309,-23.9862885836538,5.));
#11739=CARTESIAN_POINT('Origin',(42.2630729904309,-23.2362885836538,5.));
#11740=CARTESIAN_POINT('',(23.7630729904309,-23.9862885836538,5.));
#11741=CARTESIAN_POINT('',(36.5130729904309,-23.9862885836538,5.));
#11742=CARTESIAN_POINT('',(23.0130729904309,-23.2362885836538,5.));
#11743=CARTESIAN_POINT('Origin',(23.7630729904309,-23.2362885836538,5.));
#11744=CARTESIAN_POINT('',(23.0130729904309,-18.7362885836538,5.));
#11745=CARTESIAN_POINT('',(23.0130729904309,-18.4862885836538,5.));
#11746=CARTESIAN_POINT('',(23.7630729904309,-17.9862885836538,5.));
#11747=CARTESIAN_POINT('Origin',(23.7630729904309,-18.7362885836538,5.));
#11748=CARTESIAN_POINT('',(42.2630729904309,-17.9862885836538,5.));
#11749=CARTESIAN_POINT('',(26.5130729904309,-17.9862885836538,5.));
#11750=CARTESIAN_POINT('Origin',(42.2630729904309,-18.7362885836538,5.));
#11751=CARTESIAN_POINT('',(21.2130729904309,-15.0629713908145,5.));
#11752=CARTESIAN_POINT('',(21.2130729904309,-11.0629713908145,5.));
#11753=CARTESIAN_POINT('',(21.2130729904309,-11.5246299872341,5.));
#11754=CARTESIAN_POINT('',(20.0130729904309,-16.2629713908145,5.));
#11755=CARTESIAN_POINT('Origin',(20.0130729904309,-15.0629713908145,5.));
#11756=CARTESIAN_POINT('',(15.0130729904309,-16.2629713908145,5.));
#11757=CARTESIAN_POINT('',(25.5130729904309,-16.2629713908145,5.));
#11758=CARTESIAN_POINT('',(14.2130729904309,-17.0629713908145,5.));
#11759=CARTESIAN_POINT('Origin',(15.0130729904309,-17.0629713908145,5.));
#11760=CARTESIAN_POINT('',(14.2130729904309,-21.9862885836538,5.));
#11761=CARTESIAN_POINT('',(14.2130729904309,-14.5246299872341,5.));
#11762=CARTESIAN_POINT('',(13.0130729904309,-23.1862885836538,5.));
#11763=CARTESIAN_POINT('Origin',(13.0130729904309,-21.9862885836538,5.));
#11764=CARTESIAN_POINT('',(9.01307299043092,-23.1862885836538,5.));
#11765=CARTESIAN_POINT('',(22.0130729904309,-23.1862885836538,5.));
#11766=CARTESIAN_POINT('',(7.81307299043092,-21.9862885836538,5.));
#11767=CARTESIAN_POINT('Origin',(9.01307299043092,-21.9862885836538,5.));
#11768=CARTESIAN_POINT('',(7.81307299043092,-17.0629713908145,5.));
#11769=CARTESIAN_POINT('',(7.81307299043092,-17.9862885836538,5.));
#11770=CARTESIAN_POINT('',(7.01307299043092,-16.2629713908145,5.));
#11771=CARTESIAN_POINT('Origin',(7.01307299043092,-17.0629713908145,5.));
#11772=CARTESIAN_POINT('',(2.01307299043092,-16.2629713908145,5.));
#11773=CARTESIAN_POINT('',(19.0130729904309,-16.2629713908145,5.));
#11774=CARTESIAN_POINT('',(0.813072990430914,-15.0629713908145,5.));
#11775=CARTESIAN_POINT('Origin',(2.01307299043092,-15.0629713908145,5.));
#11776=CARTESIAN_POINT('',(0.813072990430914,-11.0629713908145,5.));
#11777=CARTESIAN_POINT('',(0.813072990430914,-14.5246299872341,5.));
#11778=CARTESIAN_POINT('',(2.01307299043091,-9.86297139081446,5.));
#11779=CARTESIAN_POINT('Origin',(2.01307299043091,-11.0629713908145,5.));
#11780=CARTESIAN_POINT('',(7.01307299043092,-9.86297139081446,5.));
#11781=CARTESIAN_POINT('',(15.5130729904309,-9.86297139081446,5.));
#11782=CARTESIAN_POINT('',(7.81307299043092,-9.06297139081446,5.));
#11783=CARTESIAN_POINT('Origin',(7.01307299043092,-9.06297139081446,5.));
#11784=CARTESIAN_POINT('',(7.81307299043092,-3.98628858365384,5.));
#11785=CARTESIAN_POINT('',(7.81307299043092,-11.5246299872341,5.));
#11786=CARTESIAN_POINT('',(9.01307299043092,-2.78628858365383,5.));
#11787=CARTESIAN_POINT('Origin',(9.01307299043092,-3.98628858365384,5.));
#11788=CARTESIAN_POINT('',(13.0130729904309,-2.78628858365384,5.));
#11789=CARTESIAN_POINT('',(19.0130729904309,-2.78628858365384,5.));
#11790=CARTESIAN_POINT('',(14.2130729904309,-3.98628858365384,5.));
#11791=CARTESIAN_POINT('Origin',(13.0130729904309,-3.98628858365384,5.));
#11792=CARTESIAN_POINT('',(14.2130729904309,-9.06297139081446,5.));
#11793=CARTESIAN_POINT('',(14.2130729904309,-7.98628858365384,5.));
#11794=CARTESIAN_POINT('',(15.0130729904309,-9.86297139081446,5.));
#11795=CARTESIAN_POINT('Origin',(15.0130729904309,-9.06297139081446,5.));
#11796=CARTESIAN_POINT('',(20.0130729904309,-9.86297139081446,5.));
#11797=CARTESIAN_POINT('',(22.0130729904309,-9.86297139081446,5.));
#11798=CARTESIAN_POINT('Origin',(20.0130729904309,-11.0629713908145,5.));
#11799=CARTESIAN_POINT('Origin',(45.0130729904309,-12.9862885836538,4.9));
#11800=CARTESIAN_POINT('',(41.9130729904309,-12.9862885836538,4.9));
#11801=CARTESIAN_POINT('Origin',(21.1130729904309,-11.5246299872341,4.9));
#11802=CARTESIAN_POINT('',(21.0130729904309,-15.0629713908145,4.8));
#11803=CARTESIAN_POINT('',(21.2130729904309,-11.0629713908145,5.));
#11804=CARTESIAN_POINT('Origin',(20.0130729904309,-15.0629713908145,4.9));
#11805=CARTESIAN_POINT('',(20.0130729904309,-16.0629713908145,4.8));
#11806=CARTESIAN_POINT('Origin',(25.5130729904309,-16.1629713908145,4.9));
#11807=CARTESIAN_POINT('',(15.0130729904309,-16.0629713908145,4.8));
#11808=CARTESIAN_POINT('Origin',(15.0130729904309,-17.0629713908145,4.9));
#11809=CARTESIAN_POINT('',(14.0130729904309,-17.0629713908145,4.8));
#11810=CARTESIAN_POINT('Origin',(15.0130729904309,-17.0629713908145,4.8));
#11811=CARTESIAN_POINT('',(14.0130729904309,-17.0629713908145,4.8));
#11812=CARTESIAN_POINT('Origin',(14.1130729904309,-14.5246299872341,4.9));
#11813=CARTESIAN_POINT('',(14.0130729904309,-21.9862885836538,4.8));
#11814=CARTESIAN_POINT('',(14.0130729904309,-21.9862885836538,4.8));
#11815=CARTESIAN_POINT('',(14.0130729904309,-14.5246299872341,4.8));
#11816=CARTESIAN_POINT('Origin',(13.0130729904309,-21.9862885836538,4.9));
#11817=CARTESIAN_POINT('',(13.0130729904309,-22.9862885836538,4.8));
#11818=CARTESIAN_POINT('Origin',(13.0130729904309,-21.9862885836538,4.8));
#11819=CARTESIAN_POINT('',(13.0130729904309,-22.9862885836538,4.8));
#11820=CARTESIAN_POINT('Origin',(22.0130729904309,-23.0862885836538,4.9));
#11821=CARTESIAN_POINT('',(9.01307299043092,-22.9862885836538,4.8));
#11822=CARTESIAN_POINT('',(9.01307299043092,-22.9862885836538,4.8));
#11823=CARTESIAN_POINT('',(22.0130729904309,-22.9862885836538,4.8));
#11824=CARTESIAN_POINT('Origin',(9.01307299043092,-21.9862885836538,4.9));
#11825=CARTESIAN_POINT('',(8.01307299043092,-21.9862885836538,4.8));
#11826=CARTESIAN_POINT('Origin',(9.01307299043092,-21.9862885836538,4.8));
#11827=CARTESIAN_POINT('',(8.01307299043092,-21.9862885836538,4.8));
#11828=CARTESIAN_POINT('Origin',(7.91307299043092,-17.9862885836538,4.9));
#11829=CARTESIAN_POINT('',(8.01307299043092,-17.0629713908145,4.8));
#11830=CARTESIAN_POINT('',(8.01307299043092,-17.0629713908145,4.8));
#11831=CARTESIAN_POINT('',(8.01307299043092,-17.9862885836538,4.8));
#11832=CARTESIAN_POINT('Origin',(7.01307299043092,-17.0629713908145,4.9));
#11833=CARTESIAN_POINT('',(7.01307299043092,-16.0629713908145,4.8));
#11834=CARTESIAN_POINT('Origin',(7.01307299043092,-17.0629713908145,4.8));
#11835=CARTESIAN_POINT('',(7.01307299043092,-16.0629713908145,4.8));
#11836=CARTESIAN_POINT('Origin',(19.0130729904309,-16.1629713908145,4.9));
#11837=CARTESIAN_POINT('',(2.01307299043092,-16.0629713908145,4.8));
#11838=CARTESIAN_POINT('',(2.01307299043092,-16.0629713908145,4.8));
#11839=CARTESIAN_POINT('',(19.0130729904309,-16.0629713908145,4.8));
#11840=CARTESIAN_POINT('Origin',(2.01307299043092,-15.0629713908145,4.9));
#11841=CARTESIAN_POINT('',(1.01307299043091,-15.0629713908145,4.8));
#11842=CARTESIAN_POINT('Origin',(2.01307299043092,-15.0629713908145,4.8));
#11843=CARTESIAN_POINT('',(1.01307299043091,-15.0629713908145,4.8));
#11844=CARTESIAN_POINT('Origin',(0.913072990430914,-14.5246299872341,4.9));
#11845=CARTESIAN_POINT('',(1.01307299043091,-11.0629713908145,4.8));
#11846=CARTESIAN_POINT('',(1.01307299043091,-11.0629713908145,4.8));
#11847=CARTESIAN_POINT('',(1.01307299043091,-14.5246299872341,4.8));
#11848=CARTESIAN_POINT('Origin',(2.01307299043091,-11.0629713908145,4.9));
#11849=CARTESIAN_POINT('',(2.01307299043091,-10.0629713908145,4.8));
#11850=CARTESIAN_POINT('Origin',(2.01307299043091,-11.0629713908145,4.8));
#11851=CARTESIAN_POINT('',(2.01307299043091,-10.0629713908145,4.8));
#11852=CARTESIAN_POINT('Origin',(15.5130729904309,-9.96297139081446,4.9));
#11853=CARTESIAN_POINT('',(7.01307299043092,-10.0629713908145,4.8));
#11854=CARTESIAN_POINT('',(15.5130729904309,-10.0629713908145,4.8));
#11855=CARTESIAN_POINT('Origin',(7.01307299043092,-9.06297139081446,4.9));
#11856=CARTESIAN_POINT('',(8.01307299043092,-9.06297139081446,4.8));
#11857=CARTESIAN_POINT('Origin',(7.91307299043092,-11.5246299872341,4.9));
#11858=CARTESIAN_POINT('',(8.01307299043092,-3.98628858365384,4.8));
#11859=CARTESIAN_POINT('Origin',(9.01307299043092,-3.98628858365384,4.9));
#11860=CARTESIAN_POINT('',(9.01307299043092,-2.98628858365384,4.8));
#11861=CARTESIAN_POINT('Origin',(19.0130729904309,-2.88628858365384,4.9));
#11862=CARTESIAN_POINT('',(13.0130729904309,-2.98628858365384,4.8));
#11863=CARTESIAN_POINT('Origin',(13.0130729904309,-3.98628858365384,4.9));
#11864=CARTESIAN_POINT('',(14.0130729904309,-3.98628858365384,4.8));
#11865=CARTESIAN_POINT('Origin',(14.1130729904309,-7.98628858365384,4.9));
#11866=CARTESIAN_POINT('',(14.0130729904309,-9.06297139081446,4.8));
#11867=CARTESIAN_POINT('Origin',(15.0130729904309,-9.06297139081446,4.9));
#11868=CARTESIAN_POINT('',(15.0130729904309,-10.0629713908145,4.8));
#11869=CARTESIAN_POINT('Origin',(22.0130729904309,-9.96297139081446,4.9));
#11870=CARTESIAN_POINT('',(20.0130729904309,-10.0629713908145,4.8));
#11871=CARTESIAN_POINT('Origin',(20.0130729904309,-11.0629713908145,4.9));
#11872=CARTESIAN_POINT('Origin',(2.01307299043092,-15.0629713908145,3.5));
#11873=CARTESIAN_POINT('',(1.01307299043091,-15.0629713908145,3.5));
#11874=CARTESIAN_POINT('',(2.01307299043092,-16.0629713908145,3.5));
#11875=CARTESIAN_POINT('Origin',(8.01307299043092,-16.0629713908145,3.5));
#11876=CARTESIAN_POINT('',(7.01307299043092,-16.0629713908145,3.5));
#11877=CARTESIAN_POINT('Origin',(7.01307299043092,-17.0629713908145,3.5));
#11878=CARTESIAN_POINT('',(8.01307299043092,-17.0629713908145,3.5));
#11879=CARTESIAN_POINT('Origin',(8.01307299043092,-22.9862885836538,3.5));
#11880=CARTESIAN_POINT('',(8.01307299043092,-21.9862885836538,3.5));
#11881=CARTESIAN_POINT('Origin',(9.01307299043092,-21.9862885836538,3.5));
#11882=CARTESIAN_POINT('',(9.01307299043092,-22.9862885836538,3.5));
#11883=CARTESIAN_POINT('Origin',(14.0130729904309,-22.9862885836538,3.5));
#11884=CARTESIAN_POINT('',(13.0130729904309,-22.9862885836538,3.5));
#11885=CARTESIAN_POINT('Origin',(13.0130729904309,-21.9862885836538,3.5));
#11886=CARTESIAN_POINT('',(14.0130729904309,-21.9862885836538,3.5));
#11887=CARTESIAN_POINT('Origin',(14.0130729904309,-16.0629713908145,3.5));
#11888=CARTESIAN_POINT('',(14.0130729904309,-17.0629713908145,3.5));
#11889=CARTESIAN_POINT('Origin',(15.0130729904309,-17.0629713908145,3.5));
#11890=CARTESIAN_POINT('Origin',(2.51307299043092,-23.4862885836538,0.1));
#11891=CARTESIAN_POINT('',(1.56307299043091,-23.4862885836538,0.2));
#11892=CARTESIAN_POINT('Origin',(2.51307299043092,-23.4862885836538,0.2));
#11893=CARTESIAN_POINT('',(1.36307299043091,-23.4862885836538,0.));
#11894=CARTESIAN_POINT('',(1.46307299043091,-23.4862885836538,0.1));
#11895=CARTESIAN_POINT('Origin',(2.51307299043092,-23.4862885836538,0.));
#11896=CARTESIAN_POINT('Origin',(2.51307299043092,-23.4862885836538,0.));
#11897=CARTESIAN_POINT('',(1.56307299043091,-23.4862885836538,0.));
#11898=CARTESIAN_POINT('Origin',(2.01307299043092,-23.9862885836538,0.));
#11899=CARTESIAN_POINT('',(4.51307299043092,-23.4862885836538,0.));
#11900=CARTESIAN_POINT('',(2.51307299043092,-21.4862885836538,0.));
#11901=CARTESIAN_POINT('Origin',(2.51307299043092,-23.4862885836538,0.));
#11902=CARTESIAN_POINT('',(4.51307299043092,-26.4862885836538,0.));
#11903=CARTESIAN_POINT('',(4.51307299043092,-23.4862885836538,0.));
#11904=CARTESIAN_POINT('',(-0.486927009569085,-26.4862885836538,0.));
#11905=CARTESIAN_POINT('',(0.763072990430915,-26.4862885836538,0.));
#11906=CARTESIAN_POINT('',(-0.486927009569085,-21.4862885836538,0.));
#11907=CARTESIAN_POINT('',(-0.486927009569085,-11.7362885836538,0.));
#11908=CARTESIAN_POINT('',(2.51307299043092,-21.4862885836538,0.));
#11909=CARTESIAN_POINT('Origin',(2.51307299043092,-2.48628858365384,0.1));
#11910=CARTESIAN_POINT('',(1.56307299043092,-2.48628858365384,0.2));
#11911=CARTESIAN_POINT('Origin',(2.51307299043092,-2.48628858365384,0.2));
#11912=CARTESIAN_POINT('',(1.36307299043092,-2.48628858365384,0.));
#11913=CARTESIAN_POINT('',(1.46307299043092,-2.48628858365384,0.1));
#11914=CARTESIAN_POINT('Origin',(2.51307299043092,-2.48628858365384,0.));
#11915=CARTESIAN_POINT('Origin',(2.51307299043092,-2.48628858365384,0.));
#11916=CARTESIAN_POINT('',(1.56307299043092,-2.48628858365384,0.));
#11917=CARTESIAN_POINT('Origin',(2.01307299043092,-1.98628858365384,0.));
#11918=CARTESIAN_POINT('',(4.51307299043092,-2.48628858365384,0.));
#11919=CARTESIAN_POINT('',(4.51307299043092,0.513711416346164,0.));
#11920=CARTESIAN_POINT('',(4.51307299043092,-2.48628858365384,0.));
#11921=CARTESIAN_POINT('',(2.51307299043092,-4.48628858365384,0.));
#11922=CARTESIAN_POINT('Origin',(2.51307299043092,-2.48628858365384,0.));
#11923=CARTESIAN_POINT('',(-0.486927009569085,-4.48628858365384,0.));
#11924=CARTESIAN_POINT('',(2.51307299043092,-4.48628858365384,0.));
#11925=CARTESIAN_POINT('',(-0.486927009569085,0.513711416346164,0.));
#11926=CARTESIAN_POINT('',(-0.486927009569085,-0.736288583653835,0.));
#11927=CARTESIAN_POINT('',(31.2630729904309,0.513711416346163,0.));
#11928=CARTESIAN_POINT('Origin',(58.5130729904309,-1.48628858365384,0.1));
#11929=CARTESIAN_POINT('',(57.5630729904309,-1.48628858365384,0.2));
#11930=CARTESIAN_POINT('Origin',(58.5130729904309,-1.48628858365384,0.2));
#11931=CARTESIAN_POINT('',(57.3630729904309,-1.48628858365384,0.));
#11932=CARTESIAN_POINT('',(57.4630729904309,-1.48628858365384,0.1));
#11933=CARTESIAN_POINT('Origin',(58.5130729904309,-1.48628858365384,0.));
#11934=CARTESIAN_POINT('Origin',(58.5130729904309,-1.48628858365384,0.));
#11935=CARTESIAN_POINT('',(57.5630729904309,-1.48628858365384,0.));
#11936=CARTESIAN_POINT('Origin',(58.7630729904309,-1.23628858365384,0.));
#11937=CARTESIAN_POINT('',(57.0130729904309,-1.48628858365384,0.));
#11938=CARTESIAN_POINT('',(58.5130729904309,-2.98628858365384,0.));
#11939=CARTESIAN_POINT('Origin',(58.5130729904309,-1.48628858365384,0.));
#11940=CARTESIAN_POINT('',(57.0130729904309,0.513711416346162,0.));
#11941=CARTESIAN_POINT('',(57.0130729904309,-1.48628858365384,0.));
#11942=CARTESIAN_POINT('',(60.5130729904309,0.513711416346162,0.));
#11943=CARTESIAN_POINT('',(59.6380729904309,0.513711416346162,0.));
#11944=CARTESIAN_POINT('',(60.5130729904309,-2.98628858365384,0.));
#11945=CARTESIAN_POINT('',(60.5130729904309,-13.8612885836538,0.));
#11946=CARTESIAN_POINT('',(58.5130729904309,-2.98628858365384,0.));
#11947=CARTESIAN_POINT('Origin',(58.5130729904309,-24.4862885836538,0.1));
#11948=CARTESIAN_POINT('',(57.5630729904309,-24.4862885836538,0.2));
#11949=CARTESIAN_POINT('Origin',(58.5130729904309,-24.4862885836538,0.2));
#11950=CARTESIAN_POINT('',(57.3630729904309,-24.4862885836538,0.));
#11951=CARTESIAN_POINT('',(57.4630729904309,-24.4862885836538,0.1));
#11952=CARTESIAN_POINT('Origin',(58.5130729904309,-24.4862885836538,0.));
#11953=CARTESIAN_POINT('Origin',(58.5130729904309,-24.4862885836538,0.));
#11954=CARTESIAN_POINT('',(57.5630729904309,-24.4862885836538,0.));
#11955=CARTESIAN_POINT('Origin',(58.7630729904309,-24.7362885836538,0.));
#11956=CARTESIAN_POINT('',(57.0130729904309,-24.4862885836538,0.));
#11957=CARTESIAN_POINT('',(57.0130729904309,-26.4862885836538,0.));
#11958=CARTESIAN_POINT('',(57.0130729904309,-24.4862885836538,0.));
#11959=CARTESIAN_POINT('',(58.5130729904309,-22.9862885836538,0.));
#11960=CARTESIAN_POINT('Origin',(58.5130729904309,-24.4862885836538,0.));
#11961=CARTESIAN_POINT('',(60.5130729904309,-22.9862885836538,0.));
#11962=CARTESIAN_POINT('',(58.5130729904309,-22.9862885836538,0.));
#11963=CARTESIAN_POINT('',(60.5130729904309,-26.4862885836538,0.));
#11964=CARTESIAN_POINT('',(60.5130729904309,-25.6112885836538,0.));
#11965=CARTESIAN_POINT('',(29.1380729904309,-26.4862885836538,0.));
#11966=CARTESIAN_POINT('Origin',(43.5130729904309,1.01371141634616,1.7));
#11967=CARTESIAN_POINT('',(41.7630729904309,0.513711416346163,0.285786437626906));
#11968=CARTESIAN_POINT('Origin',(43.5130729904309,0.513711416346163,1.7));
#11969=CARTESIAN_POINT('',(41.7630729904309,1.01371141634616,1.7));
#11970=CARTESIAN_POINT('Ctrl Pts',(41.7630729904309,0.513711416346162,0.285786437626906));
#11971=CARTESIAN_POINT('Ctrl Pts',(41.7630729904309,0.513711416346162,0.766955275061396));
#11972=CARTESIAN_POINT('Ctrl Pts',(41.7630729904309,0.786886251115778,1.27564897250476));
#11973=CARTESIAN_POINT('Ctrl Pts',(41.7630729904309,1.01371141634616,1.7));
#11974=CARTESIAN_POINT('',(45.2630729904309,1.01371141634616,1.7));
#11975=CARTESIAN_POINT('Origin',(43.5130729904309,1.01371141634616,1.7));
#11976=CARTESIAN_POINT('',(45.2630729904309,0.513711416346163,0.285786437626906));
#11977=CARTESIAN_POINT('Ctrl Pts',(45.2630729904309,1.01371141634616,1.7));
#11978=CARTESIAN_POINT('Ctrl Pts',(45.2630729904309,0.786886251115778,1.27564897250476));
#11979=CARTESIAN_POINT('Ctrl Pts',(45.2630729904309,0.513711416346162,0.766955275061397));
#11980=CARTESIAN_POINT('Ctrl Pts',(45.2630729904309,0.513711416346162,0.285786437626906));
#11981=CARTESIAN_POINT('Origin',(43.5130729904309,0.513711416346163,1.7));
#11982=CARTESIAN_POINT('Origin',(60.5130729904309,0.513711416346162,0.));
#11983=CARTESIAN_POINT('',(45.2630729904309,0.513711416346163,-1.6));
#11984=CARTESIAN_POINT('',(45.2630729904309,0.513711416346163,0.));
#11985=CARTESIAN_POINT('',(60.5130729904309,0.513711416346162,-1.6));
#11986=CARTESIAN_POINT('',(-0.486927009569085,0.513711416346164,-1.6));
#11987=CARTESIAN_POINT('',(60.5130729904309,0.513711416346162,0.));
#11988=CARTESIAN_POINT('',(57.0130729904309,0.513711416346162,2.5));
#11989=CARTESIAN_POINT('',(57.0130729904309,0.513711416346162,0.));
#11990=CARTESIAN_POINT('',(58.2630729904309,0.513711416346162,1.25));
#11991=CARTESIAN_POINT('Origin',(45.2630729904309,0.513711416346163,0.));
#11992=CARTESIAN_POINT('',(45.2630729904309,2.51371141634617,1.7));
#11993=CARTESIAN_POINT('',(45.2630729904309,0.513711416346163,1.7));
#11994=CARTESIAN_POINT('',(45.2630729904309,3.01371141634616,0.285786437626906));
#11995=CARTESIAN_POINT('Ctrl Pts',(45.2630729904309,3.01371141634617,0.285786437626906));
#11996=CARTESIAN_POINT('Ctrl Pts',(45.2630729904309,3.01371141634617,0.766955275061396));
#11997=CARTESIAN_POINT('Ctrl Pts',(45.2630729904309,2.74053658157655,1.27564897250476));
#11998=CARTESIAN_POINT('Ctrl Pts',(45.2630729904309,2.51371141634617,1.7));
#11999=CARTESIAN_POINT('',(45.2630729904309,3.01371141634616,-1.6));
#12000=CARTESIAN_POINT('',(45.2630729904309,3.01371141634616,0.));
#12001=CARTESIAN_POINT('',(45.2630729904309,-6.23628858365384,-1.6));
#12002=CARTESIAN_POINT('Origin',(43.5130729904309,2.51371141634617,1.7));
#12003=CARTESIAN_POINT('',(41.7630729904309,2.51371141634617,1.7));
#12004=CARTESIAN_POINT('',(41.7630729904309,3.01371141634616,0.285786437626906));
#12005=CARTESIAN_POINT('Ctrl Pts',(41.7630729904309,2.51371141634617,1.7));
#12006=CARTESIAN_POINT('Ctrl Pts',(41.7630729904309,2.74053658157655,1.27564897250476));
#12007=CARTESIAN_POINT('Ctrl Pts',(41.7630729904309,3.01371141634617,0.766955275061396));
#12008=CARTESIAN_POINT('Ctrl Pts',(41.7630729904309,3.01371141634617,0.285786437626906));
#12009=CARTESIAN_POINT('Origin',(43.5130729904309,3.01371141634616,1.7));
#12010=CARTESIAN_POINT('Origin',(43.5130729904309,2.51371141634617,1.7));
#12011=CARTESIAN_POINT('Origin',(-2.98692700956908,3.01371141634617,0.));
#12012=CARTESIAN_POINT('',(41.7630729904309,3.01371141634616,-1.6));
#12013=CARTESIAN_POINT('',(41.7630729904309,3.01371141634616,0.));
#12014=CARTESIAN_POINT('',(-0.986927009569085,3.01371141634617,-1.6));
#12015=CARTESIAN_POINT('',(-2.98692700956908,3.01371141634617,-1.6));
#12016=CARTESIAN_POINT('',(-0.986927009569085,3.01371141634617,4.25));
#12017=CARTESIAN_POINT('',(-0.986927009569085,3.01371141634617,0.));
#12018=CARTESIAN_POINT('',(61.0130729904309,3.01371141634616,4.25));
#12019=CARTESIAN_POINT('',(13.5130729904309,3.01371141634616,4.25));
#12020=CARTESIAN_POINT('',(61.0130729904309,3.01371141634616,-1.6));
#12021=CARTESIAN_POINT('',(61.0130729904309,3.01371141634616,0.));
#12022=CARTESIAN_POINT('',(-2.98692700956908,3.01371141634617,-1.6));
#12023=CARTESIAN_POINT('Origin',(43.5130729904309,3.01371141634616,1.7));
#12024=CARTESIAN_POINT('',(41.7630729904309,3.01371141634616,1.7));
#12025=CARTESIAN_POINT('Origin',(14.7630729904309,-4.98628858365384,3.));
#12026=CARTESIAN_POINT('',(-0.486927009569085,-4.48628858365384,2.5));
#12027=CARTESIAN_POINT('',(-0.486927009569086,-2.86128858365384,0.875));
#12028=CARTESIAN_POINT('',(2.51307299043092,-4.48628858365384,2.5));
#12029=CARTESIAN_POINT('',(14.7630729904309,-4.48628858365384,2.5));
#12030=CARTESIAN_POINT('',(2.51307299043092,-4.48628858365384,2.5));
#12031=CARTESIAN_POINT('Origin',(2.51307299043092,-2.48628858365384,3.));
#12032=CARTESIAN_POINT('',(4.51307299043092,-2.48628858365384,2.5));
#12033=CARTESIAN_POINT('',(4.51307299043092,-2.48628858365384,2.5));
#12034=CARTESIAN_POINT('Origin',(2.51307299043092,-2.48628858365384,2.5));
#12035=CARTESIAN_POINT('Origin',(5.01307299043092,-7.73628858365384,3.));
#12036=CARTESIAN_POINT('',(4.51307299043092,0.513711416346164,2.5));
#12037=CARTESIAN_POINT('',(18.1380729904309,0.513711416346164,16.125));
#12038=CARTESIAN_POINT('',(4.51307299043092,-7.73628858365384,2.5));
#12039=CARTESIAN_POINT('Origin',(60.5130729904309,0.513711416346162,0.));
#12040=CARTESIAN_POINT('',(4.51307299043092,0.513711416346164,0.));
#12041=CARTESIAN_POINT('',(-0.486927009569085,0.513711416346164,-1.6));
#12042=CARTESIAN_POINT('',(-0.486927009569085,0.513711416346164,0.));
#12043=CARTESIAN_POINT('',(41.7630729904309,0.513711416346163,-1.6));
#12044=CARTESIAN_POINT('',(-0.486927009569085,0.513711416346164,-1.6));
#12045=CARTESIAN_POINT('',(41.7630729904309,0.513711416346163,0.));
#12046=CARTESIAN_POINT('Origin',(4.51307299043092,-2.48628858365384,0.));
#12047=CARTESIAN_POINT('',(4.51307299043092,-2.48628858365384,0.));
#12048=CARTESIAN_POINT('Origin',(2.51307299043092,-2.48628858365384,0.));
#12049=CARTESIAN_POINT('',(2.51307299043092,-4.48628858365384,0.));
#12050=CARTESIAN_POINT('Origin',(-0.486927009569085,-4.48628858365384,0.));
#12051=CARTESIAN_POINT('',(-0.486927009569085,-4.48628858365384,0.));
#12052=CARTESIAN_POINT('Origin',(5.01307299043092,-19.7362885836538,3.));
#12053=CARTESIAN_POINT('',(4.51307299043092,-26.4862885836538,2.5));
#12054=CARTESIAN_POINT('',(2.88807299043091,-26.4862885836538,0.875));
#12055=CARTESIAN_POINT('',(4.51307299043092,-23.4862885836538,2.5));
#12056=CARTESIAN_POINT('',(4.51307299043092,-19.7362885836538,2.5));
#12057=CARTESIAN_POINT('',(4.51307299043092,-23.4862885836538,2.5));
#12058=CARTESIAN_POINT('Origin',(2.51307299043092,-23.4862885836538,3.));
#12059=CARTESIAN_POINT('',(2.51307299043092,-21.4862885836538,2.5));
#12060=CARTESIAN_POINT('',(2.51307299043092,-21.4862885836538,2.5));
#12061=CARTESIAN_POINT('Origin',(2.51307299043092,-23.4862885836538,2.5));
#12062=CARTESIAN_POINT('Origin',(16.2630729904309,-20.9862885836538,3.));
#12063=CARTESIAN_POINT('',(-0.486927009569085,-21.4862885836538,2.5));
#12064=CARTESIAN_POINT('',(-0.486927009569085,-16.3612885836538,7.625));
#12065=CARTESIAN_POINT('',(16.2630729904309,-21.4862885836538,2.5));
#12066=CARTESIAN_POINT('Origin',(-0.486927009569085,0.513711416346165,0.));
#12067=CARTESIAN_POINT('',(-0.486927009569085,-21.4862885836538,0.));
#12068=CARTESIAN_POINT('',(-0.486927009569085,-26.4862885836538,-1.6));
#12069=CARTESIAN_POINT('',(-0.486927009569085,-26.4862885836538,0.));
#12070=CARTESIAN_POINT('',(-0.486927009569085,-26.4862885836538,-1.6));
#12071=CARTESIAN_POINT('Origin',(2.51307299043092,-21.4862885836538,0.));
#12072=CARTESIAN_POINT('',(2.51307299043092,-21.4862885836538,0.));
#12073=CARTESIAN_POINT('Origin',(2.51307299043092,-23.4862885836538,0.));
#12074=CARTESIAN_POINT('',(4.51307299043092,-23.4862885836538,0.));
#12075=CARTESIAN_POINT('Origin',(4.51307299043092,-26.4862885836538,0.));
#12076=CARTESIAN_POINT('',(4.51307299043092,-26.4862885836538,0.));
#12077=CARTESIAN_POINT('Origin',(45.2630729904309,-22.4862885836538,3.));
#12078=CARTESIAN_POINT('',(60.5130729904309,-22.9862885836538,2.5));
#12079=CARTESIAN_POINT('',(60.5130729904309,-24.2362885836538,1.25));
#12080=CARTESIAN_POINT('',(58.5130729904309,-22.9862885836538,2.5));
#12081=CARTESIAN_POINT('',(45.2630729904309,-22.9862885836538,2.5));
#12082=CARTESIAN_POINT('',(58.5130729904309,-22.9862885836538,2.5));
#12083=CARTESIAN_POINT('Origin',(58.5130729904309,-24.4862885836538,3.));
#12084=CARTESIAN_POINT('',(57.0130729904309,-24.4862885836538,2.5));
#12085=CARTESIAN_POINT('',(57.0130729904309,-24.4862885836538,2.5));
#12086=CARTESIAN_POINT('Origin',(58.5130729904309,-24.4862885836538,2.5));
#12087=CARTESIAN_POINT('Origin',(56.5130729904309,-18.7362885836538,3.));
#12088=CARTESIAN_POINT('',(57.0130729904309,-26.4862885836538,2.5));
#12089=CARTESIAN_POINT('',(43.013072990431,-26.4862885836538,16.5));
#12090=CARTESIAN_POINT('',(57.0130729904309,-18.7362885836538,2.5));
#12091=CARTESIAN_POINT('Origin',(-0.486927009569085,-26.4862885836538,0.));
#12092=CARTESIAN_POINT('',(57.0130729904309,-26.4862885836538,0.));
#12093=CARTESIAN_POINT('',(60.5130729904309,-26.4862885836538,-1.6));
#12094=CARTESIAN_POINT('',(60.5130729904309,-26.4862885836538,0.));
#12095=CARTESIAN_POINT('',(60.5130729904309,-26.4862885836538,-1.6));
#12096=CARTESIAN_POINT('Origin',(57.0130729904309,-24.4862885836538,0.));
#12097=CARTESIAN_POINT('',(57.0130729904309,-24.4862885836538,0.));
#12098=CARTESIAN_POINT('Origin',(58.5130729904309,-24.4862885836538,0.));
#12099=CARTESIAN_POINT('',(58.5130729904309,-22.9862885836538,0.));
#12100=CARTESIAN_POINT('Origin',(60.5130729904309,-22.9862885836538,0.));
#12101=CARTESIAN_POINT('',(60.5130729904309,-22.9862885836538,0.));
#12102=CARTESIAN_POINT('Origin',(56.5130729904309,-6.23628858365384,3.));
#12103=CARTESIAN_POINT('',(57.0130729904309,-1.48628858365384,2.5));
#12104=CARTESIAN_POINT('',(57.0130729904309,-6.23628858365384,2.5));
#12105=CARTESIAN_POINT('',(57.0130729904309,-1.48628858365384,2.5));
#12106=CARTESIAN_POINT('Origin',(58.5130729904309,-1.48628858365384,3.));
#12107=CARTESIAN_POINT('',(58.5130729904309,-2.98628858365384,2.5));
#12108=CARTESIAN_POINT('',(58.5130729904309,-2.98628858365384,2.5));
#12109=CARTESIAN_POINT('Origin',(58.5130729904309,-1.48628858365384,2.5));
#12110=CARTESIAN_POINT('Origin',(44.2630729904309,-3.48628858365384,3.));
#12111=CARTESIAN_POINT('',(60.5130729904309,-2.98628858365384,2.5));
#12112=CARTESIAN_POINT('',(60.5130729904309,-8.48628858365383,8.));
#12113=CARTESIAN_POINT('',(44.2630729904309,-2.98628858365384,2.5));
#12114=CARTESIAN_POINT('Origin',(60.5130729904309,-26.4862885836538,0.));
#12115=CARTESIAN_POINT('',(60.5130729904309,-2.98628858365384,0.));
#12116=CARTESIAN_POINT('',(60.5130729904309,0.513711416346162,-1.6));
#12117=CARTESIAN_POINT('Origin',(58.5130729904309,-2.98628858365384,0.));
#12118=CARTESIAN_POINT('',(58.5130729904309,-2.98628858365384,0.));
#12119=CARTESIAN_POINT('Origin',(58.5130729904309,-1.48628858365384,0.));
#12120=CARTESIAN_POINT('',(57.0130729904309,-1.48628858365384,0.));
#12121=CARTESIAN_POINT('Origin',(57.0130729904309,0.513711416346162,0.));
#12122=CARTESIAN_POINT('Origin',(0.11307299043092,-25.8862885836538,5.));
#12123=CARTESIAN_POINT('',(-0.63692700956908,-25.8862885836538,4.6));
#12124=CARTESIAN_POINT('',(-0.63692700956908,-25.8862885836538,5.));
#12125=CARTESIAN_POINT('',(0.11307299043092,-26.6362885836538,4.6));
#12126=CARTESIAN_POINT('Origin',(0.11307299043092,-25.8862885836538,4.6));
#12127=CARTESIAN_POINT('',(0.11307299043092,-26.6362885836538,5.));
#12128=CARTESIAN_POINT('Origin',(-0.636927009569085,0.663711416346167,5.));
#12129=CARTESIAN_POINT('',(-0.636927009569085,-0.0862885836538307,4.6));
#12130=CARTESIAN_POINT('',(-0.636927009569085,-0.086288583653833,5.));
#12131=CARTESIAN_POINT('',(-0.63692700956908,-26.6362885836538,4.6));
#12132=CARTESIAN_POINT('Origin',(-0.486927009569085,-26.4862885836538,5.));
#12133=CARTESIAN_POINT('',(-1.23692700956908,-26.4862885836538,4.6));
#12134=CARTESIAN_POINT('',(-0.486927009569085,-27.2362885836538,4.6));
#12135=CARTESIAN_POINT('Origin',(-0.486927009569085,-26.4862885836538,4.6));
#12136=CARTESIAN_POINT('',(-1.23692700956908,-26.4862885836538,5.));
#12137=CARTESIAN_POINT('',(-1.23692700956908,-26.4862885836538,5.));
#12138=CARTESIAN_POINT('',(-0.486927009569085,-27.2362885836538,5.));
#12139=CARTESIAN_POINT('Origin',(-0.486927009569085,-26.4862885836538,5.));
#12140=CARTESIAN_POINT('',(-0.486927009569085,-27.2362885836538,5.));
#12141=CARTESIAN_POINT('Origin',(61.2630729904309,-27.2362885836538,5.));
#12142=CARTESIAN_POINT('',(60.5130729904309,-27.2362885836538,5.));
#12143=CARTESIAN_POINT('',(45.6380729904309,-27.2362885836538,5.));
#12144=CARTESIAN_POINT('',(60.5130729904309,-27.2362885836538,4.6));
#12145=CARTESIAN_POINT('',(60.5130729904309,-27.2362885836538,5.));
#12146=CARTESIAN_POINT('',(61.2630729904309,-27.2362885836538,4.6));
#12147=CARTESIAN_POINT('Origin',(0.113072990430911,-0.0862885836538328,
5.));
#12148=CARTESIAN_POINT('',(0.113072990430911,0.663711416346167,4.6));
#12149=CARTESIAN_POINT('',(0.113072990430911,0.663711416346167,5.));
#12150=CARTESIAN_POINT('Origin',(0.113072990430911,-0.0862885836538328,
4.6));
#12151=CARTESIAN_POINT('Origin',(60.6630729904309,0.663711416346168,5.));
#12152=CARTESIAN_POINT('',(59.9130729904309,0.663711416346168,4.6));
#12153=CARTESIAN_POINT('',(59.9130729904309,0.663711416346168,5.));
#12154=CARTESIAN_POINT('',(-0.636927009569085,0.663711416346167,4.6));
#12155=CARTESIAN_POINT('Origin',(-0.486927009569084,0.513711416346165,5.));
#12156=CARTESIAN_POINT('',(-0.486927009569084,1.26371141634617,4.6));
#12157=CARTESIAN_POINT('',(-1.23692700956908,0.513711416346165,4.6));
#12158=CARTESIAN_POINT('Origin',(-0.486927009569084,0.513711416346165,4.6));
#12159=CARTESIAN_POINT('',(-0.486927009569085,1.26371141634617,5.));
#12160=CARTESIAN_POINT('',(-0.486927009569084,1.26371141634617,5.));
#12161=CARTESIAN_POINT('',(-1.23692700956909,0.513711416346165,5.));
#12162=CARTESIAN_POINT('Origin',(-0.486927009569084,0.513711416346165,5.));
#12163=CARTESIAN_POINT('',(-1.23692700956908,0.513711416346165,5.));
#12164=CARTESIAN_POINT('Origin',(-1.23692700956908,-27.2362885836538,5.));
#12165=CARTESIAN_POINT('',(-1.23692700956908,-27.2362885836538,4.6));
#12166=CARTESIAN_POINT('',(-1.23692700956908,-20.1112885836538,5.));
#12167=CARTESIAN_POINT('Origin',(60.5130729904309,0.513711416346167,5.));
#12168=CARTESIAN_POINT('',(61.2630729904309,0.513711416346168,4.6));
#12169=CARTESIAN_POINT('',(60.5130729904309,1.26371141634617,4.6));
#12170=CARTESIAN_POINT('Origin',(60.5130729904309,0.513711416346167,4.6));
#12171=CARTESIAN_POINT('',(61.2630729904309,0.513711416346168,5.));
#12172=CARTESIAN_POINT('',(61.2630729904309,0.513711416346167,5.));
#12173=CARTESIAN_POINT('',(60.5130729904309,1.26371141634617,5.));
#12174=CARTESIAN_POINT('Origin',(60.5130729904309,0.513711416346167,5.));
#12175=CARTESIAN_POINT('',(60.5130729904309,1.26371141634617,5.));
#12176=CARTESIAN_POINT('Origin',(-1.23692700956908,1.26371141634617,5.));
#12177=CARTESIAN_POINT('',(-1.23692700956908,1.26371141634617,4.6));
#12178=CARTESIAN_POINT('',(14.3880729904309,1.26371141634617,5.));
#12179=CARTESIAN_POINT('Origin',(59.9130729904309,-0.0862885836538307,5.));
#12180=CARTESIAN_POINT('',(60.6630729904309,-0.0862885836538307,4.6));
#12181=CARTESIAN_POINT('',(60.6630729904309,-0.0862885836538307,5.));
#12182=CARTESIAN_POINT('Origin',(59.9130729904309,-0.0862885836538307,4.6));
#12183=CARTESIAN_POINT('Origin',(60.6630729904309,-26.6362885836538,5.));
#12184=CARTESIAN_POINT('',(60.6630729904309,-25.8862885836538,4.6));
#12185=CARTESIAN_POINT('',(60.6630729904309,-25.8862885836538,5.));
#12186=CARTESIAN_POINT('',(60.6630729904309,0.663711416346168,4.6));
#12187=CARTESIAN_POINT('Origin',(60.5130729904309,-26.4862885836538,5.));
#12188=CARTESIAN_POINT('',(61.2630729904309,-26.4862885836538,4.6));
#12189=CARTESIAN_POINT('Origin',(60.5130729904309,-26.4862885836538,4.6));
#12190=CARTESIAN_POINT('',(61.2630729904309,-26.4862885836538,5.));
#12191=CARTESIAN_POINT('Origin',(60.5130729904309,-26.4862885836538,5.));
#12192=CARTESIAN_POINT('',(61.2630729904309,-26.4862885836538,5.));
#12193=CARTESIAN_POINT('Origin',(61.2630729904309,1.26371141634617,5.));
#12194=CARTESIAN_POINT('',(61.2630729904309,1.26371141634617,4.6));
#12195=CARTESIAN_POINT('',(61.2630729904309,-5.86128858365383,5.));
#12196=CARTESIAN_POINT('Origin',(59.9130729904309,-25.8862885836538,5.));
#12197=CARTESIAN_POINT('',(59.9130729904309,-26.6362885836538,4.6));
#12198=CARTESIAN_POINT('',(59.9130729904309,-26.6362885836538,5.));
#12199=CARTESIAN_POINT('Origin',(59.9130729904309,-25.8862885836538,4.6));
#12200=CARTESIAN_POINT('Origin',(41.6630729904309,-19.3362885836538,5.));
#12201=CARTESIAN_POINT('',(42.4130729904309,-19.3362885836538,4.6));
#12202=CARTESIAN_POINT('',(42.4130729904309,-19.3362885836538,5.));
#12203=CARTESIAN_POINT('',(41.6630729904309,-18.5862885836538,4.6));
#12204=CARTESIAN_POINT('Origin',(41.6630729904309,-19.3362885836538,4.6));
#12205=CARTESIAN_POINT('',(41.6630729904309,-18.5862885836538,5.));
#12206=CARTESIAN_POINT('Origin',(42.4130729904309,-23.3862885836538,5.));
#12207=CARTESIAN_POINT('',(42.4130729904309,-22.6362885836538,4.6));
#12208=CARTESIAN_POINT('',(42.4130729904309,-22.6362885836538,5.));
#12209=CARTESIAN_POINT('',(42.4130729904309,-18.5862885836538,4.6));
#12210=CARTESIAN_POINT('Origin',(42.2630729904309,-18.7362885836538,5.));
#12211=CARTESIAN_POINT('',(43.0130729904309,-18.7362885836538,4.6));
#12212=CARTESIAN_POINT('',(42.2630729904309,-17.9862885836538,4.6));
#12213=CARTESIAN_POINT('Origin',(42.2630729904309,-18.7362885836538,4.6));
#12214=CARTESIAN_POINT('',(43.0130729904309,-18.7362885836538,5.));
#12215=CARTESIAN_POINT('',(42.2630729904309,-17.9862885836538,5.));
#12216=CARTESIAN_POINT('Origin',(23.0130729904309,-17.9862885836538,5.));
#12217=CARTESIAN_POINT('',(23.7630729904309,-17.9862885836538,4.6));
#12218=CARTESIAN_POINT('',(23.7630729904309,-17.9862885836538,5.));
#12219=CARTESIAN_POINT('',(23.0130729904309,-17.9862885836538,4.6));
#12220=CARTESIAN_POINT('Origin',(41.6630729904309,-22.6362885836538,5.));
#12221=CARTESIAN_POINT('',(41.6630729904309,-23.3862885836538,4.6));
#12222=CARTESIAN_POINT('',(41.6630729904309,-23.3862885836538,5.));
#12223=CARTESIAN_POINT('Origin',(41.6630729904309,-22.6362885836538,4.6));
#12224=CARTESIAN_POINT('Origin',(23.6130729904309,-23.3862885836538,5.));
#12225=CARTESIAN_POINT('',(24.3630729904309,-23.3862885836538,4.6));
#12226=CARTESIAN_POINT('',(24.3630729904309,-23.3862885836538,5.));
#12227=CARTESIAN_POINT('',(42.4130729904309,-23.3862885836538,4.6));
#12228=CARTESIAN_POINT('Origin',(42.2630729904309,-23.2362885836538,5.));
#12229=CARTESIAN_POINT('',(42.2630729904309,-23.9862885836538,4.6));
#12230=CARTESIAN_POINT('',(43.0130729904309,-23.2362885836538,4.6));
#12231=CARTESIAN_POINT('Origin',(42.2630729904309,-23.2362885836538,4.6));
#12232=CARTESIAN_POINT('',(42.2630729904309,-23.9862885836538,5.));
#12233=CARTESIAN_POINT('',(43.0130729904309,-23.2362885836538,5.));
#12234=CARTESIAN_POINT('Origin',(43.0130729904309,-17.9862885836538,5.));
#12235=CARTESIAN_POINT('',(43.0130729904309,-17.9862885836538,4.6));
#12236=CARTESIAN_POINT('Origin',(23.7630729904309,-23.2362885836538,5.));
#12237=CARTESIAN_POINT('',(23.0130729904309,-23.2362885836538,4.6));
#12238=CARTESIAN_POINT('',(23.7630729904309,-23.9862885836538,4.6));
#12239=CARTESIAN_POINT('Origin',(23.7630729904309,-23.2362885836538,4.6));
#12240=CARTESIAN_POINT('',(23.0130729904309,-23.2362885836538,5.));
#12241=CARTESIAN_POINT('',(23.7630729904309,-23.9862885836538,5.));
#12242=CARTESIAN_POINT('Origin',(43.0130729904309,-23.9862885836538,5.));
#12243=CARTESIAN_POINT('',(43.0130729904309,-23.9862885836538,4.6));
#12244=CARTESIAN_POINT('Origin',(24.3630729904309,-22.6362885836538,5.));
#12245=CARTESIAN_POINT('',(23.6130729904309,-22.6362885836538,4.6));
#12246=CARTESIAN_POINT('',(23.6130729904309,-22.6362885836538,5.));
#12247=CARTESIAN_POINT('Origin',(24.3630729904309,-22.6362885836538,4.6));
#12248=CARTESIAN_POINT('Origin',(23.6130729904309,-18.5862885836538,5.));
#12249=CARTESIAN_POINT('',(23.6130729904309,-19.3362885836538,4.6));
#12250=CARTESIAN_POINT('',(23.6130729904309,-19.3362885836538,5.));
#12251=CARTESIAN_POINT('',(23.6130729904309,-23.3862885836538,4.6));
#12252=CARTESIAN_POINT('Origin',(23.7630729904309,-18.7362885836538,5.));
#12253=CARTESIAN_POINT('',(23.0130729904309,-18.7362885836538,4.6));
#12254=CARTESIAN_POINT('Origin',(23.7630729904309,-18.7362885836538,4.6));
#12255=CARTESIAN_POINT('',(23.0130729904309,-18.7362885836538,5.));
#12256=CARTESIAN_POINT('Origin',(23.0130729904309,-23.9862885836538,5.));
#12257=CARTESIAN_POINT('',(23.0130729904309,-23.9862885836538,4.6));
#12258=CARTESIAN_POINT('Origin',(24.3630729904309,-19.3362885836538,5.));
#12259=CARTESIAN_POINT('',(24.3630729904309,-18.5862885836538,4.6));
#12260=CARTESIAN_POINT('',(24.3630729904309,-18.5862885836538,5.));
#12261=CARTESIAN_POINT('Origin',(24.3630729904309,-19.3362885836538,4.6));
#12262=CARTESIAN_POINT('Origin',(41.7630729904309,3.01371141634616,0.));
#12263=CARTESIAN_POINT('',(41.7630729904309,-4.98628858365384,-1.6));
#12264=CARTESIAN_POINT('Origin',(30.0130729904309,-12.9862885836538,-1.6));
#12265=CARTESIAN_POINT('',(63.0130729904309,1.01371141634616,-1.6));
#12266=CARTESIAN_POINT('Origin',(61.0130729904309,1.01371141634616,-1.6));
#12267=CARTESIAN_POINT('',(63.0130729904309,-26.9862885836538,-1.6));
#12268=CARTESIAN_POINT('',(63.0130729904309,3.01371141634616,-1.6));
#12269=CARTESIAN_POINT('',(61.0130729904309,-28.9862885836538,-1.6));
#12270=CARTESIAN_POINT('Origin',(61.0130729904309,-26.9862885836538,-1.6));
#12271=CARTESIAN_POINT('',(-0.986927009569083,-28.9862885836538,-1.6));
#12272=CARTESIAN_POINT('',(63.0130729904309,-28.9862885836538,-1.6));
#12273=CARTESIAN_POINT('',(-2.98692700956908,-26.9862885836538,-1.6));
#12274=CARTESIAN_POINT('Origin',(-0.986927009569083,-26.9862885836538,-1.6));
#12275=CARTESIAN_POINT('',(-2.98692700956908,1.01371141634616,-1.6));
#12276=CARTESIAN_POINT('',(-2.98692700956908,-28.9862885836538,-1.6));
#12277=CARTESIAN_POINT('Origin',(-0.986927009569085,1.01371141634617,-1.6));
#12278=CARTESIAN_POINT('Origin',(-0.636927009569082,-26.6362885836538,5.));
#12279=CARTESIAN_POINT('',(60.6630729904309,-26.6362885836538,4.6));
#12280=CARTESIAN_POINT('Origin',(30.0130729904309,-12.9862885836538,4.6));
#12281=CARTESIAN_POINT('Origin',(42.4130729904309,-18.5862885836538,5.));
#12282=CARTESIAN_POINT('',(23.6130729904309,-18.5862885836538,4.6));
#12283=CARTESIAN_POINT('Origin',(33.0130729904309,-20.9862885836538,4.6));
#12284=CARTESIAN_POINT('Origin',(1.01307299043091,-10.0629713908145,3.5));
#12285=CARTESIAN_POINT('',(2.01307299043091,-10.0629713908145,3.5));
#12286=CARTESIAN_POINT('Origin',(2.01307299043091,-11.0629713908145,3.5));
#12287=CARTESIAN_POINT('',(1.01307299043091,-11.0629713908145,3.5));
#12288=CARTESIAN_POINT('Origin',(1.01307299043091,-16.0629713908145,3.5));
#12289=CARTESIAN_POINT('Origin',(25.7630729904309,-21.2362885836538,3.5));
#12290=CARTESIAN_POINT('Origin',(61.0130729904309,1.01371141634616,4.25));
#12291=CARTESIAN_POINT('',(61.0130729904309,2.26371141634616,5.));
#12292=CARTESIAN_POINT('Origin',(61.0130729904309,2.26371141634616,4.25));
#12293=CARTESIAN_POINT('',(62.2630729904309,1.01371141634616,5.));
#12294=CARTESIAN_POINT('Origin',(61.0130729904309,1.01371141634616,5.));
#12295=CARTESIAN_POINT('',(63.0130729904309,1.01371141634616,4.25));
#12296=CARTESIAN_POINT('Origin',(62.2630729904309,1.01371141634616,4.25));
#12297=CARTESIAN_POINT('Origin',(61.0130729904309,1.01371141634616,4.25));
#12298=CARTESIAN_POINT('Origin',(62.2630729904309,-4.98628858365384,4.25));
#12299=CARTESIAN_POINT('',(62.2630729904309,-26.9862885836538,5.));
#12300=CARTESIAN_POINT('',(63.0130729904309,-26.9862885836538,4.25));
#12301=CARTESIAN_POINT('Origin',(62.2630729904309,-26.9862885836538,4.25));
#12302=CARTESIAN_POINT('',(63.0130729904309,-4.98628858365384,4.25));
#12303=CARTESIAN_POINT('',(62.2630729904309,-4.98628858365384,5.));
#12304=CARTESIAN_POINT('Origin',(61.0130729904309,-26.9862885836538,4.25));
#12305=CARTESIAN_POINT('',(61.0130729904309,-28.2362885836538,5.));
#12306=CARTESIAN_POINT('',(61.0130729904309,-28.9862885836538,4.25));
#12307=CARTESIAN_POINT('Origin',(61.0130729904309,-28.2362885836538,4.25));
#12308=CARTESIAN_POINT('Origin',(61.0130729904309,-26.9862885836538,4.25));
#12309=CARTESIAN_POINT('Origin',(61.0130729904309,-26.9862885836538,5.));
#12310=CARTESIAN_POINT('Origin',(46.5130729904309,-28.2362885836538,4.25));
#12311=CARTESIAN_POINT('',(-0.986927009569083,-28.2362885836538,5.));
#12312=CARTESIAN_POINT('',(-0.986927009569083,-28.9862885836538,4.25));
#12313=CARTESIAN_POINT('Origin',(-0.986927009569083,-28.2362885836538,4.25));
#12314=CARTESIAN_POINT('',(46.5130729904309,-28.9862885836538,4.25));
#12315=CARTESIAN_POINT('',(46.5130729904309,-28.2362885836538,5.));
#12316=CARTESIAN_POINT('Origin',(-0.986927009569083,-26.9862885836538,4.25));
#12317=CARTESIAN_POINT('',(-2.23692700956908,-26.9862885836538,5.));
#12318=CARTESIAN_POINT('',(-2.98692700956908,-26.9862885836538,4.25));
#12319=CARTESIAN_POINT('Origin',(-2.23692700956908,-26.9862885836538,4.25));
#12320=CARTESIAN_POINT('Origin',(-0.986927009569083,-26.9862885836538,4.25));
#12321=CARTESIAN_POINT('Origin',(-0.986927009569083,-26.9862885836538,5.));
#12322=CARTESIAN_POINT('Origin',(-2.23692700956909,-20.9862885836538,4.25));
#12323=CARTESIAN_POINT('',(-2.23692700956909,1.01371141634616,5.));
#12324=CARTESIAN_POINT('',(-2.98692700956908,1.01371141634617,4.25));
#12325=CARTESIAN_POINT('Origin',(-2.23692700956909,1.01371141634616,4.25));
#12326=CARTESIAN_POINT('',(-2.98692700956908,-20.9862885836538,4.25));
#12327=CARTESIAN_POINT('',(-2.23692700956909,-20.9862885836538,5.));
#12328=CARTESIAN_POINT('Origin',(-0.986927009569085,1.01371141634617,4.25));
#12329=CARTESIAN_POINT('',(-0.986927009569084,2.26371141634617,5.));
#12330=CARTESIAN_POINT('Origin',(-0.986927009569084,2.26371141634617,4.25));
#12331=CARTESIAN_POINT('Origin',(-0.986927009569085,1.01371141634617,4.25));
#12332=CARTESIAN_POINT('Origin',(-0.986927009569085,1.01371141634617,5.));
#12333=CARTESIAN_POINT('Origin',(13.5130729904309,2.26371141634616,4.25));
#12334=CARTESIAN_POINT('',(13.5130729904309,2.26371141634616,5.));
#12335=CARTESIAN_POINT('Origin',(-2.98692700956908,-28.9862885836538,0.));
#12336=CARTESIAN_POINT('',(-2.98692700956908,1.01371141634617,0.));
#12337=CARTESIAN_POINT('',(-2.98692700956908,-26.9862885836538,0.));
#12338=CARTESIAN_POINT('Origin',(-0.986927009569085,1.01371141634617,0.));
#12339=CARTESIAN_POINT('Origin',(61.0130729904309,1.01371141634616,0.));
#12340=CARTESIAN_POINT('',(63.0130729904309,1.01371141634616,0.));
#12341=CARTESIAN_POINT('Origin',(30.0130729904309,-12.9862885836538,5.));
#12342=CARTESIAN_POINT('Origin',(61.0130729904309,-26.9862885836538,0.));
#12343=CARTESIAN_POINT('',(61.0130729904309,-28.9862885836538,0.));
#12344=CARTESIAN_POINT('',(63.0130729904309,-26.9862885836538,0.));
#12345=CARTESIAN_POINT('Origin',(63.0130729904309,3.01371141634616,0.));
#12346=CARTESIAN_POINT('Origin',(-0.986927009569083,-26.9862885836538,0.));
#12347=CARTESIAN_POINT('',(-0.986927009569083,-28.9862885836538,0.));
#12348=CARTESIAN_POINT('Origin',(63.0130729904309,-28.9862885836538,0.));
#12349=CARTESIAN_POINT('Origin',(42.5130729904309,-18.9862885836538,-5.6));
#12350=CARTESIAN_POINT('',(42.5130729904309,-18.9862885836538,-5.6));
#12351=CARTESIAN_POINT('',(42.5130729904309,-6.98628858365383,-5.6));
#12352=CARTESIAN_POINT('',(42.5130729904309,-15.9862885836538,-5.6));
#12353=CARTESIAN_POINT('',(42.5130729904309,-18.9862885836538,-6.));
#12354=CARTESIAN_POINT('',(42.5130729904309,-18.9862885836538,-5.6));
#12355=CARTESIAN_POINT('',(42.5130729904309,-6.98628858365383,-6.));
#12356=CARTESIAN_POINT('',(42.5130729904309,-18.9862885836538,-6.));
#12357=CARTESIAN_POINT('',(42.5130729904309,-6.98628858365383,-5.6));
#12358=CARTESIAN_POINT('Origin',(51.5130729904309,-18.9862885836538,-5.6));
#12359=CARTESIAN_POINT('',(51.5130729904309,-18.9862885836538,-5.6));
#12360=CARTESIAN_POINT('',(40.7630729904309,-18.9862885836538,-5.6));
#12361=CARTESIAN_POINT('',(51.5130729904309,-18.9862885836538,-6.));
#12362=CARTESIAN_POINT('',(51.5130729904309,-18.9862885836538,-5.6));
#12363=CARTESIAN_POINT('',(51.5130729904309,-18.9862885836538,-6.));
#12364=CARTESIAN_POINT('Origin',(51.5130729904309,-6.98628858365383,-5.6));
#12365=CARTESIAN_POINT('',(51.5130729904309,-6.98628858365383,-5.6));
#12366=CARTESIAN_POINT('',(51.5130729904309,-9.98628858365383,-5.6));
#12367=CARTESIAN_POINT('',(51.5130729904309,-6.98628858365383,-6.));
#12368=CARTESIAN_POINT('',(51.5130729904309,-6.98628858365383,-5.6));
#12369=CARTESIAN_POINT('',(51.5130729904309,-6.98628858365383,-6.));
#12370=CARTESIAN_POINT('Origin',(42.5130729904309,-6.98628858365383,-5.6));
#12371=CARTESIAN_POINT('',(36.2630729904309,-6.98628858365383,-5.6));
#12372=CARTESIAN_POINT('',(42.5130729904309,-6.98628858365383,-6.));
#12373=CARTESIAN_POINT('Origin',(47.0130729904309,-12.9862885836538,-6.));
#12374=CARTESIAN_POINT('Origin',(43.5130729904309,1.01371141634616,1.7));
#12375=CARTESIAN_POINT('',(41.8630729904309,1.01371141634616,1.11690481051548));
#12376=CARTESIAN_POINT('',(41.8630729904309,0.513711416346163,0.170294145922168));
#12377=CARTESIAN_POINT('Ctrl Pts',(41.8630729904309,1.01371141634616,1.11690481051548));
#12378=CARTESIAN_POINT('Ctrl Pts',(41.8630729904309,0.993175463787964,1.11690481051548));
#12379=CARTESIAN_POINT('Ctrl Pts',(41.8630729904309,0.96902410286905,1.11200621213176));
#12380=CARTESIAN_POINT('Ctrl Pts',(41.8630729904309,0.925287544081179,1.0954031287334));
#12381=CARTESIAN_POINT('Ctrl Pts',(41.8630729904309,0.898496610751071,1.07884439110752));
#12382=CARTESIAN_POINT('Ctrl Pts',(41.8630729904309,0.80959214116368,1.00917316335163));
#12383=CARTESIAN_POINT('Ctrl Pts',(41.8630729904309,0.749309384634141,0.924369048874026));
#12384=CARTESIAN_POINT('Ctrl Pts',(41.8630729904309,0.646890424268251,0.749377691326567));
#12385=CARTESIAN_POINT('Ctrl Pts',(41.8630729904309,0.593486807776818,0.620758740474033));
#12386=CARTESIAN_POINT('Ctrl Pts',(41.8630729904309,0.533432393311378,0.405375854661797));
#12387=CARTESIAN_POINT('Ctrl Pts',(41.8630729904309,0.513711416346164,0.277838427251029));
#12388=CARTESIAN_POINT('Ctrl Pts',(41.8630729904309,0.513711416346164,0.170294145922168));
#12389=CARTESIAN_POINT('',(45.1630729904309,0.513711416346163,0.170294145922168));
#12390=CARTESIAN_POINT('Origin',(43.5130729904309,0.513711416346164,1.7));
#12391=CARTESIAN_POINT('',(45.1630729904309,1.01371141634616,1.11690481051548));
#12392=CARTESIAN_POINT('Ctrl Pts',(45.1630729904309,0.513711416346164,0.170294145922168));
#12393=CARTESIAN_POINT('Ctrl Pts',(45.1630729904309,0.513711416346164,0.277838427251029));
#12394=CARTESIAN_POINT('Ctrl Pts',(45.1630729904309,0.533432393311378,0.405375854661797));
#12395=CARTESIAN_POINT('Ctrl Pts',(45.1630729904309,0.593486807776818,0.620758740474033));
#12396=CARTESIAN_POINT('Ctrl Pts',(45.1630729904309,0.646890424268251,0.749377691326567));
#12397=CARTESIAN_POINT('Ctrl Pts',(45.1630729904309,0.749309384634141,0.924369048874026));
#12398=CARTESIAN_POINT('Ctrl Pts',(45.1630729904309,0.80959214116368,1.00917316335163));
#12399=CARTESIAN_POINT('Ctrl Pts',(45.1630729904309,0.898496610751072,1.07884439110752));
#12400=CARTESIAN_POINT('Ctrl Pts',(45.1630729904309,0.925287544081179,1.0954031287334));
#12401=CARTESIAN_POINT('Ctrl Pts',(45.1630729904309,0.96902410286905,1.11200621213176));
#12402=CARTESIAN_POINT('Ctrl Pts',(45.1630729904309,0.993175463787964,1.11690481051548));
#12403=CARTESIAN_POINT('Ctrl Pts',(45.1630729904309,1.01371141634616,1.11690481051548));
#12404=CARTESIAN_POINT('Origin',(43.5130729904309,1.01371141634616,1.7));
#12405=CARTESIAN_POINT('Origin',(43.5130729904309,3.01371141634616,1.7));
#12406=CARTESIAN_POINT('',(45.1630729904309,2.51371141634616,1.11690481051548));
#12407=CARTESIAN_POINT('',(45.1630729904309,3.01371141634616,1.11690481051548));
#12408=CARTESIAN_POINT('',(41.8630729904309,2.51371141634616,1.11690481051548));
#12409=CARTESIAN_POINT('Origin',(43.5130729904309,2.51371141634616,1.7));
#12410=CARTESIAN_POINT('',(41.8630729904309,3.01371141634616,1.11690481051548));
#12411=CARTESIAN_POINT('Origin',(45.1630729904309,0.513711416346163,0.));
#12412=CARTESIAN_POINT('',(45.1630729904309,0.513711416346163,-1.6));
#12413=CARTESIAN_POINT('',(45.1630729904309,0.513711416346163,0.));
#12414=CARTESIAN_POINT('',(45.1630729904309,3.01371141634616,-1.6));
#12415=CARTESIAN_POINT('',(45.1630729904309,-6.23628858365384,-1.6));
#12416=CARTESIAN_POINT('',(45.1630729904309,3.01371141634616,0.170294145922168));
#12417=CARTESIAN_POINT('',(45.1630729904309,3.01371141634616,0.));
#12418=CARTESIAN_POINT('Ctrl Pts',(45.1630729904309,2.51371141634616,1.11690481051548));
#12419=CARTESIAN_POINT('Ctrl Pts',(45.1630729904309,2.53424736890436,1.11690481051548));
#12420=CARTESIAN_POINT('Ctrl Pts',(45.1630729904309,2.55839872982328,1.11200621213176));
#12421=CARTESIAN_POINT('Ctrl Pts',(45.1630729904309,2.60213528861115,1.0954031287334));
#12422=CARTESIAN_POINT('Ctrl Pts',(45.1630729904309,2.62892622194126,1.07884439110752));
#12423=CARTESIAN_POINT('Ctrl Pts',(45.1630729904309,2.71783069152865,1.00917316335163));
#12424=CARTESIAN_POINT('Ctrl Pts',(45.1630729904309,2.77811344805819,0.924369048874026));
#12425=CARTESIAN_POINT('Ctrl Pts',(45.1630729904309,2.88053240842408,0.749377691326567));
#12426=CARTESIAN_POINT('Ctrl Pts',(45.1630729904309,2.93393602491551,0.620758740474033));
#12427=CARTESIAN_POINT('Ctrl Pts',(45.1630729904309,2.99399043938095,0.405375854661797));
#12428=CARTESIAN_POINT('Ctrl Pts',(45.1630729904309,3.01371141634616,0.277838427251029));
#12429=CARTESIAN_POINT('Ctrl Pts',(45.1630729904309,3.01371141634616,0.170294145922168));
#12430=CARTESIAN_POINT('Origin',(43.5130729904309,2.51371141634616,1.7));
#12431=CARTESIAN_POINT('',(41.8630729904309,3.01371141634616,0.170294145922168));
#12432=CARTESIAN_POINT('Origin',(43.5130729904309,3.01371141634616,1.7));
#12433=CARTESIAN_POINT('Ctrl Pts',(41.8630729904309,3.01371141634616,0.170294145922168));
#12434=CARTESIAN_POINT('Ctrl Pts',(41.8630729904309,3.01371141634616,0.277838427251029));
#12435=CARTESIAN_POINT('Ctrl Pts',(41.8630729904309,2.99399043938095,0.405375854661796));
#12436=CARTESIAN_POINT('Ctrl Pts',(41.8630729904309,2.93393602491551,0.620758740474032));
#12437=CARTESIAN_POINT('Ctrl Pts',(41.8630729904309,2.88053240842408,0.749377691326566));
#12438=CARTESIAN_POINT('Ctrl Pts',(41.8630729904309,2.77811344805819,0.924369048874025));
#12439=CARTESIAN_POINT('Ctrl Pts',(41.8630729904309,2.71783069152865,1.00917316335163));
#12440=CARTESIAN_POINT('Ctrl Pts',(41.8630729904309,2.62892622194126,1.07884439110752));
#12441=CARTESIAN_POINT('Ctrl Pts',(41.8630729904309,2.60213528861115,1.0954031287334));
#12442=CARTESIAN_POINT('Ctrl Pts',(41.8630729904309,2.55839872982328,1.11200621213176));
#12443=CARTESIAN_POINT('Ctrl Pts',(41.8630729904309,2.53424736890437,1.11690481051548));
#12444=CARTESIAN_POINT('Ctrl Pts',(41.8630729904309,2.51371141634616,1.11690481051548));
#12445=CARTESIAN_POINT('Origin',(60.5130729904309,0.513711416346164,-1.6));
#12446=CARTESIAN_POINT('',(41.8630729904309,0.513711416346163,-1.6));
#12447=CARTESIAN_POINT('',(41.8630729904309,0.513711416346163,0.));
#12448=CARTESIAN_POINT('',(8.51307299043092,0.513711416346164,-1.6));
#12449=CARTESIAN_POINT('',(-0.486927009569085,0.513711416346164,-1.6));
#12450=CARTESIAN_POINT('',(8.51307299043092,0.513711416346164,-4.85));
#12451=CARTESIAN_POINT('',(8.51307299043092,0.513711416346164,-1.6));
#12452=CARTESIAN_POINT('',(45.5550330988811,0.513711416346164,-4.85));
#12453=CARTESIAN_POINT('',(45.2630729904309,0.513711416346164,-4.85));
#12454=CARTESIAN_POINT('',(45.5550330988811,0.513711416346164,-1.6));
#12455=CARTESIAN_POINT('',(45.5550330988811,0.513711416346164,-1.6));
#12456=CARTESIAN_POINT('',(-0.486927009569085,0.513711416346164,-1.6));
#12457=CARTESIAN_POINT('Origin',(41.8630729904309,3.01371141634616,0.));
#12458=CARTESIAN_POINT('',(41.8630729904309,3.01371141634616,-1.6));
#12459=CARTESIAN_POINT('',(41.8630729904309,3.01371141634616,0.));
#12460=CARTESIAN_POINT('',(41.8630729904309,-4.98628858365384,-1.6));
#12461=CARTESIAN_POINT('Origin',(30.0130729904309,-12.9862885836538,-1.6));
#12462=CARTESIAN_POINT('',(-0.986927009569085,3.01371141634617,-1.6));
#12463=CARTESIAN_POINT('',(-2.98692700956908,3.01371141634617,-1.6));
#12464=CARTESIAN_POINT('',(-2.98692700956908,1.01371141634616,-1.6));
#12465=CARTESIAN_POINT('Origin',(-0.986927009569085,1.01371141634616,-1.6));
#12466=CARTESIAN_POINT('',(-2.98692700956908,-26.9862885836538,-1.6));
#12467=CARTESIAN_POINT('',(-2.98692700956908,-28.9862885836538,-1.6));
#12468=CARTESIAN_POINT('',(-0.986927009569083,-28.9862885836538,-1.6));
#12469=CARTESIAN_POINT('Origin',(-0.986927009569083,-26.9862885836538,-1.6));
#12470=CARTESIAN_POINT('',(61.0130729904309,-28.9862885836538,-1.6));
#12471=CARTESIAN_POINT('',(63.0130729904309,-28.9862885836538,-1.6));
#12472=CARTESIAN_POINT('',(63.0130729904309,-26.9862885836538,-1.6));
#12473=CARTESIAN_POINT('Origin',(61.0130729904309,-26.9862885836538,-1.6));
#12474=CARTESIAN_POINT('',(63.0130729904309,1.01371141634616,-1.6));
#12475=CARTESIAN_POINT('',(63.0130729904309,3.01371141634616,-1.6));
#12476=CARTESIAN_POINT('',(61.0130729904309,3.01371141634616,-1.6));
#12477=CARTESIAN_POINT('Origin',(61.0130729904309,1.01371141634616,-1.6));
#12478=CARTESIAN_POINT('',(-2.98692700956908,3.01371141634617,-1.6));
#12479=CARTESIAN_POINT('',(47.9917316850834,-0.736288583653834,-1.6));
#12480=CARTESIAN_POINT('Origin',(45.5550330988811,-2.48628858365384,-1.6));
#12481=CARTESIAN_POINT('',(50.4284302712856,-1.98628858365384,-1.6));
#12482=CARTESIAN_POINT('Origin',(50.4284302712856,1.01371141634616,-1.6));
#12483=CARTESIAN_POINT('',(57.034053044656,-1.98628858365384,-1.6));
#12484=CARTESIAN_POINT('',(48.5130729904309,-1.98628858365384,-1.6));
#12485=CARTESIAN_POINT('',(57.2805563689518,-1.69462191698717,-1.6));
#12486=CARTESIAN_POINT('Origin',(57.034053044656,-1.73628858365384,-1.6));
#12487=CARTESIAN_POINT('',(57.2630729904309,-1.48628858365384,-1.6));
#12488=CARTESIAN_POINT('Origin',(58.5130729904309,-1.48628858365384,-1.6));
#12489=CARTESIAN_POINT('',(59.74558961191,-1.69462191698717,-1.6));
#12490=CARTESIAN_POINT('Origin',(58.5130729904309,-1.48628858365384,-1.6));
#12491=CARTESIAN_POINT('',(59.9920929362058,-1.98628858365384,-1.6));
#12492=CARTESIAN_POINT('Origin',(59.9920929362058,-1.73628858365384,-1.6));
#12493=CARTESIAN_POINT('',(60.5130757317625,-1.98628858365384,-1.6));
#12494=CARTESIAN_POINT('',(57.3642452753802,-1.98628858365384,-1.6));
#12495=CARTESIAN_POINT('',(60.5130729904309,-23.9847136042343,-1.6));
#12496=CARTESIAN_POINT('',(60.5130729904309,-5.48628858365384,-1.6));
#12497=CARTESIAN_POINT('',(59.9917464323408,-23.9849701912968,-1.6));
#12498=CARTESIAN_POINT('',(57.3130729904309,-23.9862885836538,-1.6));
#12499=CARTESIAN_POINT('',(59.7454033963994,-24.2768565647894,-1.6));
#12500=CARTESIAN_POINT('Origin',(59.9918694775931,-24.2349701610165,-1.6));
#12501=CARTESIAN_POINT('',(57.2630729904309,-24.4862885836538,-1.6));
#12502=CARTESIAN_POINT('Origin',(58.5130729904309,-24.4862885836538,-1.6));
#12503=CARTESIAN_POINT('',(57.2805563689518,-24.2779552503205,-1.6));
#12504=CARTESIAN_POINT('Origin',(58.5130729904309,-24.4862885836538,-1.6));
#12505=CARTESIAN_POINT('',(57.034053044656,-23.9862885836538,-1.6));
#12506=CARTESIAN_POINT('Origin',(57.034053044656,-24.2362885836538,-1.6));
#12507=CARTESIAN_POINT('',(50.4284302712856,-23.9862885836538,-1.6));
#12508=CARTESIAN_POINT('',(57.3130729904309,-23.9862885836538,-1.6));
#12509=CARTESIAN_POINT('',(47.9917316850834,-25.2362885836538,-1.6));
#12510=CARTESIAN_POINT('Origin',(50.4284302712856,-26.9862885836538,-1.6));
#12511=CARTESIAN_POINT('',(45.5550330988811,-26.4862885836538,-1.6));
#12512=CARTESIAN_POINT('Origin',(45.5550330988811,-23.4862885836538,-1.6));
#12513=CARTESIAN_POINT('',(8.51307299043092,-26.4862885836538,-1.6));
#12514=CARTESIAN_POINT('',(60.5130729904309,-26.4862885836538,-1.6));
#12515=CARTESIAN_POINT('',(5.51307299043092,-23.4862885836538,-1.6));
#12516=CARTESIAN_POINT('Origin',(8.51307299043092,-23.4862885836538,-1.6));
#12517=CARTESIAN_POINT('',(2.51307299043091,-20.4862885836538,-1.6));
#12518=CARTESIAN_POINT('Origin',(2.51307299043091,-23.4862885836538,-1.6));
#12519=CARTESIAN_POINT('',(-0.486927009569085,-17.4862885836538,-1.6));
#12520=CARTESIAN_POINT('Origin',(2.51307299043092,-17.4862885836538,-1.6));
#12521=CARTESIAN_POINT('',(-0.486927009569085,-8.48628858365384,-1.6));
#12522=CARTESIAN_POINT('',(-0.486927009569085,-26.4862885836538,-1.6));
#12523=CARTESIAN_POINT('',(2.51307299043092,-5.48628858365384,-1.6));
#12524=CARTESIAN_POINT('Origin',(2.51307299043092,-8.48628858365384,-1.6));
#12525=CARTESIAN_POINT('',(5.51307299043092,-2.48628858365384,-1.6));
#12526=CARTESIAN_POINT('Origin',(2.51307299043092,-2.48628858365384,-1.6));
#12527=CARTESIAN_POINT('Origin',(8.51307299043092,-2.48628858365384,-1.6));
#12528=CARTESIAN_POINT('',(1.26307299043092,-2.48628858365384,-1.6));
#12529=CARTESIAN_POINT('Origin',(2.51307299043092,-2.48628858365384,-1.6));
#12530=CARTESIAN_POINT('',(1.26307299043092,-23.4862885836538,-1.6));
#12531=CARTESIAN_POINT('Origin',(2.51307299043092,-23.4862885836538,-1.6));
#12532=CARTESIAN_POINT('Origin',(61.0130729904309,-26.9862885836538,-6.85));
#12533=CARTESIAN_POINT('',(61.0130729904309,-28.9862885836538,-6.85));
#12534=CARTESIAN_POINT('',(61.0130729904309,-28.2362885836538,-7.6));
#12535=CARTESIAN_POINT('Origin',(61.0130729904309,-28.2362885836538,-6.85));
#12536=CARTESIAN_POINT('',(62.2630729904309,-26.9862885836538,-7.6));
#12537=CARTESIAN_POINT('Origin',(61.0130729904309,-26.9862885836538,-7.6));
#12538=CARTESIAN_POINT('',(63.0130729904309,-26.9862885836538,-6.85));
#12539=CARTESIAN_POINT('Origin',(62.2630729904309,-26.9862885836538,-6.85));
#12540=CARTESIAN_POINT('Origin',(61.0130729904309,-26.9862885836538,-6.85));
#12541=CARTESIAN_POINT('Origin',(62.2630729904309,-4.98628858365384,-6.85));
#12542=CARTESIAN_POINT('',(62.2630729904309,1.01371141634616,-7.6));
#12543=CARTESIAN_POINT('',(63.0130729904309,1.01371141634616,-6.85));
#12544=CARTESIAN_POINT('Origin',(62.2630729904309,1.01371141634616,-6.85));
#12545=CARTESIAN_POINT('',(63.0130729904309,-4.98628858365384,-6.85));
#12546=CARTESIAN_POINT('',(62.2630729904309,-4.98628858365384,-7.6));
#12547=CARTESIAN_POINT('Origin',(61.0130729904309,1.01371141634616,-6.85));
#12548=CARTESIAN_POINT('',(61.0130729904309,2.26371141634616,-7.6));
#12549=CARTESIAN_POINT('',(61.0130729904309,3.01371141634616,-6.85));
#12550=CARTESIAN_POINT('Origin',(61.0130729904309,2.26371141634616,-6.85));
#12551=CARTESIAN_POINT('Origin',(61.0130729904309,1.01371141634616,-6.85));
#12552=CARTESIAN_POINT('Origin',(61.0130729904309,1.01371141634616,-7.6));
#12553=CARTESIAN_POINT('Origin',(13.5130729904309,2.26371141634616,-6.85));
#12554=CARTESIAN_POINT('',(-0.986927009569085,2.26371141634616,-7.6));
#12555=CARTESIAN_POINT('',(-0.986927009569085,3.01371141634616,-6.85));
#12556=CARTESIAN_POINT('Origin',(-0.986927009569085,2.26371141634616,-6.85));
#12557=CARTESIAN_POINT('',(13.5130729904309,3.01371141634616,-6.85));
#12558=CARTESIAN_POINT('',(13.5130729904309,2.26371141634616,-7.6));
#12559=CARTESIAN_POINT('Origin',(-0.986927009569085,1.01371141634616,-6.85));
#12560=CARTESIAN_POINT('',(-2.23692700956908,1.01371141634616,-7.6));
#12561=CARTESIAN_POINT('',(-2.98692700956908,1.01371141634616,-6.85));
#12562=CARTESIAN_POINT('Origin',(-2.23692700956908,1.01371141634616,-6.85));
#12563=CARTESIAN_POINT('Origin',(-0.986927009569085,1.01371141634616,-6.85));
#12564=CARTESIAN_POINT('Origin',(-0.986927009569085,1.01371141634616,-7.6));
#12565=CARTESIAN_POINT('Origin',(-2.23692700956909,-20.9862885836538,-6.85));
#12566=CARTESIAN_POINT('',(-2.23692700956909,-26.9862885836538,-7.6));
#12567=CARTESIAN_POINT('',(-2.98692700956908,-26.9862885836538,-6.85));
#12568=CARTESIAN_POINT('Origin',(-2.23692700956909,-26.9862885836538,-6.85));
#12569=CARTESIAN_POINT('',(-2.98692700956908,-20.9862885836538,-6.85));
#12570=CARTESIAN_POINT('',(-2.23692700956909,-20.9862885836538,-7.6));
#12571=CARTESIAN_POINT('Origin',(-0.986927009569083,-26.9862885836538,-6.85));
#12572=CARTESIAN_POINT('',(-0.986927009569083,-28.2362885836538,-7.6));
#12573=CARTESIAN_POINT('',(-0.986927009569083,-28.9862885836538,-6.85));
#12574=CARTESIAN_POINT('Origin',(-0.986927009569083,-28.2362885836538,-6.85));
#12575=CARTESIAN_POINT('Origin',(-0.986927009569083,-26.9862885836538,-6.85));
#12576=CARTESIAN_POINT('Origin',(-0.986927009569083,-26.9862885836538,-7.6));
#12577=CARTESIAN_POINT('Origin',(46.5130729904309,-28.2362885836538,-6.85));
#12578=CARTESIAN_POINT('',(46.5130729904309,-28.2362885836538,-7.6));
#12579=CARTESIAN_POINT('',(46.5130729904309,-28.9862885836538,-6.85));
#12580=CARTESIAN_POINT('Origin',(-2.98692700956908,-28.9862885836538,-5.6));
#12581=CARTESIAN_POINT('',(-2.98692700956908,-26.9862885836538,-5.6));
#12582=CARTESIAN_POINT('',(-2.98692700956908,1.01371141634616,-5.6));
#12583=CARTESIAN_POINT('Origin',(-0.986927009569083,-26.9862885836538,-5.6));
#12584=CARTESIAN_POINT('',(-0.986927009569083,-28.9862885836538,-5.6));
#12585=CARTESIAN_POINT('Origin',(63.0130729904309,-28.9862885836538,-5.6));
#12586=CARTESIAN_POINT('',(61.0130729904309,-28.9862885836538,-5.6));
#12587=CARTESIAN_POINT('Origin',(61.0130729904309,-26.9862885836538,-5.6));
#12588=CARTESIAN_POINT('',(63.0130729904309,-26.9862885836538,-5.6));
#12589=CARTESIAN_POINT('Origin',(30.0130729904309,-12.9862885836538,-7.6));
#12590=CARTESIAN_POINT('',(0.513072990430916,-23.4862885836538,-7.6));
#12591=CARTESIAN_POINT('Origin',(2.51307299043092,-23.4862885836538,-7.6));
#12592=CARTESIAN_POINT('',(56.5130729904309,-24.4862885836538,-7.6));
#12593=CARTESIAN_POINT('Origin',(58.5130729904309,-24.4862885836538,-7.6));
#12594=CARTESIAN_POINT('',(0.513072990430916,-2.48628858365384,-7.6));
#12595=CARTESIAN_POINT('Origin',(2.51307299043092,-2.48628858365384,-7.6));
#12596=CARTESIAN_POINT('',(56.5130729904309,-1.48628858365384,-7.6));
#12597=CARTESIAN_POINT('Origin',(58.5130729904309,-1.48628858365384,-7.6));
#12598=CARTESIAN_POINT('Origin',(61.0130729904309,1.01371141634616,-5.6));
#12599=CARTESIAN_POINT('',(61.0130729904309,3.01371141634616,-5.6));
#12600=CARTESIAN_POINT('',(63.0130729904309,1.01371141634616,-5.6));
#12601=CARTESIAN_POINT('Origin',(-2.98692700956908,3.01371141634616,-5.6));
#12602=CARTESIAN_POINT('',(-0.986927009569085,3.01371141634616,-5.6));
#12603=CARTESIAN_POINT('Origin',(-0.986927009569085,1.01371141634616,-5.6));
#12604=CARTESIAN_POINT('Origin',(43.6902510285614,-2.36128858365384,-5.225));
#12605=CARTESIAN_POINT('',(56.3706444618681,-1.98628858365384,-4.85));
#12606=CARTESIAN_POINT('',(50.4284302712856,-1.98628858365384,-4.85));
#12607=CARTESIAN_POINT('',(43.6902510285614,-1.98628858365384,-4.85));
#12608=CARTESIAN_POINT('',(50.4284302712856,-2.73628858365384,-5.6));
#12609=CARTESIAN_POINT('',(50.4284302712856,-1.98628858365384,-4.85));
#12610=CARTESIAN_POINT('',(55.8409951472534,-2.73628858365384,-5.6));
#12611=CARTESIAN_POINT('',(43.6902510285614,-2.73628858365384,-5.6));
#12612=CARTESIAN_POINT('Ctrl Pts',(55.8409951472534,-2.73628858365384,-5.6));
#12613=CARTESIAN_POINT('Ctrl Pts',(56.0016610170073,-2.48375228322795,-5.34746369957411));
#12614=CARTESIAN_POINT('Ctrl Pts',(56.1789253132195,-2.22790303867535,-5.09161445502151));
#12615=CARTESIAN_POINT('Ctrl Pts',(56.3706444618681,-1.98628858365384,-4.85));
#12616=CARTESIAN_POINT('Origin',(58.5130729904309,-1.48628858365384,-5.225));
#12617=CARTESIAN_POINT('',(58.5121580572173,-4.436288441772,-5.6));
#12618=CARTESIAN_POINT('Origin',(58.5130729904309,-1.48628858365384,-5.6));
#12619=CARTESIAN_POINT('',(58.5130729904309,-3.68628858365384,-4.85));
#12620=CARTESIAN_POINT('Ctrl Pts',(58.5121580572173,-4.436288441772,-5.6));
#12621=CARTESIAN_POINT('Ctrl Pts',(58.5122536858276,-4.37378846842495,-5.5375));
#12622=CARTESIAN_POINT('Ctrl Pts',(58.5123444683944,-4.31128849061903,-5.475));
#12623=CARTESIAN_POINT('Ctrl Pts',(58.5125163414402,-4.18628852721673,-5.35));
#12624=CARTESIAN_POINT('Ctrl Pts',(58.5125974319192,-4.12378854162034,-5.2875));
#12625=CARTESIAN_POINT('Ctrl Pts',(58.5127499207889,-3.99878856376433,-5.1625));
#12626=CARTESIAN_POINT('Ctrl Pts',(58.5128213191796,-3.9362885715047,-5.1));
#12627=CARTESIAN_POINT('Ctrl Pts',(58.512954423872,-3.81128858144946,-4.975));
#12628=CARTESIAN_POINT('Ctrl Pts',(58.5130161301738,-3.74878858365384,-4.9125));
#12629=CARTESIAN_POINT('Ctrl Pts',(58.5130729904309,-3.68628858365384,-4.85));
#12630=CARTESIAN_POINT('Origin',(58.5130729904309,-1.48628858365384,-4.85));
#12631=CARTESIAN_POINT('Origin',(44.2735880182138,-4.02654780054123,-5.225));
#12632=CARTESIAN_POINT('',(59.7630729904309,-4.43934060138528,-5.6));
#12633=CARTESIAN_POINT('',(44.2726730853024,-4.40154668440326,-5.6));
#12634=CARTESIAN_POINT('',(60.5130729904309,-3.691168240372,-4.85));
#12635=CARTESIAN_POINT('',(59.7630729904309,-4.43934060138528,-5.6));
#12636=CARTESIAN_POINT('',(44.2745029511253,-3.6515489166792,-4.85));
#12637=CARTESIAN_POINT('Origin',(60.1380729904309,-19.7362885836538,-5.225));
#12638=CARTESIAN_POINT('',(60.5130729904309,-22.2862885836538,-4.85));
#12639=CARTESIAN_POINT('',(60.5130729904309,-19.7362885836538,-4.85));
#12640=CARTESIAN_POINT('',(59.7630729904309,-21.5362885836538,-5.6));
#12641=CARTESIAN_POINT('',(59.7630729904309,-19.7362885836538,-5.6));
#12642=CARTESIAN_POINT('',(59.7630729904309,-21.5362885836538,-5.6));
#12643=CARTESIAN_POINT('Origin',(58.5130729904309,-24.4862885836538,-5.225));
#12644=CARTESIAN_POINT('',(56.3706444618681,-23.9862885836538,-4.85));
#12645=CARTESIAN_POINT('',(58.5130730143425,-22.2862885836538,-4.85));
#12646=CARTESIAN_POINT('Origin',(58.5130729904309,-24.4862885836538,-4.85));
#12647=CARTESIAN_POINT('',(58.5130730224941,-21.5362885836538,-5.6));
#12648=CARTESIAN_POINT('',(58.5130730143425,-22.2862885836538,-4.85));
#12649=CARTESIAN_POINT('',(55.8409951472534,-23.2362885836538,-5.6));
#12650=CARTESIAN_POINT('Origin',(58.5130729904309,-24.4862885836538,-5.6));
#12651=CARTESIAN_POINT('Ctrl Pts',(55.8409951472534,-23.2362885836538,-5.6));
#12652=CARTESIAN_POINT('Ctrl Pts',(56.0016610170073,-23.4888248840797,-5.34746369957413));
#12653=CARTESIAN_POINT('Ctrl Pts',(56.1789253132194,-23.7446741286323,-5.09161445502152));
#12654=CARTESIAN_POINT('Ctrl Pts',(56.3706444618681,-23.9862885836538,-4.85));
#12655=CARTESIAN_POINT('Origin',(45.2630729904309,-21.9112885836538,-5.225));
#12656=CARTESIAN_POINT('',(45.2630729904309,-21.5362885836538,-5.6));
#12657=CARTESIAN_POINT('',(45.2630729904309,-22.2862885836538,-4.85));
#12658=CARTESIAN_POINT('Origin',(50.4284302712856,1.01371141634616,-5.225));
#12659=CARTESIAN_POINT('',(47.9917316850834,-0.736288583653835,-4.85));
#12660=CARTESIAN_POINT('Origin',(50.4284302712856,1.01371141634616,-4.85));
#12661=CARTESIAN_POINT('',(47.3825570385328,-1.17378858365383,-5.6));
#12662=CARTESIAN_POINT('',(47.9917316850834,-0.736288583653835,-4.85));
#12663=CARTESIAN_POINT('Origin',(50.4284302712856,1.01371141634616,-5.6));
#12664=CARTESIAN_POINT('Origin',(45.5550330988811,-2.48628858365384,-5.225));
#12665=CARTESIAN_POINT('',(45.5550330988811,-0.236288583653832,-5.6));
#12666=CARTESIAN_POINT('',(45.5550330988811,0.513711416346164,-4.85));
#12667=CARTESIAN_POINT('Origin',(45.5550330988811,-2.48628858365384,-5.6));
#12668=CARTESIAN_POINT('Origin',(45.5550330988811,-2.48628858365384,-4.85));
#12669=CARTESIAN_POINT('Origin',(45.2630729904309,0.138711416346164,-5.225));
#12670=CARTESIAN_POINT('',(8.51307299043092,-0.236288583653835,-5.6));
#12671=CARTESIAN_POINT('',(8.51307299043092,0.513711416346164,-4.85));
#12672=CARTESIAN_POINT('',(45.2630729904309,-0.236288583653835,-5.6));
#12673=CARTESIAN_POINT('Origin',(8.51307299043092,-2.48628858365384,-5.225));
#12674=CARTESIAN_POINT('',(5.51307299043092,-2.48628858365384,-4.85));
#12675=CARTESIAN_POINT('',(6.26307299043092,-2.48628858365384,-5.6));
#12676=CARTESIAN_POINT('',(5.51307299043092,-2.48628858365384,-4.85));
#12677=CARTESIAN_POINT('Origin',(8.51307299043092,-2.48628858365384,-5.6));
#12678=CARTESIAN_POINT('Origin',(8.51307299043092,-2.48628858365384,-4.85));
#12679=CARTESIAN_POINT('Origin',(2.51307299043092,-2.48628858365384,-5.225));
#12680=CARTESIAN_POINT('',(2.51307299043092,-5.48628858365384,-4.85));
#12681=CARTESIAN_POINT('Origin',(2.51307299043092,-2.48628858365384,-4.85));
#12682=CARTESIAN_POINT('',(2.51307299043092,-6.23628858365384,-5.6));
#12683=CARTESIAN_POINT('',(2.51307299043092,-5.48628858365384,-4.85));
#12684=CARTESIAN_POINT('Origin',(2.51307299043092,-2.48628858365384,-5.6));
#12685=CARTESIAN_POINT('Origin',(2.51307299043092,-8.48628858365384,-5.225));
#12686=CARTESIAN_POINT('',(-0.486927009569085,-8.48628858365384,-4.85));
#12687=CARTESIAN_POINT('',(0.263072990430915,-8.48628858365384,-5.6));
#12688=CARTESIAN_POINT('',(-0.486927009569085,-8.48628858365384,-4.85));
#12689=CARTESIAN_POINT('Origin',(2.51307299043092,-8.48628858365384,-5.6));
#12690=CARTESIAN_POINT('Origin',(2.51307299043092,-8.48628858365384,-4.85));
#12691=CARTESIAN_POINT('Origin',(-0.111927009569085,-6.23628858365383,-5.225));
#12692=CARTESIAN_POINT('',(-0.486927009569085,-17.4862885836538,-4.85));
#12693=CARTESIAN_POINT('',(0.263072990430915,-17.4862885836538,-5.6));
#12694=CARTESIAN_POINT('',(-0.486927009569085,-17.4862885836538,-4.85));
#12695=CARTESIAN_POINT('',(0.263072990430915,-6.23628858365383,-5.6));
#12696=CARTESIAN_POINT('',(-0.486927009569085,-6.23628858365383,-4.85));
#12697=CARTESIAN_POINT('Origin',(2.51307299043092,-17.4862885836538,-5.225));
#12698=CARTESIAN_POINT('',(2.51307299043091,-20.4862885836538,-4.85));
#12699=CARTESIAN_POINT('',(2.51307299043092,-19.7362885836538,-5.6));
#12700=CARTESIAN_POINT('',(2.51307299043091,-20.4862885836538,-4.85));
#12701=CARTESIAN_POINT('Origin',(2.51307299043092,-17.4862885836538,-5.6));
#12702=CARTESIAN_POINT('Origin',(2.51307299043092,-17.4862885836538,-4.85));
#12703=CARTESIAN_POINT('Origin',(2.51307299043091,-23.4862885836538,-5.225));
#12704=CARTESIAN_POINT('',(5.51307299043092,-23.4862885836538,-4.85));
#12705=CARTESIAN_POINT('Origin',(2.51307299043091,-23.4862885836538,-4.85));
#12706=CARTESIAN_POINT('',(6.26307299043091,-23.4862885836538,-5.6));
#12707=CARTESIAN_POINT('',(5.51307299043092,-23.4862885836538,-4.85));
#12708=CARTESIAN_POINT('Origin',(2.51307299043091,-23.4862885836538,-5.6));
#12709=CARTESIAN_POINT('Origin',(8.51307299043092,-23.4862885836538,-5.225));
#12710=CARTESIAN_POINT('',(8.51307299043092,-26.4862885836538,-4.85));
#12711=CARTESIAN_POINT('',(8.51307299043092,-25.7362885836538,-5.6));
#12712=CARTESIAN_POINT('',(8.51307299043092,-26.4862885836538,-4.85));
#12713=CARTESIAN_POINT('Origin',(8.51307299043092,-23.4862885836538,-5.6));
#12714=CARTESIAN_POINT('Origin',(8.51307299043092,-23.4862885836538,-4.85));
#12715=CARTESIAN_POINT('Origin',(14.7630729904309,-26.1112885836538,-5.225));
#12716=CARTESIAN_POINT('',(45.5550330988811,-26.4862885836538,-4.85));
#12717=CARTESIAN_POINT('',(45.5550330988811,-25.7362885836538,-5.6));
#12718=CARTESIAN_POINT('',(45.5550330988811,-26.4862885836538,-4.85));
#12719=CARTESIAN_POINT('',(14.7630729904309,-25.7362885836538,-5.6));
#12720=CARTESIAN_POINT('',(14.7630729904309,-26.4862885836538,-4.85));
#12721=CARTESIAN_POINT('Origin',(45.5550330988811,-23.4862885836538,-5.225));
#12722=CARTESIAN_POINT('',(47.9917316850834,-25.2362885836538,-4.85));
#12723=CARTESIAN_POINT('',(47.3825570385328,-24.7987885836538,-5.6));
#12724=CARTESIAN_POINT('',(47.9917316850834,-25.2362885836538,-4.85));
#12725=CARTESIAN_POINT('Origin',(45.5550330988811,-23.4862885836538,-5.6));
#12726=CARTESIAN_POINT('Origin',(45.5550330988811,-23.4862885836538,-4.85));
#12727=CARTESIAN_POINT('Origin',(50.4284302712856,-26.9862885836538,-5.225));
#12728=CARTESIAN_POINT('',(50.4284302712856,-23.9862885836538,-4.85));
#12729=CARTESIAN_POINT('Origin',(50.4284302712856,-26.9862885836538,-4.85));
#12730=CARTESIAN_POINT('',(50.4284302712856,-23.2362885836538,-5.6));
#12731=CARTESIAN_POINT('',(50.4284302712856,-23.9862885836538,-4.85));
#12732=CARTESIAN_POINT('Origin',(50.4284302712856,-26.9862885836538,-5.6));
#12733=CARTESIAN_POINT('Origin',(39.2630729904309,-23.6112885836538,-5.225));
#12734=CARTESIAN_POINT('',(39.2630729904309,-23.2362885836538,-5.6));
#12735=CARTESIAN_POINT('',(39.2630729904309,-23.9862885836538,-4.85));
#12736=CARTESIAN_POINT('Origin',(8.51307299043092,-2.48628858365384,-1.6));
#12737=CARTESIAN_POINT('',(5.51307299043092,-2.48628858365384,-1.6));
#12738=CARTESIAN_POINT('Origin',(45.5550330988811,-2.48628858365384,-1.6));
#12739=CARTESIAN_POINT('',(47.9917316850834,-0.736288583653835,-1.6));
#12740=CARTESIAN_POINT('Origin',(50.4284302712856,1.01371141634616,-1.6));
#12741=CARTESIAN_POINT('',(50.4284302712856,-1.98628858365384,-1.6));
#12742=CARTESIAN_POINT('Origin',(57.367429066692,-1.98628858365384,-1.6));
#12743=CARTESIAN_POINT('',(56.3706444618681,-1.98628858365384,-4.4));
#12744=CARTESIAN_POINT('',(56.3706444618681,-1.98628858365384,-5.6));
#12745=CARTESIAN_POINT('',(56.6800427124486,-1.98628858365384,-4.1));
#12746=CARTESIAN_POINT('Ctrl Pts',(56.3706444618681,-1.98628858365384,-4.4));
#12747=CARTESIAN_POINT('Ctrl Pts',(56.5366630353494,-1.98628858365384,-4.23832594177378));
#12748=CARTESIAN_POINT('Ctrl Pts',(56.6800427124486,-1.98628858365384,-4.1));
#12749=CARTESIAN_POINT('',(57.034053044656,-1.98628858365384,-4.1));
#12750=CARTESIAN_POINT('',(57.9046477670865,-1.98628858365384,-4.1));
#12751=CARTESIAN_POINT('',(57.034053044656,-1.98628858365384,-1.6));
#12752=CARTESIAN_POINT('Origin',(58.5130729904309,-1.48628858365384,-5.6));
#12753=CARTESIAN_POINT('',(58.5130729904309,-3.68628858365384,-4.4));
#12754=CARTESIAN_POINT('',(58.5130729904309,-3.68628858365384,-5.6));
#12755=CARTESIAN_POINT('Origin',(58.5130729904309,-1.48628858365384,-4.4));
#12756=CARTESIAN_POINT('Origin',(58.5130729904309,-3.68628858365384,-5.6));
#12757=CARTESIAN_POINT('',(60.5130729904309,-3.691168240372,-4.4));
#12758=CARTESIAN_POINT('',(60.5130729904309,-3.691168240372,-3.6));
#12759=CARTESIAN_POINT('',(58.4764359886043,-3.68619919565779,-4.4));
#12760=CARTESIAN_POINT('Origin',(60.5130729904309,-26.4862885836538,-1.6));
#12761=CARTESIAN_POINT('',(60.5130729904309,-22.2862885836538,-4.4));
#12762=CARTESIAN_POINT('',(60.5130729904309,-22.2862885836538,-3.6));
#12763=CARTESIAN_POINT('',(60.5130729904309,-22.5862885836538,-4.1));
#12764=CARTESIAN_POINT('',(60.5130729904309,-24.1112885836538,-2.57499999999999));
#12765=CARTESIAN_POINT('',(60.5130729904309,-23.9847136042343,-4.1));
#12766=CARTESIAN_POINT('',(60.5130729904309,-24.8112885836538,-4.1));
#12767=CARTESIAN_POINT('',(60.5130729904309,-23.9847136042343,-1.6));
#12768=CARTESIAN_POINT('',(60.5130757317625,-1.98628858365384,-4.1));
#12769=CARTESIAN_POINT('',(60.5130729904309,-1.98628858365384,-1.6));
#12770=CARTESIAN_POINT('',(60.5130729904309,-3.39116734745896,-4.1));
#12771=CARTESIAN_POINT('',(60.5130729904309,-14.6625053125005,-4.1));
#12772=CARTESIAN_POINT('',(60.5130729904309,-8.61372302301139,-9.32254013130524));
#12773=CARTESIAN_POINT('Origin',(60.5130729904309,-22.2862885836538,-5.6));
#12774=CARTESIAN_POINT('',(58.5130730143425,-22.2862885836538,-4.4));
#12775=CARTESIAN_POINT('',(58.5130730143425,-22.2862885836538,-5.6));
#12776=CARTESIAN_POINT('',(59.4774658582902,-22.2862885836538,-4.4));
#12777=CARTESIAN_POINT('Origin',(58.5130729904309,-24.4862885836538,-5.6));
#12778=CARTESIAN_POINT('',(56.3706444618681,-23.9862885836538,-4.4));
#12779=CARTESIAN_POINT('',(56.3706444618681,-23.9862885836538,-5.6));
#12780=CARTESIAN_POINT('Origin',(58.5130729904309,-24.4862885836538,-4.4));
#12781=CARTESIAN_POINT('Origin',(30.0130729904309,-12.9862885836538,-5.6));
#12782=CARTESIAN_POINT('',(4.3419739799246,-12.9862885836538,-5.6));
#12783=CARTESIAN_POINT('Origin',(10.8419739799246,-12.9862885836538,-5.6));
#12784=CARTESIAN_POINT('Origin',(10.8419739799246,-12.9862885836538,-1.75));
#12785=CARTESIAN_POINT('',(4.6419739799246,-12.9862885836538,-1.6));
#12786=CARTESIAN_POINT('Origin',(10.8419739799246,-12.9862885836538,-1.6));
#12787=CARTESIAN_POINT('',(4.3419739799246,-12.9862885836538,-1.9));
#12788=CARTESIAN_POINT('',(4.4919739799246,-12.9862885836538,-1.75));
#12789=CARTESIAN_POINT('Origin',(10.8419739799246,-12.9862885836538,-1.9));
#12790=CARTESIAN_POINT('Origin',(10.8419739799246,-12.9862885836538,-1.6));
#12791=CARTESIAN_POINT('',(4.3419739799246,-12.9862885836538,-1.6));
#12792=CARTESIAN_POINT('Origin',(10.8419739799246,-12.9862885836538,-1.6));
#12793=CARTESIAN_POINT('Origin',(58.5130729904309,-1.48628858365384,-4.25));
#12794=CARTESIAN_POINT('',(58.5134389635027,-3.38628854840744,-4.1));
#12795=CARTESIAN_POINT('Ctrl Pts',(58.5130729904309,-3.68628858365384,-4.4));
#12796=CARTESIAN_POINT('Ctrl Pts',(58.5131083036223,-3.66128858365384,-4.375));
#12797=CARTESIAN_POINT('Ctrl Pts',(58.5131424129548,-3.63628858280359,-4.35));
#12798=CARTESIAN_POINT('Ctrl Pts',(58.5132082239023,-3.58628857957654,-4.3));
#12799=CARTESIAN_POINT('Ctrl Pts',(58.5132399255172,-3.56128857719973,-4.275));
#12800=CARTESIAN_POINT('Ctrl Pts',(58.5133009210292,-3.51128857109344,-4.225));
#12801=CARTESIAN_POINT('Ctrl Pts',(58.5133302149264,-3.48628856736397,-4.2));
#12802=CARTESIAN_POINT('Ctrl Pts',(58.5133863950029,-3.43628855872629,-4.15));
#12803=CARTESIAN_POINT('Ctrl Pts',(58.5134132811823,-3.41128855381807,-4.125));
#12804=CARTESIAN_POINT('Ctrl Pts',(58.5134389635027,-3.38628854840744,-4.1));
#12805=CARTESIAN_POINT('Origin',(58.5130729904309,-1.48628858365384,-4.1));
#12806=CARTESIAN_POINT('Origin',(58.4768019617689,-3.53619964211298,-4.25));
#12807=CARTESIAN_POINT('',(58.4771679349335,-3.38620008856817,-4.1));
#12808=CARTESIAN_POINT('Origin',(58.441866467481,-2.83872204134715,-4.1));
#12809=CARTESIAN_POINT('',(59.9920929362058,-1.98628858365384,-4.1));
#12810=CARTESIAN_POINT('',(59.4774710996218,-1.98628858365384,-4.1));
#12811=CARTESIAN_POINT('',(59.74558961191,-1.69462191698717,-4.1));
#12812=CARTESIAN_POINT('Origin',(59.9920929362058,-1.73628858365384,-4.1));
#12813=CARTESIAN_POINT('',(57.2805563689518,-1.69462191698717,-4.1));
#12814=CARTESIAN_POINT('Origin',(58.5130729904309,-1.48628858365384,-4.1));
#12815=CARTESIAN_POINT('Origin',(57.034053044656,-1.73628858365384,-4.1));
#12816=CARTESIAN_POINT('Origin',(59.4774658582902,-22.4362885836538,-4.25));
#12817=CARTESIAN_POINT('',(58.5130730143425,-22.5862885836538,-4.1));
#12818=CARTESIAN_POINT('',(58.5130730143425,-22.2862885836538,-4.4));
#12819=CARTESIAN_POINT('',(59.4774658582902,-22.5862885836538,-4.1));
#12820=CARTESIAN_POINT('Origin',(58.5130729904309,-24.4862885836538,-4.25));
#12821=CARTESIAN_POINT('',(56.6800427124486,-23.9862885836538,-4.1));
#12822=CARTESIAN_POINT('Ctrl Pts',(56.6800427124486,-23.9862885836538,-4.1));
#12823=CARTESIAN_POINT('Ctrl Pts',(56.5366630353503,-23.9862885836538,-4.23832594177292));
#12824=CARTESIAN_POINT('Ctrl Pts',(56.3706444618681,-23.9862885836538,-4.4));
#12825=CARTESIAN_POINT('Origin',(58.5130729904309,-24.4862885836538,-4.1));
#12826=CARTESIAN_POINT('Origin',(57.034053044656,-24.2362885836538,-1.6));
#12827=CARTESIAN_POINT('',(57.2805563689518,-24.2779552503205,-4.1));
#12828=CARTESIAN_POINT('',(57.2805563689518,-24.2779552503205,-1.6));
#12829=CARTESIAN_POINT('',(57.034053044656,-23.9862885836538,-4.1));
#12830=CARTESIAN_POINT('Origin',(57.034053044656,-24.2362885836538,-4.1));
#12831=CARTESIAN_POINT('',(57.034053044656,-23.9862885836538,-1.6));
#12832=CARTESIAN_POINT('Origin',(48.5130729904309,-23.9862885836538,-1.6));
#12833=CARTESIAN_POINT('',(50.4284302712856,-23.9862885836538,-1.6));
#12834=CARTESIAN_POINT('',(53.4774658582902,-23.9862885836538,-4.1));
#12835=CARTESIAN_POINT('Origin',(58.5130729904309,-24.4862885836538,-1.6));
#12836=CARTESIAN_POINT('',(59.7630729904309,-24.4862885836538,-5.6));
#12837=CARTESIAN_POINT('',(57.2630729904309,-24.4862885836538,-5.6));
#12838=CARTESIAN_POINT('Origin',(58.5130729904309,-24.4862885836538,-5.6));
#12839=CARTESIAN_POINT('Origin',(58.5130729904309,-24.4862885836538,-5.6));
#12840=CARTESIAN_POINT('',(57.2630729904309,-24.4862885836538,-1.6));
#12841=CARTESIAN_POINT('',(59.7454033963994,-24.2768565647894,-4.1));
#12842=CARTESIAN_POINT('',(59.7454033963994,-24.2768565647894,-1.6));
#12843=CARTESIAN_POINT('Origin',(58.5130729904309,-24.4862885836538,-4.1));
#12844=CARTESIAN_POINT('Origin',(59.9918694775931,-24.2349701610165,-1.6));
#12845=CARTESIAN_POINT('',(59.9917464323408,-23.9849701912968,-4.1));
#12846=CARTESIAN_POINT('',(59.9917464323408,-23.9849701912968,-1.6));
#12847=CARTESIAN_POINT('Origin',(59.9918694775931,-24.2349701610165,-4.1));
#12848=CARTESIAN_POINT('Origin',(59.6582124729784,-23.9851343503973,-1.6));
#12849=CARTESIAN_POINT('',(59.0502446397477,-23.9854335806551,-4.1));
#12850=CARTESIAN_POINT('Origin',(59.9920929362058,-1.73628858365384,-1.6));
#12851=CARTESIAN_POINT('',(59.74558961191,-1.69462191698717,-1.6));
#12852=CARTESIAN_POINT('',(59.9920929362058,-1.98628858365384,-1.6));
#12853=CARTESIAN_POINT('Origin',(58.5130729904309,-1.48628858365384,-1.6));
#12854=CARTESIAN_POINT('',(57.2630729904309,-1.48628858365384,-5.6));
#12855=CARTESIAN_POINT('Origin',(58.5130729904309,-1.48628858365384,-5.6));
#12856=CARTESIAN_POINT('',(57.2630729904309,-1.48628858365384,-1.6));
#12857=CARTESIAN_POINT('',(57.2805563689518,-1.69462191698717,-1.6));
#12858=CARTESIAN_POINT('Origin',(57.034053044656,-1.73628858365384,-1.6));
#12859=CARTESIAN_POINT('Origin',(50.4284302712856,-26.9862885836538,-1.6));
#12860=CARTESIAN_POINT('',(47.9917316850834,-25.2362885836538,-1.6));
#12861=CARTESIAN_POINT('Origin',(45.5550330988811,-23.4862885836538,-1.6));
#12862=CARTESIAN_POINT('',(45.5550330988811,-26.4862885836538,-1.6));
#12863=CARTESIAN_POINT('Origin',(-0.486927009569085,-26.4862885836538,-1.6));
#12864=CARTESIAN_POINT('',(8.51307299043092,-26.4862885836538,-1.6));
#12865=CARTESIAN_POINT('Origin',(8.51307299043092,-23.4862885836538,-1.6));
#12866=CARTESIAN_POINT('',(5.51307299043092,-23.4862885836538,-1.6));
#12867=CARTESIAN_POINT('Origin',(2.51307299043092,-8.48628858365384,-1.6));
#12868=CARTESIAN_POINT('',(2.51307299043092,-5.48628858365384,-1.6));
#12869=CARTESIAN_POINT('',(-0.486927009569085,-8.48628858365384,-1.6));
#12870=CARTESIAN_POINT('Origin',(2.51307299043092,-17.4862885836538,-1.6));
#12871=CARTESIAN_POINT('',(-0.486927009569085,-17.4862885836538,-1.6));
#12872=CARTESIAN_POINT('',(2.51307299043091,-20.4862885836538,-1.6));
#12873=CARTESIAN_POINT('Origin',(2.51307299043091,-23.4862885836538,-1.6));
#12874=CARTESIAN_POINT('Origin',(2.51307299043092,-2.48628858365384,-1.6));
#12875=CARTESIAN_POINT('Origin',(2.51307299043092,-23.4862885836538,-5.975));
#12876=CARTESIAN_POINT('',(0.513072990430916,-23.4862885836538,-6.35));
#12877=CARTESIAN_POINT('Origin',(2.51307299043092,-23.4862885836538,-6.35));
#12878=CARTESIAN_POINT('',(1.26307299043092,-23.4862885836538,-5.6));
#12879=CARTESIAN_POINT('',(0.888072990430916,-23.4862885836538,-5.975));
#12880=CARTESIAN_POINT('Origin',(2.51307299043092,-23.4862885836538,-5.6));
#12881=CARTESIAN_POINT('Origin',(2.51307299043092,-23.4862885836538,-7.6));
#12882=CARTESIAN_POINT('',(0.513072990430916,-23.4862885836538,-7.6));
#12883=CARTESIAN_POINT('Origin',(2.51307299043092,-2.48628858365384,-5.975));
#12884=CARTESIAN_POINT('',(0.513072990430916,-2.48628858365384,-6.35));
#12885=CARTESIAN_POINT('Origin',(2.51307299043092,-2.48628858365384,-6.35));
#12886=CARTESIAN_POINT('',(1.26307299043092,-2.48628858365384,-5.6));
#12887=CARTESIAN_POINT('',(0.888072990430916,-2.48628858365384,-5.975));
#12888=CARTESIAN_POINT('Origin',(2.51307299043092,-2.48628858365384,-5.6));
#12889=CARTESIAN_POINT('Origin',(2.51307299043092,-2.48628858365384,-7.6));
#12890=CARTESIAN_POINT('',(0.513072990430916,-2.48628858365384,-7.6));
#12891=CARTESIAN_POINT('Origin',(58.5130729904309,-24.4862885836538,-5.975));
#12892=CARTESIAN_POINT('',(60.5130729904309,-24.4862885836538,-6.35));
#12893=CARTESIAN_POINT('',(60.1380729904309,-24.4862885836538,-5.975));
#12894=CARTESIAN_POINT('',(56.5130729904309,-24.4862885836538,-6.35));
#12895=CARTESIAN_POINT('Origin',(58.5130729904309,-24.4862885836538,-6.35));
#12896=CARTESIAN_POINT('Origin',(58.5130729904309,-24.4862885836538,-6.35));
#12897=CARTESIAN_POINT('Origin',(58.5130729904309,-24.4862885836538,-7.6));
#12898=CARTESIAN_POINT('',(56.5130729904309,-24.4862885836538,-7.6));
#12899=CARTESIAN_POINT('Origin',(58.5130729904309,-1.48628858365384,-5.975));
#12900=CARTESIAN_POINT('',(56.5130729904309,-1.48628858365384,-6.35));
#12901=CARTESIAN_POINT('',(56.8880729904309,-1.48628858365384,-5.975));
#12902=CARTESIAN_POINT('Origin',(58.5130729904309,-1.48628858365384,-6.35));
#12903=CARTESIAN_POINT('Origin',(58.5130729904309,-1.48628858365384,-7.6));
#12904=CARTESIAN_POINT('',(56.5130729904309,-1.48628858365384,-7.6));
#12905=CARTESIAN_POINT('Origin',(58.4418587261495,-23.1362885836538,-4.1));
#12906=CARTESIAN_POINT('Origin',(2.51307299043092,-23.4862885836538,-1.6));
#12907=CARTESIAN_POINT('',(1.26307299043092,-23.4862885836538,-1.6));
#12908=CARTESIAN_POINT('Origin',(-0.486927009569085,0.513711416346165,-1.6));
#12909=CARTESIAN_POINT('Origin',(60.5130757317625,-1.98628858365384,-1.6));
#12910=CARTESIAN_POINT('Origin',(2.51307299043092,-2.48628858365384,-1.6));
#12911=CARTESIAN_POINT('',(1.26307299043092,-2.48628858365384,-1.6));
#12912=CARTESIAN_POINT('Origin',(63.0130729904309,3.01371141634616,-5.6));
#12913=CARTESIAN_POINT('Origin',(10.8419739799246,-12.9862885836538,1.7));
#12914=CARTESIAN_POINT('',(5.11567173235097,-15.6129713908145,1.6));
#12915=CARTESIAN_POINT('',(8.46307299043092,-18.8198835372126,1.6));
#12916=CARTESIAN_POINT('Origin',(10.8419739799246,-12.9862885836538,1.6));
#12917=CARTESIAN_POINT('',(8.26307299043092,-18.9528009389908,1.8));
#12918=CARTESIAN_POINT('Ctrl Pts',(8.46307299043091,-18.8198835372126,1.6));
#12919=CARTESIAN_POINT('Ctrl Pts',(8.39655050452375,-18.8645971753283,1.66652248590716));
#12920=CARTESIAN_POINT('Ctrl Pts',(8.32986713013173,-18.9089048704853,1.73320586029919));
#12921=CARTESIAN_POINT('Ctrl Pts',(8.26307299043092,-18.9528009389908,1.8));
#12922=CARTESIAN_POINT('',(4.98878132055462,-15.8129713908145,1.8));
#12923=CARTESIAN_POINT('Origin',(10.8419739799246,-12.9862885836538,1.8));
#12924=CARTESIAN_POINT('Ctrl Pts',(4.98878132055462,-15.8129713908145,1.8));
#12925=CARTESIAN_POINT('Ctrl Pts',(5.03069140243468,-15.746190394038,1.73321900322353));
#12926=CARTESIAN_POINT('Ctrl Pts',(5.07298997427753,-15.6795076125333,1.66653622171882));
#12927=CARTESIAN_POINT('Ctrl Pts',(5.11567173235097,-15.6129713908145,1.6));
#12928=CARTESIAN_POINT('Origin',(10.8419739799246,-12.9862885836538,1.7));
#12929=CARTESIAN_POINT('',(4.91716384064845,-10.3129713908145,1.8));
#12930=CARTESIAN_POINT('',(8.26307299043092,-7.01977622831688,1.8));
#12931=CARTESIAN_POINT('Origin',(10.8419739799246,-12.9862885836538,1.8));
#12932=CARTESIAN_POINT('',(8.46307299043091,-7.1526936300951,1.6));
#12933=CARTESIAN_POINT('Ctrl Pts',(8.26307299043092,-7.01977622831688,1.8));
#12934=CARTESIAN_POINT('Ctrl Pts',(8.32986713013173,-7.06367229682233,1.73320586029919));
#12935=CARTESIAN_POINT('Ctrl Pts',(8.39655050452375,-7.1079799919794,1.66652248590716));
#12936=CARTESIAN_POINT('Ctrl Pts',(8.46307299043091,-7.1526936300951,1.6));
#12937=CARTESIAN_POINT('',(5.04777843061793,-10.5129713908145,1.6));
#12938=CARTESIAN_POINT('Origin',(10.8419739799246,-12.9862885836538,1.6));
#12939=CARTESIAN_POINT('Ctrl Pts',(5.04777843061793,-10.5129713908145,1.6));
#12940=CARTESIAN_POINT('Ctrl Pts',(5.00384119644524,-10.4464435546907,1.66652783612373));
#12941=CARTESIAN_POINT('Ctrl Pts',(4.96030115419938,-10.3797604103353,1.73321098047913));
#12942=CARTESIAN_POINT('Ctrl Pts',(4.91716384064845,-10.3129713908145,1.8));
#12943=CARTESIAN_POINT('Origin',(10.8419739799246,-12.9862885836538,1.7));
#12944=CARTESIAN_POINT('',(13.5630729904309,-18.6683322454908,1.6));
#12945=CARTESIAN_POINT('',(16.5682762274982,-15.6129713908145,1.6));
#12946=CARTESIAN_POINT('Origin',(10.8419739799246,-12.9862885836538,1.6));
#12947=CARTESIAN_POINT('',(16.6951666392946,-15.8129713908145,1.8));
#12948=CARTESIAN_POINT('Ctrl Pts',(16.5682762274982,-15.6129713908145,1.6));
#12949=CARTESIAN_POINT('Ctrl Pts',(16.6109579855717,-15.6795076125333,1.66653622171886));
#12950=CARTESIAN_POINT('Ctrl Pts',(16.6532565574146,-15.7461903940381,1.73321900322362));
#12951=CARTESIAN_POINT('Ctrl Pts',(16.6951666392946,-15.8129713908145,1.8));
#12952=CARTESIAN_POINT('',(13.7630729904309,-18.7929382692143,1.8));
#12953=CARTESIAN_POINT('Origin',(10.8419739799246,-12.9862885836538,1.8));
#12954=CARTESIAN_POINT('Ctrl Pts',(13.7630729904309,-18.7929382692143,1.8));
#12955=CARTESIAN_POINT('Ctrl Pts',(13.6962967589055,-18.7517810556707,1.73322376847455));
#12956=CARTESIAN_POINT('Ctrl Pts',(13.6296141943768,-18.7102439932381,1.66654120394589));
#12957=CARTESIAN_POINT('Ctrl Pts',(13.5630729904309,-18.6683322454908,1.6));
#12958=CARTESIAN_POINT('Origin',(10.8419739799246,-12.9862885836538,1.7));
#12959=CARTESIAN_POINT('',(13.7630729904309,-7.17963889809341,1.8));
#12960=CARTESIAN_POINT('',(16.7667841192007,-10.3129713908145,1.8));
#12961=CARTESIAN_POINT('Origin',(10.8419739799246,-12.9862885836538,1.8));
#12962=CARTESIAN_POINT('',(16.6361695292313,-10.5129713908145,1.6));
#12963=CARTESIAN_POINT('Ctrl Pts',(16.7667841192007,-10.3129713908145,1.8));
#12964=CARTESIAN_POINT('Ctrl Pts',(16.7236468056498,-10.3797604103353,1.73321098047913));
#12965=CARTESIAN_POINT('Ctrl Pts',(16.680106763404,-10.4464435546907,1.66652783612373));
#12966=CARTESIAN_POINT('Ctrl Pts',(16.6361695292313,-10.5129713908145,1.6));
#12967=CARTESIAN_POINT('',(13.5630729904309,-7.30424492181688,1.6));
#12968=CARTESIAN_POINT('Origin',(10.8419739799246,-12.9862885836538,1.6));
#12969=CARTESIAN_POINT('Ctrl Pts',(13.5630729904309,-7.30424492181688,1.6));
#12970=CARTESIAN_POINT('Ctrl Pts',(13.6296141943769,-7.26233317406952,1.66654120394598));
#12971=CARTESIAN_POINT('Ctrl Pts',(13.6962967589057,-7.22079611163682,1.73322376847475));
#12972=CARTESIAN_POINT('Ctrl Pts',(13.7630729904309,-7.17963889809341,1.8));
#12973=CARTESIAN_POINT('Origin',(15.8025234851778,-10.4129713908145,1.7));
#12974=CARTESIAN_POINT('',(19.7630729904309,-10.3129713908145,1.8));
#12975=CARTESIAN_POINT('',(15.8025234851778,-10.3129713908145,1.8));
#12976=CARTESIAN_POINT('',(19.7630729904309,-10.5129713908145,1.6));
#12977=CARTESIAN_POINT('',(19.7630729904309,-10.3129713908145,1.8));
#12978=CARTESIAN_POINT('',(15.8025234851778,-10.5129713908145,1.6));
#12979=CARTESIAN_POINT('Origin',(19.7630729904309,-11.3129713908145,1.7));
#12980=CARTESIAN_POINT('',(20.7630729904309,-11.3129713908145,1.8));
#12981=CARTESIAN_POINT('Origin',(19.7630729904309,-11.3129713908145,1.8));
#12982=CARTESIAN_POINT('',(20.5630729904309,-11.3129713908145,1.6));
#12983=CARTESIAN_POINT('',(20.7630729904309,-11.3129713908145,1.8));
#12984=CARTESIAN_POINT('Origin',(19.7630729904309,-11.3129713908145,1.6));
#12985=CARTESIAN_POINT('Origin',(20.6630729904309,-14.3996299872341,1.7));
#12986=CARTESIAN_POINT('',(20.7630729904309,-14.8129713908145,1.8));
#12987=CARTESIAN_POINT('',(20.5630729904309,-14.8129713908145,1.6));
#12988=CARTESIAN_POINT('',(20.7630729904309,-14.8129713908145,1.8));
#12989=CARTESIAN_POINT('',(20.5630729904309,-14.3996299872341,1.6));
#12990=CARTESIAN_POINT('',(20.7630729904309,-14.3996299872341,1.8));
#12991=CARTESIAN_POINT('Origin',(19.7630729904309,-14.8129713908145,1.7));
#12992=CARTESIAN_POINT('',(19.7630729904309,-15.8129713908145,1.8));
#12993=CARTESIAN_POINT('Origin',(19.7630729904309,-14.8129713908145,1.8));
#12994=CARTESIAN_POINT('',(19.7630729904309,-15.6129713908145,1.6));
#12995=CARTESIAN_POINT('',(19.7630729904309,-15.8129713908145,1.8));
#12996=CARTESIAN_POINT('Origin',(19.7630729904309,-14.8129713908145,1.6));
#12997=CARTESIAN_POINT('Origin',(12.3025234851778,-15.7129713908145,1.7));
#12998=CARTESIAN_POINT('',(12.3025234851778,-15.6129713908145,1.6));
#12999=CARTESIAN_POINT('',(12.3025234851778,-15.8129713908145,1.8));
#13000=CARTESIAN_POINT('Origin',(8.36307299043092,-8.11128858365383,1.7));
#13001=CARTESIAN_POINT('',(8.26307299043092,-4.23628858365383,1.8));
#13002=CARTESIAN_POINT('',(8.26307299043092,-8.11128858365383,1.8));
#13003=CARTESIAN_POINT('',(8.46307299043092,-4.23628858365383,1.6));
#13004=CARTESIAN_POINT('',(8.26307299043092,-4.23628858365383,1.8));
#13005=CARTESIAN_POINT('',(8.46307299043092,-8.11128858365383,1.6));
#13006=CARTESIAN_POINT('Origin',(9.26307299043092,-4.23628858365383,1.7));
#13007=CARTESIAN_POINT('',(9.26307299043092,-3.23628858365383,1.8));
#13008=CARTESIAN_POINT('Origin',(9.26307299043092,-4.23628858365383,1.8));
#13009=CARTESIAN_POINT('',(9.26307299043092,-3.43628858365383,1.6));
#13010=CARTESIAN_POINT('',(9.26307299043092,-3.23628858365383,1.8));
#13011=CARTESIAN_POINT('Origin',(9.26307299043092,-4.23628858365383,1.6));
#13012=CARTESIAN_POINT('Origin',(12.3025234851778,-3.33628858365384,1.7));
#13013=CARTESIAN_POINT('',(12.7630729904309,-3.23628858365384,1.8));
#13014=CARTESIAN_POINT('',(12.7630729904309,-3.43628858365384,1.6));
#13015=CARTESIAN_POINT('',(12.7630729904309,-3.23628858365384,1.8));
#13016=CARTESIAN_POINT('',(12.3025234851778,-3.43628858365384,1.6));
#13017=CARTESIAN_POINT('',(12.3025234851778,-3.23628858365384,1.8));
#13018=CARTESIAN_POINT('Origin',(12.7630729904309,-4.23628858365384,1.7));
#13019=CARTESIAN_POINT('',(13.7630729904309,-4.23628858365384,1.8));
#13020=CARTESIAN_POINT('Origin',(12.7630729904309,-4.23628858365384,1.8));
#13021=CARTESIAN_POINT('',(13.5630729904309,-4.23628858365384,1.6));
#13022=CARTESIAN_POINT('',(13.7630729904309,-4.23628858365384,1.8));
#13023=CARTESIAN_POINT('Origin',(12.7630729904309,-4.23628858365384,1.6));
#13024=CARTESIAN_POINT('Origin',(13.6630729904309,-11.6496299872341,1.7));
#13025=CARTESIAN_POINT('',(13.5630729904309,-11.6496299872341,1.6));
#13026=CARTESIAN_POINT('',(13.7630729904309,-11.6496299872341,1.8));
#13027=CARTESIAN_POINT('Origin',(13.6630729904309,-17.8612885836538,1.7));
#13028=CARTESIAN_POINT('',(13.7630729904309,-21.7362885836538,1.8));
#13029=CARTESIAN_POINT('',(13.7630729904309,-17.8612885836538,1.8));
#13030=CARTESIAN_POINT('',(13.5630729904309,-21.7362885836538,1.6));
#13031=CARTESIAN_POINT('',(13.7630729904309,-21.7362885836538,1.8));
#13032=CARTESIAN_POINT('',(13.5630729904309,-17.8612885836538,1.6));
#13033=CARTESIAN_POINT('Origin',(12.7630729904309,-21.7362885836538,1.7));
#13034=CARTESIAN_POINT('',(12.7630729904309,-22.7362885836538,1.8));
#13035=CARTESIAN_POINT('Origin',(12.7630729904309,-21.7362885836538,1.8));
#13036=CARTESIAN_POINT('',(12.7630729904309,-22.5362885836538,1.6));
#13037=CARTESIAN_POINT('',(12.7630729904309,-22.7362885836538,1.8));
#13038=CARTESIAN_POINT('Origin',(12.7630729904309,-21.7362885836538,1.6));
#13039=CARTESIAN_POINT('Origin',(9.55252348517775,-22.6362885836538,1.7));
#13040=CARTESIAN_POINT('',(9.26307299043092,-22.7362885836538,1.8));
#13041=CARTESIAN_POINT('',(9.26307299043092,-22.5362885836538,1.6));
#13042=CARTESIAN_POINT('',(9.26307299043092,-22.7362885836538,1.8));
#13043=CARTESIAN_POINT('',(9.55252348517775,-22.5362885836538,1.6));
#13044=CARTESIAN_POINT('',(9.55252348517775,-22.7362885836538,1.8));
#13045=CARTESIAN_POINT('Origin',(9.26307299043092,-21.7362885836538,1.7));
#13046=CARTESIAN_POINT('',(8.26307299043092,-21.7362885836538,1.8));
#13047=CARTESIAN_POINT('Origin',(9.26307299043092,-21.7362885836538,1.8));
#13048=CARTESIAN_POINT('',(8.46307299043092,-21.7362885836538,1.6));
#13049=CARTESIAN_POINT('',(8.26307299043092,-21.7362885836538,1.8));
#13050=CARTESIAN_POINT('Origin',(9.26307299043092,-21.7362885836538,1.6));
#13051=CARTESIAN_POINT('Origin',(8.36307299043092,-14.3996299872341,1.7));
#13052=CARTESIAN_POINT('',(8.46307299043092,-14.3996299872341,1.6));
#13053=CARTESIAN_POINT('',(8.26307299043092,-14.3996299872341,1.8));
#13054=CARTESIAN_POINT('Origin',(6.05252348517776,-15.7129713908145,1.7));
#13055=CARTESIAN_POINT('',(2.26307299043092,-15.8129713908145,1.8));
#13056=CARTESIAN_POINT('',(6.05252348517776,-15.8129713908145,1.8));
#13057=CARTESIAN_POINT('',(2.26307299043092,-15.6129713908145,1.6));
#13058=CARTESIAN_POINT('',(2.26307299043092,-15.8129713908145,1.8));
#13059=CARTESIAN_POINT('',(6.05252348517776,-15.6129713908145,1.6));
#13060=CARTESIAN_POINT('Origin',(2.26307299043092,-14.8129713908145,1.7));
#13061=CARTESIAN_POINT('',(1.26307299043092,-14.8129713908145,1.8));
#13062=CARTESIAN_POINT('Origin',(2.26307299043092,-14.8129713908145,1.8));
#13063=CARTESIAN_POINT('',(1.46307299043092,-14.8129713908145,1.6));
#13064=CARTESIAN_POINT('',(1.26307299043092,-14.8129713908145,1.8));
#13065=CARTESIAN_POINT('Origin',(2.26307299043092,-14.8129713908145,1.6));
#13066=CARTESIAN_POINT('Origin',(1.36307299043091,-11.6496299872341,1.7));
#13067=CARTESIAN_POINT('',(1.26307299043092,-11.3129713908145,1.8));
#13068=CARTESIAN_POINT('',(1.46307299043091,-11.3129713908145,1.6));
#13069=CARTESIAN_POINT('',(1.26307299043092,-11.3129713908145,1.8));
#13070=CARTESIAN_POINT('',(1.46307299043091,-11.6496299872341,1.6));
#13071=CARTESIAN_POINT('',(1.26307299043092,-11.6496299872341,1.8));
#13072=CARTESIAN_POINT('Origin',(2.26307299043091,-11.3129713908145,1.7));
#13073=CARTESIAN_POINT('',(2.26307299043091,-10.3129713908145,1.8));
#13074=CARTESIAN_POINT('Origin',(2.26307299043091,-11.3129713908145,1.8));
#13075=CARTESIAN_POINT('',(2.26307299043091,-10.5129713908145,1.6));
#13076=CARTESIAN_POINT('',(2.26307299043091,-10.3129713908145,1.8));
#13077=CARTESIAN_POINT('Origin',(2.26307299043091,-11.3129713908145,1.6));
#13078=CARTESIAN_POINT('Origin',(9.55252348517775,-10.4129713908145,1.7));
#13079=CARTESIAN_POINT('',(9.55252348517775,-10.5129713908145,1.6));
#13080=CARTESIAN_POINT('',(9.55252348517775,-10.3129713908145,1.8));
#13081=CARTESIAN_POINT('Origin',(8.26307299043092,-15.8129713908145,1.6));
#13082=CARTESIAN_POINT('',(8.26307299043092,-21.7362885836566,6.0858613280638));
#13083=CARTESIAN_POINT('',(8.26307299043092,-21.7362885836538,1.6));
#13084=CARTESIAN_POINT('',(8.26307299043092,-16.8129713908145,5.60141208019302));
#13085=CARTESIAN_POINT('Ctrl Pts',(8.26307299043092,-16.8129713908145,5.60141208019302));
#13086=CARTESIAN_POINT('Ctrl Pts',(8.26307299043092,-18.4428972371969,5.85930796797739));
#13087=CARTESIAN_POINT('Ctrl Pts',(8.26307299043092,-20.0867871407244,6.03776202040717));
#13088=CARTESIAN_POINT('Ctrl Pts',(8.26307299043092,-21.7362885836593,6.0858613280638));
#13089=CARTESIAN_POINT('',(8.26307299043092,-16.8129713908145,2.6));
#13090=CARTESIAN_POINT('',(8.26307299043092,-16.8129713908145,1.6));
#13091=CARTESIAN_POINT('',(8.26307299043092,-18.9528009389908,2.6));
#13092=CARTESIAN_POINT('',(8.26307299043092,-14.3996299872341,2.6));
#13093=CARTESIAN_POINT('',(8.26307299043092,-18.9528009389908,1.6));
#13094=CARTESIAN_POINT('Origin',(9.26307299043092,-21.7362885836538,1.6));
#13095=CARTESIAN_POINT('',(9.26307299043076,-22.7362885836538,6.0951372846182));
#13096=CARTESIAN_POINT('',(9.26307299043092,-22.7362885836538,1.6));
#13097=CARTESIAN_POINT('Ctrl Pts',(8.26307299043092,-21.7362885836648,6.08586132806379));
#13098=CARTESIAN_POINT('Ctrl Pts',(8.26307299043337,-21.9606071293156,6.0891318819595));
#13099=CARTESIAN_POINT('Ctrl Pts',(8.44604621303304,-22.4848682577972,6.0945935284365));
#13100=CARTESIAN_POINT('Ctrl Pts',(8.96385577252283,-22.7362885836537,6.09557965174667));
#13101=CARTESIAN_POINT('Ctrl Pts',(9.26307299043062,-22.7362885836538,6.0951372846182));
#13102=CARTESIAN_POINT('Origin',(8.26307299043092,-22.7362885836538,1.6));
#13103=CARTESIAN_POINT('',(12.7630729904309,-22.7362885836538,6.09619072844052));
#13104=CARTESIAN_POINT('',(12.7630729904309,-22.7362885836538,1.6));
#13105=CARTESIAN_POINT('Ctrl Pts',(9.26307299043077,-22.7362885836538,6.0951372846182));
#13106=CARTESIAN_POINT('Ctrl Pts',(10.4297369517148,-22.7362885836538,6.09168765835632));
#13107=CARTESIAN_POINT('Ctrl Pts',(11.596409764043,-22.7362885836538,6.09250092160919));
#13108=CARTESIAN_POINT('Ctrl Pts',(12.7630729904309,-22.7362885836538,6.09619072844052));
#13109=CARTESIAN_POINT('Origin',(12.7630729904309,-21.7362885836538,1.6));
#13110=CARTESIAN_POINT('',(13.7630729904309,-21.7362885836592,6.08829973275529));
#13111=CARTESIAN_POINT('',(13.7630729904309,-21.7362885836538,1.6));
#13112=CARTESIAN_POINT('Ctrl Pts',(12.7630729904309,-22.7362885836538,6.09619072844052));
#13113=CARTESIAN_POINT('Ctrl Pts',(12.9874798847944,-22.7362885836538,6.09654559438345));
#13114=CARTESIAN_POINT('Ctrl Pts',(13.2121925835391,-22.6578148443904,6.09640308107147));
#13115=CARTESIAN_POINT('Ctrl Pts',(13.3867502741907,-22.5178689383933,6.09558995273685));
#13116=CARTESIAN_POINT('Ctrl Pts',(13.6194938617261,-22.3312743970638,6.09450578162402));
#13117=CARTESIAN_POINT('Ctrl Pts',(13.7630729904293,-22.0353960037632,6.0922294060265));
#13118=CARTESIAN_POINT('Ctrl Pts',(13.7630729904309,-21.7362885836592,6.08829973275521));
#13119=CARTESIAN_POINT('Origin',(13.7630729904309,-22.7362885836538,1.6));
#13120=CARTESIAN_POINT('',(13.7630729904309,-18.7929382692143,2.6));
#13121=CARTESIAN_POINT('',(13.7630729904309,-18.7929382692143,1.6));
#13122=CARTESIAN_POINT('',(13.7630729904309,-16.8129713908145,2.6));
#13123=CARTESIAN_POINT('',(13.7630729904309,-17.8612885836538,2.6));
#13124=CARTESIAN_POINT('',(13.7630729904309,-16.8129713908145,5.6321266414413));
#13125=CARTESIAN_POINT('',(13.7630729904309,-16.8129713908145,1.6));
#13126=CARTESIAN_POINT('Ctrl Pts',(13.7630729904309,-21.7362885836565,6.08829973275521));
#13127=CARTESIAN_POINT('Ctrl Pts',(13.7630729904309,-20.0876785845592,6.04498085657363));
#13128=CARTESIAN_POINT('Ctrl Pts',(13.7630729904309,-18.4445456986269,5.87245294512857));
#13129=CARTESIAN_POINT('Ctrl Pts',(13.7630729904309,-16.8129713908145,5.6321266414413));
#13130=CARTESIAN_POINT('Origin',(10.8419739799246,-12.9862885836538,1.6));
#13131=CARTESIAN_POINT('',(16.6951666392946,-15.8129713908145,2.6));
#13132=CARTESIAN_POINT('',(16.6951666392946,-15.8129713908145,1.6));
#13133=CARTESIAN_POINT('Origin',(10.8419739799246,-12.9862885836538,2.6));
#13134=CARTESIAN_POINT('Origin',(13.7630729904309,-15.8129713908145,1.6));
#13135=CARTESIAN_POINT('',(19.7630729904334,-15.8129713908145,6.09182197181432));
#13136=CARTESIAN_POINT('',(19.7630729904309,-15.8129713908145,1.6));
#13137=CARTESIAN_POINT('',(14.7630729904309,-15.8129713908145,5.63754324093955));
#13138=CARTESIAN_POINT('Ctrl Pts',(14.7630729904309,-15.8129713908145,5.63754324093955));
#13139=CARTESIAN_POINT('Ctrl Pts',(16.4194728088179,-15.8129713908145,5.88436324320383));
#13140=CARTESIAN_POINT('Ctrl Pts',(18.0887919209849,-15.8129713908145,6.05489809948314));
#13141=CARTESIAN_POINT('Ctrl Pts',(19.763072990436,-15.8129713908145,6.09182197181432));
#13142=CARTESIAN_POINT('',(14.7630729904309,-15.8129713908145,2.6));
#13143=CARTESIAN_POINT('',(14.7630729904309,-15.8129713908145,1.6));
#13144=CARTESIAN_POINT('',(12.3025234851778,-15.8129713908145,2.6));
#13145=CARTESIAN_POINT('Origin',(19.7630729904309,-14.8129713908145,1.6));
#13146=CARTESIAN_POINT('',(20.7630729904309,-14.8129713916497,6.09815747863018));
#13147=CARTESIAN_POINT('',(20.7630729904309,-14.8129713908145,1.6));
#13148=CARTESIAN_POINT('Ctrl Pts',(19.7630729904335,-15.8129713908145,6.09182197181424));
#13149=CARTESIAN_POINT('Ctrl Pts',(19.9874197103082,-15.8129713908139,6.09429579469671));
#13150=CARTESIAN_POINT('Ctrl Pts',(20.2121084548359,-15.7345356584957,6.09589530150757));
#13151=CARTESIAN_POINT('Ctrl Pts',(20.3866737758675,-15.5946123858136,6.09688966478166));
#13152=CARTESIAN_POINT('Ctrl Pts',(20.619427537243,-15.4080480222374,6.09821548248045));
#13153=CARTESIAN_POINT('Ctrl Pts',(20.763072990181,-15.112172475792,6.09846548944723));
#13154=CARTESIAN_POINT('Ctrl Pts',(20.7630729904309,-14.8129713916497,6.09815747862932));
#13155=CARTESIAN_POINT('Origin',(20.7630729904309,-15.8129713908145,1.6));
#13156=CARTESIAN_POINT('',(20.7630729904309,-11.312971390814,6.09784207531897));
#13157=CARTESIAN_POINT('',(20.7630729904309,-11.3129713908145,1.6));
#13158=CARTESIAN_POINT('Ctrl Pts',(20.7630729904309,-14.8129713908837,6.0981574786286));
#13159=CARTESIAN_POINT('Ctrl Pts',(20.7630729904309,-13.6463060274427,6.09575544485654));
#13160=CARTESIAN_POINT('Ctrl Pts',(20.7630729904309,-12.4796367825639,6.09545383097442));
#13161=CARTESIAN_POINT('Ctrl Pts',(20.7630729904309,-11.3129713908136,6.09784207531897));
#13162=CARTESIAN_POINT('Origin',(19.7630729904309,-11.3129713908145,1.6));
#13163=CARTESIAN_POINT('',(19.7630729904351,-10.3129713908145,6.09094484484743));
#13164=CARTESIAN_POINT('',(19.7630729904309,-10.3129713908145,1.6));
#13165=CARTESIAN_POINT('Ctrl Pts',(20.7630729904309,-11.312971390814,6.09784207531897));
#13166=CARTESIAN_POINT('Ctrl Pts',(20.7630729904308,-11.0137677365772,6.09814832055438));
#13167=CARTESIAN_POINT('Ctrl Pts',(20.6194241433689,-10.717889530448,6.09783897828799));
#13168=CARTESIAN_POINT('Ctrl Pts',(20.3866694260205,-10.5313263857688,6.09638448220419));
#13169=CARTESIAN_POINT('Ctrl Pts',(20.2121033880093,-10.3914040272593,6.09529361014134));
#13170=CARTESIAN_POINT('Ctrl Pts',(19.9874152979618,-10.3129713908154,6.0935585890562));
#13171=CARTESIAN_POINT('Ctrl Pts',(19.7630729904351,-10.3129713908145,6.09094484484738));
#13172=CARTESIAN_POINT('Origin',(20.7630729904309,-10.3129713908145,1.6));
#13173=CARTESIAN_POINT('',(16.7667841192007,-10.3129713908145,2.6));
#13174=CARTESIAN_POINT('',(16.7667841192007,-10.3129713908145,1.6));
#13175=CARTESIAN_POINT('',(14.7630729904309,-10.3129713908145,2.6));
#13176=CARTESIAN_POINT('',(15.8025234851778,-10.3129713908145,2.6));
#13177=CARTESIAN_POINT('',(14.7630729904309,-10.3129713908145,5.62422238414774));
#13178=CARTESIAN_POINT('',(14.7630729904309,-10.3129713908145,1.6));
#13179=CARTESIAN_POINT('Ctrl Pts',(19.763072990433,-10.3129713908145,6.09094484484738));
#13180=CARTESIAN_POINT('Ctrl Pts',(18.088398976152,-10.3129713908145,6.05192260642304));
#13181=CARTESIAN_POINT('Ctrl Pts',(16.4187432505542,-10.3129713908145,5.87880396035283));
#13182=CARTESIAN_POINT('Ctrl Pts',(14.7630729904309,-10.3129713908145,5.62422238414774));
#13183=CARTESIAN_POINT('Origin',(10.8419739799246,-12.9862885836538,1.6));
#13184=CARTESIAN_POINT('',(13.7630729904309,-7.17963889809341,2.6));
#13185=CARTESIAN_POINT('',(13.7630729904309,-7.17963889809341,1.6));
#13186=CARTESIAN_POINT('Origin',(10.8419739799246,-12.9862885836538,2.6));
#13187=CARTESIAN_POINT('Origin',(10.8419739799246,-12.9862885836538,1.6));
#13188=CARTESIAN_POINT('Ctrl Pts',(8.26307299043092,-16.8129713908145,5.60141208019302));
#13189=CARTESIAN_POINT('Ctrl Pts',(8.26307299043092,-18.4428972371969,5.85930796797739));
#13190=CARTESIAN_POINT('Ctrl Pts',(8.26307299043092,-20.0867871407244,6.03776202040717));
#13191=CARTESIAN_POINT('Ctrl Pts',(8.26307299043092,-21.7362885836593,6.0858613280638));
#13192=CARTESIAN_POINT('Ctrl Pts',(8.26307299043092,-16.7914111371766,5.73767487585405));
#13193=CARTESIAN_POINT('Ctrl Pts',(8.26323155154961,-18.4255303572956,5.99198872742481));
#13194=CARTESIAN_POINT('Ctrl Pts',(8.26303715749574,-20.0764319911408,6.17008843485819));
#13195=CARTESIAN_POINT('Ctrl Pts',(8.26307299043092,-21.7324563620435,6.21728224434959));
#13196=CARTESIAN_POINT('Ctrl Pts',(8.38416277696069,-16.7485141321902,6.00878791204994));
#13197=CARTESIAN_POINT('Ctrl Pts',(8.37641592266407,-18.3908694546303,6.25638945974558));
#13198=CARTESIAN_POINT('Ctrl Pts',(8.37437615199999,-20.0558727938712,6.43353875093727));
#13199=CARTESIAN_POINT('Ctrl Pts',(8.37246309408054,-21.7248241574537,6.47901849580434));
#13200=CARTESIAN_POINT('Ctrl Pts',(8.66790847831897,-16.7332868864137,6.10502551270966));
#13201=CARTESIAN_POINT('Ctrl Pts',(8.64666414862905,-18.3771135728848,6.35980228578532));
#13202=CARTESIAN_POINT('Ctrl Pts',(8.64049882356724,-20.0474014874969,6.53943795352543));
#13203=CARTESIAN_POINT('Ctrl Pts',(8.63506184200702,-21.7216886366725,6.58654698852062));
#13204=CARTESIAN_POINT('Ctrl Pts',(8.80537186748648,-16.7351108354495,6.09349798622783));
#13205=CARTESIAN_POINT('Ctrl Pts',(8.78060852133147,-18.3774554733587,6.35548745953258));
#13206=CARTESIAN_POINT('Ctrl Pts',(8.77304161364818,-20.0475769558123,6.53677411596919));
#13207=CARTESIAN_POINT('Ctrl Pts',(8.76653546751071,-21.7217151746315,6.58563690469973));
#13208=CARTESIAN_POINT('',(8.76653546751071,-21.7217151746315,6.58563690469973));
#13209=CARTESIAN_POINT('Origin',(8.76307299043092,-21.7362885836593,6.0858613280638));
#13210=CARTESIAN_POINT('',(8.80537186748648,-16.7351108354495,6.09349798622783));
#13211=CARTESIAN_POINT('Ctrl Pts',(8.76653546751071,-21.7217151746315,6.58563690469973));
#13212=CARTESIAN_POINT('Ctrl Pts',(8.77304161364818,-20.0475769558123,6.53677411596919));
#13213=CARTESIAN_POINT('Ctrl Pts',(8.78060852133147,-18.3774554733587,6.35548745953258));
#13214=CARTESIAN_POINT('Ctrl Pts',(8.80537186748648,-16.7351108354495,6.09349798622783));
#13215=CARTESIAN_POINT('Origin',(8.76307299043092,-16.8129713908145,5.60141208019302));
#13216=CARTESIAN_POINT('Ctrl Pts',(8.26307299043092,-21.7362885836648,6.08586132806379));
#13217=CARTESIAN_POINT('Ctrl Pts',(8.26307299043337,-21.9606071293156,6.0891318819595));
#13218=CARTESIAN_POINT('Ctrl Pts',(8.44604621303304,-22.4848682577972,6.0945935284365));
#13219=CARTESIAN_POINT('Ctrl Pts',(8.96385577252283,-22.7362885836537,6.09557965174667));
#13220=CARTESIAN_POINT('Ctrl Pts',(9.26307299043062,-22.7362885836538,6.0951372846182));
#13221=CARTESIAN_POINT('Ctrl Pts',(8.26307299043087,-21.7324563620489,6.21728224434961));
#13222=CARTESIAN_POINT('Ctrl Pts',(8.26219616833345,-21.9576470188873,6.22104727194086));
#13223=CARTESIAN_POINT('Ctrl Pts',(8.44430797238632,-22.4845765981661,6.227030466957));
#13224=CARTESIAN_POINT('Ctrl Pts',(8.96324906700645,-22.7364060395968,6.22792838765423));
#13225=CARTESIAN_POINT('Ctrl Pts',(9.26346430466477,-22.7362885836538,6.22747979939388));
#13226=CARTESIAN_POINT('Ctrl Pts',(8.37246702466284,-21.7248242728208,6.47901453958966));
#13227=CARTESIAN_POINT('Ctrl Pts',(8.37072980336624,-21.9263775528448,6.4837245959282));
#13228=CARTESIAN_POINT('Ctrl Pts',(8.5323883507667,-22.3994142038304,6.49071921435013));
#13229=CARTESIAN_POINT('Ctrl Pts',(8.99637229662438,-22.6257123973855,6.49147588623041));
#13230=CARTESIAN_POINT('Ctrl Pts',(9.26424353414735,-22.6253700758151,6.49101529160248));
#13231=CARTESIAN_POINT('Ctrl Pts',(8.635061842007,-21.7216886366739,6.58654698852066));
#13232=CARTESIAN_POINT('Ctrl Pts',(8.63414197174749,-21.8650563100059,6.59063292248978));
#13233=CARTESIAN_POINT('Ctrl Pts',(8.74823587746316,-22.2004067738246,6.59696435807619));
#13234=CARTESIAN_POINT('Ctrl Pts',(9.07533685149322,-22.3603760397378,6.59780859637587));
#13235=CARTESIAN_POINT('Ctrl Pts',(9.26455795442227,-22.3599518619629,6.59735226132019));
#13236=CARTESIAN_POINT('Ctrl Pts',(8.76653546751071,-21.7217151746315,6.58563690469973));
#13237=CARTESIAN_POINT('Ctrl Pts',(8.76609307649567,-21.8355496462752,6.58895937214933));
#13238=CARTESIAN_POINT('Ctrl Pts',(8.85653720681375,-22.1012443409849,6.59450771142756));
#13239=CARTESIAN_POINT('Ctrl Pts',(9.11501143695088,-22.2280457247615,6.59550948748868));
#13240=CARTESIAN_POINT('Ctrl Pts',(9.26455117688844,-22.2276286202841,6.59506009865976));
#13241=CARTESIAN_POINT('',(9.26455117688844,-22.2276286202841,6.59506009865976));
#13242=CARTESIAN_POINT('Origin',(9.26307299043076,-22.2362885836538,6.0951372846182));
#13243=CARTESIAN_POINT('Ctrl Pts',(9.26455117688844,-22.2276286202841,6.59506009865976));
#13244=CARTESIAN_POINT('Ctrl Pts',(9.11501143695088,-22.2280457247615,6.59550948748868));
#13245=CARTESIAN_POINT('Ctrl Pts',(8.85653720681375,-22.1012443409849,6.59450771142756));
#13246=CARTESIAN_POINT('Ctrl Pts',(8.76609307649567,-21.8355496462752,6.58895937214933));
#13247=CARTESIAN_POINT('Ctrl Pts',(8.76653546751071,-21.7217151746315,6.58563690469973));
#13248=CARTESIAN_POINT('Ctrl Pts',(9.26307299043077,-22.7362885836538,6.0951372846182));
#13249=CARTESIAN_POINT('Ctrl Pts',(10.4297369517148,-22.7362885836538,6.09168765835632));
#13250=CARTESIAN_POINT('Ctrl Pts',(11.596409764043,-22.7362885836538,6.09250092160919));
#13251=CARTESIAN_POINT('Ctrl Pts',(12.7630729904309,-22.7362885836538,6.09619072844052));
#13252=CARTESIAN_POINT('Ctrl Pts',(9.26346430466493,-22.7362885836538,6.22747979939388));
#13253=CARTESIAN_POINT('Ctrl Pts',(10.4299874844065,-22.7363068634848,6.22457836523531));
#13254=CARTESIAN_POINT('Ctrl Pts',(11.5960306380934,-22.7363102905899,6.22532205902247));
#13255=CARTESIAN_POINT('Ctrl Pts',(12.7626549827383,-22.7362885836538,6.22835867804739));
#13256=CARTESIAN_POINT('Ctrl Pts',(9.2642435025847,-22.6253595845433,6.49100461706802));
#13257=CARTESIAN_POINT('Ctrl Pts',(10.4304875807067,-22.6243954571376,6.48914797261561));
#13258=CARTESIAN_POINT('Ctrl Pts',(11.5952754758316,-22.6245199566637,6.4897510745436));
#13259=CARTESIAN_POINT('Ctrl Pts',(12.7618226110771,-22.6256676384331,6.49154248472475));
#13260=CARTESIAN_POINT('Ctrl Pts',(9.26455795442231,-22.3599518619629,6.59735226132019));
#13261=CARTESIAN_POINT('Ctrl Pts',(10.4306838529219,-22.3572245159708,6.59473811619782));
#13262=CARTESIAN_POINT('Ctrl Pts',(11.5949746302378,-22.357579019342,6.59545296666487));
#13263=CARTESIAN_POINT('Ctrl Pts',(12.761485466457,-22.3608286660382,6.59814270749933));
#13264=CARTESIAN_POINT('Ctrl Pts',(9.26455117688844,-22.2276286202841,6.59506009865975));
#13265=CARTESIAN_POINT('Ctrl Pts',(10.4306780902047,-22.224375994881,6.59155571642547));
#13266=CARTESIAN_POINT('Ctrl Pts',(11.594983381499,-22.2247971997991,6.59238188861886));
#13267=CARTESIAN_POINT('Ctrl Pts',(12.7614918312145,-22.2286753775297,6.59613026381259));
#13268=CARTESIAN_POINT('',(12.7614918312145,-22.2286753775297,6.59613026381259));
#13269=CARTESIAN_POINT('Origin',(12.7630729904309,-22.2362885836538,6.09619072844052));
#13270=CARTESIAN_POINT('Ctrl Pts',(12.7614918312145,-22.2286753775297,6.59613026381259));
#13271=CARTESIAN_POINT('Ctrl Pts',(11.594983381499,-22.2247971997991,6.59238188861886));
#13272=CARTESIAN_POINT('Ctrl Pts',(10.4306780902047,-22.224375994881,6.59155571642547));
#13273=CARTESIAN_POINT('Ctrl Pts',(9.26455117688844,-22.2276286202841,6.59506009865975));
#13274=CARTESIAN_POINT('Ctrl Pts',(12.7630729904309,-22.7362885836538,6.09619072844052));
#13275=CARTESIAN_POINT('Ctrl Pts',(12.9874798847944,-22.7362885836538,6.09654559438345));
#13276=CARTESIAN_POINT('Ctrl Pts',(13.5118095151987,-22.5531831920392,6.09621306332217));
#13277=CARTESIAN_POINT('Ctrl Pts',(13.7630729904293,-22.0353960037632,6.0922294060265));
#13278=CARTESIAN_POINT('Ctrl Pts',(13.7630729904309,-21.7362885836592,6.08829973275521));
#13279=CARTESIAN_POINT('Ctrl Pts',(12.7626549827383,-22.7362885836538,6.22835867804739));
#13280=CARTESIAN_POINT('Ctrl Pts',(12.9877559086828,-22.7363824661599,6.22871190481441));
#13281=CARTESIAN_POINT('Ctrl Pts',(13.5133431716504,-22.5531213193625,6.22843458403065));
#13282=CARTESIAN_POINT('Ctrl Pts',(13.764126092219,-22.0331109746767,6.22426072872381));
#13283=CARTESIAN_POINT('Ctrl Pts',(13.7630729904309,-21.7328343413831,6.21975970719894));
#13284=CARTESIAN_POINT('Ctrl Pts',(12.7618226143486,-22.6256666196769,6.49154145034178));
#13285=CARTESIAN_POINT('Ctrl Pts',(12.9626318072923,-22.6259522303238,6.49189165925643));
#13286=CARTESIAN_POINT('Ctrl Pts',(13.4319485789904,-22.4618371733101,6.49170861890758));
#13287=CARTESIAN_POINT('Ctrl Pts',(13.6557455340399,-21.9947101130117,6.48715036166792));
#13288=CARTESIAN_POINT('Ctrl Pts',(13.6536175746317,-21.7259553460621,6.4815573683726));
#13289=CARTESIAN_POINT('Ctrl Pts',(12.761485466457,-22.3608286660382,6.59814270749933));
#13290=CARTESIAN_POINT('Ctrl Pts',(12.9033939650926,-22.3612009126026,6.5984982825522));
#13291=CARTESIAN_POINT('Ctrl Pts',(13.2346794119102,-22.2451400150219,6.59825446226538));
#13292=CARTESIAN_POINT('Ctrl Pts',(13.3921602172703,-21.9142681504351,6.59394256930719));
#13293=CARTESIAN_POINT('Ctrl Pts',(13.3909409704263,-21.7231303589346,6.58906943779388));
#13294=CARTESIAN_POINT('Ctrl Pts',(12.7614918312145,-22.2286753775297,6.59613026381259));
#13295=CARTESIAN_POINT('Ctrl Pts',(12.8736803928013,-22.2290483599811,6.59649076254826));
#13296=CARTESIAN_POINT('Ctrl Pts',(13.1355612101024,-22.1370550046643,6.59615295321617));
#13297=CARTESIAN_POINT('Ctrl Pts',(13.2601069181129,-21.8748982574734,6.59210606326502));
#13298=CARTESIAN_POINT('Ctrl Pts',(13.2594390951317,-21.7231554636435,6.58811401422752));
#13299=CARTESIAN_POINT('',(13.2594390951317,-21.7231554636435,6.58811401422752));
#13300=CARTESIAN_POINT('Origin',(13.2630729904309,-21.7362885836565,6.08829973275521));
#13301=CARTESIAN_POINT('Ctrl Pts',(13.2594390951317,-21.7231554636435,6.58811401422752));
#13302=CARTESIAN_POINT('Ctrl Pts',(13.2595532041346,-21.7490833208666,6.58879612422998));
#13303=CARTESIAN_POINT('Ctrl Pts',(13.2576906025454,-21.774978587561,6.58943070169378));
#13304=CARTESIAN_POINT('Ctrl Pts',(13.253895156265,-21.8005813797965,6.59001920388735));
#13305=CARTESIAN_POINT('Ctrl Pts',(13.2500943120848,-21.8262205844312,6.59060854305123));
#13306=CARTESIAN_POINT('Ctrl Pts',(13.2443538809377,-21.851566091367,6.59115160165148));
#13307=CARTESIAN_POINT('Ctrl Pts',(13.2367333902119,-21.8763071833403,6.59164936997527));
#13308=CARTESIAN_POINT('Ctrl Pts',(13.23230235337,-21.8906932240808,6.59193880406302));
#13309=CARTESIAN_POINT('Ctrl Pts',(13.2272360627712,-21.9048739985281,6.59221292571384));
#13310=CARTESIAN_POINT('Ctrl Pts',(13.2215509859893,-21.9187818385039,6.59247194573564));
#13311=CARTESIAN_POINT('Ctrl Pts',(13.2099416374541,-21.9471826794854,6.59300088383552));
#13312=CARTESIAN_POINT('Ctrl Pts',(13.1957290417804,-21.9744833920609,6.59346762523251));
#13313=CARTESIAN_POINT('Ctrl Pts',(13.1792139654958,-22.0002426988895,6.59387687938478));
#13314=CARTESIAN_POINT('Ctrl Pts',(13.1626091887109,-22.0261419156205,6.59428835637281));
#13315=CARTESIAN_POINT('Ctrl Pts',(13.1436781289079,-22.0504841175052,6.59464171529692));
#13316=CARTESIAN_POINT('Ctrl Pts',(13.1226925225711,-22.0728597578414,6.5949418813648));
#13317=CARTESIAN_POINT('Ctrl Pts',(13.1199803730894,-22.0757515533114,6.59498067439429));
#13318=CARTESIAN_POINT('Ctrl Pts',(13.117233846181,-22.0786105392499,6.59501857914275));
#13319=CARTESIAN_POINT('Ctrl Pts',(13.1144534710991,-22.0814358603571,6.59505560636333));
#13320=CARTESIAN_POINT('Ctrl Pts',(13.1013479116978,-22.0947532770749,6.59523013764936));
#13321=CARTESIAN_POINT('Ctrl Pts',(13.0875235584182,-22.1073336231959,6.59538547628522));
#13322=CARTESIAN_POINT('Ctrl Pts',(13.0730236489663,-22.119066142165,6.59552234708027));
#13323=CARTESIAN_POINT('Ctrl Pts',(13.0471268349768,-22.1400204013884,6.59576679809092));
#13324=CARTESIAN_POINT('Ctrl Pts',(13.0190720720468,-22.1582701970283,6.59595230329477));
#13325=CARTESIAN_POINT('Ctrl Pts',(12.9895102767326,-22.1735436152595,6.59608254372674));
#13326=CARTESIAN_POINT('Ctrl Pts',(12.9777374117075,-22.179626192092,6.59613441145027));
#13327=CARTESIAN_POINT('Ctrl Pts',(12.9657261208735,-22.1852366766609,6.59617751935187));
#13328=CARTESIAN_POINT('Ctrl Pts',(12.9535198078352,-22.1903581618863,6.59621212475194));
#13329=CARTESIAN_POINT('Ctrl Pts',(12.9257402801936,-22.2020138059731,6.59629088085663));
#13330=CARTESIAN_POINT('Ctrl Pts',(12.8968780821404,-22.2110803078864,6.59632456131707));
#13331=CARTESIAN_POINT('Ctrl Pts',(12.8674469106643,-22.2174613859766,6.59631766716924));
#13332=CARTESIAN_POINT('Ctrl Pts',(12.8380270650249,-22.2238400084715,6.59631077567444));
#13333=CARTESIAN_POINT('Ctrl Pts',(12.8080385562729,-22.2275368955488,6.59626332675727));
#13334=CARTESIAN_POINT('Ctrl Pts',(12.7779433285974,-22.2284525966311,6.59617959688089));
#13335=CARTESIAN_POINT('Ctrl Pts',(12.7730050752142,-22.228602851815,6.59616585784725));
#13336=CARTESIAN_POINT('Ctrl Pts',(12.7680638412715,-22.2286781852442,6.59615114161822));
#13337=CARTESIAN_POINT('Ctrl Pts',(12.7631215445509,-22.2286781005812,6.59613546662832));
#13338=CARTESIAN_POINT('Ctrl Pts',(12.762578311171,-22.2286780912755,6.59613374370916));
#13339=CARTESIAN_POINT('Ctrl Pts',(12.7620350724452,-22.2286771835912,6.59613200942528));
#13340=CARTESIAN_POINT('Ctrl Pts',(12.7614918312145,-22.2286753775297,6.59613026381259));
#13341=CARTESIAN_POINT('Ctrl Pts',(13.7630729904309,-21.7362885836565,6.08829973275521));
#13342=CARTESIAN_POINT('Ctrl Pts',(13.7630729904309,-20.0876785845592,6.04498085657363));
#13343=CARTESIAN_POINT('Ctrl Pts',(13.7630729904309,-18.4445456986269,5.87245294512857));
#13344=CARTESIAN_POINT('Ctrl Pts',(13.7630729904309,-16.8129713908145,5.6321266414413));
#13345=CARTESIAN_POINT('Ctrl Pts',(13.7630729904309,-21.7323408781981,6.23853970354803));
#13346=CARTESIAN_POINT('Ctrl Pts',(13.7631315186567,-20.0764070872226,6.19646211961756));
#13347=CARTESIAN_POINT('Ctrl Pts',(13.7628362537277,-18.4254013224076,6.0245974177596));
#13348=CARTESIAN_POINT('Ctrl Pts',(13.7630729904309,-16.789895036179,5.78879192012084));
#13349=CARTESIAN_POINT('Ctrl Pts',(13.636259415907,-21.7255080539673,6.49858020648671));
#13350=CARTESIAN_POINT('Ctrl Pts',(13.6337333146603,-20.0570033372388,6.4584504630675));
#13351=CARTESIAN_POINT('Ctrl Pts',(13.6307828370965,-18.3921691568051,6.28811682239682));
#13352=CARTESIAN_POINT('Ctrl Pts',(13.6213473439618,-16.7500562000217,6.05925761834082));
#13353=CARTESIAN_POINT('Ctrl Pts',(13.3721549882414,-21.723133945321,6.58893294871295));
#13354=CARTESIAN_POINT('Ctrl Pts',(13.3658173719668,-20.0502887747561,6.54660737714235));
#13355=CARTESIAN_POINT('Ctrl Pts',(13.3580772886718,-18.3812299636263,6.37323130950764));
#13356=CARTESIAN_POINT('Ctrl Pts',(13.3354336416292,-16.7388277458287,6.13548754863446));
#13357=CARTESIAN_POINT('Ctrl Pts',(13.2594390951317,-21.7231554636435,6.58811401422752));
#13358=CARTESIAN_POINT('Ctrl Pts',(13.2520773276074,-20.0504140310699,6.54410753683671));
#13359=CARTESIAN_POINT('Ctrl Pts',(13.2428470428965,-18.3816424744895,6.36884108711474));
#13360=CARTESIAN_POINT('Ctrl Pts',(13.2171684627183,-16.74041670957,6.12470008019434));
#13361=CARTESIAN_POINT('',(13.2171684627183,-16.74041670957,6.12470008019434));
#13362=CARTESIAN_POINT('Origin',(13.2630729904309,-16.8129713908145,5.6321266414413));
#13363=CARTESIAN_POINT('Ctrl Pts',(13.2171684627183,-16.74041670957,6.12470008019434));
#13364=CARTESIAN_POINT('Ctrl Pts',(13.2428470428965,-18.3816424744895,6.36884108711474));
#13365=CARTESIAN_POINT('Ctrl Pts',(13.2520773276074,-20.0504140310699,6.54410753683671));
#13366=CARTESIAN_POINT('Ctrl Pts',(13.2594390951317,-21.7231554636435,6.58811401422752));
#13367=CARTESIAN_POINT('Ctrl Pts',(13.7630729904309,-16.8129713908145,5.6321266414413));
#13368=CARTESIAN_POINT('Ctrl Pts',(13.7630729904309,-16.5899045968374,5.58284097500076));
#13369=CARTESIAN_POINT('Ctrl Pts',(13.9450897301041,-16.0636219943791,5.48578143997992));
#13370=CARTESIAN_POINT('Ctrl Pts',(14.4657244384753,-15.8129713908145,5.57108141561307));
#13371=CARTESIAN_POINT('Ctrl Pts',(14.7630729904309,-15.8129713908145,5.63754324093955));
#13372=CARTESIAN_POINT('Ctrl Pts',(13.7630729904309,-16.8014332134967,5.71045928078107));
#13373=CARTESIAN_POINT('Ctrl Pts',(13.7656564013981,-16.5793572005074,5.66339416975692));
#13374=CARTESIAN_POINT('Ctrl Pts',(13.9498976446911,-16.0665094228122,5.57276067807999));
#13375=CARTESIAN_POINT('Ctrl Pts',(14.4552233160962,-15.8164442322062,5.65210765077907));
#13376=CARTESIAN_POINT('Ctrl Pts',(14.7514365845221,-15.8129713908145,5.71563472646459));
#13377=CARTESIAN_POINT('Ctrl Pts',(13.7246709042706,-16.7784066176597,5.86678674717839));
#13378=CARTESIAN_POINT('Ctrl Pts',(13.7303663198951,-16.5496945547349,5.82413307561619));
#13379=CARTESIAN_POINT('Ctrl Pts',(13.9219730411035,-16.038072849568,5.74626231789947));
#13380=CARTESIAN_POINT('Ctrl Pts',(14.4228505291069,-15.7824780917892,5.81378744063751));
#13381=CARTESIAN_POINT('Ctrl Pts',(14.7282134718213,-15.7747898283185,5.87148416859659));
#13382=CARTESIAN_POINT('Ctrl Pts',(13.5384183686091,-16.7469005770765,6.08068112980658));
#13383=CARTESIAN_POINT('Ctrl Pts',(13.5420482105496,-16.4797285613179,6.04100263098171));
#13384=CARTESIAN_POINT('Ctrl Pts',(13.7555352359315,-15.882537245196,5.97164284943084));
#13385=CARTESIAN_POINT('Ctrl Pts',(14.3395579077714,-15.5945869241141,6.0312887366835));
#13386=CARTESIAN_POINT('Ctrl Pts',(14.6963897816953,-15.5895293861712,6.08505176466475));
#13387=CARTESIAN_POINT('Ctrl Pts',(13.3354336416292,-16.7388277458287,6.13548754863446));
#13388=CARTESIAN_POINT('Ctrl Pts',(13.3331271138574,-16.42804773369,6.09084552252563));
#13389=CARTESIAN_POINT('Ctrl Pts',(13.5702480099787,-15.7129711686633,6.00726954547284));
#13390=CARTESIAN_POINT('Ctrl Pts',(14.2733194918687,-15.3845798049502,6.08007941400755));
#13391=CARTESIAN_POINT('Ctrl Pts',(14.6881411931675,-15.3873912856277,6.14040773425392));
#13392=CARTESIAN_POINT('Ctrl Pts',(13.2171684627183,-16.74041670957,6.12470008019434));
#13393=CARTESIAN_POINT('Ctrl Pts',(13.2119023477824,-16.4038372159299,6.07463210158808));
#13394=CARTESIAN_POINT('Ctrl Pts',(13.4657688395574,-15.6179921019663,5.97603193902722));
#13395=CARTESIAN_POINT('Ctrl Pts',(14.2405774208615,-15.2626393991636,6.06268588252757));
#13396=CARTESIAN_POINT('Ctrl Pts',(14.6896618508305,-15.2694110430893,6.13020265746239));
#13397=CARTESIAN_POINT('',(14.6896618508305,-15.2694110430893,6.1302026574624));
#13398=CARTESIAN_POINT('Origin',(14.7630729904309,-15.3129713908145,5.63754324093955));
#13399=CARTESIAN_POINT('Ctrl Pts',(14.6896618508305,-15.2694110430893,6.13020265746239));
#13400=CARTESIAN_POINT('Ctrl Pts',(14.2405774208615,-15.2626393991636,6.06268588252757));
#13401=CARTESIAN_POINT('Ctrl Pts',(13.4657688395574,-15.6179921019663,5.97603193902722));
#13402=CARTESIAN_POINT('Ctrl Pts',(13.2119023477824,-16.4038372159299,6.07463210158808));
#13403=CARTESIAN_POINT('Ctrl Pts',(13.2171684627183,-16.74041670957,6.12470008019434));
#13404=CARTESIAN_POINT('Ctrl Pts',(13.7630729904309,-16.8129713908145,5.6321266414413));
#13405=CARTESIAN_POINT('Ctrl Pts',(13.7630729904309,-16.5899045968374,5.58284097500076));
#13406=CARTESIAN_POINT('Ctrl Pts',(13.9450897301041,-16.0636219943791,5.48578143997992));
#13407=CARTESIAN_POINT('Ctrl Pts',(14.4657244384753,-15.8129713908145,5.57108141561307));
#13408=CARTESIAN_POINT('Ctrl Pts',(14.7630729904309,-15.8129713908145,5.63754324093955));
#13409=CARTESIAN_POINT('Ctrl Pts',(14.7630729904309,-15.8129713908145,5.63754324093955));
#13410=CARTESIAN_POINT('Ctrl Pts',(16.4194728088179,-15.8129713908145,5.88436324320383));
#13411=CARTESIAN_POINT('Ctrl Pts',(18.0887919209849,-15.8129713908145,6.05489809948314));
#13412=CARTESIAN_POINT('Ctrl Pts',(19.763072990436,-15.8129713908145,6.09182197181432));
#13413=CARTESIAN_POINT('Ctrl Pts',(14.7398001786132,-15.8129713908145,5.79372621198963));
#13414=CARTESIAN_POINT('Ctrl Pts',(16.4006549160906,-15.8127414357122,6.0362178188884));
#13415=CARTESIAN_POINT('Ctrl Pts',(18.0779855910309,-15.8130268543382,6.20620561402555));
#13416=CARTESIAN_POINT('Ctrl Pts',(19.7597625117447,-15.8129713908145,6.24193276609661));
#13417=CARTESIAN_POINT('Ctrl Pts',(14.699616038934,-15.6720996865197,6.06340047281114));
#13418=CARTESIAN_POINT('Ctrl Pts',(16.3679758609231,-15.6813039731566,6.29924758185308));
#13419=CARTESIAN_POINT('Ctrl Pts',(18.0593871614842,-15.6840188934263,6.46791461844653));
#13420=CARTESIAN_POINT('Ctrl Pts',(19.7540323825278,-15.6864162877035,6.50176052162942));
#13421=CARTESIAN_POINT('Ctrl Pts',(14.6881411931675,-15.3873912856277,6.14040773425393));
#13422=CARTESIAN_POINT('Ctrl Pts',(16.3570981930509,-15.4095361405861,6.38492083546767));
#13423=CARTESIAN_POINT('Ctrl Pts',(18.05291449715,-15.4166855210176,6.55642415170537));
#13424=CARTESIAN_POINT('Ctrl Pts',(19.7520347919348,-15.4227048862963,6.59233954010952));
#13425=CARTESIAN_POINT('Ctrl Pts',(14.6896618508305,-15.2694110430893,6.1302026574624));
#13426=CARTESIAN_POINT('Ctrl Pts',(16.3574315739357,-15.2945589706534,6.3809404375404));
#13427=CARTESIAN_POINT('Ctrl Pts',(18.0530164433297,-15.3031013135842,6.55418219630033));
#13428=CARTESIAN_POINT('Ctrl Pts',(19.7520490689358,-15.3100962777155,6.59169216184312));
#13429=CARTESIAN_POINT('',(19.7520490689358,-15.3100962777155,6.59169216184312));
#13430=CARTESIAN_POINT('Origin',(19.763072990436,-15.3129713908145,6.09182197181432));
#13431=CARTESIAN_POINT('Ctrl Pts',(19.7520490689358,-15.3100962777155,6.59169216184312));
#13432=CARTESIAN_POINT('Ctrl Pts',(18.0530164433297,-15.3031013135842,6.55418219630033));
#13433=CARTESIAN_POINT('Ctrl Pts',(16.3574315739357,-15.2945589706534,6.3809404375404));
#13434=CARTESIAN_POINT('Ctrl Pts',(14.6896618508305,-15.2694110430893,6.1302026574624));
#13435=CARTESIAN_POINT('Ctrl Pts',(19.7630729904334,-15.8129713908145,6.09182197181424));
#13436=CARTESIAN_POINT('Ctrl Pts',(19.9874197103082,-15.8129713908139,6.09429579469671));
#13437=CARTESIAN_POINT('Ctrl Pts',(20.5116934475394,-15.6299546820715,6.09802797725537));
#13438=CARTESIAN_POINT('Ctrl Pts',(20.763072990181,-15.112172475792,6.09846548944723));
#13439=CARTESIAN_POINT('Ctrl Pts',(20.7630729904309,-14.8129713916497,6.09815747862932));
#13440=CARTESIAN_POINT('Ctrl Pts',(19.7601763215786,-15.8129713908145,6.22316891681124));
#13441=CARTESIAN_POINT('Ctrl Pts',(19.9853613695136,-15.8136334811995,6.22599345688506));
#13442=CARTESIAN_POINT('Ctrl Pts',(20.5117983988241,-15.6310736606108,6.22994382017503));
#13443=CARTESIAN_POINT('Ctrl Pts',(20.7631534858587,-15.112645351355,6.23022512000205));
#13444=CARTESIAN_POINT('Ctrl Pts',(20.7630729904311,-14.8127000625455,6.22994174950139));
#13445=CARTESIAN_POINT('Ctrl Pts',(19.7544076152336,-15.7037373869222,6.48474591885057));
#13446=CARTESIAN_POINT('Ctrl Pts',(19.9559255851978,-15.7050901438591,6.48824084072275));
#13447=CARTESIAN_POINT('Ctrl Pts',(20.4280125377354,-15.5426584202784,6.49261550177027));
#13448=CARTESIAN_POINT('Ctrl Pts',(20.6534143746428,-15.0795731463491,6.49261109503315));
#13449=CARTESIAN_POINT('Ctrl Pts',(20.6531271598932,-14.8121597423819,6.49237466073523));
#13450=CARTESIAN_POINT('Ctrl Pts',(19.7520324124312,-15.4414729877264,6.59244743648717));
#13451=CARTESIAN_POINT('Ctrl Pts',(19.8953883287943,-15.4422807051094,6.59550120381276));
#13452=CARTESIAN_POINT('Ctrl Pts',(20.2303814221579,-15.3279111442023,6.59961072538349));
#13453=CARTESIAN_POINT('Ctrl Pts',(20.3899773503999,-15.0010517287538,6.59979932999111));
#13454=CARTESIAN_POINT('Ctrl Pts',(20.3895410735069,-14.811939126369,6.59952752765608));
#13455=CARTESIAN_POINT('Ctrl Pts',(19.752049068932,-15.3100962777155,6.59169216184303));
#13456=CARTESIAN_POINT('Ctrl Pts',(19.865880731808,-15.3105649258076,6.59420525175539));
#13457=CARTESIAN_POINT('Ctrl Pts',(20.1315232802181,-15.2201065290244,6.59799667530705));
#13458=CARTESIAN_POINT('Ctrl Pts',(20.2582234439343,-14.9615473375602,6.59844113213687));
#13459=CARTESIAN_POINT('Ctrl Pts',(20.2577639524545,-14.811942007252,6.59812823225835));
#13460=CARTESIAN_POINT('',(20.2577639524545,-14.811942007252,6.59812823225836));
#13461=CARTESIAN_POINT('Origin',(20.2630729904309,-14.8129713912321,6.09815747862932));
#13462=CARTESIAN_POINT('Ctrl Pts',(20.2577639524545,-14.811942007252,6.59812823225835));
#13463=CARTESIAN_POINT('Ctrl Pts',(20.2577654721231,-14.8124367944914,6.59812926710696));
#13464=CARTESIAN_POINT('Ctrl Pts',(20.2577662467007,-14.8129315797919,6.59813029634349));
#13465=CARTESIAN_POINT('Ctrl Pts',(20.2577662761864,-14.8134263610081,6.59813131993695));
#13466=CARTESIAN_POINT('Ctrl Pts',(20.2577677956641,-14.8389237938501,6.59818406851477));
#13467=CARTESIAN_POINT('Ctrl Pts',(20.2557739419189,-14.8643856188558,6.59822158968366));
#13468=CARTESIAN_POINT('Ctrl Pts',(20.2518303158093,-14.8895565672782,6.59824023736469));
#13469=CARTESIAN_POINT('Ctrl Pts',(20.2478767177305,-14.9147911637026,6.59825893219879));
#13470=CARTESIAN_POINT('Ctrl Pts',(20.2419622784951,-14.9397330092117,6.59825864051557));
#13471=CARTESIAN_POINT('Ctrl Pts',(20.2341492297626,-14.9640752756773,6.59823604963139));
#13472=CARTESIAN_POINT('Ctrl Pts',(20.2298234895791,-14.9775525140528,6.59822354205608));
#13473=CARTESIAN_POINT('Ctrl Pts',(20.2249161571013,-14.9908451060707,6.5982042083524));
#13474=CARTESIAN_POINT('Ctrl Pts',(20.219441857136,-15.0038954165115,6.5981775297182));
#13475=CARTESIAN_POINT('Ctrl Pts',(20.2076928389775,-15.0319041729396,6.59812027166516));
#13476=CARTESIAN_POINT('Ctrl Pts',(20.1933082396454,-15.058834117064,6.59802906851353));
#13477=CARTESIAN_POINT('Ctrl Pts',(20.1765919729393,-15.084248881123,6.59789988220594));
#13478=CARTESIAN_POINT('Ctrl Pts',(20.1597591439053,-15.1098408620279,6.59776979508378));
#13479=CARTESIAN_POINT('Ctrl Pts',(20.1405632714479,-15.1338976244373,6.59760115558237));
#13480=CARTESIAN_POINT('Ctrl Pts',(20.1192807282479,-15.1560127907045,6.59738966292951));
#13481=CARTESIAN_POINT('Ctrl Pts',(20.1163788367138,-15.1590282110498,6.59736082573966));
#13482=CARTESIAN_POINT('Ctrl Pts',(20.113438083164,-15.1620075759292,6.59733119190223));
#13483=CARTESIAN_POINT('Ctrl Pts',(20.1104591007419,-15.16494988957,6.59730075054563));
#13484=CARTESIAN_POINT('Ctrl Pts',(20.0970788774334,-15.1781654135234,6.59716402192778));
#13485=CARTESIAN_POINT('Ctrl Pts',(20.0829617117661,-15.1906448223386,6.59701146192972));
#13486=CARTESIAN_POINT('Ctrl Pts',(20.0681525325367,-15.2022765694184,6.59684201536648));
#13487=CARTESIAN_POINT('Ctrl Pts',(20.0419403859743,-15.2228646826764,6.59654209610146));
#13488=CARTESIAN_POINT('Ctrl Pts',(20.0135572065626,-15.2407971576442,6.59618922708588));
#13489=CARTESIAN_POINT('Ctrl Pts',(19.9836551163779,-15.2558088440397,6.59577640414227));
#13490=CARTESIAN_POINT('Ctrl Pts',(19.9718897145795,-15.2617154051204,6.59561397309571));
#13491=CARTESIAN_POINT('Ctrl Pts',(19.9598897416207,-15.2671697376707,6.59544226692802));
#13492=CARTESIAN_POINT('Ctrl Pts',(19.9476971252268,-15.272155895342,6.59526089629128));
#13493=CARTESIAN_POINT('Ctrl Pts',(19.9195671825134,-15.2836596058763,6.59484245077831));
#13494=CARTESIAN_POINT('Ctrl Pts',(19.8903384262219,-15.2926149160165,6.5943711279705));
#13495=CARTESIAN_POINT('Ctrl Pts',(19.860528805127,-15.2989291553581,6.5938422314857));
#13496=CARTESIAN_POINT('Ctrl Pts',(19.8306935975996,-15.3052488143881,6.59331288103424));
#13497=CARTESIAN_POINT('Ctrl Pts',(19.8002764208425,-15.3089245073994,6.5927258976742));
#13498=CARTESIAN_POINT('Ctrl Pts',(19.7697452410298,-15.309861065278,6.59207583962046));
#13499=CARTESIAN_POINT('Ctrl Pts',(19.7638498610324,-15.3100419087508,6.59195031747324));
#13500=CARTESIAN_POINT('Ctrl Pts',(19.7579500827055,-15.3101205723518,6.59182243999071));
#13501=CARTESIAN_POINT('Ctrl Pts',(19.7520490689358,-15.3100962777155,6.59169216184312));
#13502=CARTESIAN_POINT('Ctrl Pts',(20.7630729904309,-14.8129713908837,6.0981574786286));
#13503=CARTESIAN_POINT('Ctrl Pts',(20.7630729904309,-13.6463060274427,6.09575544485654));
#13504=CARTESIAN_POINT('Ctrl Pts',(20.7630729904309,-12.4796367825639,6.09545383097442));
#13505=CARTESIAN_POINT('Ctrl Pts',(20.7630729904309,-11.3129713908136,6.09784207531897));
#13506=CARTESIAN_POINT('Ctrl Pts',(20.7630729904309,-14.8127000617783,6.22994174950071));
#13507=CARTESIAN_POINT('Ctrl Pts',(20.7630928682965,-13.6460235742796,6.22814299657995));
#13508=CARTESIAN_POINT('Ctrl Pts',(20.7630913921647,-12.4798747288357,6.22787125713624));
#13509=CARTESIAN_POINT('Ctrl Pts',(20.7630729904309,-11.3132413169446,6.2297018978089));
#13510=CARTESIAN_POINT('Ctrl Pts',(20.6531281665144,-14.8121597396096,6.49237567810009));
#13511=CARTESIAN_POINT('Ctrl Pts',(20.6520715106913,-13.6454612971573,6.49172766544485));
#13512=CARTESIAN_POINT('Ctrl Pts',(20.6520181602268,-12.4803487846024,6.49151631879375));
#13513=CARTESIAN_POINT('Ctrl Pts',(20.6529953106282,-11.3137788394813,6.49228346420718));
#13514=CARTESIAN_POINT('Ctrl Pts',(20.3895410735059,-14.8119391259105,6.5995275276554));
#13515=CARTESIAN_POINT('Ctrl Pts',(20.3865429743393,-13.6452342332288,6.5980598209184));
#13516=CARTESIAN_POINT('Ctrl Pts',(20.3863906416482,-12.4805391227406,6.59780099412885));
#13517=CARTESIAN_POINT('Ctrl Pts',(20.3891620306612,-11.3139979658964,6.59932745469168));
#13518=CARTESIAN_POINT('Ctrl Pts',(20.2577639524535,-14.8119420069036,6.59812823225762));
#13519=CARTESIAN_POINT('Ctrl Pts',(20.2541805901562,-13.6452393022163,6.59568807096537));
#13520=CARTESIAN_POINT('Ctrl Pts',(20.253999271021,-12.4805348235218,6.59538166956132));
#13521=CARTESIAN_POINT('Ctrl Pts',(20.2573106887808,-11.3139948551048,6.59780782254625));
#13522=CARTESIAN_POINT('',(20.2573106887808,-11.3139948551048,6.59780782254625));
#13523=CARTESIAN_POINT('Origin',(20.2630729904309,-11.3129713908136,6.09784207531897));
#13524=CARTESIAN_POINT('Ctrl Pts',(20.2573106887808,-11.3139948551048,6.59780782254625));
#13525=CARTESIAN_POINT('Ctrl Pts',(20.253999271021,-12.4805348235218,6.59538166956132));
#13526=CARTESIAN_POINT('Ctrl Pts',(20.2541805901562,-13.6452393022163,6.59568807096537));
#13527=CARTESIAN_POINT('Ctrl Pts',(20.2577639524535,-14.8119420069036,6.59812823225762));
#13528=CARTESIAN_POINT('Ctrl Pts',(20.7630729904309,-11.312971390814,6.09784207531897));
#13529=CARTESIAN_POINT('Ctrl Pts',(20.7630729904308,-11.0137677365772,6.09814832055438));
#13530=CARTESIAN_POINT('Ctrl Pts',(20.5116875080725,-10.4959808758512,6.0976069715882));
#13531=CARTESIAN_POINT('Ctrl Pts',(19.9874152979618,-10.3129713908154,6.0935585890562));
#13532=CARTESIAN_POINT('Ctrl Pts',(19.7630729904351,-10.3129713908145,6.09094484484738));
#13533=CARTESIAN_POINT('Ctrl Pts',(20.7630729904309,-11.313241316945,6.2297018978089));
#13534=CARTESIAN_POINT('Ctrl Pts',(20.7631532490669,-11.0132621424482,6.22998913224315));
#13535=CARTESIAN_POINT('Ctrl Pts',(20.5117211563646,-10.4947513899365,6.22960086594706));
#13536=CARTESIAN_POINT('Ctrl Pts',(19.985193655329,-10.312271620948,6.22527486763796));
#13537=CARTESIAN_POINT('Ctrl Pts',(19.7600126562662,-10.3129713908144,6.22228180332702));
#13538=CARTESIAN_POINT('Ctrl Pts',(20.6530056593516,-11.3137788609119,6.49229393286884));
#13539=CARTESIAN_POINT('Ctrl Pts',(20.6532818842345,-11.0463120657996,6.49254497791953));
#13540=CARTESIAN_POINT('Ctrl Pts',(20.427711813376,-10.5830762703477,6.49243379466609));
#13541=CARTESIAN_POINT('Ctrl Pts',(19.955435581795,-10.4207692838903,6.48756854463622));
#13542=CARTESIAN_POINT('Ctrl Pts',(19.7539177424866,-10.4221831754356,6.48385044052843));
#13543=CARTESIAN_POINT('Ctrl Pts',(20.3891620306612,-11.313997965897,6.59932745469169));
#13544=CARTESIAN_POINT('Ctrl Pts',(20.3895689419972,-11.1248815053682,6.5996064107257));
#13545=CARTESIAN_POINT('Ctrl Pts',(20.2298655800112,-10.7979806912604,6.59930904670724));
#13546=CARTESIAN_POINT('Ctrl Pts',(19.8947725144865,-10.6836284454113,6.59478686679429));
#13547=CARTESIAN_POINT('Ctrl Pts',(19.7514082755508,-10.6844383709662,6.59154644247099));
#13548=CARTESIAN_POINT('Ctrl Pts',(20.2573106887808,-11.3139948551055,6.59780782254625));
#13549=CARTESIAN_POINT('Ctrl Pts',(20.2577353127995,-11.1644091110559,6.59811892881715));
#13550=CARTESIAN_POINT('Ctrl Pts',(20.1309628289833,-10.9058601439778,6.59756898701023));
#13551=CARTESIAN_POINT('Ctrl Pts',(19.8652693367591,-10.8153657301011,6.59345634443804));
#13552=CARTESIAN_POINT('Ctrl Pts',(19.7514256427837,-10.8158088641871,6.59080111222591));
#13553=CARTESIAN_POINT('',(19.7514256427837,-10.8158088641871,6.59080111222591));
#13554=CARTESIAN_POINT('Origin',(19.763072990433,-10.8129713908145,6.09094484484738));
#13555=CARTESIAN_POINT('',(19.8105256039851,-10.8189831932393,6.59210374974021));
#13556=CARTESIAN_POINT('Ctrl Pts',(19.7514256427837,-10.8158088641871,6.59080111222591));
#13557=CARTESIAN_POINT('Ctrl Pts',(19.771165754779,-10.8157320262334,6.59126152052268));
#13558=CARTESIAN_POINT('Ctrl Pts',(19.7909066167969,-10.8168345860984,6.59169508942297));
#13559=CARTESIAN_POINT('Ctrl Pts',(19.8105150728707,-10.8190729633665,6.59210306126942));
#13560=CARTESIAN_POINT('Ctrl Pts',(19.8105256039851,-10.8189831932393,6.59210374974021));
#13561=CARTESIAN_POINT('Ctrl Pts',(19.8445500003438,-10.8227850491094,6.59281204132725));
#13562=CARTESIAN_POINT('Ctrl Pts',(19.8781512876588,-10.8300111548025,6.59344264567569));
#13563=CARTESIAN_POINT('Ctrl Pts',(19.9106578235523,-10.8404850609773,6.59400249647928));
#13564=CARTESIAN_POINT('Ctrl Pts',(19.9229813265876,-10.8444558075053,6.59421474065995));
#13565=CARTESIAN_POINT('Ctrl Pts',(19.9351470213324,-10.8488936014227,6.59441680443766));
#13566=CARTESIAN_POINT('Ctrl Pts',(19.9471164537221,-10.8537894919313,6.59460902683143));
#13567=CARTESIAN_POINT('Ctrl Pts',(19.9781242648042,-10.8664727038854,6.59510699494533));
#13568=CARTESIAN_POINT('Ctrl Pts',(20.0078836104428,-10.8821824209306,6.5955402905636));
#13569=CARTESIAN_POINT('Ctrl Pts',(20.0357205124613,-10.9006538505369,6.59591468802968));
#13570=CARTESIAN_POINT('Ctrl Pts',(20.0466520218322,-10.9079075530394,6.59606171334902));
#13571=CARTESIAN_POINT('Ctrl Pts',(20.0572876338732,-10.9155870675806,6.59619966689177));
#13572=CARTESIAN_POINT('Ctrl Pts',(20.0675887446303,-10.9236764416908,6.59632892902425));
#13573=CARTESIAN_POINT('Ctrl Pts',(20.0824744736802,-10.9353660773065,6.59651572063594));
#13574=CARTESIAN_POINT('Ctrl Pts',(20.0966614778218,-10.9479114396982,6.59668436501849));
#13575=CARTESIAN_POINT('Ctrl Pts',(20.1101040979813,-10.9611993372562,6.59683596513166));
#13576=CARTESIAN_POINT('Ctrl Pts',(20.1319701330367,-10.9828136974304,6.59708256091057));
#13577=CARTESIAN_POINT('Ctrl Pts',(20.1517784990537,-11.0064255304669,6.59728272609718));
#13578=CARTESIAN_POINT('Ctrl Pts',(20.169258134812,-11.0316306456486,6.59744084344761));
#13579=CARTESIAN_POINT('Ctrl Pts',(20.1866335878421,-11.0566855324329,6.59759801838155));
#13580=CARTESIAN_POINT('Ctrl Pts',(20.2017067839463,-11.0833160024945,6.59771367213053));
#13581=CARTESIAN_POINT('Ctrl Pts',(20.2141757086757,-11.111089170736,6.59779197255462));
#13582=CARTESIAN_POINT('Ctrl Pts',(20.2158738964036,-11.1148716984596,6.59780263657114));
#13583=CARTESIAN_POINT('Ctrl Pts',(20.217523740506,-11.1186753519429,6.59781260698164));
#13584=CARTESIAN_POINT('Ctrl Pts',(20.2191244465715,-11.1224989687087,6.59782189337508));
#13585=CARTESIAN_POINT('Ctrl Pts',(20.2289805641608,-11.1460423395183,6.59787907300833));
#13586=CARTESIAN_POINT('Ctrl Pts',(20.2369900640364,-11.1703693275552,6.59791043761068));
#13587=CARTESIAN_POINT('Ctrl Pts',(20.2430748775409,-11.1951504880444,6.5979192116264));
#13588=CARTESIAN_POINT('Ctrl Pts',(20.24915400477,-11.2199084904696,6.59792797744278));
#13589=CARTESIAN_POINT('Ctrl Pts',(20.253313126585,-11.2451191923413,6.5979141866057));
#13590=CARTESIAN_POINT('Ctrl Pts',(20.2555000963724,-11.2704990735628,6.59788145738707));
#13591=CARTESIAN_POINT('Ctrl Pts',(20.2567184349549,-11.2846379467605,6.5978632242729));
#13592=CARTESIAN_POINT('Ctrl Pts',(20.2573250891036,-11.2988301927309,6.59783912304714));
#13593=CARTESIAN_POINT('Ctrl Pts',(20.257312479654,-11.3130336848275,6.59780981376427));
#13594=CARTESIAN_POINT('Ctrl Pts',(20.2573121952219,-11.3133540737865,6.59780915263315));
#13595=CARTESIAN_POINT('Ctrl Pts',(20.257311598264,-11.3136744640732,6.59780848889089));
#13596=CARTESIAN_POINT('Ctrl Pts',(20.2573106887808,-11.3139948551049,6.59780782254625));
#13597=CARTESIAN_POINT('Ctrl Pts',(19.763072990433,-10.3129713908145,6.09094484484738));
#13598=CARTESIAN_POINT('Ctrl Pts',(18.088398976152,-10.3129713908145,6.05192260642304));
#13599=CARTESIAN_POINT('Ctrl Pts',(16.4187432505542,-10.3129713908145,5.87880396035283));
#13600=CARTESIAN_POINT('Ctrl Pts',(14.7630729904309,-10.3129713908145,5.62422238414774));
#13601=CARTESIAN_POINT('Ctrl Pts',(19.7600126562641,-10.3129713908145,6.22228180332701));
#13602=CARTESIAN_POINT('Ctrl Pts',(18.0787392196779,-10.3129350423297,6.18421974867358));
#13603=CARTESIAN_POINT('Ctrl Pts',(16.4020013390732,-10.3131293421599,6.01152173399638));
#13604=CARTESIAN_POINT('Ctrl Pts',(14.7421148951908,-10.3129713908145,5.76052327251173));
#13605=CARTESIAN_POINT('Ctrl Pts',(19.7539176512719,-10.4221792820438,6.48385435501552));
#13606=CARTESIAN_POINT('Ctrl Pts',(18.0595647637654,-10.4241227180124,6.4476137168947));
#13607=CARTESIAN_POINT('Ctrl Pts',(16.3685853370716,-10.4262362787045,6.27599675053395));
#13608=CARTESIAN_POINT('Ctrl Pts',(14.7004156392798,-10.4339589985299,6.03171421613862));
#13609=CARTESIAN_POINT('Ctrl Pts',(19.7514082755503,-10.6844383709662,6.59154644247097));
#13610=CARTESIAN_POINT('Ctrl Pts',(18.0516316866739,-10.6899647710604,6.5536863287733));
#13611=CARTESIAN_POINT('Ctrl Pts',(16.3553022115687,-10.6963395358747,6.37953918435717));
#13612=CARTESIAN_POINT('Ctrl Pts',(14.6855933082148,-10.7175242989817,6.12811118679101));
#13613=CARTESIAN_POINT('Ctrl Pts',(19.7514256427837,-10.8158088641871,6.59080111222591));
#13614=CARTESIAN_POINT('Ctrl Pts',(18.0517812191153,-10.822424692897,6.55115947319166));
#13615=CARTESIAN_POINT('Ctrl Pts',(16.3556131457547,-10.8302407559987,6.37529291210445));
#13616=CARTESIAN_POINT('Ctrl Pts',(14.687352489478,-10.8549404066772,6.11667035849929));
#13617=CARTESIAN_POINT('',(14.687352489478,-10.8549404066772,6.11667035849929));
#13618=CARTESIAN_POINT('Origin',(14.7630729904309,-10.8129713908145,5.62422238414774));
#13619=CARTESIAN_POINT('Ctrl Pts',(14.687352489478,-10.8549404066772,6.11667035849929));
#13620=CARTESIAN_POINT('Ctrl Pts',(16.3556131457547,-10.8302407559987,6.37529291210445));
#13621=CARTESIAN_POINT('Ctrl Pts',(18.0517812191153,-10.822424692897,6.55115947319166));
#13622=CARTESIAN_POINT('Ctrl Pts',(19.7514256427837,-10.8158088641871,6.59080111222591));
#13623=CARTESIAN_POINT('Ctrl Pts',(14.7630729904309,-10.3129713908145,5.62422238414774));
#13624=CARTESIAN_POINT('Ctrl Pts',(14.4658621506322,-10.3129713908145,5.55567213665865));
#13625=CARTESIAN_POINT('Ctrl Pts',(13.9453238363884,-10.0626595462223,5.46369115965575));
#13626=CARTESIAN_POINT('Ctrl Pts',(13.7630729904309,-9.53603312175569,5.55950249926588));
#13627=CARTESIAN_POINT('Ctrl Pts',(13.7630729904309,-9.31297139081446,5.60939374060617));
#13628=CARTESIAN_POINT('Ctrl Pts',(14.751096936008,-10.3129713908145,5.70210860607002));
#13629=CARTESIAN_POINT('Ctrl Pts',(14.4548687885386,-10.3093989933571,5.63652991537168));
#13630=CARTESIAN_POINT('Ctrl Pts',(13.9497310661967,-10.0591164318858,5.55096124365218));
#13631=CARTESIAN_POINT('Ctrl Pts',(13.7656953630543,-9.54662762812552,5.64033291731951));
#13632=CARTESIAN_POINT('Ctrl Pts',(13.7630729904309,-9.3246833774906,5.68793947179738));
#13633=CARTESIAN_POINT('Ctrl Pts',(14.7271949997214,-10.3510012067026,5.85755475287715));
#13634=CARTESIAN_POINT('Ctrl Pts',(14.421562924577,-10.3430608442438,5.7978795689479));
#13635=CARTESIAN_POINT('Ctrl Pts',(13.9208793409761,-10.0865336244486,5.72504371188395));
#13636=CARTESIAN_POINT('Ctrl Pts',(13.7302033745376,-9.5764366567309,5.80162529245307));
#13637=CARTESIAN_POINT('Ctrl Pts',(13.724440255228,-9.34805697008214,5.84469305865116));
#13638=CARTESIAN_POINT('Ctrl Pts',(14.6944071824018,-10.5355889579358,6.07079019135441));
#13639=CARTESIAN_POINT('Ctrl Pts',(14.3371465891939,-10.530210945294,6.01509802130038));
#13640=CARTESIAN_POINT('Ctrl Pts',(13.7528549337579,-10.2416581305845,5.95075113867395));
#13641=CARTESIAN_POINT('Ctrl Pts',(13.5407230764839,-9.64670071406476,6.01881317419977));
#13642=CARTESIAN_POINT('Ctrl Pts',(13.5371403188334,-9.37998583593368,6.05882206884933));
#13643=CARTESIAN_POINT('Ctrl Pts',(14.6858446198238,-10.7371551715096,6.12647678274933));
#13644=CARTESIAN_POINT('Ctrl Pts',(14.2707514616754,-10.7397578044151,6.06413088112446));
#13645=CARTESIAN_POINT('Ctrl Pts',(13.5670096471246,-10.4120031403732,5.98558948693908));
#13646=CARTESIAN_POINT('Ctrl Pts',(13.3307577514129,-9.69847073714776,6.06789185954955));
#13647=CARTESIAN_POINT('Ctrl Pts',(13.3332610405556,-9.38806509436063,6.1130051274691));
#13648=CARTESIAN_POINT('Ctrl Pts',(14.687352489478,-10.8549404066772,6.11667035849929));
#13649=CARTESIAN_POINT('Ctrl Pts',(14.238146059976,-10.8615911910433,6.04703201184371));
#13650=CARTESIAN_POINT('Ctrl Pts',(13.4626207613357,-10.5075302533488,5.95359101933283));
#13651=CARTESIAN_POINT('Ctrl Pts',(13.209186486911,-9.72263589937396,6.0509231738574));
#13652=CARTESIAN_POINT('Ctrl Pts',(13.2146986755241,-9.38636541636566,6.10160633966341));
#13653=CARTESIAN_POINT('',(13.7630729904309,-9.31297139081446,5.60939374060617));
#13654=CARTESIAN_POINT('',(13.2146986755241,-9.38636541636566,6.10160633966341));
#13655=CARTESIAN_POINT('Origin',(13.2630729904309,-9.31297139081446,5.60939374060617));
#13656=CARTESIAN_POINT('Ctrl Pts',(13.2146986755241,-9.38636541636566,6.10160633966341));
#13657=CARTESIAN_POINT('Ctrl Pts',(13.209186486911,-9.72263589937396,6.0509231738574));
#13658=CARTESIAN_POINT('Ctrl Pts',(13.4626207613357,-10.5075302533488,5.95359101933283));
#13659=CARTESIAN_POINT('Ctrl Pts',(14.238146059976,-10.8615911910433,6.04703201184371));
#13660=CARTESIAN_POINT('Ctrl Pts',(14.687352489478,-10.8549404066772,6.11667035849929));
#13661=CARTESIAN_POINT('Ctrl Pts',(14.7630729904309,-10.3129713908145,5.62422238414774));
#13662=CARTESIAN_POINT('Ctrl Pts',(14.4658621506322,-10.3129713908145,5.55567213665865));
#13663=CARTESIAN_POINT('Ctrl Pts',(13.9453238363884,-10.0626595462223,5.46369115965575));
#13664=CARTESIAN_POINT('Ctrl Pts',(13.7630729904309,-9.53603312175569,5.55950249926588));
#13665=CARTESIAN_POINT('Ctrl Pts',(13.7630729904309,-9.31297139081446,5.60939374060617));
#13666=CARTESIAN_POINT('Ctrl Pts',(13.7630729904309,-9.31297139081446,5.60939374060617));
#13667=CARTESIAN_POINT('Ctrl Pts',(13.7630729904309,-7.63071058058452,5.86023635033678));
#13668=CARTESIAN_POINT('Ctrl Pts',(13.7630729904309,-5.93656134727269,6.04362336577803));
#13669=CARTESIAN_POINT('Ctrl Pts',(13.7630729904309,-4.23628858364749,6.08829973275531));
#13670=CARTESIAN_POINT('Ctrl Pts',(13.7630729904309,-9.33639536416673,5.76648520298858));
#13671=CARTESIAN_POINT('Ctrl Pts',(13.7628152757457,-7.65049610017957,6.01236031235779));
#13672=CARTESIAN_POINT('Ctrl Pts',(13.7631333527654,-5.94806235148808,6.19514352740276));
#13673=CARTESIAN_POINT('Ctrl Pts',(13.7630729904309,-4.24023628910593,6.23853970354812));
#13674=CARTESIAN_POINT('Ctrl Pts',(13.6204810985571,-9.37683509901427,6.03769184201684));
#13675=CARTESIAN_POINT('Ctrl Pts',(13.6307069492592,-7.68484488094097,6.27593155239789));
#13676=CARTESIAN_POINT('Ctrl Pts',(13.6336864130626,-5.96786106388382,6.45723192839262));
#13677=CARTESIAN_POINT('Ctrl Pts',(13.6362916751624,-4.24707013856683,6.49861922422609));
#13678=CARTESIAN_POINT('Ctrl Pts',(13.3332610405556,-9.38806509436063,6.1130051274691));
#13679=CARTESIAN_POINT('Ctrl Pts',(13.3577357270042,-7.69611391900684,6.36088275942193));
#13680=CARTESIAN_POINT('Ctrl Pts',(13.3656187690362,-5.97471061865695,6.54528101369781));
#13681=CARTESIAN_POINT('Ctrl Pts',(13.3721549882414,-4.24944322198297,6.58893294871305));
#13682=CARTESIAN_POINT('Ctrl Pts',(13.2146986755241,-9.38636541636566,6.10160633966341));
#13683=CARTESIAN_POINT('Ctrl Pts',(13.2424127940727,-7.69566854719276,6.3564305781199));
#13684=CARTESIAN_POINT('Ctrl Pts',(13.2518466306795,-5.97458211148861,6.54272849856816));
#13685=CARTESIAN_POINT('Ctrl Pts',(13.2594390951317,-4.24942170366051,6.58811401422762));
#13686=CARTESIAN_POINT('',(13.7630729904309,-4.23628858365067,6.08829973275531));
#13687=CARTESIAN_POINT('',(13.2594390951317,-4.24942170366051,6.58811401422762));
#13688=CARTESIAN_POINT('Origin',(13.2630729904309,-4.23628858364749,6.08829973275531));
#13689=CARTESIAN_POINT('Ctrl Pts',(13.2594390951317,-4.24942170366051,6.58811401422762));
#13690=CARTESIAN_POINT('Ctrl Pts',(13.2518466306795,-5.97458211148861,6.54272849856816));
#13691=CARTESIAN_POINT('Ctrl Pts',(13.2424127940727,-7.69566854719276,6.3564305781199));
#13692=CARTESIAN_POINT('Ctrl Pts',(13.2146986755241,-9.38636541636566,6.10160633966341));
#13693=CARTESIAN_POINT('Ctrl Pts',(13.7630729904309,-9.31297139081446,5.60939374060617));
#13694=CARTESIAN_POINT('Ctrl Pts',(13.7630729904309,-7.63071058058452,5.86023635033678));
#13695=CARTESIAN_POINT('Ctrl Pts',(13.7630729904309,-5.93656134727269,6.04362336577803));
#13696=CARTESIAN_POINT('Ctrl Pts',(13.7630729904309,-4.23628858364749,6.08829973275531));
#13697=CARTESIAN_POINT('Ctrl Pts',(13.7630729904309,-4.23628858365066,6.08829973275519));
#13698=CARTESIAN_POINT('Ctrl Pts',(13.7630729904302,-4.01195801871064,6.09124698770685));
#13699=CARTESIAN_POINT('Ctrl Pts',(13.5800838189606,-3.48768680513652,6.09596301602796));
#13700=CARTESIAN_POINT('Ctrl Pts',(13.0622821836978,-3.23628858394297,6.09666388303014));
#13701=CARTESIAN_POINT('Ctrl Pts',(12.7630729913972,-3.23628858365384,6.09619072844205));
#13702=CARTESIAN_POINT('Ctrl Pts',(13.7630729904309,-4.23974282592681,6.21975970719891));
#13703=CARTESIAN_POINT('Ctrl Pts',(13.763862816772,-4.01453535109504,6.22313547334049));
#13704=CARTESIAN_POINT('Ctrl Pts',(13.5815545522745,-3.48779777129137,6.22823245158381));
#13705=CARTESIAN_POINT('Ctrl Pts',(13.0627895514478,-3.23616340726936,6.22882964706911));
#13706=CARTESIAN_POINT('Ctrl Pts',(12.7626549837065,-3.23628858365343,6.22835867804891));
#13707=CARTESIAN_POINT('Ctrl Pts',(13.6536876386104,-4.24662367503783,6.48162791907466));
#13708=CARTESIAN_POINT('Ctrl Pts',(13.655283608166,-4.04505759994956,6.48582266404358));
#13709=CARTESIAN_POINT('Ctrl Pts',(13.4932881050791,-3.57239544910464,6.49165980367016));
#13710=CARTESIAN_POINT('Ctrl Pts',(13.0295679772483,-3.34645861039446,6.49208060982347));
#13711=CARTESIAN_POINT('Ctrl Pts',(12.7618223868217,-3.34683942432963,6.49161366460647));
#13712=CARTESIAN_POINT('Ctrl Pts',(13.3909409704263,-4.24944680837445,6.58906943779385));
#13713=CARTESIAN_POINT('Ctrl Pts',(13.3918554055591,-4.10609346483721,6.59272428642659));
#13714=CARTESIAN_POINT('Ctrl Pts',(13.2777133636079,-3.7709616391134,6.59808226535899));
#13715=CARTESIAN_POINT('Ctrl Pts',(12.9506967984651,-3.61125217270064,6.59861680756883));
#13716=CARTESIAN_POINT('Ctrl Pts',(12.7614854670679,-3.61174850126791,6.59814270750086));
#13717=CARTESIAN_POINT('Ctrl Pts',(13.2594390951317,-4.24942170366533,6.58811401422749));
#13718=CARTESIAN_POINT('Ctrl Pts',(13.2599399623675,-4.13561460836284,6.59110805100378));
#13719=CARTESIAN_POINT('Ctrl Pts',(13.1695776953275,-3.87003493974095,6.59589893691729));
#13720=CARTESIAN_POINT('Ctrl Pts',(12.9110765803876,-3.74340447998815,6.59661092879253));
#13721=CARTESIAN_POINT('Ctrl Pts',(12.7614918316976,-3.74390178977641,6.59613026381414));
#13722=CARTESIAN_POINT('',(12.7630729913972,-3.23628858365384,6.09619072844358));
#13723=CARTESIAN_POINT('',(12.7614918316976,-3.74390178977642,6.59613026381415));
#13724=CARTESIAN_POINT('Origin',(12.7630729909141,-3.73628858365384,6.09619072844205));
#13725=CARTESIAN_POINT('Ctrl Pts',(12.7614918316976,-3.74390178977641,6.59613026381414));
#13726=CARTESIAN_POINT('Ctrl Pts',(12.7620350717486,-3.74389998371933,6.59613200942303));
#13727=CARTESIAN_POINT('Ctrl Pts',(12.7625783092926,-3.74389907604543,6.59613374434881));
#13728=CARTESIAN_POINT('Ctrl Pts',(12.7631215414888,-3.74389906675586,6.59613546854785));
#13729=CARTESIAN_POINT('Ctrl Pts',(12.7886209502154,-3.74389863070202,6.59621640273428));
#13730=CARTESIAN_POINT('Ctrl Pts',(12.8140838213598,-3.74589438547887,6.59627335448391));
#13731=CARTESIAN_POINT('Ctrl Pts',(12.8392546849521,-3.7498406242188,6.59630266897234));
#13732=CARTESIAN_POINT('Ctrl Pts',(12.8644872627047,-3.75379653838404,6.5963320553343));
#13733=CARTESIAN_POINT('Ctrl Pts',(12.8894259970158,-3.75971371300623,6.59633364613977));
#13734=CARTESIAN_POINT('Ctrl Pts',(12.9137639219628,-3.76752983903463,6.59630414823161));
#13735=CARTESIAN_POINT('Ctrl Pts',(12.9272195059371,-3.77185110061947,6.59628783987414));
#13736=CARTESIAN_POINT('Ctrl Pts',(12.9404905939837,-3.77675239744987,6.59626203923477));
#13737=CARTESIAN_POINT('Ctrl Pts',(12.9535197792753,-3.78221915300536,6.59622624497085));
#13738=CARTESIAN_POINT('Ctrl Pts',(12.9814970271665,-3.79395778223766,6.59614938483169));
#13739=CARTESIAN_POINT('Ctrl Pts',(13.0083960275438,-3.80832757571904,6.59602627050606));
#13740=CARTESIAN_POINT('Ctrl Pts',(13.0337815523427,-3.82502517481518,6.5958539046831));
#13741=CARTESIAN_POINT('Ctrl Pts',(13.0593421995049,-3.84183796250943,6.59568034979234));
#13742=CARTESIAN_POINT('Ctrl Pts',(13.0833695846638,-3.86100952795765,6.59545682980104));
#13743=CARTESIAN_POINT('Ctrl Pts',(13.1054585712485,-3.88226415200998,6.59518000084524));
#13744=CARTESIAN_POINT('Ctrl Pts',(13.1084934337662,-3.88518437931949,6.59514196660503));
#13745=CARTESIAN_POINT('Ctrl Pts',(13.1114917480604,-3.88814399657839,6.59510292588339));
#13746=CARTESIAN_POINT('Ctrl Pts',(13.1144524985472,-3.89114235780857,6.59506286978993));
#13747=CARTESIAN_POINT('Ctrl Pts',(13.1276494253089,-3.90450692660183,6.59488432812151));
#13748=CARTESIAN_POINT('Ctrl Pts',(13.1401112275392,-3.91860717911396,6.5946862348466));
#13749=CARTESIAN_POINT('Ctrl Pts',(13.1517266722297,-3.9333982486501,6.59446764888805));
#13750=CARTESIAN_POINT('Ctrl Pts',(13.1723219972836,-3.9596242686699,6.59408007449993));
#13751=CARTESIAN_POINT('Ctrl Pts',(13.1902564439064,-3.98802517749296,6.59362801438198));
#13752=CARTESIAN_POINT('Ctrl Pts',(13.2052648947586,-4.01794691398014,6.59310646552636));
#13753=CARTESIAN_POINT('Ctrl Pts',(13.2111485979214,-4.02967701306503,6.59290200480742));
#13754=CARTESIAN_POINT('Ctrl Pts',(13.2165825755528,-4.04164026527845,6.5926868737218));
#13755=CARTESIAN_POINT('Ctrl Pts',(13.2215510700521,-4.05379508778715,6.59246081722072));
#13756=CARTESIAN_POINT('Ctrl Pts',(13.2330420932843,-4.081906490114,6.5919379987883));
#13757=CARTESIAN_POINT('Ctrl Pts',(13.2419865417378,-4.11111607462579,6.59135490572499));
#13758=CARTESIAN_POINT('Ctrl Pts',(13.2482922682723,-4.14090655826151,6.59070862562142));
#13759=CARTESIAN_POINT('Ctrl Pts',(13.2546047206214,-4.17072881702499,6.59006165618253));
#13760=CARTESIAN_POINT('Ctrl Pts',(13.2582744611407,-4.20113332853289,6.58935140593144));
#13761=CARTESIAN_POINT('Ctrl Pts',(13.2592066100213,-4.23165247891874,6.58857400795834));
#13762=CARTESIAN_POINT('Ctrl Pts',(13.2593874153166,-4.23757215989605,6.58842321909512));
#13763=CARTESIAN_POINT('Ctrl Pts',(13.2594651729363,-4.24349630270022,6.58826989966114));
#13764=CARTESIAN_POINT('Ctrl Pts',(13.2594390951317,-4.24942170366051,6.58811401422762));
#13765=CARTESIAN_POINT('Ctrl Pts',(13.7630729904309,-4.23628858365066,6.08829973275519));
#13766=CARTESIAN_POINT('Ctrl Pts',(13.7630729904302,-4.01195801871064,6.09124698770685));
#13767=CARTESIAN_POINT('Ctrl Pts',(13.6846490598004,-3.7872703557503,6.09326814270161));
#13768=CARTESIAN_POINT('Ctrl Pts',(13.5447289623514,-3.61270222200272,6.09455181908677));
#13769=CARTESIAN_POINT('Ctrl Pts',(13.3581688324194,-3.37994471033928,6.09626338760032));
#13770=CARTESIAN_POINT('Ctrl Pts',(13.0622821836978,-3.23628858394297,6.09666388303014));
#13771=CARTESIAN_POINT('Ctrl Pts',(12.7630729913972,-3.23628858365384,6.09619072844205));
#13772=CARTESIAN_POINT('Ctrl Pts',(12.7630729904309,-3.23628858365384,6.09619072844052));
#13773=CARTESIAN_POINT('Ctrl Pts',(11.5964097626553,-3.23628858365384,6.0925009216048));
#13774=CARTESIAN_POINT('Ctrl Pts',(10.4297369531024,-3.23628858365384,6.09168765835222));
#13775=CARTESIAN_POINT('Ctrl Pts',(9.2630729904307,-3.23628858365384,6.0951372846182));
#13776=CARTESIAN_POINT('Ctrl Pts',(12.7626549827383,-3.23628858365384,6.22835867804739));
#13777=CARTESIAN_POINT('Ctrl Pts',(11.5960306367057,-3.23626687671776,6.22532205901886));
#13778=CARTESIAN_POINT('Ctrl Pts',(10.429987485794,-3.23627030382282,6.22457836523186));
#13779=CARTESIAN_POINT('Ctrl Pts',(9.26346430466486,-3.23628858365384,6.22747979939388));
#13780=CARTESIAN_POINT('Ctrl Pts',(12.7618223632165,-3.34683234291587,6.49162085464207));
#13781=CARTESIAN_POINT('Ctrl Pts',(11.5952752265833,-3.34798002468667,6.48982944445879));
#13782=CARTESIAN_POINT('Ctrl Pts',(10.4304878152193,-3.34810422070084,6.4892268156777));
#13783=CARTESIAN_POINT('Ctrl Pts',(9.26424373571012,-3.34714009329399,6.49108346013232));
#13784=CARTESIAN_POINT('Ctrl Pts',(12.761485466457,-3.61174850126951,6.59814270749933));
#13785=CARTESIAN_POINT('Ctrl Pts',(11.5949746288503,-3.61499814796957,6.59545296666167));
#13786=CARTESIAN_POINT('Ctrl Pts',(10.430683854309,-3.61535265134011,6.59473811619471));
#13787=CARTESIAN_POINT('Ctrl Pts',(9.26455795442224,-3.6126253053448,6.59735226132019));
#13788=CARTESIAN_POINT('Ctrl Pts',(12.7614918312145,-3.74390178977802,6.59613026381259));
#13789=CARTESIAN_POINT('Ctrl Pts',(11.5949833801114,-3.74777996751317,6.5923818886144));
#13790=CARTESIAN_POINT('Ctrl Pts',(10.4306780915917,-3.74820117243055,6.5915557164213));
#13791=CARTESIAN_POINT('Ctrl Pts',(9.26455117688838,-3.74494854702359,6.59506009865975));
#13792=CARTESIAN_POINT('',(9.26307299043081,-3.23628858365384,6.0951372846182));
#13793=CARTESIAN_POINT('',(9.26455117688837,-3.74494854702359,6.59506009865976));
#13794=CARTESIAN_POINT('Origin',(9.2630729904307,-3.73628858365383,6.0951372846182));
#13795=CARTESIAN_POINT('Ctrl Pts',(9.26455117688838,-3.74494854702359,6.59506009865975));
#13796=CARTESIAN_POINT('Ctrl Pts',(10.4306780915917,-3.74820117243055,6.5915557164213));
#13797=CARTESIAN_POINT('Ctrl Pts',(11.5949833801114,-3.74777996751317,6.5923818886144));
#13798=CARTESIAN_POINT('Ctrl Pts',(12.7614918312145,-3.74390178977802,6.59613026381259));
#13799=CARTESIAN_POINT('Ctrl Pts',(12.7630729904309,-3.23628858365384,6.09619072844052));
#13800=CARTESIAN_POINT('Ctrl Pts',(11.5964097626553,-3.23628858365384,6.0925009216048));
#13801=CARTESIAN_POINT('Ctrl Pts',(10.4297369531024,-3.23628858365384,6.09168765835222));
#13802=CARTESIAN_POINT('Ctrl Pts',(9.2630729904307,-3.23628858365384,6.0951372846182));
#13803=CARTESIAN_POINT('Ctrl Pts',(9.26307299043048,-3.23628858365383,6.0951372846182));
#13804=CARTESIAN_POINT('Ctrl Pts',(9.03866007780306,-3.23628858365393,6.09546905996337));
#13805=CARTESIAN_POINT('Ctrl Pts',(8.51431080718026,-3.41940257397235,6.0949255781844));
#13806=CARTESIAN_POINT('Ctrl Pts',(8.26307299043384,-3.93719719051375,6.09022206657577));
#13807=CARTESIAN_POINT('Ctrl Pts',(8.26307299043092,-4.23628858364407,6.08586132806378));
#13808=CARTESIAN_POINT('Ctrl Pts',(9.26346430466464,-3.23628858365383,6.22747979939388));
#13809=CARTESIAN_POINT('Ctrl Pts',(9.03830287722699,-3.23620049169694,6.22781624058794));
#13810=CARTESIAN_POINT('Ctrl Pts',(8.51252332787879,-3.41959412828896,6.22732457773982));
#13811=CARTESIAN_POINT('Ctrl Pts',(8.26190389430481,-3.93986659721704,6.22230228111995));
#13812=CARTESIAN_POINT('Ctrl Pts',(8.26307299043088,-4.24012080525988,6.21728224434959));
#13813=CARTESIAN_POINT('Ctrl Pts',(9.26424380596427,-3.34711674118863,6.49110722015462));
#13814=CARTESIAN_POINT('Ctrl Pts',(9.06334037854129,-3.34686000001181,6.49145266612433));
#13815=CARTESIAN_POINT('Ctrl Pts',(8.59366001955417,-3.51129476882781,6.49104447600614));
#13816=CARTESIAN_POINT('Ctrl Pts',(8.37006213117687,-3.97901778912122,6.48538379089106));
#13817=CARTESIAN_POINT('Ctrl Pts',(8.37237842623102,-4.24775549485768,6.47910371579549));
#13818=CARTESIAN_POINT('Ctrl Pts',(9.26455795442218,-3.6126253053448,6.59735226132019));
#13819=CARTESIAN_POINT('Ctrl Pts',(9.12264212773347,-3.6123071720148,6.59769451261072));
#13820=CARTESIAN_POINT('Ctrl Pts',(8.79127235762674,-3.72858187914579,6.59723365286849));
#13821=CARTESIAN_POINT('Ctrl Pts',(8.63383534833184,-4.05973163354282,6.59199490045997));
#13822=CARTESIAN_POINT('Ctrl Pts',(8.635061842007,-4.25088853063452,6.58654698852064));
#13823=CARTESIAN_POINT('Ctrl Pts',(9.26455117688837,-3.74494854702359,6.59506009865975));
#13824=CARTESIAN_POINT('Ctrl Pts',(9.15239637233673,-3.74463571866663,6.59539714028024));
#13825=CARTESIAN_POINT('Ctrl Pts',(8.89055126867888,-3.83678819759739,6.59484503180637));
#13826=CARTESIAN_POINT('Ctrl Pts',(8.76594561282593,-4.09908269769527,6.59006686128332));
#13827=CARTESIAN_POINT('Ctrl Pts',(8.76653546751072,-4.25086199267678,6.58563690469971));
#13828=CARTESIAN_POINT('',(8.26307299043092,-4.23628858364895,6.08586132806378));
#13829=CARTESIAN_POINT('',(8.76653546751072,-4.25086199267678,6.58563690469971));
#13830=CARTESIAN_POINT('Origin',(8.76307299043092,-4.23628858364895,6.08586132806378));
#13831=CARTESIAN_POINT('Ctrl Pts',(8.76653546751072,-4.25086199267678,6.58563690469971));
#13832=CARTESIAN_POINT('Ctrl Pts',(8.76594561282593,-4.09908269769527,6.59006686128332));
#13833=CARTESIAN_POINT('Ctrl Pts',(8.89055126867888,-3.83678819759739,6.59484503180637));
#13834=CARTESIAN_POINT('Ctrl Pts',(9.15239637233673,-3.74463571866663,6.59539714028024));
#13835=CARTESIAN_POINT('Ctrl Pts',(9.26455117688837,-3.74494854702359,6.59506009865975));
#13836=CARTESIAN_POINT('Ctrl Pts',(9.26307299043048,-3.23628858365383,6.0951372846182));
#13837=CARTESIAN_POINT('Ctrl Pts',(9.03866007780306,-3.23628858365393,6.09546905996337));
#13838=CARTESIAN_POINT('Ctrl Pts',(8.51431080718026,-3.41940257397235,6.0949255781844));
#13839=CARTESIAN_POINT('Ctrl Pts',(8.26307299043384,-3.93719719051375,6.09022206657577));
#13840=CARTESIAN_POINT('Ctrl Pts',(8.26307299043092,-4.23628858364407,6.08586132806378));
#13841=CARTESIAN_POINT('Ctrl Pts',(8.26307299043092,-4.23628858364895,6.08586132806378));
#13842=CARTESIAN_POINT('Ctrl Pts',(8.26307299043092,-5.93753466510015,6.03625315159211));
#13843=CARTESIAN_POINT('Ctrl Pts',(8.26307299043092,-7.63253613706056,5.84684276104749));
#13844=CARTESIAN_POINT('Ctrl Pts',(8.26307299043092,-9.31297139081446,5.5769602703835));
#13845=CARTESIAN_POINT('Ctrl Pts',(8.26307299043092,-4.24066826549561,6.23605666096183));
#13846=CARTESIAN_POINT('Ctrl Pts',(8.26301967423064,-5.94962274962878,6.18753063022807));
#13847=CARTESIAN_POINT('Ctrl Pts',(8.2633201138348,-7.65299753191071,5.99835159527547));
#13848=CARTESIAN_POINT('Ctrl Pts',(8.26307299043092,-9.33804518435691,5.73308335384261));
#13849=CARTESIAN_POINT('Ctrl Pts',(8.38977832527392,-4.24825059711386,6.49608258554279));
#13850=CARTESIAN_POINT('Ctrl Pts',(8.39208024714018,-5.97043659294249,6.44924755963626));
#13851=CARTESIAN_POINT('Ctrl Pts',(8.39442824013019,-7.68854466379122,6.26090167414375));
#13852=CARTESIAN_POINT('Ctrl Pts',(8.40429939793976,-9.38134784784452,6.00270930151706));
#13853=CARTESIAN_POINT('Ctrl Pts',(8.65384378850755,-4.2508847394988,6.58641697654619));
#13854=CARTESIAN_POINT('Ctrl Pts',(8.65961998173251,-5.97764583575537,6.53755238112114));
#13855=CARTESIAN_POINT('Ctrl Pts',(8.66592626672601,-7.70040488944072,6.34662347962444));
#13856=CARTESIAN_POINT('Ctrl Pts',(8.68964655488378,-9.39362028176484,6.07912415361931));
#13857=CARTESIAN_POINT('Ctrl Pts',(8.76653546751072,-4.25086199267678,6.58563690469971));
#13858=CARTESIAN_POINT('Ctrl Pts',(8.77324571057787,-5.97751770235965,6.53524129685548));
#13859=CARTESIAN_POINT('Ctrl Pts',(8.78084572136795,-7.70006524534641,6.34282439217522));
#13860=CARTESIAN_POINT('Ctrl Pts',(8.80776465692184,-9.39193939733685,6.06865805245308));
#13861=CARTESIAN_POINT('',(8.26307299043092,-9.31297139081446,5.5769602703835));
#13862=CARTESIAN_POINT('',(8.80776465692184,-9.39193939733685,6.06865805245307));
#13863=CARTESIAN_POINT('Origin',(8.76307299043092,-9.31297139081446,5.5769602703835));
#13864=CARTESIAN_POINT('Ctrl Pts',(8.80776465692184,-9.39193939733685,6.06865805245308));
#13865=CARTESIAN_POINT('Ctrl Pts',(8.78084572136795,-7.70006524534641,6.34282439217522));
#13866=CARTESIAN_POINT('Ctrl Pts',(8.77324571057787,-5.97751770235965,6.53524129685548));
#13867=CARTESIAN_POINT('Ctrl Pts',(8.76653546751072,-4.25086199267678,6.58563690469971));
#13868=CARTESIAN_POINT('Ctrl Pts',(8.26307299043092,-4.23628858364895,6.08586132806378));
#13869=CARTESIAN_POINT('Ctrl Pts',(8.26307299043092,-5.93753466510015,6.03625315159211));
#13870=CARTESIAN_POINT('Ctrl Pts',(8.26307299043092,-7.63253613706056,5.84684276104749));
#13871=CARTESIAN_POINT('Ctrl Pts',(8.26307299043092,-9.31297139081446,5.5769602703835));
#13872=CARTESIAN_POINT('Ctrl Pts',(8.26307299043092,-9.31297139081446,5.57696027038349));
#13873=CARTESIAN_POINT('Ctrl Pts',(8.26307299043092,-9.53577321757701,5.52328639767983));
#13874=CARTESIAN_POINT('Ctrl Pts',(8.08163134679432,-10.0619834655728,5.41278518742236));
#13875=CARTESIAN_POINT('Ctrl Pts',(7.56023032618275,-10.3129713908145,5.49998833928737));
#13876=CARTESIAN_POINT('Ctrl Pts',(7.26307299043092,-10.3129713908145,5.5707244951532));
#13877=CARTESIAN_POINT('Ctrl Pts',(8.26307299043092,-9.32550828758569,5.65502181211305));
#13878=CARTESIAN_POINT('Ctrl Pts',(8.26026945961,-9.54746859365909,5.60370640644115));
#13879=CARTESIAN_POINT('Ctrl Pts',(8.07569019376092,-10.0596230576042,5.50062084583505));
#13880=CARTESIAN_POINT('Ctrl Pts',(7.57132824941668,-10.3092633533732,5.58150668865936));
#13881=CARTESIAN_POINT('Ctrl Pts',(7.27550488341413,-10.3129713908145,5.64906268342535));
#13882=CARTESIAN_POINT('Ctrl Pts',(8.30135359938794,-9.35053023344321,5.81082206367092));
#13883=CARTESIAN_POINT('Ctrl Pts',(8.29513740908794,-9.57938807950919,5.76419208556329));
#13884=CARTESIAN_POINT('Ctrl Pts',(8.10212600663279,-10.0895703961999,5.67583336936015));
#13885=CARTESIAN_POINT('Ctrl Pts',(7.60499312630919,-10.3433215952705,5.74417324410061));
#13886=CARTESIAN_POINT('Ctrl Pts',(7.30031668364741,-10.3515048505405,5.80541147766534));
#13887=CARTESIAN_POINT('Ctrl Pts',(8.48709067893565,-9.3847934693959,6.02416361636269));
#13888=CARTESIAN_POINT('Ctrl Pts',(8.48295653849524,-9.65227944341836,5.98069169346665));
#13889=CARTESIAN_POINT('Ctrl Pts',(8.26907026472224,-10.2484498861916,5.90214313856555));
#13890=CARTESIAN_POINT('Ctrl Pts',(7.6901988808733,-10.5331252768806,5.96214580936146));
#13891=CARTESIAN_POINT('Ctrl Pts',(7.33423242722605,-10.5383791794795,6.01912775638816));
#13892=CARTESIAN_POINT('Ctrl Pts',(8.68964655488377,-9.39362028176484,6.07912415361931));
#13893=CARTESIAN_POINT('Ctrl Pts',(8.69182406979335,-9.70450933293685,6.03037274217687));
#13894=CARTESIAN_POINT('Ctrl Pts',(8.45667007773501,-10.419697150012,5.9354009100612));
#13895=CARTESIAN_POINT('Ctrl Pts',(7.7568677892473,-10.7451311457965,6.00936286595507));
#13896=CARTESIAN_POINT('Ctrl Pts',(7.34285422907869,-10.7419037790174,6.07345707998269));
#13897=CARTESIAN_POINT('Ctrl Pts',(8.80776465692184,-9.39193939733685,6.06865805245307));
#13898=CARTESIAN_POINT('Ctrl Pts',(8.81311825921254,-9.72841709042895,6.01413221351601));
#13899=CARTESIAN_POINT('Ctrl Pts',(8.56233525536272,-10.5147640426072,5.90187701579414));
#13900=CARTESIAN_POINT('Ctrl Pts',(7.78937467602541,-10.8677958929218,5.99046434467289));
#13901=CARTESIAN_POINT('Ctrl Pts',(7.34108735131735,-10.8603462559757,6.06232329666357));
#13902=CARTESIAN_POINT('',(7.26307299043092,-10.3129713908145,5.5707244951532));
#13903=CARTESIAN_POINT('',(7.34108735131735,-10.8603462559757,6.06232329666357));
#13904=CARTESIAN_POINT('Origin',(7.26307299043091,-10.8129713908145,5.5707244951532));
#13905=CARTESIAN_POINT('Ctrl Pts',(7.34108735131735,-10.8603462559757,6.06232329666357));
#13906=CARTESIAN_POINT('Ctrl Pts',(7.78937467602541,-10.8677958929218,5.99046434467289));
#13907=CARTESIAN_POINT('Ctrl Pts',(8.56233525536272,-10.5147640426072,5.90187701579414));
#13908=CARTESIAN_POINT('Ctrl Pts',(8.81311825921254,-9.72841709042895,6.01413221351601));
#13909=CARTESIAN_POINT('Ctrl Pts',(8.80776465692184,-9.39193939733685,6.06865805245307));
#13910=CARTESIAN_POINT('Ctrl Pts',(8.26307299043092,-9.31297139081446,5.57696027038349));
#13911=CARTESIAN_POINT('Ctrl Pts',(8.26307299043092,-9.53577321757701,5.52328639767983));
#13912=CARTESIAN_POINT('Ctrl Pts',(8.08163134679432,-10.0619834655728,5.41278518742236));
#13913=CARTESIAN_POINT('Ctrl Pts',(7.56023032618275,-10.3129713908145,5.49998833928737));
#13914=CARTESIAN_POINT('Ctrl Pts',(7.26307299043092,-10.3129713908145,5.5707244951532));
#13915=CARTESIAN_POINT('Ctrl Pts',(7.26307299043091,-10.3129713908145,5.5707244951532));
#13916=CARTESIAN_POINT('Ctrl Pts',(5.60732513779518,-10.3129713908145,5.833483700659));
#13917=CARTESIAN_POINT('Ctrl Pts',(3.93860161239105,-10.3129713908145,6.02512755194455));
#13918=CARTESIAN_POINT('Ctrl Pts',(2.26307299042395,-10.3129713908145,6.08122736081122));
#13919=CARTESIAN_POINT('Ctrl Pts',(7.28793677639734,-10.3129713908145,5.7274008716975));
#13920=CARTESIAN_POINT('Ctrl Pts',(5.62816700523721,-10.3132278243813,5.98529037773741));
#13921=CARTESIAN_POINT('Ctrl Pts',(3.95117351189286,-10.3129147506212,6.17658282913652));
#13922=CARTESIAN_POINT('Ctrl Pts',(2.26810607543764,-10.3129713908145,6.23155011890277));
#13923=CARTESIAN_POINT('Ctrl Pts',(7.33086930494538,-10.4551770785195,5.99793541610974));
#13924=CARTESIAN_POINT('Ctrl Pts',(5.66435955591271,-10.4449836878456,6.24834901923697));
#13925=CARTESIAN_POINT('Ctrl Pts',(3.97282493797949,-10.4423830387524,6.43858502904689));
#13926=CARTESIAN_POINT('Ctrl Pts',(2.27681924137215,-10.4399413203164,6.49178556722495));
#13927=CARTESIAN_POINT('Ctrl Pts',(7.34285422907869,-10.7419037790174,6.07345707998269));
#13928=CARTESIAN_POINT('Ctrl Pts',(5.67629325456769,-10.717480276457,6.33348216688171));
#13929=CARTESIAN_POINT('Ctrl Pts',(3.9802817783389,-10.7105308312773,6.52651940346666));
#13930=CARTESIAN_POINT('Ctrl Pts',(2.27983594088884,-10.7044086983151,6.58188509672776));
#13931=CARTESIAN_POINT('Ctrl Pts',(7.34108735131735,-10.8603462559757,6.06232329666357));
#13932=CARTESIAN_POINT('Ctrl Pts',(5.67586226470064,-10.8326735522318,6.32925328320914));
#13933=CARTESIAN_POINT('Ctrl Pts',(3.98012728055733,-10.8243190185905,6.52393910038811));
#13934=CARTESIAN_POINT('Ctrl Pts',(2.27980394179925,-10.8172098899324,6.5809293824114));
#13935=CARTESIAN_POINT('',(2.26307299042743,-10.3129713908145,6.08122736081122));
#13936=CARTESIAN_POINT('',(2.27980394179925,-10.8172098899324,6.5809293824114));
#13937=CARTESIAN_POINT('Origin',(2.26307299042395,-10.8129713908145,6.08122736081122));
#13938=CARTESIAN_POINT('Ctrl Pts',(2.27980394179925,-10.8172098899324,6.5809293824114));
#13939=CARTESIAN_POINT('Ctrl Pts',(3.98012728055733,-10.8243190185905,6.52393910038811));
#13940=CARTESIAN_POINT('Ctrl Pts',(5.67586226470064,-10.8326735522318,6.32925328320914));
#13941=CARTESIAN_POINT('Ctrl Pts',(7.34108735131735,-10.8603462559757,6.06232329666357));
#13942=CARTESIAN_POINT('Ctrl Pts',(7.26307299043091,-10.3129713908145,5.5707244951532));
#13943=CARTESIAN_POINT('Ctrl Pts',(5.60732513779518,-10.3129713908145,5.833483700659));
#13944=CARTESIAN_POINT('Ctrl Pts',(3.93860161239105,-10.3129713908145,6.02512755194455));
#13945=CARTESIAN_POINT('Ctrl Pts',(2.26307299042395,-10.3129713908145,6.08122736081122));
#13946=CARTESIAN_POINT('Ctrl Pts',(2.26307299041698,-10.3129713908145,6.08122736081122));
#13947=CARTESIAN_POINT('Ctrl Pts',(2.03877529896153,-10.3129713908176,6.08498231236945));
#13948=CARTESIAN_POINT('Ctrl Pts',(1.5145197037435,-10.4959065950719,6.09144948872761));
#13949=CARTESIAN_POINT('Ctrl Pts',(1.26307299043099,-11.0137426852515,6.09270739275059));
#13950=CARTESIAN_POINT('Ctrl Pts',(1.26307299043091,-11.3129713908142,6.09209992765264));
#13951=CARTESIAN_POINT('Ctrl Pts',(2.26747693980395,-10.3129713908144,6.21275977414136));
#13952=CARTESIAN_POINT('Ctrl Pts',(2.04226846759406,-10.3119636286703,6.21708911428716));
#13953=CARTESIAN_POINT('Ctrl Pts',(1.51503585375134,-10.4938066333302,6.22424594519518));
#13954=CARTESIAN_POINT('Ctrl Pts',(1.2629105519018,-11.0130979836415,6.22547046369408));
#13955=CARTESIAN_POINT('Ctrl Pts',(1.26307299043091,-11.3135103184979,6.22483400054129));
#13956=CARTESIAN_POINT('Ctrl Pts',(2.27625047941548,-10.4225039525633,6.47479839832824));
#13957=CARTESIAN_POINT('Ctrl Pts',(2.07465415623554,-10.4205174039626,6.48022537544488));
#13958=CARTESIAN_POINT('Ctrl Pts',(1.60102672187533,-10.581720531316,6.48872055265345));
#13959=CARTESIAN_POINT('Ctrl Pts',(1.37415821252686,-11.0463700072716,6.48991890253699));
#13960=CARTESIAN_POINT('Ctrl Pts',(1.37459483040172,-11.3145838083182,6.48922694298421));
#13961=CARTESIAN_POINT('Ctrl Pts',(2.2798412740686,-10.6856084997122,6.58204438244721));
#13962=CARTESIAN_POINT('Ctrl Pts',(2.13647951249178,-10.6845790904709,6.58674568265146));
#13963=CARTESIAN_POINT('Ctrl Pts',(1.80098951233679,-10.7984301675001,6.59435499432139));
#13964=CARTESIAN_POINT('Ctrl Pts',(1.64089709520342,-11.1256913312298,6.5955568139611));
#13965=CARTESIAN_POINT('Ctrl Pts',(1.6413819670586,-11.3150128539769,6.59489785108452));
#13966=CARTESIAN_POINT('Ctrl Pts',(2.27980394179925,-10.8172098899324,6.5809293824114));
#13967=CARTESIAN_POINT('Ctrl Pts',(2.16599550110443,-10.8167340517043,6.58474393637532));
#13968=CARTESIAN_POINT('Ctrl Pts',(1.9003641320087,-10.9070717615685,6.59131376632646));
#13969=CARTESIAN_POINT('Ctrl Pts',(1.77362926971038,-11.1654841180727,6.59259163707996));
#13970=CARTESIAN_POINT('Ctrl Pts',(1.77408493838832,-11.3150009846898,6.59197452967888));
#13971=CARTESIAN_POINT('',(1.26307299043091,-11.3129713908143,6.09209992765264));
#13972=CARTESIAN_POINT('',(1.77408493838832,-11.3150009846897,6.59197452967887));
#13973=CARTESIAN_POINT('Origin',(1.76307299043092,-11.3129713908143,6.09209992765264));
#13974=CARTESIAN_POINT('Ctrl Pts',(1.77408493838832,-11.3150009846898,6.59197452967888));
#13975=CARTESIAN_POINT('Ctrl Pts',(1.77362926971038,-11.1654841180727,6.59259163707996));
#13976=CARTESIAN_POINT('Ctrl Pts',(1.9003641320087,-10.9070717615685,6.59131376632646));
#13977=CARTESIAN_POINT('Ctrl Pts',(2.16599550110443,-10.8167340517043,6.58474393637532));
#13978=CARTESIAN_POINT('Ctrl Pts',(2.27980394179925,-10.8172098899324,6.5809293824114));
#13979=CARTESIAN_POINT('Ctrl Pts',(2.26307299041698,-10.3129713908145,6.08122736081122));
#13980=CARTESIAN_POINT('Ctrl Pts',(2.03877529896153,-10.3129713908176,6.08498231236945));
#13981=CARTESIAN_POINT('Ctrl Pts',(1.5145197037435,-10.4959065950719,6.09144948872761));
#13982=CARTESIAN_POINT('Ctrl Pts',(1.26307299043099,-11.0137426852515,6.09270739275059));
#13983=CARTESIAN_POINT('Ctrl Pts',(1.26307299043091,-11.3129713908142,6.09209992765264));
#13984=CARTESIAN_POINT('Ctrl Pts',(1.26307299043092,-11.3129713908143,6.09209992765264));
#13985=CARTESIAN_POINT('Ctrl Pts',(1.26307299043092,-12.4796325311483,6.08736304305097));
#13986=CARTESIAN_POINT('Ctrl Pts',(1.26307299043092,-13.6463111039504,6.08779413385896));
#13987=CARTESIAN_POINT('Ctrl Pts',(1.26307299043092,-14.8129713908147,6.0927367540981));
#13988=CARTESIAN_POINT('Ctrl Pts',(1.26307299043092,-11.313510318498,6.22483400054129));
#13989=CARTESIAN_POINT('Ctrl Pts',(1.2630528379598,-12.4799717249208,6.2206964618926));
#13990=CARTESIAN_POINT('Ctrl Pts',(1.2630512382732,-13.6459003511075,6.22109493508787));
#13991=CARTESIAN_POINT('Ctrl Pts',(1.26307299043092,-14.8124093994335,6.22538967788595));
#13992=CARTESIAN_POINT('Ctrl Pts',(1.37461828805539,-11.3145837109549,6.48920296308278));
#13993=CARTESIAN_POINT('Ctrl Pts',(1.37567538147439,-12.4806491748985,6.48620703390599));
#13994=CARTESIAN_POINT('Ctrl Pts',(1.37561704872442,-13.6450808933397,6.48653939550018));
#13995=CARTESIAN_POINT('Ctrl Pts',(1.37447475411734,-14.8112900581417,6.48959994884589));
#13996=CARTESIAN_POINT('Ctrl Pts',(1.64138196705861,-11.315012853977,6.59489785108453));
#13997=CARTESIAN_POINT('Ctrl Pts',(1.64436596284182,-12.4809116460748,6.59106406877207));
#13998=CARTESIAN_POINT('Ctrl Pts',(1.6441999378344,-13.6447610016182,6.5914495751153));
#13999=CARTESIAN_POINT('Ctrl Pts',(1.64097401771824,-14.8108417710898,6.59541400602633));
#14000=CARTESIAN_POINT('Ctrl Pts',(1.77408493838832,-11.3150009846897,6.59197452967888));
#14001=CARTESIAN_POINT('Ctrl Pts',(1.77763814655036,-12.4809019484933,6.58716245643273));
#14002=CARTESIAN_POINT('Ctrl Pts',(1.77744124575229,-13.6447727815288,6.58760038995196));
#14003=CARTESIAN_POINT('Ctrl Pts',(1.7735987348547,-14.8108536018451,6.59262146448061));
#14004=CARTESIAN_POINT('',(1.26307299043092,-14.8129713908146,6.0927367540981));
#14005=CARTESIAN_POINT('',(1.7735987348547,-14.8108536018451,6.59262146448061));
#14006=CARTESIAN_POINT('Origin',(1.76307299043092,-14.8129713908147,6.0927367540981));
#14007=CARTESIAN_POINT('Ctrl Pts',(1.7735987348547,-14.8108536018451,6.59262146448061));
#14008=CARTESIAN_POINT('Ctrl Pts',(1.77744124575229,-13.6447727815288,6.58760038995196));
#14009=CARTESIAN_POINT('Ctrl Pts',(1.77763814655036,-12.4809019484933,6.58716245643273));
#14010=CARTESIAN_POINT('Ctrl Pts',(1.77408493838832,-11.3150009846897,6.59197452967888));
#14011=CARTESIAN_POINT('Ctrl Pts',(1.26307299043092,-11.3129713908143,6.09209992765264));
#14012=CARTESIAN_POINT('Ctrl Pts',(1.26307299043092,-12.4796325311483,6.08736304305097));
#14013=CARTESIAN_POINT('Ctrl Pts',(1.26307299043092,-13.6463111039504,6.08779413385896));
#14014=CARTESIAN_POINT('Ctrl Pts',(1.26307299043092,-14.8129713908147,6.0927367540981));
#14015=CARTESIAN_POINT('Ctrl Pts',(1.26307299043092,-14.8129713908149,6.0927367540981));
#14016=CARTESIAN_POINT('Ctrl Pts',(1.26307299043103,-15.1121952009891,6.09337059313285));
#14017=CARTESIAN_POINT('Ctrl Pts',(1.51450982979335,-15.6300227741639,6.09226567028889));
#14018=CARTESIAN_POINT('Ctrl Pts',(2.03876894829027,-15.8129713908116,6.08615179263593));
#14019=CARTESIAN_POINT('Ctrl Pts',(2.26307299041824,-15.8129713908145,6.08254709256363));
#14020=CARTESIAN_POINT('Ctrl Pts',(1.26307299043091,-14.8124093994337,6.22538967788595));
#14021=CARTESIAN_POINT('Ctrl Pts',(1.26290370295964,-15.1127829365782,6.22605071917149));
#14022=CARTESIAN_POINT('Ctrl Pts',(1.51493175541661,-15.6319949605014,6.22499020037518));
#14023=CARTESIAN_POINT('Ctrl Pts',(2.04208181616551,-15.8139387672349,6.21825339092346));
#14024=CARTESIAN_POINT('Ctrl Pts',(2.26730141486456,-15.8129713908145,6.21410487492012));
#14025=CARTESIAN_POINT('Ctrl Pts',(1.37448187145835,-14.8112900889362,6.48959268012866));
#14026=CARTESIAN_POINT('Ctrl Pts',(1.37402142152685,-15.0794442444243,6.4903058041187));
#14027=CARTESIAN_POINT('Ctrl Pts',(1.60067525545456,-15.5439400301621,6.48929646036568));
#14028=CARTESIAN_POINT('Ctrl Pts',(2.07411642221518,-15.7052955602806,6.48135101772389));
#14029=CARTESIAN_POINT('Ctrl Pts',(2.27572428566261,-15.7033746386221,6.47616328867431));
#14030=CARTESIAN_POINT('Ctrl Pts',(1.64097401771824,-14.8108417710898,6.59541400602633));
#14031=CARTESIAN_POINT('Ctrl Pts',(1.6404536876213,-15.0001582379602,6.59609676153102));
#14032=CARTESIAN_POINT('Ctrl Pts',(1.80042213898012,-15.3273819581385,6.59506543632325));
#14033=CARTESIAN_POINT('Ctrl Pts',(2.13581425595033,-15.4412627361004,6.58791729952199));
#14034=CARTESIAN_POINT('Ctrl Pts',(2.27917152305298,-15.440236023268,6.58341621743113));
#14035=CARTESIAN_POINT('Ctrl Pts',(1.7735987348547,-14.8108536018451,6.59262146448061));
#14036=CARTESIAN_POINT('Ctrl Pts',(1.77310597326668,-14.9603911964451,6.59326536445241));
#14037=CARTESIAN_POINT('Ctrl Pts',(1.89976182745939,-15.2188145190806,6.59214290315062));
#14038=CARTESIAN_POINT('Ctrl Pts',(2.16533882893394,-15.3091180718738,6.58593197982062));
#14039=CARTESIAN_POINT('Ctrl Pts',(2.2791346842577,-15.3086153005715,6.58227006228686));
#14040=CARTESIAN_POINT('',(2.26307299042458,-15.8129713908145,6.08254709256363));
#14041=CARTESIAN_POINT('',(2.2791346842577,-15.3086153005715,6.58227006228686));
#14042=CARTESIAN_POINT('Origin',(2.26307299042458,-15.3129713908145,6.08254709256363));
#14043=CARTESIAN_POINT('Ctrl Pts',(2.2791346842577,-15.3086153005715,6.58227006228686));
#14044=CARTESIAN_POINT('Ctrl Pts',(2.16533882893394,-15.3091180718738,6.58593197982062));
#14045=CARTESIAN_POINT('Ctrl Pts',(1.89976182745939,-15.2188145190806,6.59214290315062));
#14046=CARTESIAN_POINT('Ctrl Pts',(1.77310597326668,-14.9603911964451,6.59326536445241));
#14047=CARTESIAN_POINT('Ctrl Pts',(1.7735987348547,-14.8108536018451,6.59262146448061));
#14048=CARTESIAN_POINT('Ctrl Pts',(1.26307299043092,-14.8129713908149,6.0927367540981));
#14049=CARTESIAN_POINT('Ctrl Pts',(1.26307299043103,-15.1121952009891,6.09337059313285));
#14050=CARTESIAN_POINT('Ctrl Pts',(1.51450982979335,-15.6300227741639,6.09226567028889));
#14051=CARTESIAN_POINT('Ctrl Pts',(2.03876894829027,-15.8129713908116,6.08615179263593));
#14052=CARTESIAN_POINT('Ctrl Pts',(2.26307299041824,-15.8129713908145,6.08254709256363));
#14053=CARTESIAN_POINT('Ctrl Pts',(2.26307299042458,-15.8129713908145,6.08254709256363));
#14054=CARTESIAN_POINT('Ctrl Pts',(3.93815353196654,-15.8129713908145,6.02870800083852));
#14055=CARTESIAN_POINT('Ctrl Pts',(5.60649921599945,-15.8129713908145,5.83984707373124));
#14056=CARTESIAN_POINT('Ctrl Pts',(7.26307299043092,-15.8129713908145,5.58576677477798));
#14057=CARTESIAN_POINT('Ctrl Pts',(2.26790547550611,-15.8129713908145,6.23289884382815));
#14058=CARTESIAN_POINT('Ctrl Pts',(3.95045330465102,-15.8130312440074,6.18028259097314));
#14059=CARTESIAN_POINT('Ctrl Pts',(5.62702430902257,-15.8127106673078,5.99194775692644));
#14060=CARTESIAN_POINT('Ctrl Pts',(7.28717138771345,-15.8129713908145,5.74288550105674));
#14061=CARTESIAN_POINT('Ctrl Pts',(2.27627062997707,-15.6859437909619,6.49316154574836));
#14062=CARTESIAN_POINT('Ctrl Pts',(3.97163367435469,-15.6833641564655,6.44245697355097));
#14063=CARTESIAN_POINT('Ctrl Pts',(5.66265265263531,-15.6804675020933,6.25547880288798));
#14064=CARTESIAN_POINT('Ctrl Pts',(7.3287736542278,-15.6701347095777,6.01412740351239));
#14065=CARTESIAN_POINT('Ctrl Pts',(2.27916626036937,-15.4214330628828,6.5832524809819));
#14066=CARTESIAN_POINT('Ctrl Pts',(3.97892272398682,-15.414965908935,6.5302756197396));
#14067=CARTESIAN_POINT('Ctrl Pts',(5.67430831527386,-15.407284123172,6.34025806096309));
#14068=CARTESIAN_POINT('Ctrl Pts',(7.34028231150255,-15.3825714404583,6.08916250028621));
#14069=CARTESIAN_POINT('Ctrl Pts',(2.2791346842577,-15.3086153005715,6.58227006228686));
#14070=CARTESIAN_POINT('Ctrl Pts',(3.97876721118477,-15.3011060072064,6.52757638180421));
#14071=CARTESIAN_POINT('Ctrl Pts',(5.67382613327877,-15.2919016659003,6.33571766220315));
#14072=CARTESIAN_POINT('Ctrl Pts',(7.33850955607351,-15.2639292516698,6.0776043426316));
#14073=CARTESIAN_POINT('',(7.26307299043092,-15.8129713908145,5.58576677477798));
#14074=CARTESIAN_POINT('',(7.33850955607351,-15.2639292516698,6.0776043426316));
#14075=CARTESIAN_POINT('Origin',(7.26307299043092,-15.3129713908145,5.58576677477798));
#14076=CARTESIAN_POINT('Ctrl Pts',(7.33850955607351,-15.2639292516698,6.0776043426316));
#14077=CARTESIAN_POINT('Ctrl Pts',(5.67382613327877,-15.2919016659003,6.33571766220315));
#14078=CARTESIAN_POINT('Ctrl Pts',(3.97876721118477,-15.3011060072064,6.52757638180421));
#14079=CARTESIAN_POINT('Ctrl Pts',(2.2791346842577,-15.3086153005715,6.58227006228686));
#14080=CARTESIAN_POINT('Ctrl Pts',(2.26307299042458,-15.8129713908145,6.08254709256363));
#14081=CARTESIAN_POINT('Ctrl Pts',(3.93815353196654,-15.8129713908145,6.02870800083852));
#14082=CARTESIAN_POINT('Ctrl Pts',(5.60649921599945,-15.8129713908145,5.83984707373124));
#14083=CARTESIAN_POINT('Ctrl Pts',(7.26307299043092,-15.8129713908145,5.58576677477798));
#14084=CARTESIAN_POINT('Ctrl Pts',(7.26307299043092,-15.8129713908145,5.58576677477798));
#14085=CARTESIAN_POINT('Ctrl Pts',(7.48606286253105,-15.8129713908145,5.53446450176011));
#14086=CARTESIAN_POINT('Ctrl Pts',(8.01284794080778,-15.995204398173,5.43561389425578));
#14087=CARTESIAN_POINT('Ctrl Pts',(8.26307299043091,-16.5158707547659,5.53089871990878));
#14088=CARTESIAN_POINT('Ctrl Pts',(8.26307299043092,-16.8129713908145,5.60141208019302));
#14089=CARTESIAN_POINT('Ctrl Pts',(7.27512218907218,-15.8129713908145,5.66432613791736));
#14090=CARTESIAN_POINT('Ctrl Pts',(7.49698424255356,-15.8156684008924,5.61537327776218));
#14091=CARTESIAN_POINT('Ctrl Pts',(8.00915861273247,-15.9997342260254,5.52323444923799));
#14092=CARTESIAN_POINT('Ctrl Pts',(8.25939933406616,-16.5045209410725,5.61181158148683));
#14093=CARTESIAN_POINT('Ctrl Pts',(8.26307299043092,-16.8006512458785,5.67927653485647));
#14094=CARTESIAN_POINT('Ctrl Pts',(7.29916861658109,-15.7742754860301,5.8211060273623));
#14095=CARTESIAN_POINT('Ctrl Pts',(7.52745674971582,-15.7802039953107,5.77682051989378));
#14096=CARTESIAN_POINT('Ctrl Pts',(8.03653011558595,-15.9708698063061,5.69801214779724));
#14097=CARTESIAN_POINT('Ctrl Pts',(8.29296217580709,-16.4704988943171,5.77327002714968));
#14098=CARTESIAN_POINT('Ctrl Pts',(8.30113370488195,-16.7760626368834,5.83467881626574));
#14099=CARTESIAN_POINT('Ctrl Pts',(7.33200213090161,-15.5866916712823,6.03517669309222));
#14100=CARTESIAN_POINT('Ctrl Pts',(7.59862165021284,-15.5903830746082,5.99403534889205));
#14101=CARTESIAN_POINT('Ctrl Pts',(8.19235412551711,-15.8020401159835,5.92409901062941));
#14102=CARTESIAN_POINT('Ctrl Pts',(8.48029746331493,-16.3851277840837,5.99048403864467));
#14103=CARTESIAN_POINT('Ctrl Pts',(8.48586065897124,-16.7423401083931,6.04780831307102));
#14104=CARTESIAN_POINT('Ctrl Pts',(7.34028231150255,-15.3825714404583,6.0891625002862));
#14105=CARTESIAN_POINT('Ctrl Pts',(7.650570571638,-15.3800112000226,6.04277128612801));
#14106=CARTESIAN_POINT('Ctrl Pts',(8.36348413493985,-15.6153711203199,5.95799332104302));
#14107=CARTESIAN_POINT('Ctrl Pts',(8.69016500142011,-16.3185541069591,6.03922671916047));
#14108=CARTESIAN_POINT('Ctrl Pts',(8.6875461053429,-16.7335474505617,6.10337872321225));
#14109=CARTESIAN_POINT('Ctrl Pts',(7.33850955607351,-15.2639292516698,6.0776043426316));
#14110=CARTESIAN_POINT('Ctrl Pts',(7.67463181268444,-15.2582812402429,6.02548774781979));
#14111=CARTESIAN_POINT('Ctrl Pts',(8.45927934727765,-15.5107237768383,5.92506808305349));
#14112=CARTESIAN_POINT('Ctrl Pts',(8.81214261037917,-16.2860643610807,6.02186536625654));
#14113=CARTESIAN_POINT('Ctrl Pts',(8.80537186748648,-16.7351108354495,6.09349798622783));
#14114=CARTESIAN_POINT('Ctrl Pts',(8.80537186748648,-16.7351108354495,6.09349798622783));
#14115=CARTESIAN_POINT('Ctrl Pts',(8.81214261037917,-16.2860643610807,6.02186536625654));
#14116=CARTESIAN_POINT('Ctrl Pts',(8.45927934727765,-15.5107237768383,5.92506808305349));
#14117=CARTESIAN_POINT('Ctrl Pts',(7.67463181268444,-15.2582812402429,6.02548774781979));
#14118=CARTESIAN_POINT('Ctrl Pts',(7.33850955607351,-15.2639292516698,6.0776043426316));
#14119=CARTESIAN_POINT('Ctrl Pts',(7.26307299043092,-15.8129713908145,5.58576677477798));
#14120=CARTESIAN_POINT('Ctrl Pts',(7.48606286253105,-15.8129713908145,5.53446450176011));
#14121=CARTESIAN_POINT('Ctrl Pts',(8.01284794080778,-15.995204398173,5.43561389425578));
#14122=CARTESIAN_POINT('Ctrl Pts',(8.26307299043091,-16.5158707547659,5.53089871990878));
#14123=CARTESIAN_POINT('Ctrl Pts',(8.26307299043092,-16.8129713908145,5.60141208019302));
#14124=CARTESIAN_POINT('Origin',(14.7630729904309,-9.31297139081446,1.6));
#14125=CARTESIAN_POINT('',(13.7630729904309,-9.31297139081446,2.6));
#14126=CARTESIAN_POINT('Origin',(14.7630729904309,-9.31297139081446,2.6));
#14127=CARTESIAN_POINT('',(13.7630729904309,-9.31297139081446,1.6));
#14128=CARTESIAN_POINT('Origin',(14.7630729904309,-16.8129713908145,1.6));
#14129=CARTESIAN_POINT('Origin',(14.7630729904309,-16.8129713908145,2.6));
#14130=CARTESIAN_POINT('Ctrl Pts',(20.1773330522019,-10.730341927693,6.59826543234085));
#14131=CARTESIAN_POINT('Ctrl Pts',(22.4332797081628,-20.0657009999704,6.59826543234085));
#14132=CARTESIAN_POINT('Ctrl Pts',(13.0979206358854,-22.3216476559312,6.59826543234085));
#14133=CARTESIAN_POINT('Ctrl Pts',(3.76256156360806,-24.577594311892,6.59826543234085));
#14134=CARTESIAN_POINT('Ctrl Pts',(1.50661490764724,-15.2422352396146,6.59826543234085));
#14135=CARTESIAN_POINT('Ctrl Pts',(-0.749331748313566,-5.9068761673373,
6.59826543234085));
#14136=CARTESIAN_POINT('Ctrl Pts',(8.58602732396378,-3.65092951137648,6.59826543234085));
#14137=CARTESIAN_POINT('Ctrl Pts',(17.9213863962411,-1.39498285541567,6.59826543234085));
#14138=CARTESIAN_POINT('Ctrl Pts',(20.1773330522019,-10.730341927693,6.59826543234085));
#14139=CARTESIAN_POINT('Ctrl Pts',(16.4231132101924,-11.6375721298471,6.55804956609312));
#14140=CARTESIAN_POINT('Ctrl Pts',(17.7718296639991,-17.2187113601149,6.55804956609312));
#14141=CARTESIAN_POINT('Ctrl Pts',(12.1906904337313,-18.5674278139216,6.55804956609312));
#14142=CARTESIAN_POINT('Ctrl Pts',(6.60955120346352,-19.9161442677284,6.55804956609313));
#14143=CARTESIAN_POINT('Ctrl Pts',(5.26083474965679,-14.3350050374606,6.55804956609313));
#14144=CARTESIAN_POINT('Ctrl Pts',(3.91211829585007,-8.75386580719276,6.55804956609313));
#14145=CARTESIAN_POINT('Ctrl Pts',(9.49325752611787,-7.40514935338603,6.55804956609312));
#14146=CARTESIAN_POINT('Ctrl Pts',(15.0743967563857,-6.05643289957931,6.55804956609312));
#14147=CARTESIAN_POINT('Ctrl Pts',(16.4231132101924,-11.6375721298471,6.55804956609312));
#14148=CARTESIAN_POINT('Ctrl Pts',(12.7860155884985,-12.5164990306269,5.6));
#14149=CARTESIAN_POINT('Ctrl Pts',(13.2558051415255,-14.4605406392008,5.6));
#14150=CARTESIAN_POINT('Ctrl Pts',(11.3117635329515,-14.9303301922278,5.6));
#14151=CARTESIAN_POINT('Ctrl Pts',(9.36772192437758,-15.4001197452547,5.6));
#14152=CARTESIAN_POINT('Ctrl Pts',(8.89793237135065,-13.4560781366808,5.6));
#14153=CARTESIAN_POINT('Ctrl Pts',(8.42814281832372,-11.5120365281068,5.6));
#14154=CARTESIAN_POINT('Ctrl Pts',(10.3721844268977,-11.0422469750799,5.6));
#14155=CARTESIAN_POINT('Ctrl Pts',(12.3162260354716,-10.572457422053,5.6));
#14156=CARTESIAN_POINT('Ctrl Pts',(12.7860155884985,-12.5164990306269,5.6));
#14157=CARTESIAN_POINT('',(12.7860155884985,-12.5164990306269,5.6));
#14158=CARTESIAN_POINT('Origin',(10.8419739799246,-12.9862885836538,5.6));
#14159=CARTESIAN_POINT('Ctrl Pts',(12.7860155884985,-12.5164990306269,5.6));
#14160=CARTESIAN_POINT('Ctrl Pts',(16.2429533688064,-11.6811088581686,6.51059357897919));
#14161=CARTESIAN_POINT('Ctrl Pts',(19.8105254617173,-10.8189832269433,6.5921103325111));
#14162=CARTESIAN_POINT('Origin',(10.8419739799246,-12.9862885836538,5.6));
#14163=CARTESIAN_POINT('Origin',(12.7630729904309,-4.23628858365384,1.6));
#14164=CARTESIAN_POINT('',(12.7630729904309,-3.23628858365384,1.6));
#14165=CARTESIAN_POINT('',(13.7630729904309,-4.23628858365384,1.6));
#14166=CARTESIAN_POINT('Origin',(13.7630729904309,-3.23628858365384,1.6));
#14167=CARTESIAN_POINT('',(9.26307299043092,-3.23628858365383,1.6));
#14168=CARTESIAN_POINT('Origin',(9.26307299043092,-4.23628858365383,1.6));
#14169=CARTESIAN_POINT('',(8.26307299043092,-4.23628858365383,1.6));
#14170=CARTESIAN_POINT('Origin',(8.26307299043092,-3.23628858365383,1.6));
#14171=CARTESIAN_POINT('',(8.26307299043092,-7.01977622831688,2.6));
#14172=CARTESIAN_POINT('',(8.26307299043092,-7.01977622831688,1.6));
#14173=CARTESIAN_POINT('',(8.26307299043092,-9.31297139081446,2.6));
#14174=CARTESIAN_POINT('',(8.26307299043092,-8.11128858365383,2.6));
#14175=CARTESIAN_POINT('',(8.26307299043092,-9.31297139081446,1.6));
#14176=CARTESIAN_POINT('Origin',(7.26307299043092,-9.31297139081446,1.6));
#14177=CARTESIAN_POINT('',(7.26307299043092,-10.3129713908145,2.6));
#14178=CARTESIAN_POINT('Origin',(7.26307299043092,-9.31297139081446,2.6));
#14179=CARTESIAN_POINT('',(7.26307299043092,-10.3129713908145,1.6));
#14180=CARTESIAN_POINT('Origin',(2.26307299043091,-11.3129713908145,1.6));
#14181=CARTESIAN_POINT('',(1.26307299043092,-11.3129713908145,1.6));
#14182=CARTESIAN_POINT('',(2.26307299043091,-10.3129713908145,1.6));
#14183=CARTESIAN_POINT('Origin',(1.26307299043091,-10.3129713908145,1.6));
#14184=CARTESIAN_POINT('',(1.26307299043092,-14.8129713908145,1.6));
#14185=CARTESIAN_POINT('Origin',(2.26307299043092,-14.8129713908145,1.6));
#14186=CARTESIAN_POINT('',(2.26307299043092,-15.8129713908145,1.6));
#14187=CARTESIAN_POINT('Origin',(1.26307299043092,-15.8129713908145,1.6));
#14188=CARTESIAN_POINT('',(4.98878132055462,-15.8129713908145,2.6));
#14189=CARTESIAN_POINT('',(4.98878132055462,-15.8129713908145,1.6));
#14190=CARTESIAN_POINT('',(7.26307299043092,-15.8129713908145,2.6));
#14191=CARTESIAN_POINT('',(6.05252348517776,-15.8129713908145,2.6));
#14192=CARTESIAN_POINT('',(7.26307299043092,-15.8129713908145,1.6));
#14193=CARTESIAN_POINT('Origin',(7.26307299043092,-16.8129713908145,1.6));
#14194=CARTESIAN_POINT('Origin',(7.26307299043092,-16.8129713908145,2.6));
#14195=CARTESIAN_POINT('Origin',(10.8419739799246,-12.9862885836538,2.6));
#14196=CARTESIAN_POINT('Origin',(10.8419739799246,-12.9862885836538,2.6));
#14197=CARTESIAN_POINT('Origin',(10.8419739799246,-12.9862885836538,2.6));
#14198=CARTESIAN_POINT('Origin',(8.26307299043092,-10.3129713908145,1.6));
#14199=CARTESIAN_POINT('',(4.91716384064845,-10.3129713908145,2.6));
#14200=CARTESIAN_POINT('',(9.55252348517775,-10.3129713908145,2.6));
#14201=CARTESIAN_POINT('',(4.91716384064845,-10.3129713908145,1.6));
#14202=CARTESIAN_POINT('Origin',(13.7630729904309,-10.3129713908145,1.6));
#14203=CARTESIAN_POINT('',(13.7630729904309,-11.6496299872341,2.6));
#14204=CARTESIAN_POINT('Origin',(10.8419739799246,-12.9862885836538,2.6));
#14205=CARTESIAN_POINT('Origin',(10.8419739799246,-12.9862885836538,2.6));
#14206=CARTESIAN_POINT('Origin',(10.8419739799246,-12.9862885836538,2.6));
#14207=CARTESIAN_POINT('Origin',(10.8419739799246,-12.9862885836538,1.6));
#14208=CARTESIAN_POINT('Origin',(10.8419739799246,-12.9862885836538,1.6));
#14209=CARTESIAN_POINT('Origin',(45.0130729904309,-12.9862885836538,2.5));
#14210=CARTESIAN_POINT('',(41.7130729904309,-12.9862885836538,2.6));
#14211=CARTESIAN_POINT('Origin',(45.0130729904309,-12.9862885836538,2.6));
#14212=CARTESIAN_POINT('',(41.5130729904309,-12.9862885836538,2.4));
#14213=CARTESIAN_POINT('',(41.6130729904309,-12.9862885836538,2.5));
#14214=CARTESIAN_POINT('Origin',(45.0130729904309,-12.9862885836538,2.4));
#14215=CARTESIAN_POINT('Origin',(45.0130729904309,-12.9862885836538,1.6));
#14216=CARTESIAN_POINT('',(41.5130729904309,-12.9862885836538,1.8));
#14217=CARTESIAN_POINT('',(41.5130729904309,-12.9862885836538,1.6));
#14218=CARTESIAN_POINT('Origin',(45.0130729904309,-12.9862885836538,1.8));
#14219=CARTESIAN_POINT('Origin',(45.0130729904309,-12.9862885836538,2.6));
#14220=CARTESIAN_POINT('',(42.2630729904309,-12.9862885836538,2.6));
#14221=CARTESIAN_POINT('Origin',(45.0130729904309,-12.9862885836538,2.6));
#14222=CARTESIAN_POINT('Origin',(45.0130729904309,-12.9862885836538,1.7));
#14223=CARTESIAN_POINT('',(41.7130729904309,-12.9862885836538,1.6));
#14224=CARTESIAN_POINT('',(41.6130729904309,-12.9862885836538,1.7));
#14225=CARTESIAN_POINT('Origin',(45.0130729904309,-12.9862885836538,1.6));
#14226=CARTESIAN_POINT('Origin',(45.0130729904309,-12.9862885836538,1.6));
#14227=CARTESIAN_POINT('Origin',(45.0130729904309,-12.9862885836538,5.65));
#14228=CARTESIAN_POINT('',(43.0130729904309,-12.9862885836538,6.4));
#14229=CARTESIAN_POINT('Origin',(45.0130729904309,-12.9862885836538,6.4));
#14230=CARTESIAN_POINT('',(42.2630729904309,-12.9862885836538,5.65));
#14231=CARTESIAN_POINT('Origin',(43.0130729904309,-12.9862885836538,5.65));
#14232=CARTESIAN_POINT('Origin',(45.0130729904309,-12.9862885836538,5.65));
#14233=CARTESIAN_POINT('Origin',(45.0130729904309,-12.9862885836538,1.6));
#14234=CARTESIAN_POINT('',(42.2630729904309,-12.9862885836538,1.6));
#14235=CARTESIAN_POINT('Origin',(45.0130729904309,-12.9862885836538,6.4));
#14236=CARTESIAN_POINT('Origin',(56.7630729904309,-12.9862885836538,1.7));
#14237=CARTESIAN_POINT('',(53.2630729904309,-12.9862885836538,1.8));
#14238=CARTESIAN_POINT('Origin',(56.7630729904309,-12.9862885836538,1.8));
#14239=CARTESIAN_POINT('',(53.4630729904309,-12.9862885836538,1.6));
#14240=CARTESIAN_POINT('',(53.3630729904309,-12.9862885836538,1.7));
#14241=CARTESIAN_POINT('Origin',(56.7630729904309,-12.9862885836538,1.6));
#14242=CARTESIAN_POINT('Origin',(56.7630729904309,-12.9862885836538,1.6));
#14243=CARTESIAN_POINT('',(53.2630729904309,-12.9862885836538,2.4));
#14244=CARTESIAN_POINT('Origin',(56.7630729904309,-12.9862885836538,2.4));
#14245=CARTESIAN_POINT('',(53.2630729904309,-12.9862885836538,1.6));
#14246=CARTESIAN_POINT('Origin',(56.7630729904309,-12.9862885836538,1.6));
#14247=CARTESIAN_POINT('Origin',(56.7630729904309,-12.9862885836538,2.5));
#14248=CARTESIAN_POINT('',(53.4630729904309,-12.9862885836538,2.6));
#14249=CARTESIAN_POINT('Origin',(56.7630729904309,-12.9862885836538,2.6));
#14250=CARTESIAN_POINT('',(53.3630729904309,-12.9862885836538,2.5));
#14251=CARTESIAN_POINT('Origin',(56.7630729904309,-12.9862885836538,2.6));
#14252=CARTESIAN_POINT('',(54.0130729904309,-12.9862885836538,2.6));
#14253=CARTESIAN_POINT('Origin',(56.7630729904309,-12.9862885836538,2.6));
#14254=CARTESIAN_POINT('Origin',(56.7630729904309,-12.9862885836538,5.65));
#14255=CARTESIAN_POINT('',(54.7630729904309,-12.9862885836538,6.4));
#14256=CARTESIAN_POINT('Origin',(56.7630729904309,-12.9862885836538,6.4));
#14257=CARTESIAN_POINT('',(54.0130729904309,-12.9862885836538,5.65));
#14258=CARTESIAN_POINT('Origin',(54.7630729904309,-12.9862885836538,5.65));
#14259=CARTESIAN_POINT('Origin',(56.7630729904309,-12.9862885836538,5.65));
#14260=CARTESIAN_POINT('Origin',(56.7630729904309,-12.9862885836538,1.6));
#14261=CARTESIAN_POINT('',(54.0130729904309,-12.9862885836538,1.6));
#14262=CARTESIAN_POINT('Origin',(56.7630729904309,-12.9862885836538,6.4));
#14263=CARTESIAN_POINT('Origin',(30.2630729904309,-18.5862885836538,1.7));
#14264=CARTESIAN_POINT('',(23.5130729904309,-18.4862885836538,1.8));
#14265=CARTESIAN_POINT('',(32.5130729904309,-18.4862885836538,1.8));
#14266=CARTESIAN_POINT('',(30.2630729904309,-18.4862885836538,1.8));
#14267=CARTESIAN_POINT('',(32.3130729904309,-18.6862885836538,1.6));
#14268=CARTESIAN_POINT('',(32.5130729904309,-18.4862885836538,1.8));
#14269=CARTESIAN_POINT('',(23.7130729904309,-18.6862885836538,1.6));
#14270=CARTESIAN_POINT('',(30.2630729904309,-18.6862885836538,1.6));
#14271=CARTESIAN_POINT('',(23.7130729904309,-18.6862885836538,1.6));
#14272=CARTESIAN_POINT('Origin',(32.4130729904309,-22.2362885836538,1.7));
#14273=CARTESIAN_POINT('',(32.3130729904309,-23.2862885836538,1.6));
#14274=CARTESIAN_POINT('',(32.3130729904309,-22.2362885836538,1.6));
#14275=CARTESIAN_POINT('',(32.5130729904309,-23.4862885836538,1.8));
#14276=CARTESIAN_POINT('',(32.5130729904309,-22.2362885836538,1.8));
#14277=CARTESIAN_POINT('',(32.3130729904309,-23.2862885836538,1.6));
#14278=CARTESIAN_POINT('Origin',(23.6130729904309,-19.7362885836538,1.7));
#14279=CARTESIAN_POINT('',(23.5130729904309,-23.4862885836538,1.8));
#14280=CARTESIAN_POINT('',(23.5130729904309,-19.7362885836538,1.8));
#14281=CARTESIAN_POINT('',(23.7130729904309,-23.2862885836538,1.6));
#14282=CARTESIAN_POINT('',(23.7130729904309,-19.7362885836538,1.6));
#14283=CARTESIAN_POINT('',(23.7130729904309,-23.2862885836538,1.6));
#14284=CARTESIAN_POINT('Origin',(25.7630729904309,-23.3862885836538,1.7));
#14285=CARTESIAN_POINT('',(25.7630729904309,-23.4862885836538,1.8));
#14286=CARTESIAN_POINT('',(25.7630729904309,-23.2862885836538,1.6));
#14287=CARTESIAN_POINT('Origin',(32.5130729904309,-23.4862885836538,1.6));
#14288=CARTESIAN_POINT('',(32.5130729904309,-18.4862885836538,2.4));
#14289=CARTESIAN_POINT('',(32.5130729904309,-18.4862885836538,1.6));
#14290=CARTESIAN_POINT('',(32.5130729904309,-23.4862885836538,2.4));
#14291=CARTESIAN_POINT('',(32.5130729904309,-22.2362885836538,2.4));
#14292=CARTESIAN_POINT('',(32.5130729904309,-23.4862885836538,1.6));
#14293=CARTESIAN_POINT('Origin',(32.5130729904309,-18.4862885836538,1.6));
#14294=CARTESIAN_POINT('',(23.5130729904309,-18.4862885836538,2.4));
#14295=CARTESIAN_POINT('',(23.5130729904309,-18.4862885836538,1.6));
#14296=CARTESIAN_POINT('',(30.2630729904309,-18.4862885836538,2.4));
#14297=CARTESIAN_POINT('Origin',(28.0130729904309,-20.9862885836538,1.6));
#14298=CARTESIAN_POINT('Origin',(25.7630729904309,-23.3862885836538,2.5));
#14299=CARTESIAN_POINT('',(32.3130729904309,-23.2862885836538,2.6));
#14300=CARTESIAN_POINT('',(23.7130729904309,-23.2862885836538,2.6));
#14301=CARTESIAN_POINT('',(25.7630729904309,-23.2862885836538,2.6));
#14302=CARTESIAN_POINT('',(23.5130729904309,-23.4862885836538,2.4));
#14303=CARTESIAN_POINT('',(23.7130729904309,-23.2862885836538,2.6));
#14304=CARTESIAN_POINT('',(25.7630729904309,-23.4862885836538,2.4));
#14305=CARTESIAN_POINT('',(32.3130729904309,-23.2862885836538,2.6));
#14306=CARTESIAN_POINT('Origin',(23.6130729904309,-19.7362885836538,2.5));
#14307=CARTESIAN_POINT('',(23.7130729904309,-18.6862885836538,2.6));
#14308=CARTESIAN_POINT('',(23.7130729904309,-19.7362885836538,2.6));
#14309=CARTESIAN_POINT('',(23.7130729904309,-18.6862885836538,2.6));
#14310=CARTESIAN_POINT('',(23.5130729904309,-19.7362885836538,2.4));
#14311=CARTESIAN_POINT('Origin',(30.2630729904309,-18.5862885836538,2.5));
#14312=CARTESIAN_POINT('',(32.3130729904309,-18.6862885836538,2.6));
#14313=CARTESIAN_POINT('',(30.2630729904309,-18.6862885836538,2.6));
#14314=CARTESIAN_POINT('',(32.3130729904309,-18.6862885836538,2.6));
#14315=CARTESIAN_POINT('Origin',(32.4130729904309,-22.2362885836538,2.5));
#14316=CARTESIAN_POINT('',(32.3130729904309,-22.2362885836538,2.6));
#14317=CARTESIAN_POINT('Origin',(23.5130729904309,-23.4862885836538,1.6));
#14318=CARTESIAN_POINT('',(23.5130729904309,-23.4862885836538,1.6));
#14319=CARTESIAN_POINT('Origin',(28.0130729904309,-20.9862885836538,2.6));
#14320=CARTESIAN_POINT('',(30.0130729904309,-22.2362885836538,2.6));
#14321=CARTESIAN_POINT('',(30.0130729904309,-19.7362885836538,2.6));
#14322=CARTESIAN_POINT('Origin',(30.0130729904309,-20.9862885836538,2.6));
#14323=CARTESIAN_POINT('',(26.0130729904309,-22.2362885836538,2.6));
#14324=CARTESIAN_POINT('',(26.3880729904309,-22.2362885836538,2.6));
#14325=CARTESIAN_POINT('',(26.0130729904309,-19.7362885836538,2.6));
#14326=CARTESIAN_POINT('Origin',(26.0130729904309,-20.9862885836538,2.6));
#14327=CARTESIAN_POINT('',(29.6380729904309,-19.7362885836538,2.6));
#14328=CARTESIAN_POINT('Ctrl Pts',(30.0130729904309,-20.4862885836538,5.6));
#14329=CARTESIAN_POINT('Ctrl Pts',(30.5130729904309,-20.4862885836538,5.6));
#14330=CARTESIAN_POINT('Ctrl Pts',(30.5130729904309,-20.9862885836538,5.6));
#14331=CARTESIAN_POINT('Ctrl Pts',(30.5130729904309,-21.4862885836538,5.6));
#14332=CARTESIAN_POINT('Ctrl Pts',(30.0130729904309,-21.4862885836538,5.6));
#14333=CARTESIAN_POINT('Ctrl Pts',(30.0130729904309,-19.7362885836538,5.6));
#14334=CARTESIAN_POINT('Ctrl Pts',(31.2630729904309,-19.7362885836538,5.6));
#14335=CARTESIAN_POINT('Ctrl Pts',(31.2630729904309,-20.9862885836538,5.6));
#14336=CARTESIAN_POINT('Ctrl Pts',(31.2630729904309,-22.2362885836538,5.6));
#14337=CARTESIAN_POINT('Ctrl Pts',(30.0130729904309,-22.2362885836538,5.6));
#14338=CARTESIAN_POINT('Ctrl Pts',(30.0130729904309,-19.7362885836538,4.85));
#14339=CARTESIAN_POINT('Ctrl Pts',(31.2630729904309,-19.7362885836538,4.85));
#14340=CARTESIAN_POINT('Ctrl Pts',(31.2630729904309,-20.9862885836538,4.85));
#14341=CARTESIAN_POINT('Ctrl Pts',(31.2630729904309,-22.2362885836538,4.85));
#14342=CARTESIAN_POINT('Ctrl Pts',(30.0130729904309,-22.2362885836538,4.85));
#14343=CARTESIAN_POINT('',(30.0130729904309,-19.7362885836538,4.85));
#14344=CARTESIAN_POINT('',(30.0130729904309,-20.4862885836538,5.6));
#14345=CARTESIAN_POINT('Origin',(30.0130729904309,-20.4862885836538,4.85));
#14346=CARTESIAN_POINT('',(30.0130729904309,-21.4862885836538,5.6));
#14347=CARTESIAN_POINT('Origin',(30.0130729904309,-20.9862885836538,5.6));
#14348=CARTESIAN_POINT('',(30.0130729904309,-22.2362885836538,4.85));
#14349=CARTESIAN_POINT('Origin',(30.0130729904309,-21.4862885836538,4.85));
#14350=CARTESIAN_POINT('Origin',(30.0130729904309,-20.9862885836538,4.85));
#14351=CARTESIAN_POINT('Origin',(26.3880729904309,-21.4862885836538,4.85));
#14352=CARTESIAN_POINT('',(26.0130729904309,-21.4862885836538,5.6));
#14353=CARTESIAN_POINT('',(26.0130729904309,-22.2362885836538,4.85));
#14354=CARTESIAN_POINT('Origin',(26.0130729904309,-21.4862885836538,4.85));
#14355=CARTESIAN_POINT('',(26.3880729904309,-22.2362885836538,4.85));
#14356=CARTESIAN_POINT('',(26.3880729904309,-21.4862885836538,5.6));
#14357=CARTESIAN_POINT('Ctrl Pts',(26.0130729904309,-21.4862885836538,5.6));
#14358=CARTESIAN_POINT('Ctrl Pts',(25.5130729904309,-21.4862885836538,5.6));
#14359=CARTESIAN_POINT('Ctrl Pts',(25.5130729904309,-20.9862885836538,5.6));
#14360=CARTESIAN_POINT('Ctrl Pts',(25.5130729904309,-20.4862885836538,5.6));
#14361=CARTESIAN_POINT('Ctrl Pts',(26.0130729904309,-20.4862885836538,5.6));
#14362=CARTESIAN_POINT('Ctrl Pts',(26.0130729904309,-22.2362885836538,5.6));
#14363=CARTESIAN_POINT('Ctrl Pts',(24.7630729904309,-22.2362885836538,5.6));
#14364=CARTESIAN_POINT('Ctrl Pts',(24.7630729904309,-20.9862885836538,5.6));
#14365=CARTESIAN_POINT('Ctrl Pts',(24.7630729904309,-19.7362885836538,5.6));
#14366=CARTESIAN_POINT('Ctrl Pts',(26.0130729904309,-19.7362885836538,5.6));
#14367=CARTESIAN_POINT('Ctrl Pts',(26.0130729904309,-22.2362885836538,4.85));
#14368=CARTESIAN_POINT('Ctrl Pts',(24.7630729904309,-22.2362885836538,4.85));
#14369=CARTESIAN_POINT('Ctrl Pts',(24.7630729904309,-20.9862885836538,4.85));
#14370=CARTESIAN_POINT('Ctrl Pts',(24.7630729904309,-19.7362885836538,4.85));
#14371=CARTESIAN_POINT('Ctrl Pts',(26.0130729904309,-19.7362885836538,4.85));
#14372=CARTESIAN_POINT('',(26.0130729904309,-20.4862885836538,5.6));
#14373=CARTESIAN_POINT('',(26.0130729904309,-19.7362885836538,4.85));
#14374=CARTESIAN_POINT('Origin',(26.0130729904309,-20.4862885836538,4.85));
#14375=CARTESIAN_POINT('Origin',(26.0130729904309,-20.9862885836538,4.85));
#14376=CARTESIAN_POINT('Origin',(26.0130729904309,-20.9862885836538,5.6));
#14377=CARTESIAN_POINT('Origin',(29.6380729904309,-20.4862885836538,4.85));
#14378=CARTESIAN_POINT('',(29.6380729904309,-20.4862885836538,5.6));
#14379=CARTESIAN_POINT('',(29.6380729904309,-19.7362885836538,4.85));
#14380=CARTESIAN_POINT('Origin',(31.2630729904309,-19.7362885836538,1.6));
#14381=CARTESIAN_POINT('',(30.0130729904309,-19.7362885836538,1.6));
#14382=CARTESIAN_POINT('',(26.0130729904309,-19.7362885836538,1.6));
#14383=CARTESIAN_POINT('Origin',(30.0130729904309,-20.9862885836538,1.6));
#14384=CARTESIAN_POINT('',(30.0130729904309,-22.2362885836538,1.6));
#14385=CARTESIAN_POINT('Origin',(28.0130729904309,-20.9862885836538,5.6));
#14386=CARTESIAN_POINT('Origin',(24.7630729904309,-22.2362885836538,1.6));
#14387=CARTESIAN_POINT('',(26.0130729904309,-22.2362885836538,1.6));
#14388=CARTESIAN_POINT('Origin',(26.0130729904309,-20.9862885836538,1.6));
#14389=CARTESIAN_POINT('Origin',(23.5130729904309,-18.4862885836538,1.6));
#14390=CARTESIAN_POINT('Origin',(35.7630729904309,-23.3862885836538,1.7));
#14391=CARTESIAN_POINT('',(42.5130729904309,-23.4862885836538,1.8));
#14392=CARTESIAN_POINT('',(33.5130729904309,-23.4862885836538,1.8));
#14393=CARTESIAN_POINT('',(35.7630729904309,-23.4862885836538,1.8));
#14394=CARTESIAN_POINT('',(33.7130729904309,-23.2862885836538,1.6));
#14395=CARTESIAN_POINT('',(33.5130729904309,-23.4862885836538,1.8));
#14396=CARTESIAN_POINT('',(42.3130729904309,-23.2862885836538,1.6));
#14397=CARTESIAN_POINT('',(35.7630729904309,-23.2862885836538,1.6));
#14398=CARTESIAN_POINT('',(42.3130729904309,-23.2862885836538,1.6));
#14399=CARTESIAN_POINT('Origin',(33.6130729904309,-19.7362885836538,1.7));
#14400=CARTESIAN_POINT('',(33.7130729904309,-18.6862885836538,1.6));
#14401=CARTESIAN_POINT('',(33.7130729904309,-19.7362885836538,1.6));
#14402=CARTESIAN_POINT('',(33.5130729904309,-18.4862885836538,1.8));
#14403=CARTESIAN_POINT('',(33.5130729904309,-19.7362885836538,1.8));
#14404=CARTESIAN_POINT('',(33.7130729904309,-18.6862885836538,1.6));
#14405=CARTESIAN_POINT('Origin',(42.4130729904309,-22.2362885836538,1.7));
#14406=CARTESIAN_POINT('',(42.5130729904309,-18.4862885836538,1.8));
#14407=CARTESIAN_POINT('',(42.5130729904309,-22.2362885836538,1.8));
#14408=CARTESIAN_POINT('',(42.3130729904309,-18.6862885836538,1.6));
#14409=CARTESIAN_POINT('',(42.3130729904309,-22.2362885836538,1.6));
#14410=CARTESIAN_POINT('',(42.3130729904309,-18.6862885836538,1.6));
#14411=CARTESIAN_POINT('Origin',(40.2630729904309,-18.5862885836538,1.7));
#14412=CARTESIAN_POINT('',(40.2630729904309,-18.4862885836538,1.8));
#14413=CARTESIAN_POINT('',(40.2630729904309,-18.6862885836538,1.6));
#14414=CARTESIAN_POINT('Origin',(33.5130729904309,-18.4862885836538,1.6));
#14415=CARTESIAN_POINT('',(33.5130729904309,-23.4862885836538,2.4));
#14416=CARTESIAN_POINT('',(33.5130729904309,-23.4862885836538,1.6));
#14417=CARTESIAN_POINT('',(33.5130729904309,-18.4862885836538,2.4));
#14418=CARTESIAN_POINT('',(33.5130729904309,-19.7362885836538,2.4));
#14419=CARTESIAN_POINT('',(33.5130729904309,-18.4862885836538,1.6));
#14420=CARTESIAN_POINT('Origin',(33.5130729904309,-23.4862885836538,1.6));
#14421=CARTESIAN_POINT('',(42.5130729904309,-23.4862885836538,2.4));
#14422=CARTESIAN_POINT('',(42.5130729904309,-23.4862885836538,1.6));
#14423=CARTESIAN_POINT('',(35.7630729904309,-23.4862885836538,2.4));
#14424=CARTESIAN_POINT('Origin',(38.0130729904309,-20.9862885836538,1.6));
#14425=CARTESIAN_POINT('Origin',(40.2630729904309,-18.5862885836538,2.5));
#14426=CARTESIAN_POINT('',(33.7130729904309,-18.6862885836538,2.6));
#14427=CARTESIAN_POINT('',(42.3130729904309,-18.6862885836538,2.6));
#14428=CARTESIAN_POINT('',(40.2630729904309,-18.6862885836538,2.6));
#14429=CARTESIAN_POINT('',(42.5130729904309,-18.4862885836538,2.4));
#14430=CARTESIAN_POINT('',(42.3130729904309,-18.6862885836538,2.6));
#14431=CARTESIAN_POINT('',(40.2630729904309,-18.4862885836538,2.4));
#14432=CARTESIAN_POINT('',(33.7130729904309,-18.6862885836538,2.6));
#14433=CARTESIAN_POINT('Origin',(42.4130729904309,-22.2362885836538,2.5));
#14434=CARTESIAN_POINT('',(42.3130729904309,-23.2862885836538,2.6));
#14435=CARTESIAN_POINT('',(42.3130729904309,-22.2362885836538,2.6));
#14436=CARTESIAN_POINT('',(42.3130729904309,-23.2862885836538,2.6));
#14437=CARTESIAN_POINT('',(42.5130729904309,-22.2362885836538,2.4));
#14438=CARTESIAN_POINT('Origin',(35.7630729904309,-23.3862885836538,2.5));
#14439=CARTESIAN_POINT('',(33.7130729904309,-23.2862885836538,2.6));
#14440=CARTESIAN_POINT('',(35.7630729904309,-23.2862885836538,2.6));
#14441=CARTESIAN_POINT('',(33.7130729904309,-23.2862885836538,2.6));
#14442=CARTESIAN_POINT('Origin',(33.6130729904309,-19.7362885836538,2.5));
#14443=CARTESIAN_POINT('',(33.7130729904309,-19.7362885836538,2.6));
#14444=CARTESIAN_POINT('Origin',(42.5130729904309,-18.4862885836538,1.6));
#14445=CARTESIAN_POINT('',(42.5130729904309,-18.4862885836538,1.6));
#14446=CARTESIAN_POINT('Origin',(38.0130729904309,-20.9862885836538,2.6));
#14447=CARTESIAN_POINT('',(36.0130729904309,-19.7362885836538,2.6));
#14448=CARTESIAN_POINT('',(40.0130729904309,-19.7362885836538,2.6));
#14449=CARTESIAN_POINT('',(39.6380729904309,-19.7362885836538,2.6));
#14450=CARTESIAN_POINT('',(40.0130729904309,-22.2362885836538,2.6));
#14451=CARTESIAN_POINT('Origin',(40.0130729904309,-20.9862885836538,2.6));
#14452=CARTESIAN_POINT('',(36.0130729904309,-22.2362885836538,2.6));
#14453=CARTESIAN_POINT('',(36.3880729904309,-22.2362885836538,2.6));
#14454=CARTESIAN_POINT('Origin',(36.0130729904309,-20.9862885836538,2.6));
#14455=CARTESIAN_POINT('Origin',(39.6380729904309,-20.4862885836538,4.85));
#14456=CARTESIAN_POINT('',(40.0130729904309,-20.4862885836538,5.6));
#14457=CARTESIAN_POINT('',(40.0130729904309,-19.7362885836538,4.85));
#14458=CARTESIAN_POINT('Origin',(40.0130729904309,-20.4862885836538,4.85));
#14459=CARTESIAN_POINT('',(36.0130729904309,-19.7362885836538,4.85));
#14460=CARTESIAN_POINT('',(39.6380729904309,-19.7362885836538,4.85));
#14461=CARTESIAN_POINT('',(36.0130729904309,-20.4862885836538,5.6));
#14462=CARTESIAN_POINT('Origin',(36.0130729904309,-20.4862885836538,4.85));
#14463=CARTESIAN_POINT('',(39.6380729904309,-20.4862885836538,5.6));
#14464=CARTESIAN_POINT('Ctrl Pts',(36.0130729904309,-21.4862885836538,5.6));
#14465=CARTESIAN_POINT('Ctrl Pts',(35.5130729904309,-21.4862885836538,5.6));
#14466=CARTESIAN_POINT('Ctrl Pts',(35.5130729904309,-20.9862885836538,5.6));
#14467=CARTESIAN_POINT('Ctrl Pts',(35.5130729904309,-20.4862885836538,5.6));
#14468=CARTESIAN_POINT('Ctrl Pts',(36.0130729904309,-20.4862885836538,5.6));
#14469=CARTESIAN_POINT('Ctrl Pts',(36.0130729904309,-22.2362885836538,5.6));
#14470=CARTESIAN_POINT('Ctrl Pts',(34.7630729904309,-22.2362885836538,5.6));
#14471=CARTESIAN_POINT('Ctrl Pts',(34.7630729904309,-20.9862885836538,5.6));
#14472=CARTESIAN_POINT('Ctrl Pts',(34.7630729904309,-19.7362885836538,5.6));
#14473=CARTESIAN_POINT('Ctrl Pts',(36.0130729904309,-19.7362885836538,5.6));
#14474=CARTESIAN_POINT('Ctrl Pts',(36.0130729904309,-22.2362885836538,4.85));
#14475=CARTESIAN_POINT('Ctrl Pts',(34.7630729904309,-22.2362885836538,4.85));
#14476=CARTESIAN_POINT('Ctrl Pts',(34.7630729904309,-20.9862885836538,4.85));
#14477=CARTESIAN_POINT('Ctrl Pts',(34.7630729904309,-19.7362885836538,4.85));
#14478=CARTESIAN_POINT('Ctrl Pts',(36.0130729904309,-19.7362885836538,4.85));
#14479=CARTESIAN_POINT('',(36.0130729904309,-22.2362885836538,4.85));
#14480=CARTESIAN_POINT('',(36.0130729904309,-21.4862885836538,5.6));
#14481=CARTESIAN_POINT('Origin',(36.0130729904309,-21.4862885836538,4.85));
#14482=CARTESIAN_POINT('Origin',(36.0130729904309,-20.9862885836538,5.6));
#14483=CARTESIAN_POINT('Origin',(36.0130729904309,-20.9862885836538,4.85));
#14484=CARTESIAN_POINT('Origin',(36.3880729904309,-21.4862885836538,4.85));
#14485=CARTESIAN_POINT('',(40.0130729904309,-22.2362885836538,4.85));
#14486=CARTESIAN_POINT('',(40.0130729904309,-21.4862885836538,5.6));
#14487=CARTESIAN_POINT('Origin',(40.0130729904309,-21.4862885836538,4.85));
#14488=CARTESIAN_POINT('',(36.3880729904309,-21.4862885836538,5.6));
#14489=CARTESIAN_POINT('',(36.3880729904309,-22.2362885836538,4.85));
#14490=CARTESIAN_POINT('Ctrl Pts',(40.0130729904309,-20.4862885836538,5.6));
#14491=CARTESIAN_POINT('Ctrl Pts',(40.5130729904309,-20.4862885836538,5.6));
#14492=CARTESIAN_POINT('Ctrl Pts',(40.5130729904309,-20.9862885836538,5.6));
#14493=CARTESIAN_POINT('Ctrl Pts',(40.5130729904309,-21.4862885836538,5.6));
#14494=CARTESIAN_POINT('Ctrl Pts',(40.0130729904309,-21.4862885836538,5.6));
#14495=CARTESIAN_POINT('Ctrl Pts',(40.0130729904309,-19.7362885836538,5.6));
#14496=CARTESIAN_POINT('Ctrl Pts',(41.2630729904309,-19.7362885836538,5.6));
#14497=CARTESIAN_POINT('Ctrl Pts',(41.2630729904309,-20.9862885836538,5.6));
#14498=CARTESIAN_POINT('Ctrl Pts',(41.2630729904309,-22.2362885836538,5.6));
#14499=CARTESIAN_POINT('Ctrl Pts',(40.0130729904309,-22.2362885836538,5.6));
#14500=CARTESIAN_POINT('Ctrl Pts',(40.0130729904309,-19.7362885836538,4.85));
#14501=CARTESIAN_POINT('Ctrl Pts',(41.2630729904309,-19.7362885836538,4.85));
#14502=CARTESIAN_POINT('Ctrl Pts',(41.2630729904309,-20.9862885836538,4.85));
#14503=CARTESIAN_POINT('Ctrl Pts',(41.2630729904309,-22.2362885836538,4.85));
#14504=CARTESIAN_POINT('Ctrl Pts',(40.0130729904309,-22.2362885836538,4.85));
#14505=CARTESIAN_POINT('Origin',(40.0130729904309,-20.9862885836538,4.85));
#14506=CARTESIAN_POINT('Origin',(40.0130729904309,-20.9862885836538,5.6));
#14507=CARTESIAN_POINT('Origin',(36.0130729904309,-20.9862885836538,1.6));
#14508=CARTESIAN_POINT('',(36.0130729904309,-19.7362885836538,1.6));
#14509=CARTESIAN_POINT('',(36.0130729904309,-22.2362885836538,1.6));
#14510=CARTESIAN_POINT('Origin',(41.2630729904309,-19.7362885836538,1.6));
#14511=CARTESIAN_POINT('',(40.0130729904309,-19.7362885836538,1.6));
#14512=CARTESIAN_POINT('Origin',(38.0130729904309,-20.9862885836538,5.6));
#14513=CARTESIAN_POINT('Origin',(40.0130729904309,-20.9862885836538,1.6));
#14514=CARTESIAN_POINT('',(40.0130729904309,-22.2362885836538,1.6));
#14515=CARTESIAN_POINT('Origin',(34.7630729904309,-22.2362885836538,1.6));
#14516=CARTESIAN_POINT('Origin',(42.5130729904309,-23.4862885836538,1.6));
#14517=UNCERTAINTY_MEASURE_WITH_UNIT(LENGTH_MEASURE(0.01),#14521,
'DISTANCE_ACCURACY_VALUE',
'Maximum model space distance between geometric entities at asserted c
onnectivities');
#14518=UNCERTAINTY_MEASURE_WITH_UNIT(LENGTH_MEASURE(0.01),#14521,
'DISTANCE_ACCURACY_VALUE',
'Maximum model space distance between geometric entities at asserted c
onnectivities');
#14519=(
GEOMETRIC_REPRESENTATION_CONTEXT(3)
GLOBAL_UNCERTAINTY_ASSIGNED_CONTEXT((#14517))
GLOBAL_UNIT_ASSIGNED_CONTEXT((#14521,#14523,#14524))
REPRESENTATION_CONTEXT('','3D')
);
#14520=(
GEOMETRIC_REPRESENTATION_CONTEXT(3)
GLOBAL_UNCERTAINTY_ASSIGNED_CONTEXT((#14518))
GLOBAL_UNIT_ASSIGNED_CONTEXT((#14521,#14523,#14524))
REPRESENTATION_CONTEXT('','3D')
);
#14521=(
LENGTH_UNIT()
NAMED_UNIT(*)
SI_UNIT(.MILLI.,.METRE.)
);
#14522=(
LENGTH_UNIT()
NAMED_UNIT(*)
SI_UNIT($,.METRE.)
);
#14523=(
NAMED_UNIT(*)
PLANE_ANGLE_UNIT()
SI_UNIT($,.RADIAN.)
);
#14524=(
NAMED_UNIT(*)
SI_UNIT($,.STERADIAN.)
SOLID_ANGLE_UNIT()
);
#14525=SHAPE_DEFINITION_REPRESENTATION(#14526,#14527);
#14526=PRODUCT_DEFINITION_SHAPE('',$,#14529);
#14527=SHAPE_REPRESENTATION('',(#8006),#14519);
#14528=PRODUCT_DEFINITION_CONTEXT('part definition',#14533,'design');
#14529=PRODUCT_DEFINITION('CYD NES Pad','CYD NES Pad v13',#14530,#14528);
#14530=PRODUCT_DEFINITION_FORMATION('',$,#14535);
#14531=PRODUCT_RELATED_PRODUCT_CATEGORY('CYD NES Pad v13',
'CYD NES Pad v13',(#14535));
#14532=APPLICATION_PROTOCOL_DEFINITION('international standard',
'automotive_design',2009,#14533);
#14533=APPLICATION_CONTEXT(
'Core Data for Automotive Mechanical Design Process');
#14534=PRODUCT_CONTEXT('part definition',#14533,'mechanical');
#14535=PRODUCT('CYD NES Pad','CYD NES Pad v13',$,(#14534));
#14536=PRESENTATION_STYLE_ASSIGNMENT((#14537));
#14537=SURFACE_STYLE_USAGE(.BOTH.,#14538);
#14538=SURFACE_SIDE_STYLE('',(#14539));
#14539=SURFACE_STYLE_FILL_AREA(#14540);
#14540=FILL_AREA_STYLE('Steel - Satin',(#14541));
#14541=FILL_AREA_STYLE_COLOUR('Steel - Satin',#14542);
#14542=COLOUR_RGB('Steel - Satin',0.627450980392157,0.627450980392157,0.627450980392157);
ENDSEC;
END-ISO-10303-21;
